delay_year,x,y,n,median_dwl_pct,p90_dwl_pct,p95_dwl_pct
15,EIS,PRTP,2036,10.906194708222362,130.54371925272528,278.9046380938816
