Constraint Cost;Delta Consumption (First Period);Delta Consumption (First Period) %;Delta Consumption $b;Delta Emission Gton;Deadweight Cost;Marginal Impact Utility;Year 0 Consumption (Delayed)
0.12307067245671988;0.3178132122996547;31.789796478428055;19026.54165752426;37.572040807000455;506.40160206520426;0.004543532229554614;0.9997333972091221
