Constraint Cost;Delta Consumption (First Period);Delta Consumption (First Period) %;Delta Consumption $b;Delta Emission Gton;Deadweight Cost;Marginal Impact Utility;Year 0 Consumption (Delayed)
0.0006477227075443182;0.0013446013423928308;0.1399365700467271;80.4973250441169;38.18716411051913;2.1079681332488085;0.004791855563173186;0.9608648703793773
