Constraint Cost;Delta Consumption (First Period);Delta Consumption (First Period) %;Delta Consumption $b;Delta Emission Gton;Deadweight Cost;Marginal Impact Utility;Year 0 Consumption (Delayed)
0.022183642316857544;0.04881816136770535;4.956484084588584;2922.5996433106648;37.659599845178725;77.60570094546088;0.004648145020809125;0.984935299590648
