Constraint Cost;Delta Consumption (First Period);Delta Consumption (First Period) %;Delta Consumption $b;Delta Emission Gton;Deadweight Cost;Marginal Impact Utility;Year 0 Consumption (Delayed)
0.037225083785767055;0.0850208699052412;8.518193224536471;5089.949254487869;40.20255710878194;126.6075996289303;0.004568624971017954;0.9981091959776215
