Constraint Cost;Delta Consumption (First Period);Delta Consumption (First Period) %;Delta Consumption $b;Delta Emission Gton;Deadweight Cost;Marginal Impact Utility;Year 0 Consumption (Delayed)
0.0015865178176994732;0.0033228168569945592;0.3435727824854356;198.92726577497137;37.54884768646999;5.297826112694558;0.004755360001968967;0.9671362303372844
