Constraint Cost;Delta Consumption (First Period);Delta Consumption (First Period) %;Delta Consumption $b;Delta Emission Gton;Deadweight Cost;Marginal Impact Utility;Year 0 Consumption (Delayed)
0.0019333557716301186;0.004051809993241711;0.41894925100972186;242.56993932681215;37.59012536523837;6.453022887524864;0.004754443431348676;0.9671362303372844
