Constraint Cost;Delta Consumption (First Period);Delta Consumption (First Period) %;Delta Consumption $b;Delta Emission Gton;Deadweight Cost;Marginal Impact Utility;Year 0 Consumption (Delayed)
0.01674358613824012;0.03641854441673374;3.7108138428567465;2180.2710700335947;37.79735564323115;57.683164150771574;0.004669531365909307;0.9814166368609092
