sample_index,delay_year,task_id,run_type,tree_spec,scenario,decision_times,optimizer_arm,local_solver,local_start_index,start_source,removal_active_set_stage,initial_utility,final_utility,utility_gain_from_polish,success_scipy,success_diagnostics,guarded_start_kept,best_eval_retained,best_eval_source,best_eval_utility,nfev,ngev,nit,runtime_seconds,message,mitigation
0,10,10,tree_robustness,lower_fragility_weight,optimal,0|5|10|15|35|75|125|175|225,adjoint_lbfgsb,adjoint_lbfgsb,0,structured_ramp,,7.730925985481672,7.744569554261964,0.013643568780291382,True,True,False,False,value_and_gradient,7.744569554261964,352,352,266,39.48167896270752,CONVERGENCE: REL_REDUCTION_OF_F_<=_FACTR*EPSMCH,0.290870379486|0.414760725917|0.182748187955|0.566628768425|0.271589283252|0.276525779582|0.111765661719|0.73293099516|0.380634637962|0.389539973708|0.39152444704|0.17208072048|0.171895429055|0.173683732615|0.0651208280152|0.906083922523|0.51069035811|0.495486863313|0.499160835812|0.50473279825|0.228007120542|0.228164028047|0.230304520711|0.22813478118|0.227714122078|0.228361976971|0.0918265081229|0.0907676074259|0.0901173695646|0.0894354636599|0.0290025938888|1|0.5901415663|0.586568034999|0.551465773852|0.553855004924|0.548401419248|0.254462435041|0.250009148652|0.249678381089|0.251028094637|0.238955491735|0.243002864342|0.242492645627|0.234463540028|0.230482876512|0.229478605776|0.0981156485445|0.0960025867097|0.0943581841322|0.0898204121148|0.0937937060748|0.095610844238|0.0936850426193|0.0919393176987|0.0907992182773|0.0881217262881|0.0298413523532|0.0292321121319|0.028842153415|0.030642663977|0.029976563894|0.00712476707184|1|1|1|0.944161932345|0.937556860638|0.921154458274|0.907577904393|0.58860723118|0.545153927902|0.497701704537|0.487937522644|0.479664097802|0.522379567394|0.476914574111|0.474474120543|0.494238402345|0.460582061668|0.446731829632|0.448301389978|0.430267000099|0.423802164579|0.422691287323|0.233074574099|0.223955565478|0.218625026414|0.214121399261|0.195647368178|0.210990465483|0.206152078784|0.192169682442|0.187253929105|0.183859076719|0.213599642932|0.207764892228|0.203046038809|0.189529316385|0.191745046621|0.197445852065|0.191671300668|0.186661031885|0.183174311819|0.17444194069|0.0782733882673|0.0754043667131|0.0732727728181|0.068299252617|0.0718022925624|0.070578514896|0.0686118806083|0.0670071064914|0.065837323995|0.0618275154615|0.0680265708911|0.0662594797688|0.0649514962352|0.0669536048107|0.0644181043022|0.0192844426196|0.0186212750803|0.0178253207631|0.0186788542666|0.0176840349982|0.017577141826|0.00213222445131|1|1|1|1|1|1|1|1|1|1|0.967662332617|0.880794826872|0.867080492205|0.853410137644|1|0.949117718587|0.85182313139|0.835950704707|0.822722726681|0.908622695208|0.815468459873|0.799956871501|0.804178515636|0.74816882273|0.730982267924|0.718513798274|0.691024636419|0.676197647843|0.667084358264|0.455638232125|0.466596890763|0.441757671619|0.430029874131|0.420223858212|0.440099128565|0.415112427451|0.403641566838|0.432620021153|0.392206625529|0.380424550201|0.403980401547|0.373141987514|0.363065078056|0.356551955397|0.470867002257|0.438915735899|0.427138271193|0.418004300078|0.379282793098|0.400747794318|0.390918056178|0.362333958211|0.352617122187|0.346178372842|0.40070455877|0.388405798325|0.379047416808|0.351643673507|0.34261709402|0.361179874726|0.350288897048|0.340881312311|0.334425688996|0.317892098108|0.221421474444|0.193935517838|0.186273827473|0.180240958497|0.155408174903|0.166410556491|0.160656029575|0.144278989317|0.139025262086|0.135656684987|0.166334425125|0.159129160442|0.153646013872|0.138451165724|0.148483927246|0.145096254989|0.139877547333|0.135535542257|0.132683970829|0.125907092838|0.162281417628|0.155383589027|0.150159444418|0.135698395929|0.1454334028|0.142286368863|0.137300270809|0.133144993041|0.130404366407|0.123965955565|0.13519928837|0.13123450195|0.128631052344|0.135139548149|0.130495642853|0.062180405167|0.0570425195528|0.0533623264388|0.0457480138541|0.0457962874784|0.044131491978|0.0415883295734|0.0396706398497|0.0385332795418|0.0370644615167|0.0405704233189|0.0388465762696|0.0378392067283|0.0403274304096|0.0394459124264|0.0400967088108|0.0384547417219|0.0375278778543|0.0401256291214|0.0393158647659|0.0392160111507|0.0028520061401|0.00204401052589|0.00170019691332|0.00227680103574|0.00743981766795|0.0109646989544|0.00984269302554|0
0,10,10,tree_robustness,lower_fragility_weight,optimal,0|5|10|15|35|75|125|175|225,adjoint_lbfgsb,adjoint_lbfgsb,1,structured_sigmoid,,7.72682762786504,7.74456956320459,0.01774193533954982,True,True,False,False,value_and_gradient,7.74456956320459,574,574,371,63.3039493560791,CONVERGENCE: REL_REDUCTION_OF_F_<=_FACTR*EPSMCH,0.29088315214|0.414753111154|0.182750786644|0.566646124635|0.271589221142|0.276518539007|0.111744687852|0.732925262359|0.38062905675|0.389543144625|0.391514331395|0.172068457143|0.171895016361|0.173675212032|0.0651356776995|0.906074119126|0.510682123211|0.495479850218|0.499172021758|0.504738671481|0.228045488679|0.228141249245|0.230246362712|0.228195021518|0.227642325485|0.228370115589|0.0917881846161|0.0907453357051|0.0901616302422|0.0894423970683|0.0290557671667|1|0.59015890867|0.586641999032|0.551532594357|0.553940461776|0.548403374104|0.254208677394|0.249949759655|0.249670183165|0.251003073536|0.238887054068|0.243001091713|0.242413648631|0.234343226937|0.230386601859|0.229462605175|0.0982725957992|0.0960581920297|0.094363631307|0.0898813839661|0.0933729034601|0.0957116492053|0.0937927377253|0.0919758981998|0.090784072884|0.0878953849516|0.0299708929085|0.0292412191298|0.028806769067|0.0305055121706|0.0298062418252|0.00702605670817|1|1|1|0.944439946042|0.937313898779|0.920942218195|0.907487893619|0.588588578965|0.545102296067|0.497786512059|0.488041925684|0.479793260274|0.5224136611|0.47697823468|0.474929468354|0.494697539538|0.460710302835|0.446758513141|0.448304431391|0.43028822068|0.42390297713|0.422954099302|0.231648217159|0.224445456905|0.218399077719|0.214056229318|0.195920342463|0.210837174595|0.205950599786|0.191701515044|0.186928191526|0.183784643039|0.213571448048|0.207581996097|0.20266530627|0.189039950515|0.192001987993|0.197626090598|0.191717913193|0.186616199367|0.183013309123|0.17466388582|0.0762798167063|0.0738250855778|0.0722574857261|0.0678844025818|0.0719075948555|0.0706059683596|0.0682106678596|0.0664336602856|0.065171123944|0.0617506717544|0.0677529934006|0.0655683823988|0.0645327678607|0.0669104913745|0.0646994357666|0.0182829640027|0.0174512770381|0.0174142462139|0.0179804937719|0.0173838594757|0.0173019565984|0.00245830299721|1|1|1|1|1|1|1|1|1|1|0.969938181537|0.881184593554|0.866948465302|0.852931394156|1|0.951153734619|0.852489484792|0.836323997845|0.822716340754|0.910290337296|0.815346229566|0.799548752932|0.801945772625|0.746275762094|0.729447871358|0.716715079237|0.689658598612|0.675389712452|0.666406196113|0.456400122323|0.463350973815|0.440946013677|0.429783169462|0.420371589243|0.437455201019|0.415512416498|0.404533153328|0.433614776657|0.393495483487|0.381606766983|0.402997121116|0.372346148854|0.361540957687|0.354614723103|0.468762920038|0.440173083848|0.428200173961|0.419272360821|0.380543513157|0.40061238467|0.390780443774|0.360747888723|0.350157817446|0.343226918795|0.400526910794|0.388103499953|0.378319966863|0.349000922804|0.339119228359|0.355890494174|0.344067307674|0.333589735033|0.32638325837|0.307647038434|0.20541473761|0.187326613162|0.180409570036|0.175258238057|0.154143934937|0.167115620359|0.162021730539|0.147402506525|0.142535297835|0.139346888517|0.167098865142|0.160723952665|0.155888612903|0.14201404254|0.151923588238|0.148829673414|0.143405032288|0.138634625249|0.135085844208|0.12565497936|0.163406134022|0.157296474266|0.152666341469|0.139261035998|0.149037877498|0.145794676318|0.140522260929|0.135854134064|0.132371831191|0.123092254515|0.138143879611|0.133413343664|0.129931992348|0.131846338373|0.125051699626|0.0561780361016|0.0532052575312|0.0510787450062|0.048844075552|0.0484418091148|0.0472523009279|0.0454561720038|0.0439212359024|0.0428007448355|0.0393054284797|0.0446392951641|0.0431236716105|0.0420371208243|0.042762506575|0.0406704285432|0.0442282037609|0.0427618324213|0.0416675461078|0.0423287086566|0.0402890992212|0.0399815862615|0.00632102552785|0.00461421315842|0.00839345130426|0.00599382752552|0.00459691606016|0.0044567574938|0.00444942327435|0
0,10,10,tree_robustness,lower_fragility_weight,optimal,0|5|10|15|35|75|125|175|225,adjoint_lbfgsb,adjoint_lbfgsb,2,structured_constant,,7.731745573853417,7.7445695581304275,0.012823984277010148,True,True,False,False,value_and_gradient,7.7445695581304275,439,439,266,48.19597244262695,CONVERGENCE: REL_REDUCTION_OF_F_<=_FACTR*EPSMCH,0.290883709368|0.414756469376|0.182737335975|0.56662072113|0.271589333187|0.276520907026|0.111753117482|0.732930815532|0.380634592105|0.389544527501|0.391527438194|0.172080002792|0.171884922741|0.173664638915|0.065127168782|0.906093013464|0.510693221725|0.495485671109|0.499164386782|0.504725822105|0.228031556352|0.228144660449|0.230216012094|0.228232265314|0.22767611378|0.228353796699|0.0917900657404|0.0907511321484|0.0901060850831|0.089447275108|0.0291530190006|1|0.590055826492|0.58652769066|0.551576636352|0.553992695157|0.548420130839|0.254342935925|0.250047399867|0.249579582229|0.251009308954|0.238945689408|0.242998841688|0.242422502963|0.234361187072|0.230419495034|0.229592164926|0.0982509876428|0.0961263180568|0.0944065724454|0.0898488316111|0.0937270470788|0.0955911736805|0.0936791079298|0.0918959995312|0.0907276092126|0.0878986957299|0.0297345604623|0.0291412968104|0.0287683334266|0.0306134887953|0.029929680255|0.00706098880407|1|1|1|0.944601021416|0.937308732025|0.920914620909|0.907462729411|0.588633000019|0.545102850554|0.497769507455|0.488045208544|0.479801506977|0.522331901532|0.477002704227|0.474953283182|0.494714059668|0.460629371498|0.44666531553|0.448052666965|0.429719467399|0.423297259888|0.422007897694|0.231249185791|0.224707052085|0.218259526288|0.213894966418|0.195842832318|0.211051012662|0.206178088117|0.192056298374|0.187070956024|0.183641449183|0.213749836707|0.207809037696|0.203047337273|0.189345559439|0.191587172206|0.197270903989|0.191570324114|0.186660720441|0.183252981638|0.174726254966|0.0747550315524|0.072542536163|0.0712870322981|0.0680131604582|0.0721631604835|0.0708774092902|0.0687055732894|0.0668882015801|0.0655983265199|0.0618027420231|0.0680662429117|0.06608249821|0.0646849354832|0.0669814313745|0.0646186774017|0.0180841943243|0.0178229233638|0.0173903764724|0.0182607640814|0.0175047008292|0.0174014715013|0.00209567030592|1|1|1|1|1|1|1|1|1|1|0.968838272796|0.8799684809|0.865903006578|0.852031659168|1|0.950073002426|0.851303400195|0.835221582234|0.82175292774|0.909060068566|0.814459068138|0.798794026915|0.801976072116|0.746289489257|0.729370589853|0.716783444253|0.689336587143|0.674741652351|0.665669630547|0.431506838257|0.462631247594|0.444607545204|0.433320011253|0.423700085015|0.439452046937|0.418691609841|0.407195329666|0.436299483081|0.394932715206|0.382606379098|0.404550511636|0.373160808315|0.362377595927|0.355478090493|0.472289842785|0.442913480194|0.430936389723|0.42166503049|0.381637774527|0.401909445765|0.391795340277|0.361525299277|0.351036855231|0.344175873467|0.401838988016|0.389102567662|0.379195664934|0.34987281612|0.339899327646|0.357957369534|0.346452308383|0.336372875741|0.32947426142|0.311809553871|0.211818314939|0.194108382976|0.187241201627|0.18183550919|0.158794642581|0.169903428321|0.164178905858|0.147188014567|0.141450322693|0.137734571739|0.169882651143|0.162656259872|0.157049066312|0.140817791436|0.149547652427|0.146122968939|0.140020568839|0.1347759763|0.13125018217|0.122483604415|0.1659254132|0.158901895405|0.153473669576|0.137747178031|0.146479250888|0.142908651951|0.137001264422|0.131929072918|0.128520371315|0.120040279098|0.134437784044|0.129515045255|0.126207183428|0.129909674426|0.124060907313|0.0661891315063|0.0614562454182|0.057968059701|0.050178184234|0.0496604299164|0.0477027717588|0.044471055273|0.0417921351869|0.0400548484904|0.0360211106484|0.0431048552615|0.040554348397|0.0389052769313|0.0391546285442|0.0367971138822|0.0425217914734|0.0400319277589|0.0384246704905|0.0386753142677|0.0364157100388|0.0361048320044|0.00938686055122|0.00872091630944|0.00822776279232|0.0067069462532|0.00571312480124|0.00556306199745|0.00553385550768|0.000469266012418
0,10,10,tree_robustness,lower_fragility_weight,optimal,0|5|10|15|35|75|125|175|225,adjoint_lbfgsb,adjoint_lbfgsb,3,sobol,,7.725416452863459,7.74456955991843,0.019153107054971308,False,True,False,False,value_and_gradient,7.74456955991843,502,502,323,55.38058662414551,ABNORMAL_TERMINATION_IN_LNSRCH,0.290875653214|0.41471054563|0.182748679264|0.566622894689|0.27159535655|0.276530705957|0.111764144569|0.732940853798|0.380647746347|0.389550360505|0.391523920245|0.172111687515|0.171908295653|0.173673487283|0.0651183399211|0.906081308571|0.510679352867|0.495549788492|0.499160716554|0.504720383452|0.228094551301|0.22813247532|0.230259134369|0.228217746166|0.227661202121|0.228347651516|0.0917935242381|0.0907550302227|0.0901144097846|0.0894354475146|0.0291420414206|1|0.590478089499|0.586544390732|0.551552796936|0.553998823001|0.548426891683|0.254302021989|0.249915569678|0.249604129275|0.250951631092|0.238998294341|0.243118636199|0.242424186783|0.234395515056|0.230425815379|0.229559779256|0.0981993177028|0.0961528950285|0.0944806088458|0.0898269915342|0.0939641812357|0.0958390689638|0.0936337921179|0.0918564300761|0.0907948829572|0.0876491447912|0.0296910301177|0.0291245739788|0.0287990094755|0.030770469106|0.0298641604492|0.00708189911805|1|1|1|0.944634596883|0.937214303591|0.920997878964|0.907572235284|0.588426579087|0.545407642701|0.497312692718|0.488039116574|0.479664508453|0.522066400755|0.476784398337|0.474881826599|0.494546789634|0.460685704145|0.446659758903|0.448676597068|0.430425933773|0.424471652936|0.422761173358|0.231789237066|0.225490678374|0.218566850413|0.214887204377|0.195370044862|0.210489012263|0.206002579881|0.190809607169|0.186876257639|0.18344115676|0.21313191745|0.207194832167|0.201749142866|0.188364831663|0.191307084353|0.196399108701|0.191018892459|0.186490053896|0.184710800811|0.174799127292|0.0771532529348|0.0744115488234|0.0720271277459|0.0683259843114|0.0721780714759|0.0705139911966|0.0683414914813|0.0665856294021|0.064655325957|0.0619465909813|0.068258880934|0.0651454176291|0.0638033780632|0.0670096755268|0.064537895836|0.0181602680654|0.0177633600855|0.0171859004615|0.0177586688471|0.017491860738|0.0172565832888|0.00214159700884|1|1|1|1|1|1|1|1|1|1|0.970535774048|0.88322397863|0.86898427235|0.854621075079|1|0.948512963631|0.853126631009|0.838218128376|0.824815089383|0.909698221635|0.814911081212|0.801857294185|0.80411660882|0.747868728076|0.729788154169|0.718415846125|0.688860040974|0.671182337625|0.663928157083|0.460072477657|0.466847874736|0.443505657081|0.431644141203|0.42499078882|0.440846749866|0.4168104704|0.406039743457|0.438993941969|0.393868717951|0.382006249641|0.405598444993|0.373770543572|0.363323565614|0.356326656171|0.471839982947|0.443338681941|0.429352014488|0.422419118269|0.38367298429|0.401196424304|0.391235928806|0.361666850954|0.351128539262|0.344689924539|0.401033251046|0.389818522098|0.378977875424|0.350548346581|0.340543810934|0.361214076024|0.347063366711|0.338247910432|0.332007624362|0.31187404668|0.21518659844|0.189599501344|0.184429923054|0.178689422451|0.156132096374|0.168928714973|0.163628755526|0.148178009755|0.14274205064|0.139256864312|0.168502943059|0.162092478986|0.156829969407|0.141805138804|0.153681773288|0.147882630848|0.142245909883|0.137146248845|0.134064141038|0.125465406711|0.164587177674|0.158572375362|0.153954437739|0.140504833629|0.150486658556|0.146354613698|0.140720589191|0.134684240248|0.135706387367|0.127482880619|0.137523731149|0.133608675942|0.131378420388|0.132902653294|0.127614411469|0.0584527626674|0.0565313427018|0.0508005536922|0.0498505140544|0.048848628177|0.0475082218266|0.0452322171991|0.0434582599628|0.0417568776473|0.0386940975329|0.0443721066678|0.0421420252928|0.0415381636218|0.0422349534935|0.0415476717826|0.0440955006021|0.0423554876155|0.0405137936158|0.0417243193224|0.0406934141822|0.0394965666878|0.00646274565746|0.00591056745854|0.00645777057854|0.00692969909944|0.00498232566422|0.00486466009598|0.00493551074961|0.00190881624299
0,10,10,tree_robustness,lower_fragility_weight,optimal,0|5|10|15|35|75|125|175|225,adjoint_lbfgsb,adjoint_lbfgsb,4,structured_ramp,,7.730809471460289,7.744569557856489,0.013760086396199966,False,True,False,False,value_and_gradient,7.744569557936218,420,420,279,46.4067759513855,ABNORMAL_TERMINATION_IN_LNSRCH,0.290863867775|0.414769292881|0.182744158869|0.566634934885|0.271625932843|0.276464849834|0.111723294159|0.732922891907|0.380632622351|0.389553975548|0.391504771189|0.172122978316|0.17183120906|0.173680400305|0.0651901605024|0.906075905501|0.510711268807|0.495479309625|0.499178367106|0.504738104587|0.22805289217|0.228149723709|0.230264183564|0.228213640071|0.227689372069|0.228355789708|0.0918312301656|0.0907522115668|0.0900957356417|0.0894305847858|0.0291057434137|1|0.590310285059|0.586640162946|0.551553587061|0.553969800221|0.548348523424|0.254196954603|0.250128186088|0.249635089313|0.250862555202|0.238856181524|0.242965038077|0.242444805151|0.234481385146|0.230546282851|0.229560403465|0.0979182032478|0.0957777391806|0.0941061191032|0.0898459305799|0.0937025727125|0.0955559383495|0.0937845752631|0.091843518721|0.0906065245211|0.0882968228005|0.0298500441847|0.0292043289827|0.0287922355293|0.0306153544621|0.0299738890352|0.00702152830289|1|1|1|0.944990214829|0.937243927853|0.921035071801|0.907613501553|0.588845838633|0.545284100859|0.49773443689|0.488004061067|0.479767575477|0.522427889976|0.476968648727|0.474927665344|0.494748189741|0.460862380708|0.446831806482|0.448344795614|0.430434692072|0.423927284784|0.423038549616|0.231680580134|0.224331161696|0.217916182856|0.213568921921|0.195880194816|0.211371615117|0.206493037947|0.192278573885|0.187191358692|0.183649410741|0.21406844272|0.208153019997|0.20339464399|0.189530197425|0.191285344344|0.196969967474|0.191171254278|0.186145547152|0.182671853386|0.174081431135|0.0745384634491|0.0731435837381|0.0712910904924|0.0681419038482|0.0725480961774|0.0712722229515|0.0689753218053|0.0669226876692|0.0654056028708|0.0611752032062|0.0682719956568|0.065975841993|0.0642955462322|0.0664833369948|0.0641902401472|0.0187652335833|0.0179660061776|0.0175979917421|0.0182551058232|0.0175602850562|0.0174719231534|0.0022538198595|1|1|1|1|1|1|1|1|1|1|0.96639844418|0.881336988948|0.867622297239|0.854021489932|1|0.947867901516|0.852568735695|0.8368940458|0.823767642862|0.908440147565|0.816518612733|0.801213764148|0.804457580392|0.748627847667|0.731685921229|0.719123555045|0.690667421959|0.675745398053|0.666044696883|0.450853886289|0.466213742944|0.442603839946|0.431003647809|0.421263039545|0.440095942603|0.416197378138|0.40471952417|0.43365913582|0.393204098199|0.381310106607|0.403610268849|0.373079948751|0.362615457534|0.355922341613|0.471466124472|0.44077633177|0.428272689532|0.419135215524|0.38019142217|0.400973030259|0.391102795345|0.361825376577|0.351638640589|0.344966778516|0.400854007233|0.388520112967|0.378950253471|0.350570943853|0.341116121008|0.358841231265|0.347498233959|0.337473508956|0.330579495829|0.312711247006|0.212226167304|0.189444952423|0.182174129598|0.176554168097|0.153444877886|0.165462730996|0.15996301924|0.144325160372|0.139200767061|0.135896931325|0.1653772566|0.158505752473|0.153285483865|0.138641994424|0.148556015209|0.145496864343|0.140085538054|0.135544412026|0.132505946709|0.124957679124|0.161440581448|0.154851780103|0.149841576602|0.135780423104|0.145591820149|0.142420127322|0.137288952291|0.132926658739|0.130002187604|0.12276827352|0.135070120495|0.130858822861|0.128039499717|0.13307368183|0.127877861526|0.0573333541138|0.0530250290585|0.0499593589324|0.0455234345635|0.0445847138633|0.0431657379515|0.0409966354162|0.0393336975485|0.0383232693574|0.0365317347168|0.0401021031308|0.0385904426273|0.037678548599|0.0400836103383|0.0389468408191|0.0396907896918|0.0382674806315|0.0374024913663|0.0398199527003|0.0387680220509|0.0386415248948|0.00142246541555|0.00168444362988|0.00237830607281|0.00423488990672|0.00680765695464|0.00691817325804|0.00700571961116|0
0,10,10,tree_robustness,lower_fragility_weight,optimal,0|5|10|15|35|75|125|175|225,adjoint_lbfgsb,adjoint_lbfgsb,5,structured_ramp,,7.730710374178617,7.744569558261182,0.013859184082565257,True,True,False,False,value_and_gradient,7.744569558261182,446,446,270,49.25086808204651,CONVERGENCE: REL_REDUCTION_OF_F_<=_FACTR*EPSMCH,0.290876106449|0.414749671243|0.182729276261|0.566613292879|0.271604789994|0.276525900293|0.111768484913|0.732908206975|0.380640131608|0.389557816565|0.391502690244|0.17207787512|0.171875614465|0.173661872323|0.0651834040082|0.906070337079|0.51072464461|0.495463542519|0.499147157681|0.50476118512|0.228036316898|0.228142864716|0.230266425046|0.228232114947|0.227656060641|0.228336611739|0.0917677828541|0.0907701332762|0.0901390571617|0.08934503872|0.0291357085314|1|0.590228188662|0.58638196687|0.551614559823|0.554106311027|0.548299726289|0.254267187221|0.249965884158|0.249539642107|0.250878042288|0.238807271263|0.242880729717|0.242331742423|0.234173121875|0.230257226572|0.229495454124|0.0982474766993|0.0962318388177|0.0944727765567|0.0898286476428|0.0937552528179|0.0956824917402|0.093802056244|0.0920336509187|0.0908590811729|0.0879166548551|0.0298171874464|0.0291809554761|0.0287789827004|0.0305816252281|0.0299086442464|0.00698055795861|1|1|1|0.944187252814|0.937006795931|0.920797318174|0.907524320765|0.588951033547|0.545527042497|0.497686054288|0.487887686176|0.479611536955|0.522564574382|0.47680003914|0.474780313638|0.494666812887|0.460579515874|0.446640284183|0.448453996105|0.430540771811|0.424152697202|0.42324694363|0.231379699998|0.224434640779|0.218277490312|0.213893591096|0.195924533357|0.211148969093|0.20630584639|0.192171697146|0.187156476557|0.183654712836|0.213892586343|0.207953366363|0.203195883668|0.189457363141|0.191572115214|0.197172332489|0.191410947044|0.186428636622|0.182970719964|0.174355980391|0.0761443974082|0.07376679356|0.0721447039871|0.0681375518423|0.0721608440082|0.0708083784255|0.0683852576448|0.0663900234933|0.0650032865676|0.0612492151267|0.0676812632104|0.0655083446758|0.0640527565088|0.0664446152931|0.0641733539032|0.0179477261553|0.0171792635421|0.0167827916555|0.0176615978798|0.016896216575|0.0168232535641|0.00210128521523|1|1|1|1|1|1|1|1|1|1|0.969155210749|0.880271937689|0.866228678525|0.85235278722|1|0.950396227078|0.851576852062|0.83549860756|0.822037631146|0.909322970694|0.814747101446|0.799057873789|0.802319045332|0.746494657819|0.729580241748|0.71690603727|0.689348036803|0.674691241561|0.665504778668|0.447589630741|0.466377339967|0.443165753601|0.431440105463|0.421510614732|0.440628137014|0.416359179768|0.404478153494|0.433700469637|0.392585927053|0.38053262224|0.403712802061|0.372246208409|0.36187421192|0.355206763369|0.472176428606|0.439594999107|0.427962440232|0.41871224605|0.379301083924|0.40065319606|0.390239088159|0.361055810411|0.351057089364|0.344468216187|0.400754834806|0.387691192337|0.378138869791|0.350051293582|0.340464982452|0.359541511984|0.3480867575|0.338496435835|0.33192732857|0.315074390892|0.217848460728|0.193073453221|0.185546119748|0.179659592921|0.15530424629|0.166501930561|0.160693753568|0.144312150572|0.138999191103|0.135576903354|0.166429567992|0.159171532567|0.153701223001|0.138437462511|0.148266604663|0.145046193306|0.139604253452|0.135153094334|0.132221788614|0.125147148292|0.162264460555|0.155340937427|0.150101786482|0.135508042352|0.145245322008|0.14199394816|0.136944165771|0.132739326024|0.129971499906|0.123314912087|0.134823744841|0.130823817923|0.128206738899|0.134357090049|0.129582046891|0.0616246608917|0.0566713474035|0.0531207576851|0.0458580662143|0.0459540322745|0.0443296273176|0.0418723298036|0.0400245946515|0.0389375984642|0.0369700548255|0.0408945715759|0.0392493922771|0.0383010719796|0.0408172106486|0.0399530315261|0.0404383337915|0.0388869006479|0.0380075996545|0.0406582290049|0.039906232884|0.0398676030407|0.00335333922979|0.00260973498639|0.00230390324138|0.00301290107785|0.00681549835665|0.0073161999335|0.00612464171816|0
0,10,10,tree_robustness,lower_fragility_weight,optimal,0|5|10|15|35|75|125|175|225,adjoint_lbfgsb,adjoint_lbfgsb,6,structured_ramp,,7.730695537386947,7.744569562440942,0.01387402505399482,True,True,False,False,value_and_gradient,7.744569562440942,449,449,327,50.13344597816467,CONVERGENCE: REL_REDUCTION_OF_F_<=_FACTR*EPSMCH,0.290871003445|0.414767312063|0.182699418571|0.566610215955|0.271601319839|0.276516137951|0.111623319109|0.732933510086|0.380637727865|0.389570726182|0.39152665492|0.172068614974|0.171911704245|0.173663174555|0.0651378349998|0.906073017043|0.510713029116|0.495508834983|0.499178364375|0.504711232024|0.228033929445|0.228139395089|0.230264013043|0.228209100479|0.227683257115|0.22837356102|0.0918193567233|0.0907658789959|0.0901257257396|0.0894617533528|0.0291396968959|1|0.590092881478|0.586531121534|0.551565687036|0.554050113927|0.548489832001|0.254331090836|0.24994169777|0.249589037537|0.250815851037|0.238751506712|0.243092963357|0.242459341195|0.234416908296|0.230484334812|0.22963246029|0.0981678864411|0.0960598734755|0.0944045948042|0.0899665424204|0.093713025094|0.0956760175687|0.093730081396|0.0919047420622|0.0907250192525|0.0878653573431|0.0298087359633|0.0291977121453|0.0288039843616|0.0306071638806|0.029916139178|0.00705944174467|1|1|1|0.944812856522|0.93715251024|0.920729143406|0.907596639234|0.588669930743|0.545056328931|0.497771052962|0.488016007182|0.479741253294|0.522329542837|0.476935464401|0.474779175075|0.494491871951|0.460430287686|0.44648256753|0.448094950198|0.430217287465|0.423884350598|0.423028478559|0.231942632177|0.224417603688|0.218878846081|0.214424589973|0.195963460041|0.210812291181|0.205920253171|0.191743610073|0.1867857352|0.183415925932|0.213548381557|0.207566192113|0.202753811784|0.189042955498|0.191471387585|0.197174780407|0.19155764592|0.186712236082|0.183341845899|0.174879006245|0.0766369706486|0.0744657356894|0.0727511416319|0.0681521346483|0.0718482365293|0.0703977020976|0.0679304618206|0.0660450890562|0.0647975418256|0.0617642425308|0.0672587120257|0.0652630401536|0.063958693842|0.0669911172931|0.0648108439143|0.0178008173912|0.0173245702611|0.017192106556|0.0183086382217|0.0175891256629|0.0175033459927|0.00215993471412|1|1|1|1|1|1|1|1|1|1|0.97146002937|0.881966197608|0.867901459315|0.853930587781|1|0.951831446187|0.853091764262|0.837069558407|0.82357462793|0.910138611205|0.816237551156|0.800500691701|0.802743868163|0.746757595783|0.729998070256|0.71702886803|0.688271318466|0.673394661372|0.663620196064|0.44500799301|0.466059082223|0.443714945077|0.432279942129|0.422688504742|0.440907842238|0.417673336303|0.406396710705|0.434665209707|0.394292960804|0.382394230775|0.403905861723|0.373565136154|0.363065884018|0.356356270029|0.472181125364|0.441706723978|0.429447479771|0.420427570104|0.381506768311|0.401438672863|0.391773112705|0.362428765638|0.35219501209|0.345501281421|0.40140980614|0.389238714275|0.379668966049|0.351186128082|0.342023824735|0.3590763984|0.347778714129|0.337774338304|0.330908000454|0.313147312197|0.210873389664|0.191725576479|0.184962110977|0.179650414874|0.1575518514|0.169698068305|0.164396051545|0.148900124306|0.143728159728|0.140414901434|0.169681718222|0.162994497497|0.157848491099|0.143205858786|0.152820412337|0.149641931077|0.144133390358|0.139351302299|0.136136731639|0.128063139811|0.165968907624|0.159521496763|0.154573292717|0.140503977437|0.149969345409|0.146780442858|0.141443047735|0.136843831086|0.133749188178|0.125968446451|0.139166482977|0.134706322461|0.131706827001|0.135779308303|0.130422498722|0.0609258118994|0.0570247925496|0.0542082689773|0.0512310351998|0.0494509349225|0.0480812943237|0.0459159923823|0.0441069175188|0.0429838090091|0.0409851642911|0.0449682944159|0.0432953196941|0.0422977926968|0.0442123352522|0.0428350083093|0.0445290908359|0.0429515952152|0.04199902891|0.0439610062056|0.0426465541617|0.0424761190261|0.0105045553741|0.0069195296954|0.00743731708691|0.00700681361512|0.00790596565513|0.00541495586221|0.00475624093441|0
0,10,10,tree_robustness,lower_fragility_weight,optimal,0|5|10|15|35|75|125|175|225,adjoint_lbfgsb,adjoint_lbfgsb,7,structured_ramp,,7.730625485364071,7.744569552148925,0.013944066784854492,True,True,False,False,value_and_gradient,7.744569552148925,332,332,252,37.21759486198425,CONVERGENCE: REL_REDUCTION_OF_F_<=_FACTR*EPSMCH,0.290843499015|0.414730065548|0.182773373666|0.566656273027|0.271584153488|0.276513769718|0.111838300718|0.732922052868|0.380642212937|0.389567526153|0.391414458085|0.172103190272|0.171855942785|0.173659114971|0.0651228619328|0.906082248482|0.51064268034|0.495464163499|0.499156599319|0.504725940318|0.228022534299|0.228185618217|0.230296078933|0.228185982995|0.227613537484|0.228308530523|0.0918571475385|0.0908484346164|0.0902376287139|0.0896568097772|0.0290896603963|1|0.589963961764|0.586671813855|0.551586146895|0.554031456186|0.548515186135|0.254412735564|0.250047476405|0.249783534846|0.250700624225|0.238785620841|0.243041450444|0.242369476214|0.234403853206|0.230486325836|0.22952245626|0.0980631728367|0.0959523661594|0.0943198061099|0.0898527822364|0.0938967778237|0.0956285569494|0.0937600596613|0.0920642876826|0.0909563534657|0.0882588787302|0.0299749766693|0.0293208086916|0.0289102498962|0.0306788402786|0.0300291736201|0.00704269436859|1|1|1|0.943980559466|0.93774395958|0.921099462952|0.90760584265|0.587905047783|0.545015113065|0.4978476673|0.488069690109|0.479780141281|0.522373795669|0.477052495427|0.474847823646|0.494337568778|0.460635493249|0.446742216788|0.448273274656|0.430220092707|0.423747283837|0.422640374125|0.233387369115|0.220574229154|0.218642006662|0.213813548788|0.19444722532|0.210144380294|0.205341840784|0.191842409712|0.187140913586|0.184022637087|0.212745367386|0.206945194243|0.202280882257|0.189308846279|0.192243339452|0.197745640898|0.191991986729|0.186992087286|0.183453486465|0.174439245385|0.0737502770434|0.0727457524451|0.0716323409059|0.0680407712202|0.072280238491|0.0708709001121|0.0696869889186|0.06760051717|0.0658712710697|0.0616394390007|0.0692271542929|0.0665852502203|0.0647816128976|0.0669458436343|0.0645622598265|0.0190452378075|0.0183241173768|0.0178662179679|0.0182059540979|0.0175675904907|0.0174573820754|0.00243980381336|1|1|1|1|1|1|1|1|1|1|0.969857181674|0.882343450454|0.868311046197|0.854482789134|1|0.951137677662|0.853379952749|0.837372814134|0.823970196088|0.910572694465|0.816658370688|0.800984554702|0.804123439855|0.748037743712|0.730957434922|0.718138980219|0.689912532303|0.674911872949|0.665376260581|0.458267324805|0.465509502528|0.440170162717|0.428514104256|0.418768343647|0.438456099285|0.41370273498|0.402354225124|0.431849299633|0.391810377772|0.380249454329|0.404210319479|0.373518769535|0.363573641492|0.357106733936|0.465318359017|0.43501062665|0.426166436334|0.417215232869|0.379166325792|0.401347041919|0.391283810868|0.363072583368|0.353457018606|0.347064107717|0.401231107762|0.389045888761|0.379741572914|0.352643796422|0.344036181654|0.362119455338|0.351208113665|0.341702881677|0.335183141966|0.31829929306|0.218539119245|0.19109439834|0.183400437608|0.177474608193|0.153536930798|0.165264750808|0.15974797446|0.14447243724|0.139678290131|0.136591781071|0.165247343567|0.158406401302|0.153282252999|0.13928838767|0.149981654406|0.146893847128|0.142149195112|0.138239091373|0.13568896285|0.12958801585|0.161391655877|0.154975426138|0.150136978757|0.13685930059|0.147334856546|0.144404313669|0.139861731359|0.136194658147|0.133822028119|0.128087315914|0.138092253762|0.134660469573|0.132430315322|0.139316707275|0.135176173716|0.0593246242651|0.0546723047817|0.0514118361814|0.0463216401267|0.0459770573237|0.0446603930408|0.0427824104572|0.0415021437077|0.0408288074827|0.040565008912|0.0421232042896|0.0410618951546|0.0405260748427|0.0473137893983|0.0462622108088|0.0418306666726|0.0408411458724|0.0403634193225|0.0451645781751|0.0449635927796|0.0446489270099|0.00345558032707|0.00334527683319|0.00900902230436|0.00864866875656|0.00686771239859|0.00680773475974|0.00677739603252|0
0,15,15,tree_robustness,lower_fragility_weight,optimal,0|5|10|15|35|75|125|175|225,adjoint_lbfgsb,adjoint_lbfgsb,0,structured_ramp,,7.730925985481672,7.744569554261964,0.013643568780291382,True,True,False,False,value_and_gradient,7.744569554261964,352,352,266,39.791502237319946,CONVERGENCE: REL_REDUCTION_OF_F_<=_FACTR*EPSMCH,0.290870379486|0.414760725917|0.182748187955|0.566628768425|0.271589283252|0.276525779582|0.111765661719|0.73293099516|0.380634637962|0.389539973708|0.39152444704|0.17208072048|0.171895429055|0.173683732615|0.0651208280152|0.906083922523|0.51069035811|0.495486863313|0.499160835812|0.50473279825|0.228007120542|0.228164028047|0.230304520711|0.22813478118|0.227714122078|0.228361976971|0.0918265081229|0.0907676074259|0.0901173695646|0.0894354636599|0.0290025938888|1|0.5901415663|0.586568034999|0.551465773852|0.553855004924|0.548401419248|0.254462435041|0.250009148652|0.249678381089|0.251028094637|0.238955491735|0.243002864342|0.242492645627|0.234463540028|0.230482876512|0.229478605776|0.0981156485445|0.0960025867097|0.0943581841322|0.0898204121148|0.0937937060748|0.095610844238|0.0936850426193|0.0919393176987|0.0907992182773|0.0881217262881|0.0298413523532|0.0292321121319|0.028842153415|0.030642663977|0.029976563894|0.00712476707184|1|1|1|0.944161932345|0.937556860638|0.921154458274|0.907577904393|0.58860723118|0.545153927902|0.497701704537|0.487937522644|0.479664097802|0.522379567394|0.476914574111|0.474474120543|0.494238402345|0.460582061668|0.446731829632|0.448301389978|0.430267000099|0.423802164579|0.422691287323|0.233074574099|0.223955565478|0.218625026414|0.214121399261|0.195647368178|0.210990465483|0.206152078784|0.192169682442|0.187253929105|0.183859076719|0.213599642932|0.207764892228|0.203046038809|0.189529316385|0.191745046621|0.197445852065|0.191671300668|0.186661031885|0.183174311819|0.17444194069|0.0782733882673|0.0754043667131|0.0732727728181|0.068299252617|0.0718022925624|0.070578514896|0.0686118806083|0.0670071064914|0.065837323995|0.0618275154615|0.0680265708911|0.0662594797688|0.0649514962352|0.0669536048107|0.0644181043022|0.0192844426196|0.0186212750803|0.0178253207631|0.0186788542666|0.0176840349982|0.017577141826|0.00213222445131|1|1|1|1|1|1|1|1|1|1|0.967662332617|0.880794826872|0.867080492205|0.853410137644|1|0.949117718587|0.85182313139|0.835950704707|0.822722726681|0.908622695208|0.815468459873|0.799956871501|0.804178515636|0.74816882273|0.730982267924|0.718513798274|0.691024636419|0.676197647843|0.667084358264|0.455638232125|0.466596890763|0.441757671619|0.430029874131|0.420223858212|0.440099128565|0.415112427451|0.403641566838|0.432620021153|0.392206625529|0.380424550201|0.403980401547|0.373141987514|0.363065078056|0.356551955397|0.470867002257|0.438915735899|0.427138271193|0.418004300078|0.379282793098|0.400747794318|0.390918056178|0.362333958211|0.352617122187|0.346178372842|0.40070455877|0.388405798325|0.379047416808|0.351643673507|0.34261709402|0.361179874726|0.350288897048|0.340881312311|0.334425688996|0.317892098108|0.221421474444|0.193935517838|0.186273827473|0.180240958497|0.155408174903|0.166410556491|0.160656029575|0.144278989317|0.139025262086|0.135656684987|0.166334425125|0.159129160442|0.153646013872|0.138451165724|0.148483927246|0.145096254989|0.139877547333|0.135535542257|0.132683970829|0.125907092838|0.162281417628|0.155383589027|0.150159444418|0.135698395929|0.1454334028|0.142286368863|0.137300270809|0.133144993041|0.130404366407|0.123965955565|0.13519928837|0.13123450195|0.128631052344|0.135139548149|0.130495642853|0.062180405167|0.0570425195528|0.0533623264388|0.0457480138541|0.0457962874784|0.044131491978|0.0415883295734|0.0396706398497|0.0385332795418|0.0370644615167|0.0405704233189|0.0388465762696|0.0378392067283|0.0403274304096|0.0394459124264|0.0400967088108|0.0384547417219|0.0375278778543|0.0401256291214|0.0393158647659|0.0392160111507|0.0028520061401|0.00204401052589|0.00170019691332|0.00227680103574|0.00743981766795|0.0109646989544|0.00984269302554|0
0,15,15,tree_robustness,lower_fragility_weight,optimal,0|5|10|15|35|75|125|175|225,adjoint_lbfgsb,adjoint_lbfgsb,1,structured_sigmoid,,7.72682762786504,7.74456956320459,0.01774193533954982,True,True,False,False,value_and_gradient,7.74456956320459,574,574,371,63.13118100166321,CONVERGENCE: REL_REDUCTION_OF_F_<=_FACTR*EPSMCH,0.29088315214|0.414753111154|0.182750786644|0.566646124635|0.271589221142|0.276518539007|0.111744687852|0.732925262359|0.38062905675|0.389543144625|0.391514331395|0.172068457143|0.171895016361|0.173675212032|0.0651356776995|0.906074119126|0.510682123211|0.495479850218|0.499172021758|0.504738671481|0.228045488679|0.228141249245|0.230246362712|0.228195021518|0.227642325485|0.228370115589|0.0917881846161|0.0907453357051|0.0901616302422|0.0894423970683|0.0290557671667|1|0.59015890867|0.586641999032|0.551532594357|0.553940461776|0.548403374104|0.254208677394|0.249949759655|0.249670183165|0.251003073536|0.238887054068|0.243001091713|0.242413648631|0.234343226937|0.230386601859|0.229462605175|0.0982725957992|0.0960581920297|0.094363631307|0.0898813839661|0.0933729034601|0.0957116492053|0.0937927377253|0.0919758981998|0.090784072884|0.0878953849516|0.0299708929085|0.0292412191298|0.028806769067|0.0305055121706|0.0298062418252|0.00702605670817|1|1|1|0.944439946042|0.937313898779|0.920942218195|0.907487893619|0.588588578965|0.545102296067|0.497786512059|0.488041925684|0.479793260274|0.5224136611|0.47697823468|0.474929468354|0.494697539538|0.460710302835|0.446758513141|0.448304431391|0.43028822068|0.42390297713|0.422954099302|0.231648217159|0.224445456905|0.218399077719|0.214056229318|0.195920342463|0.210837174595|0.205950599786|0.191701515044|0.186928191526|0.183784643039|0.213571448048|0.207581996097|0.20266530627|0.189039950515|0.192001987993|0.197626090598|0.191717913193|0.186616199367|0.183013309123|0.17466388582|0.0762798167063|0.0738250855778|0.0722574857261|0.0678844025818|0.0719075948555|0.0706059683596|0.0682106678596|0.0664336602856|0.065171123944|0.0617506717544|0.0677529934006|0.0655683823988|0.0645327678607|0.0669104913745|0.0646994357666|0.0182829640027|0.0174512770381|0.0174142462139|0.0179804937719|0.0173838594757|0.0173019565984|0.00245830299721|1|1|1|1|1|1|1|1|1|1|0.969938181537|0.881184593554|0.866948465302|0.852931394156|1|0.951153734619|0.852489484792|0.836323997845|0.822716340754|0.910290337296|0.815346229566|0.799548752932|0.801945772625|0.746275762094|0.729447871358|0.716715079237|0.689658598612|0.675389712452|0.666406196113|0.456400122323|0.463350973815|0.440946013677|0.429783169462|0.420371589243|0.437455201019|0.415512416498|0.404533153328|0.433614776657|0.393495483487|0.381606766983|0.402997121116|0.372346148854|0.361540957687|0.354614723103|0.468762920038|0.440173083848|0.428200173961|0.419272360821|0.380543513157|0.40061238467|0.390780443774|0.360747888723|0.350157817446|0.343226918795|0.400526910794|0.388103499953|0.378319966863|0.349000922804|0.339119228359|0.355890494174|0.344067307674|0.333589735033|0.32638325837|0.307647038434|0.20541473761|0.187326613162|0.180409570036|0.175258238057|0.154143934937|0.167115620359|0.162021730539|0.147402506525|0.142535297835|0.139346888517|0.167098865142|0.160723952665|0.155888612903|0.14201404254|0.151923588238|0.148829673414|0.143405032288|0.138634625249|0.135085844208|0.12565497936|0.163406134022|0.157296474266|0.152666341469|0.139261035998|0.149037877498|0.145794676318|0.140522260929|0.135854134064|0.132371831191|0.123092254515|0.138143879611|0.133413343664|0.129931992348|0.131846338373|0.125051699626|0.0561780361016|0.0532052575312|0.0510787450062|0.048844075552|0.0484418091148|0.0472523009279|0.0454561720038|0.0439212359024|0.0428007448355|0.0393054284797|0.0446392951641|0.0431236716105|0.0420371208243|0.042762506575|0.0406704285432|0.0442282037609|0.0427618324213|0.0416675461078|0.0423287086566|0.0402890992212|0.0399815862615|0.00632102552785|0.00461421315842|0.00839345130426|0.00599382752552|0.00459691606016|0.0044567574938|0.00444942327435|0
0,15,15,tree_robustness,lower_fragility_weight,optimal,0|5|10|15|35|75|125|175|225,adjoint_lbfgsb,adjoint_lbfgsb,2,structured_constant,,7.731745573853417,7.7445695581304275,0.012823984277010148,True,True,False,False,value_and_gradient,7.7445695581304275,439,439,266,47.834365129470825,CONVERGENCE: REL_REDUCTION_OF_F_<=_FACTR*EPSMCH,0.290883709368|0.414756469376|0.182737335975|0.56662072113|0.271589333187|0.276520907026|0.111753117482|0.732930815532|0.380634592105|0.389544527501|0.391527438194|0.172080002792|0.171884922741|0.173664638915|0.065127168782|0.906093013464|0.510693221725|0.495485671109|0.499164386782|0.504725822105|0.228031556352|0.228144660449|0.230216012094|0.228232265314|0.22767611378|0.228353796699|0.0917900657404|0.0907511321484|0.0901060850831|0.089447275108|0.0291530190006|1|0.590055826492|0.58652769066|0.551576636352|0.553992695157|0.548420130839|0.254342935925|0.250047399867|0.249579582229|0.251009308954|0.238945689408|0.242998841688|0.242422502963|0.234361187072|0.230419495034|0.229592164926|0.0982509876428|0.0961263180568|0.0944065724454|0.0898488316111|0.0937270470788|0.0955911736805|0.0936791079298|0.0918959995312|0.0907276092126|0.0878986957299|0.0297345604623|0.0291412968104|0.0287683334266|0.0306134887953|0.029929680255|0.00706098880407|1|1|1|0.944601021416|0.937308732025|0.920914620909|0.907462729411|0.588633000019|0.545102850554|0.497769507455|0.488045208544|0.479801506977|0.522331901532|0.477002704227|0.474953283182|0.494714059668|0.460629371498|0.44666531553|0.448052666965|0.429719467399|0.423297259888|0.422007897694|0.231249185791|0.224707052085|0.218259526288|0.213894966418|0.195842832318|0.211051012662|0.206178088117|0.192056298374|0.187070956024|0.183641449183|0.213749836707|0.207809037696|0.203047337273|0.189345559439|0.191587172206|0.197270903989|0.191570324114|0.186660720441|0.183252981638|0.174726254966|0.0747550315524|0.072542536163|0.0712870322981|0.0680131604582|0.0721631604835|0.0708774092902|0.0687055732894|0.0668882015801|0.0655983265199|0.0618027420231|0.0680662429117|0.06608249821|0.0646849354832|0.0669814313745|0.0646186774017|0.0180841943243|0.0178229233638|0.0173903764724|0.0182607640814|0.0175047008292|0.0174014715013|0.00209567030592|1|1|1|1|1|1|1|1|1|1|0.968838272796|0.8799684809|0.865903006578|0.852031659168|1|0.950073002426|0.851303400195|0.835221582234|0.82175292774|0.909060068566|0.814459068138|0.798794026915|0.801976072116|0.746289489257|0.729370589853|0.716783444253|0.689336587143|0.674741652351|0.665669630547|0.431506838257|0.462631247594|0.444607545204|0.433320011253|0.423700085015|0.439452046937|0.418691609841|0.407195329666|0.436299483081|0.394932715206|0.382606379098|0.404550511636|0.373160808315|0.362377595927|0.355478090493|0.472289842785|0.442913480194|0.430936389723|0.42166503049|0.381637774527|0.401909445765|0.391795340277|0.361525299277|0.351036855231|0.344175873467|0.401838988016|0.389102567662|0.379195664934|0.34987281612|0.339899327646|0.357957369534|0.346452308383|0.336372875741|0.32947426142|0.311809553871|0.211818314939|0.194108382976|0.187241201627|0.18183550919|0.158794642581|0.169903428321|0.164178905858|0.147188014567|0.141450322693|0.137734571739|0.169882651143|0.162656259872|0.157049066312|0.140817791436|0.149547652427|0.146122968939|0.140020568839|0.1347759763|0.13125018217|0.122483604415|0.1659254132|0.158901895405|0.153473669576|0.137747178031|0.146479250888|0.142908651951|0.137001264422|0.131929072918|0.128520371315|0.120040279098|0.134437784044|0.129515045255|0.126207183428|0.129909674426|0.124060907313|0.0661891315063|0.0614562454182|0.057968059701|0.050178184234|0.0496604299164|0.0477027717588|0.044471055273|0.0417921351869|0.0400548484904|0.0360211106484|0.0431048552615|0.040554348397|0.0389052769313|0.0391546285442|0.0367971138822|0.0425217914734|0.0400319277589|0.0384246704905|0.0386753142677|0.0364157100388|0.0361048320044|0.00938686055122|0.00872091630944|0.00822776279232|0.0067069462532|0.00571312480124|0.00556306199745|0.00553385550768|0.000469266012418
0,15,15,tree_robustness,lower_fragility_weight,optimal,0|5|10|15|35|75|125|175|225,adjoint_lbfgsb,adjoint_lbfgsb,3,sobol,,7.725416452863459,7.74456955991843,0.019153107054971308,False,True,False,False,value_and_gradient,7.74456955991843,502,502,323,55.124809980392456,ABNORMAL_TERMINATION_IN_LNSRCH,0.290875653214|0.41471054563|0.182748679264|0.566622894689|0.27159535655|0.276530705957|0.111764144569|0.732940853798|0.380647746347|0.389550360505|0.391523920245|0.172111687515|0.171908295653|0.173673487283|0.0651183399211|0.906081308571|0.510679352867|0.495549788492|0.499160716554|0.504720383452|0.228094551301|0.22813247532|0.230259134369|0.228217746166|0.227661202121|0.228347651516|0.0917935242381|0.0907550302227|0.0901144097846|0.0894354475146|0.0291420414206|1|0.590478089499|0.586544390732|0.551552796936|0.553998823001|0.548426891683|0.254302021989|0.249915569678|0.249604129275|0.250951631092|0.238998294341|0.243118636199|0.242424186783|0.234395515056|0.230425815379|0.229559779256|0.0981993177028|0.0961528950285|0.0944806088458|0.0898269915342|0.0939641812357|0.0958390689638|0.0936337921179|0.0918564300761|0.0907948829572|0.0876491447912|0.0296910301177|0.0291245739788|0.0287990094755|0.030770469106|0.0298641604492|0.00708189911805|1|1|1|0.944634596883|0.937214303591|0.920997878964|0.907572235284|0.588426579087|0.545407642701|0.497312692718|0.488039116574|0.479664508453|0.522066400755|0.476784398337|0.474881826599|0.494546789634|0.460685704145|0.446659758903|0.448676597068|0.430425933773|0.424471652936|0.422761173358|0.231789237066|0.225490678374|0.218566850413|0.214887204377|0.195370044862|0.210489012263|0.206002579881|0.190809607169|0.186876257639|0.18344115676|0.21313191745|0.207194832167|0.201749142866|0.188364831663|0.191307084353|0.196399108701|0.191018892459|0.186490053896|0.184710800811|0.174799127292|0.0771532529348|0.0744115488234|0.0720271277459|0.0683259843114|0.0721780714759|0.0705139911966|0.0683414914813|0.0665856294021|0.064655325957|0.0619465909813|0.068258880934|0.0651454176291|0.0638033780632|0.0670096755268|0.064537895836|0.0181602680654|0.0177633600855|0.0171859004615|0.0177586688471|0.017491860738|0.0172565832888|0.00214159700884|1|1|1|1|1|1|1|1|1|1|0.970535774048|0.88322397863|0.86898427235|0.854621075079|1|0.948512963631|0.853126631009|0.838218128376|0.824815089383|0.909698221635|0.814911081212|0.801857294185|0.80411660882|0.747868728076|0.729788154169|0.718415846125|0.688860040974|0.671182337625|0.663928157083|0.460072477657|0.466847874736|0.443505657081|0.431644141203|0.42499078882|0.440846749866|0.4168104704|0.406039743457|0.438993941969|0.393868717951|0.382006249641|0.405598444993|0.373770543572|0.363323565614|0.356326656171|0.471839982947|0.443338681941|0.429352014488|0.422419118269|0.38367298429|0.401196424304|0.391235928806|0.361666850954|0.351128539262|0.344689924539|0.401033251046|0.389818522098|0.378977875424|0.350548346581|0.340543810934|0.361214076024|0.347063366711|0.338247910432|0.332007624362|0.31187404668|0.21518659844|0.189599501344|0.184429923054|0.178689422451|0.156132096374|0.168928714973|0.163628755526|0.148178009755|0.14274205064|0.139256864312|0.168502943059|0.162092478986|0.156829969407|0.141805138804|0.153681773288|0.147882630848|0.142245909883|0.137146248845|0.134064141038|0.125465406711|0.164587177674|0.158572375362|0.153954437739|0.140504833629|0.150486658556|0.146354613698|0.140720589191|0.134684240248|0.135706387367|0.127482880619|0.137523731149|0.133608675942|0.131378420388|0.132902653294|0.127614411469|0.0584527626674|0.0565313427018|0.0508005536922|0.0498505140544|0.048848628177|0.0475082218266|0.0452322171991|0.0434582599628|0.0417568776473|0.0386940975329|0.0443721066678|0.0421420252928|0.0415381636218|0.0422349534935|0.0415476717826|0.0440955006021|0.0423554876155|0.0405137936158|0.0417243193224|0.0406934141822|0.0394965666878|0.00646274565746|0.00591056745854|0.00645777057854|0.00692969909944|0.00498232566422|0.00486466009598|0.00493551074961|0.00190881624299
0,15,15,tree_robustness,lower_fragility_weight,optimal,0|5|10|15|35|75|125|175|225,adjoint_lbfgsb,adjoint_lbfgsb,4,structured_ramp,,7.730809471460289,7.744569557856489,0.013760086396199966,False,True,False,False,value_and_gradient,7.744569557936218,420,420,279,46.52192044258118,ABNORMAL_TERMINATION_IN_LNSRCH,0.290863867775|0.414769292881|0.182744158869|0.566634934885|0.271625932843|0.276464849834|0.111723294159|0.732922891907|0.380632622351|0.389553975548|0.391504771189|0.172122978316|0.17183120906|0.173680400305|0.0651901605024|0.906075905501|0.510711268807|0.495479309625|0.499178367106|0.504738104587|0.22805289217|0.228149723709|0.230264183564|0.228213640071|0.227689372069|0.228355789708|0.0918312301656|0.0907522115668|0.0900957356417|0.0894305847858|0.0291057434137|1|0.590310285059|0.586640162946|0.551553587061|0.553969800221|0.548348523424|0.254196954603|0.250128186088|0.249635089313|0.250862555202|0.238856181524|0.242965038077|0.242444805151|0.234481385146|0.230546282851|0.229560403465|0.0979182032478|0.0957777391806|0.0941061191032|0.0898459305799|0.0937025727125|0.0955559383495|0.0937845752631|0.091843518721|0.0906065245211|0.0882968228005|0.0298500441847|0.0292043289827|0.0287922355293|0.0306153544621|0.0299738890352|0.00702152830289|1|1|1|0.944990214829|0.937243927853|0.921035071801|0.907613501553|0.588845838633|0.545284100859|0.49773443689|0.488004061067|0.479767575477|0.522427889976|0.476968648727|0.474927665344|0.494748189741|0.460862380708|0.446831806482|0.448344795614|0.430434692072|0.423927284784|0.423038549616|0.231680580134|0.224331161696|0.217916182856|0.213568921921|0.195880194816|0.211371615117|0.206493037947|0.192278573885|0.187191358692|0.183649410741|0.21406844272|0.208153019997|0.20339464399|0.189530197425|0.191285344344|0.196969967474|0.191171254278|0.186145547152|0.182671853386|0.174081431135|0.0745384634491|0.0731435837381|0.0712910904924|0.0681419038482|0.0725480961774|0.0712722229515|0.0689753218053|0.0669226876692|0.0654056028708|0.0611752032062|0.0682719956568|0.065975841993|0.0642955462322|0.0664833369948|0.0641902401472|0.0187652335833|0.0179660061776|0.0175979917421|0.0182551058232|0.0175602850562|0.0174719231534|0.0022538198595|1|1|1|1|1|1|1|1|1|1|0.96639844418|0.881336988948|0.867622297239|0.854021489932|1|0.947867901516|0.852568735695|0.8368940458|0.823767642862|0.908440147565|0.816518612733|0.801213764148|0.804457580392|0.748627847667|0.731685921229|0.719123555045|0.690667421959|0.675745398053|0.666044696883|0.450853886289|0.466213742944|0.442603839946|0.431003647809|0.421263039545|0.440095942603|0.416197378138|0.40471952417|0.43365913582|0.393204098199|0.381310106607|0.403610268849|0.373079948751|0.362615457534|0.355922341613|0.471466124472|0.44077633177|0.428272689532|0.419135215524|0.38019142217|0.400973030259|0.391102795345|0.361825376577|0.351638640589|0.344966778516|0.400854007233|0.388520112967|0.378950253471|0.350570943853|0.341116121008|0.358841231265|0.347498233959|0.337473508956|0.330579495829|0.312711247006|0.212226167304|0.189444952423|0.182174129598|0.176554168097|0.153444877886|0.165462730996|0.15996301924|0.144325160372|0.139200767061|0.135896931325|0.1653772566|0.158505752473|0.153285483865|0.138641994424|0.148556015209|0.145496864343|0.140085538054|0.135544412026|0.132505946709|0.124957679124|0.161440581448|0.154851780103|0.149841576602|0.135780423104|0.145591820149|0.142420127322|0.137288952291|0.132926658739|0.130002187604|0.12276827352|0.135070120495|0.130858822861|0.128039499717|0.13307368183|0.127877861526|0.0573333541138|0.0530250290585|0.0499593589324|0.0455234345635|0.0445847138633|0.0431657379515|0.0409966354162|0.0393336975485|0.0383232693574|0.0365317347168|0.0401021031308|0.0385904426273|0.037678548599|0.0400836103383|0.0389468408191|0.0396907896918|0.0382674806315|0.0374024913663|0.0398199527003|0.0387680220509|0.0386415248948|0.00142246541555|0.00168444362988|0.00237830607281|0.00423488990672|0.00680765695464|0.00691817325804|0.00700571961116|0
0,15,15,tree_robustness,lower_fragility_weight,optimal,0|5|10|15|35|75|125|175|225,adjoint_lbfgsb,adjoint_lbfgsb,5,structured_ramp,,7.730710374178617,7.744569558261182,0.013859184082565257,True,True,False,False,value_and_gradient,7.744569558261182,446,446,270,49.438117027282715,CONVERGENCE: REL_REDUCTION_OF_F_<=_FACTR*EPSMCH,0.290876106449|0.414749671243|0.182729276261|0.566613292879|0.271604789994|0.276525900293|0.111768484913|0.732908206975|0.380640131608|0.389557816565|0.391502690244|0.17207787512|0.171875614465|0.173661872323|0.0651834040082|0.906070337079|0.51072464461|0.495463542519|0.499147157681|0.50476118512|0.228036316898|0.228142864716|0.230266425046|0.228232114947|0.227656060641|0.228336611739|0.0917677828541|0.0907701332762|0.0901390571617|0.08934503872|0.0291357085314|1|0.590228188662|0.58638196687|0.551614559823|0.554106311027|0.548299726289|0.254267187221|0.249965884158|0.249539642107|0.250878042288|0.238807271263|0.242880729717|0.242331742423|0.234173121875|0.230257226572|0.229495454124|0.0982474766993|0.0962318388177|0.0944727765567|0.0898286476428|0.0937552528179|0.0956824917402|0.093802056244|0.0920336509187|0.0908590811729|0.0879166548551|0.0298171874464|0.0291809554761|0.0287789827004|0.0305816252281|0.0299086442464|0.00698055795861|1|1|1|0.944187252814|0.937006795931|0.920797318174|0.907524320765|0.588951033547|0.545527042497|0.497686054288|0.487887686176|0.479611536955|0.522564574382|0.47680003914|0.474780313638|0.494666812887|0.460579515874|0.446640284183|0.448453996105|0.430540771811|0.424152697202|0.42324694363|0.231379699998|0.224434640779|0.218277490312|0.213893591096|0.195924533357|0.211148969093|0.20630584639|0.192171697146|0.187156476557|0.183654712836|0.213892586343|0.207953366363|0.203195883668|0.189457363141|0.191572115214|0.197172332489|0.191410947044|0.186428636622|0.182970719964|0.174355980391|0.0761443974082|0.07376679356|0.0721447039871|0.0681375518423|0.0721608440082|0.0708083784255|0.0683852576448|0.0663900234933|0.0650032865676|0.0612492151267|0.0676812632104|0.0655083446758|0.0640527565088|0.0664446152931|0.0641733539032|0.0179477261553|0.0171792635421|0.0167827916555|0.0176615978798|0.016896216575|0.0168232535641|0.00210128521523|1|1|1|1|1|1|1|1|1|1|0.969155210749|0.880271937689|0.866228678525|0.85235278722|1|0.950396227078|0.851576852062|0.83549860756|0.822037631146|0.909322970694|0.814747101446|0.799057873789|0.802319045332|0.746494657819|0.729580241748|0.71690603727|0.689348036803|0.674691241561|0.665504778668|0.447589630741|0.466377339967|0.443165753601|0.431440105463|0.421510614732|0.440628137014|0.416359179768|0.404478153494|0.433700469637|0.392585927053|0.38053262224|0.403712802061|0.372246208409|0.36187421192|0.355206763369|0.472176428606|0.439594999107|0.427962440232|0.41871224605|0.379301083924|0.40065319606|0.390239088159|0.361055810411|0.351057089364|0.344468216187|0.400754834806|0.387691192337|0.378138869791|0.350051293582|0.340464982452|0.359541511984|0.3480867575|0.338496435835|0.33192732857|0.315074390892|0.217848460728|0.193073453221|0.185546119748|0.179659592921|0.15530424629|0.166501930561|0.160693753568|0.144312150572|0.138999191103|0.135576903354|0.166429567992|0.159171532567|0.153701223001|0.138437462511|0.148266604663|0.145046193306|0.139604253452|0.135153094334|0.132221788614|0.125147148292|0.162264460555|0.155340937427|0.150101786482|0.135508042352|0.145245322008|0.14199394816|0.136944165771|0.132739326024|0.129971499906|0.123314912087|0.134823744841|0.130823817923|0.128206738899|0.134357090049|0.129582046891|0.0616246608917|0.0566713474035|0.0531207576851|0.0458580662143|0.0459540322745|0.0443296273176|0.0418723298036|0.0400245946515|0.0389375984642|0.0369700548255|0.0408945715759|0.0392493922771|0.0383010719796|0.0408172106486|0.0399530315261|0.0404383337915|0.0388869006479|0.0380075996545|0.0406582290049|0.039906232884|0.0398676030407|0.00335333922979|0.00260973498639|0.00230390324138|0.00301290107785|0.00681549835665|0.0073161999335|0.00612464171816|0
0,15,15,tree_robustness,lower_fragility_weight,optimal,0|5|10|15|35|75|125|175|225,adjoint_lbfgsb,adjoint_lbfgsb,6,structured_ramp,,7.730695537386947,7.744569562440942,0.01387402505399482,True,True,False,False,value_and_gradient,7.744569562440942,449,449,327,50.47950458526611,CONVERGENCE: REL_REDUCTION_OF_F_<=_FACTR*EPSMCH,0.290871003445|0.414767312063|0.182699418571|0.566610215955|0.271601319839|0.276516137951|0.111623319109|0.732933510086|0.380637727865|0.389570726182|0.39152665492|0.172068614974|0.171911704245|0.173663174555|0.0651378349998|0.906073017043|0.510713029116|0.495508834983|0.499178364375|0.504711232024|0.228033929445|0.228139395089|0.230264013043|0.228209100479|0.227683257115|0.22837356102|0.0918193567233|0.0907658789959|0.0901257257396|0.0894617533528|0.0291396968959|1|0.590092881478|0.586531121534|0.551565687036|0.554050113927|0.548489832001|0.254331090836|0.24994169777|0.249589037537|0.250815851037|0.238751506712|0.243092963357|0.242459341195|0.234416908296|0.230484334812|0.22963246029|0.0981678864411|0.0960598734755|0.0944045948042|0.0899665424204|0.093713025094|0.0956760175687|0.093730081396|0.0919047420622|0.0907250192525|0.0878653573431|0.0298087359633|0.0291977121453|0.0288039843616|0.0306071638806|0.029916139178|0.00705944174467|1|1|1|0.944812856522|0.93715251024|0.920729143406|0.907596639234|0.588669930743|0.545056328931|0.497771052962|0.488016007182|0.479741253294|0.522329542837|0.476935464401|0.474779175075|0.494491871951|0.460430287686|0.44648256753|0.448094950198|0.430217287465|0.423884350598|0.423028478559|0.231942632177|0.224417603688|0.218878846081|0.214424589973|0.195963460041|0.210812291181|0.205920253171|0.191743610073|0.1867857352|0.183415925932|0.213548381557|0.207566192113|0.202753811784|0.189042955498|0.191471387585|0.197174780407|0.19155764592|0.186712236082|0.183341845899|0.174879006245|0.0766369706486|0.0744657356894|0.0727511416319|0.0681521346483|0.0718482365293|0.0703977020976|0.0679304618206|0.0660450890562|0.0647975418256|0.0617642425308|0.0672587120257|0.0652630401536|0.063958693842|0.0669911172931|0.0648108439143|0.0178008173912|0.0173245702611|0.017192106556|0.0183086382217|0.0175891256629|0.0175033459927|0.00215993471412|1|1|1|1|1|1|1|1|1|1|0.97146002937|0.881966197608|0.867901459315|0.853930587781|1|0.951831446187|0.853091764262|0.837069558407|0.82357462793|0.910138611205|0.816237551156|0.800500691701|0.802743868163|0.746757595783|0.729998070256|0.71702886803|0.688271318466|0.673394661372|0.663620196064|0.44500799301|0.466059082223|0.443714945077|0.432279942129|0.422688504742|0.440907842238|0.417673336303|0.406396710705|0.434665209707|0.394292960804|0.382394230775|0.403905861723|0.373565136154|0.363065884018|0.356356270029|0.472181125364|0.441706723978|0.429447479771|0.420427570104|0.381506768311|0.401438672863|0.391773112705|0.362428765638|0.35219501209|0.345501281421|0.40140980614|0.389238714275|0.379668966049|0.351186128082|0.342023824735|0.3590763984|0.347778714129|0.337774338304|0.330908000454|0.313147312197|0.210873389664|0.191725576479|0.184962110977|0.179650414874|0.1575518514|0.169698068305|0.164396051545|0.148900124306|0.143728159728|0.140414901434|0.169681718222|0.162994497497|0.157848491099|0.143205858786|0.152820412337|0.149641931077|0.144133390358|0.139351302299|0.136136731639|0.128063139811|0.165968907624|0.159521496763|0.154573292717|0.140503977437|0.149969345409|0.146780442858|0.141443047735|0.136843831086|0.133749188178|0.125968446451|0.139166482977|0.134706322461|0.131706827001|0.135779308303|0.130422498722|0.0609258118994|0.0570247925496|0.0542082689773|0.0512310351998|0.0494509349225|0.0480812943237|0.0459159923823|0.0441069175188|0.0429838090091|0.0409851642911|0.0449682944159|0.0432953196941|0.0422977926968|0.0442123352522|0.0428350083093|0.0445290908359|0.0429515952152|0.04199902891|0.0439610062056|0.0426465541617|0.0424761190261|0.0105045553741|0.0069195296954|0.00743731708691|0.00700681361512|0.00790596565513|0.00541495586221|0.00475624093441|0
0,15,15,tree_robustness,lower_fragility_weight,optimal,0|5|10|15|35|75|125|175|225,adjoint_lbfgsb,adjoint_lbfgsb,7,structured_ramp,,7.730625485364071,7.744569552148925,0.013944066784854492,True,True,False,False,value_and_gradient,7.744569552148925,332,332,252,37.34557819366455,CONVERGENCE: REL_REDUCTION_OF_F_<=_FACTR*EPSMCH,0.290843499015|0.414730065548|0.182773373666|0.566656273027|0.271584153488|0.276513769718|0.111838300718|0.732922052868|0.380642212937|0.389567526153|0.391414458085|0.172103190272|0.171855942785|0.173659114971|0.0651228619328|0.906082248482|0.51064268034|0.495464163499|0.499156599319|0.504725940318|0.228022534299|0.228185618217|0.230296078933|0.228185982995|0.227613537484|0.228308530523|0.0918571475385|0.0908484346164|0.0902376287139|0.0896568097772|0.0290896603963|1|0.589963961764|0.586671813855|0.551586146895|0.554031456186|0.548515186135|0.254412735564|0.250047476405|0.249783534846|0.250700624225|0.238785620841|0.243041450444|0.242369476214|0.234403853206|0.230486325836|0.22952245626|0.0980631728367|0.0959523661594|0.0943198061099|0.0898527822364|0.0938967778237|0.0956285569494|0.0937600596613|0.0920642876826|0.0909563534657|0.0882588787302|0.0299749766693|0.0293208086916|0.0289102498962|0.0306788402786|0.0300291736201|0.00704269436859|1|1|1|0.943980559466|0.93774395958|0.921099462952|0.90760584265|0.587905047783|0.545015113065|0.4978476673|0.488069690109|0.479780141281|0.522373795669|0.477052495427|0.474847823646|0.494337568778|0.460635493249|0.446742216788|0.448273274656|0.430220092707|0.423747283837|0.422640374125|0.233387369115|0.220574229154|0.218642006662|0.213813548788|0.19444722532|0.210144380294|0.205341840784|0.191842409712|0.187140913586|0.184022637087|0.212745367386|0.206945194243|0.202280882257|0.189308846279|0.192243339452|0.197745640898|0.191991986729|0.186992087286|0.183453486465|0.174439245385|0.0737502770434|0.0727457524451|0.0716323409059|0.0680407712202|0.072280238491|0.0708709001121|0.0696869889186|0.06760051717|0.0658712710697|0.0616394390007|0.0692271542929|0.0665852502203|0.0647816128976|0.0669458436343|0.0645622598265|0.0190452378075|0.0183241173768|0.0178662179679|0.0182059540979|0.0175675904907|0.0174573820754|0.00243980381336|1|1|1|1|1|1|1|1|1|1|0.969857181674|0.882343450454|0.868311046197|0.854482789134|1|0.951137677662|0.853379952749|0.837372814134|0.823970196088|0.910572694465|0.816658370688|0.800984554702|0.804123439855|0.748037743712|0.730957434922|0.718138980219|0.689912532303|0.674911872949|0.665376260581|0.458267324805|0.465509502528|0.440170162717|0.428514104256|0.418768343647|0.438456099285|0.41370273498|0.402354225124|0.431849299633|0.391810377772|0.380249454329|0.404210319479|0.373518769535|0.363573641492|0.357106733936|0.465318359017|0.43501062665|0.426166436334|0.417215232869|0.379166325792|0.401347041919|0.391283810868|0.363072583368|0.353457018606|0.347064107717|0.401231107762|0.389045888761|0.379741572914|0.352643796422|0.344036181654|0.362119455338|0.351208113665|0.341702881677|0.335183141966|0.31829929306|0.218539119245|0.19109439834|0.183400437608|0.177474608193|0.153536930798|0.165264750808|0.15974797446|0.14447243724|0.139678290131|0.136591781071|0.165247343567|0.158406401302|0.153282252999|0.13928838767|0.149981654406|0.146893847128|0.142149195112|0.138239091373|0.13568896285|0.12958801585|0.161391655877|0.154975426138|0.150136978757|0.13685930059|0.147334856546|0.144404313669|0.139861731359|0.136194658147|0.133822028119|0.128087315914|0.138092253762|0.134660469573|0.132430315322|0.139316707275|0.135176173716|0.0593246242651|0.0546723047817|0.0514118361814|0.0463216401267|0.0459770573237|0.0446603930408|0.0427824104572|0.0415021437077|0.0408288074827|0.040565008912|0.0421232042896|0.0410618951546|0.0405260748427|0.0473137893983|0.0462622108088|0.0418306666726|0.0408411458724|0.0403634193225|0.0451645781751|0.0449635927796|0.0446489270099|0.00345558032707|0.00334527683319|0.00900902230436|0.00864866875656|0.00686771239859|0.00680773475974|0.00677739603252|0
0,5,5,tree_robustness,lower_fragility_weight,optimal,0|5|10|15|35|75|125|175|225,adjoint_lbfgsb,adjoint_lbfgsb,0,structured_ramp,,7.730925985481672,7.744569554261964,0.013643568780291382,True,True,False,False,value_and_gradient,7.744569554261964,352,352,266,40.37631344795227,CONVERGENCE: REL_REDUCTION_OF_F_<=_FACTR*EPSMCH,0.290870379486|0.414760725917|0.182748187955|0.566628768425|0.271589283252|0.276525779582|0.111765661719|0.73293099516|0.380634637962|0.389539973708|0.39152444704|0.17208072048|0.171895429055|0.173683732615|0.0651208280152|0.906083922523|0.51069035811|0.495486863313|0.499160835812|0.50473279825|0.228007120542|0.228164028047|0.230304520711|0.22813478118|0.227714122078|0.228361976971|0.0918265081229|0.0907676074259|0.0901173695646|0.0894354636599|0.0290025938888|1|0.5901415663|0.586568034999|0.551465773852|0.553855004924|0.548401419248|0.254462435041|0.250009148652|0.249678381089|0.251028094637|0.238955491735|0.243002864342|0.242492645627|0.234463540028|0.230482876512|0.229478605776|0.0981156485445|0.0960025867097|0.0943581841322|0.0898204121148|0.0937937060748|0.095610844238|0.0936850426193|0.0919393176987|0.0907992182773|0.0881217262881|0.0298413523532|0.0292321121319|0.028842153415|0.030642663977|0.029976563894|0.00712476707184|1|1|1|0.944161932345|0.937556860638|0.921154458274|0.907577904393|0.58860723118|0.545153927902|0.497701704537|0.487937522644|0.479664097802|0.522379567394|0.476914574111|0.474474120543|0.494238402345|0.460582061668|0.446731829632|0.448301389978|0.430267000099|0.423802164579|0.422691287323|0.233074574099|0.223955565478|0.218625026414|0.214121399261|0.195647368178|0.210990465483|0.206152078784|0.192169682442|0.187253929105|0.183859076719|0.213599642932|0.207764892228|0.203046038809|0.189529316385|0.191745046621|0.197445852065|0.191671300668|0.186661031885|0.183174311819|0.17444194069|0.0782733882673|0.0754043667131|0.0732727728181|0.068299252617|0.0718022925624|0.070578514896|0.0686118806083|0.0670071064914|0.065837323995|0.0618275154615|0.0680265708911|0.0662594797688|0.0649514962352|0.0669536048107|0.0644181043022|0.0192844426196|0.0186212750803|0.0178253207631|0.0186788542666|0.0176840349982|0.017577141826|0.00213222445131|1|1|1|1|1|1|1|1|1|1|0.967662332617|0.880794826872|0.867080492205|0.853410137644|1|0.949117718587|0.85182313139|0.835950704707|0.822722726681|0.908622695208|0.815468459873|0.799956871501|0.804178515636|0.74816882273|0.730982267924|0.718513798274|0.691024636419|0.676197647843|0.667084358264|0.455638232125|0.466596890763|0.441757671619|0.430029874131|0.420223858212|0.440099128565|0.415112427451|0.403641566838|0.432620021153|0.392206625529|0.380424550201|0.403980401547|0.373141987514|0.363065078056|0.356551955397|0.470867002257|0.438915735899|0.427138271193|0.418004300078|0.379282793098|0.400747794318|0.390918056178|0.362333958211|0.352617122187|0.346178372842|0.40070455877|0.388405798325|0.379047416808|0.351643673507|0.34261709402|0.361179874726|0.350288897048|0.340881312311|0.334425688996|0.317892098108|0.221421474444|0.193935517838|0.186273827473|0.180240958497|0.155408174903|0.166410556491|0.160656029575|0.144278989317|0.139025262086|0.135656684987|0.166334425125|0.159129160442|0.153646013872|0.138451165724|0.148483927246|0.145096254989|0.139877547333|0.135535542257|0.132683970829|0.125907092838|0.162281417628|0.155383589027|0.150159444418|0.135698395929|0.1454334028|0.142286368863|0.137300270809|0.133144993041|0.130404366407|0.123965955565|0.13519928837|0.13123450195|0.128631052344|0.135139548149|0.130495642853|0.062180405167|0.0570425195528|0.0533623264388|0.0457480138541|0.0457962874784|0.044131491978|0.0415883295734|0.0396706398497|0.0385332795418|0.0370644615167|0.0405704233189|0.0388465762696|0.0378392067283|0.0403274304096|0.0394459124264|0.0400967088108|0.0384547417219|0.0375278778543|0.0401256291214|0.0393158647659|0.0392160111507|0.0028520061401|0.00204401052589|0.00170019691332|0.00227680103574|0.00743981766795|0.0109646989544|0.00984269302554|0
0,5,5,tree_robustness,lower_fragility_weight,optimal,0|5|10|15|35|75|125|175|225,adjoint_lbfgsb,adjoint_lbfgsb,1,structured_sigmoid,,7.72682762786504,7.74456956320459,0.01774193533954982,True,True,False,False,value_and_gradient,7.74456956320459,574,574,371,64.13402152061462,CONVERGENCE: REL_REDUCTION_OF_F_<=_FACTR*EPSMCH,0.29088315214|0.414753111154|0.182750786644|0.566646124635|0.271589221142|0.276518539007|0.111744687852|0.732925262359|0.38062905675|0.389543144625|0.391514331395|0.172068457143|0.171895016361|0.173675212032|0.0651356776995|0.906074119126|0.510682123211|0.495479850218|0.499172021758|0.504738671481|0.228045488679|0.228141249245|0.230246362712|0.228195021518|0.227642325485|0.228370115589|0.0917881846161|0.0907453357051|0.0901616302422|0.0894423970683|0.0290557671667|1|0.59015890867|0.586641999032|0.551532594357|0.553940461776|0.548403374104|0.254208677394|0.249949759655|0.249670183165|0.251003073536|0.238887054068|0.243001091713|0.242413648631|0.234343226937|0.230386601859|0.229462605175|0.0982725957992|0.0960581920297|0.094363631307|0.0898813839661|0.0933729034601|0.0957116492053|0.0937927377253|0.0919758981998|0.090784072884|0.0878953849516|0.0299708929085|0.0292412191298|0.028806769067|0.0305055121706|0.0298062418252|0.00702605670817|1|1|1|0.944439946042|0.937313898779|0.920942218195|0.907487893619|0.588588578965|0.545102296067|0.497786512059|0.488041925684|0.479793260274|0.5224136611|0.47697823468|0.474929468354|0.494697539538|0.460710302835|0.446758513141|0.448304431391|0.43028822068|0.42390297713|0.422954099302|0.231648217159|0.224445456905|0.218399077719|0.214056229318|0.195920342463|0.210837174595|0.205950599786|0.191701515044|0.186928191526|0.183784643039|0.213571448048|0.207581996097|0.20266530627|0.189039950515|0.192001987993|0.197626090598|0.191717913193|0.186616199367|0.183013309123|0.17466388582|0.0762798167063|0.0738250855778|0.0722574857261|0.0678844025818|0.0719075948555|0.0706059683596|0.0682106678596|0.0664336602856|0.065171123944|0.0617506717544|0.0677529934006|0.0655683823988|0.0645327678607|0.0669104913745|0.0646994357666|0.0182829640027|0.0174512770381|0.0174142462139|0.0179804937719|0.0173838594757|0.0173019565984|0.00245830299721|1|1|1|1|1|1|1|1|1|1|0.969938181537|0.881184593554|0.866948465302|0.852931394156|1|0.951153734619|0.852489484792|0.836323997845|0.822716340754|0.910290337296|0.815346229566|0.799548752932|0.801945772625|0.746275762094|0.729447871358|0.716715079237|0.689658598612|0.675389712452|0.666406196113|0.456400122323|0.463350973815|0.440946013677|0.429783169462|0.420371589243|0.437455201019|0.415512416498|0.404533153328|0.433614776657|0.393495483487|0.381606766983|0.402997121116|0.372346148854|0.361540957687|0.354614723103|0.468762920038|0.440173083848|0.428200173961|0.419272360821|0.380543513157|0.40061238467|0.390780443774|0.360747888723|0.350157817446|0.343226918795|0.400526910794|0.388103499953|0.378319966863|0.349000922804|0.339119228359|0.355890494174|0.344067307674|0.333589735033|0.32638325837|0.307647038434|0.20541473761|0.187326613162|0.180409570036|0.175258238057|0.154143934937|0.167115620359|0.162021730539|0.147402506525|0.142535297835|0.139346888517|0.167098865142|0.160723952665|0.155888612903|0.14201404254|0.151923588238|0.148829673414|0.143405032288|0.138634625249|0.135085844208|0.12565497936|0.163406134022|0.157296474266|0.152666341469|0.139261035998|0.149037877498|0.145794676318|0.140522260929|0.135854134064|0.132371831191|0.123092254515|0.138143879611|0.133413343664|0.129931992348|0.131846338373|0.125051699626|0.0561780361016|0.0532052575312|0.0510787450062|0.048844075552|0.0484418091148|0.0472523009279|0.0454561720038|0.0439212359024|0.0428007448355|0.0393054284797|0.0446392951641|0.0431236716105|0.0420371208243|0.042762506575|0.0406704285432|0.0442282037609|0.0427618324213|0.0416675461078|0.0423287086566|0.0402890992212|0.0399815862615|0.00632102552785|0.00461421315842|0.00839345130426|0.00599382752552|0.00459691606016|0.0044567574938|0.00444942327435|0
0,5,5,tree_robustness,lower_fragility_weight,optimal,0|5|10|15|35|75|125|175|225,adjoint_lbfgsb,adjoint_lbfgsb,2,structured_constant,,7.731745573853417,7.7445695581304275,0.012823984277010148,True,True,False,False,value_and_gradient,7.7445695581304275,439,439,266,48.5684928894043,CONVERGENCE: REL_REDUCTION_OF_F_<=_FACTR*EPSMCH,0.290883709368|0.414756469376|0.182737335975|0.56662072113|0.271589333187|0.276520907026|0.111753117482|0.732930815532|0.380634592105|0.389544527501|0.391527438194|0.172080002792|0.171884922741|0.173664638915|0.065127168782|0.906093013464|0.510693221725|0.495485671109|0.499164386782|0.504725822105|0.228031556352|0.228144660449|0.230216012094|0.228232265314|0.22767611378|0.228353796699|0.0917900657404|0.0907511321484|0.0901060850831|0.089447275108|0.0291530190006|1|0.590055826492|0.58652769066|0.551576636352|0.553992695157|0.548420130839|0.254342935925|0.250047399867|0.249579582229|0.251009308954|0.238945689408|0.242998841688|0.242422502963|0.234361187072|0.230419495034|0.229592164926|0.0982509876428|0.0961263180568|0.0944065724454|0.0898488316111|0.0937270470788|0.0955911736805|0.0936791079298|0.0918959995312|0.0907276092126|0.0878986957299|0.0297345604623|0.0291412968104|0.0287683334266|0.0306134887953|0.029929680255|0.00706098880407|1|1|1|0.944601021416|0.937308732025|0.920914620909|0.907462729411|0.588633000019|0.545102850554|0.497769507455|0.488045208544|0.479801506977|0.522331901532|0.477002704227|0.474953283182|0.494714059668|0.460629371498|0.44666531553|0.448052666965|0.429719467399|0.423297259888|0.422007897694|0.231249185791|0.224707052085|0.218259526288|0.213894966418|0.195842832318|0.211051012662|0.206178088117|0.192056298374|0.187070956024|0.183641449183|0.213749836707|0.207809037696|0.203047337273|0.189345559439|0.191587172206|0.197270903989|0.191570324114|0.186660720441|0.183252981638|0.174726254966|0.0747550315524|0.072542536163|0.0712870322981|0.0680131604582|0.0721631604835|0.0708774092902|0.0687055732894|0.0668882015801|0.0655983265199|0.0618027420231|0.0680662429117|0.06608249821|0.0646849354832|0.0669814313745|0.0646186774017|0.0180841943243|0.0178229233638|0.0173903764724|0.0182607640814|0.0175047008292|0.0174014715013|0.00209567030592|1|1|1|1|1|1|1|1|1|1|0.968838272796|0.8799684809|0.865903006578|0.852031659168|1|0.950073002426|0.851303400195|0.835221582234|0.82175292774|0.909060068566|0.814459068138|0.798794026915|0.801976072116|0.746289489257|0.729370589853|0.716783444253|0.689336587143|0.674741652351|0.665669630547|0.431506838257|0.462631247594|0.444607545204|0.433320011253|0.423700085015|0.439452046937|0.418691609841|0.407195329666|0.436299483081|0.394932715206|0.382606379098|0.404550511636|0.373160808315|0.362377595927|0.355478090493|0.472289842785|0.442913480194|0.430936389723|0.42166503049|0.381637774527|0.401909445765|0.391795340277|0.361525299277|0.351036855231|0.344175873467|0.401838988016|0.389102567662|0.379195664934|0.34987281612|0.339899327646|0.357957369534|0.346452308383|0.336372875741|0.32947426142|0.311809553871|0.211818314939|0.194108382976|0.187241201627|0.18183550919|0.158794642581|0.169903428321|0.164178905858|0.147188014567|0.141450322693|0.137734571739|0.169882651143|0.162656259872|0.157049066312|0.140817791436|0.149547652427|0.146122968939|0.140020568839|0.1347759763|0.13125018217|0.122483604415|0.1659254132|0.158901895405|0.153473669576|0.137747178031|0.146479250888|0.142908651951|0.137001264422|0.131929072918|0.128520371315|0.120040279098|0.134437784044|0.129515045255|0.126207183428|0.129909674426|0.124060907313|0.0661891315063|0.0614562454182|0.057968059701|0.050178184234|0.0496604299164|0.0477027717588|0.044471055273|0.0417921351869|0.0400548484904|0.0360211106484|0.0431048552615|0.040554348397|0.0389052769313|0.0391546285442|0.0367971138822|0.0425217914734|0.0400319277589|0.0384246704905|0.0386753142677|0.0364157100388|0.0361048320044|0.00938686055122|0.00872091630944|0.00822776279232|0.0067069462532|0.00571312480124|0.00556306199745|0.00553385550768|0.000469266012418
0,5,5,tree_robustness,lower_fragility_weight,optimal,0|5|10|15|35|75|125|175|225,adjoint_lbfgsb,adjoint_lbfgsb,3,sobol,,7.725416452863459,7.74456955991843,0.019153107054971308,False,True,False,False,value_and_gradient,7.74456955991843,502,502,323,56.785913944244385,ABNORMAL_TERMINATION_IN_LNSRCH,0.290875653214|0.41471054563|0.182748679264|0.566622894689|0.27159535655|0.276530705957|0.111764144569|0.732940853798|0.380647746347|0.389550360505|0.391523920245|0.172111687515|0.171908295653|0.173673487283|0.0651183399211|0.906081308571|0.510679352867|0.495549788492|0.499160716554|0.504720383452|0.228094551301|0.22813247532|0.230259134369|0.228217746166|0.227661202121|0.228347651516|0.0917935242381|0.0907550302227|0.0901144097846|0.0894354475146|0.0291420414206|1|0.590478089499|0.586544390732|0.551552796936|0.553998823001|0.548426891683|0.254302021989|0.249915569678|0.249604129275|0.250951631092|0.238998294341|0.243118636199|0.242424186783|0.234395515056|0.230425815379|0.229559779256|0.0981993177028|0.0961528950285|0.0944806088458|0.0898269915342|0.0939641812357|0.0958390689638|0.0936337921179|0.0918564300761|0.0907948829572|0.0876491447912|0.0296910301177|0.0291245739788|0.0287990094755|0.030770469106|0.0298641604492|0.00708189911805|1|1|1|0.944634596883|0.937214303591|0.920997878964|0.907572235284|0.588426579087|0.545407642701|0.497312692718|0.488039116574|0.479664508453|0.522066400755|0.476784398337|0.474881826599|0.494546789634|0.460685704145|0.446659758903|0.448676597068|0.430425933773|0.424471652936|0.422761173358|0.231789237066|0.225490678374|0.218566850413|0.214887204377|0.195370044862|0.210489012263|0.206002579881|0.190809607169|0.186876257639|0.18344115676|0.21313191745|0.207194832167|0.201749142866|0.188364831663|0.191307084353|0.196399108701|0.191018892459|0.186490053896|0.184710800811|0.174799127292|0.0771532529348|0.0744115488234|0.0720271277459|0.0683259843114|0.0721780714759|0.0705139911966|0.0683414914813|0.0665856294021|0.064655325957|0.0619465909813|0.068258880934|0.0651454176291|0.0638033780632|0.0670096755268|0.064537895836|0.0181602680654|0.0177633600855|0.0171859004615|0.0177586688471|0.017491860738|0.0172565832888|0.00214159700884|1|1|1|1|1|1|1|1|1|1|0.970535774048|0.88322397863|0.86898427235|0.854621075079|1|0.948512963631|0.853126631009|0.838218128376|0.824815089383|0.909698221635|0.814911081212|0.801857294185|0.80411660882|0.747868728076|0.729788154169|0.718415846125|0.688860040974|0.671182337625|0.663928157083|0.460072477657|0.466847874736|0.443505657081|0.431644141203|0.42499078882|0.440846749866|0.4168104704|0.406039743457|0.438993941969|0.393868717951|0.382006249641|0.405598444993|0.373770543572|0.363323565614|0.356326656171|0.471839982947|0.443338681941|0.429352014488|0.422419118269|0.38367298429|0.401196424304|0.391235928806|0.361666850954|0.351128539262|0.344689924539|0.401033251046|0.389818522098|0.378977875424|0.350548346581|0.340543810934|0.361214076024|0.347063366711|0.338247910432|0.332007624362|0.31187404668|0.21518659844|0.189599501344|0.184429923054|0.178689422451|0.156132096374|0.168928714973|0.163628755526|0.148178009755|0.14274205064|0.139256864312|0.168502943059|0.162092478986|0.156829969407|0.141805138804|0.153681773288|0.147882630848|0.142245909883|0.137146248845|0.134064141038|0.125465406711|0.164587177674|0.158572375362|0.153954437739|0.140504833629|0.150486658556|0.146354613698|0.140720589191|0.134684240248|0.135706387367|0.127482880619|0.137523731149|0.133608675942|0.131378420388|0.132902653294|0.127614411469|0.0584527626674|0.0565313427018|0.0508005536922|0.0498505140544|0.048848628177|0.0475082218266|0.0452322171991|0.0434582599628|0.0417568776473|0.0386940975329|0.0443721066678|0.0421420252928|0.0415381636218|0.0422349534935|0.0415476717826|0.0440955006021|0.0423554876155|0.0405137936158|0.0417243193224|0.0406934141822|0.0394965666878|0.00646274565746|0.00591056745854|0.00645777057854|0.00692969909944|0.00498232566422|0.00486466009598|0.00493551074961|0.00190881624299
0,5,5,tree_robustness,lower_fragility_weight,optimal,0|5|10|15|35|75|125|175|225,adjoint_lbfgsb,adjoint_lbfgsb,4,structured_ramp,,7.730809471460289,7.744569557856489,0.013760086396199966,False,True,False,False,value_and_gradient,7.744569557936218,420,420,279,47.8201904296875,ABNORMAL_TERMINATION_IN_LNSRCH,0.290863867775|0.414769292881|0.182744158869|0.566634934885|0.271625932843|0.276464849834|0.111723294159|0.732922891907|0.380632622351|0.389553975548|0.391504771189|0.172122978316|0.17183120906|0.173680400305|0.0651901605024|0.906075905501|0.510711268807|0.495479309625|0.499178367106|0.504738104587|0.22805289217|0.228149723709|0.230264183564|0.228213640071|0.227689372069|0.228355789708|0.0918312301656|0.0907522115668|0.0900957356417|0.0894305847858|0.0291057434137|1|0.590310285059|0.586640162946|0.551553587061|0.553969800221|0.548348523424|0.254196954603|0.250128186088|0.249635089313|0.250862555202|0.238856181524|0.242965038077|0.242444805151|0.234481385146|0.230546282851|0.229560403465|0.0979182032478|0.0957777391806|0.0941061191032|0.0898459305799|0.0937025727125|0.0955559383495|0.0937845752631|0.091843518721|0.0906065245211|0.0882968228005|0.0298500441847|0.0292043289827|0.0287922355293|0.0306153544621|0.0299738890352|0.00702152830289|1|1|1|0.944990214829|0.937243927853|0.921035071801|0.907613501553|0.588845838633|0.545284100859|0.49773443689|0.488004061067|0.479767575477|0.522427889976|0.476968648727|0.474927665344|0.494748189741|0.460862380708|0.446831806482|0.448344795614|0.430434692072|0.423927284784|0.423038549616|0.231680580134|0.224331161696|0.217916182856|0.213568921921|0.195880194816|0.211371615117|0.206493037947|0.192278573885|0.187191358692|0.183649410741|0.21406844272|0.208153019997|0.20339464399|0.189530197425|0.191285344344|0.196969967474|0.191171254278|0.186145547152|0.182671853386|0.174081431135|0.0745384634491|0.0731435837381|0.0712910904924|0.0681419038482|0.0725480961774|0.0712722229515|0.0689753218053|0.0669226876692|0.0654056028708|0.0611752032062|0.0682719956568|0.065975841993|0.0642955462322|0.0664833369948|0.0641902401472|0.0187652335833|0.0179660061776|0.0175979917421|0.0182551058232|0.0175602850562|0.0174719231534|0.0022538198595|1|1|1|1|1|1|1|1|1|1|0.96639844418|0.881336988948|0.867622297239|0.854021489932|1|0.947867901516|0.852568735695|0.8368940458|0.823767642862|0.908440147565|0.816518612733|0.801213764148|0.804457580392|0.748627847667|0.731685921229|0.719123555045|0.690667421959|0.675745398053|0.666044696883|0.450853886289|0.466213742944|0.442603839946|0.431003647809|0.421263039545|0.440095942603|0.416197378138|0.40471952417|0.43365913582|0.393204098199|0.381310106607|0.403610268849|0.373079948751|0.362615457534|0.355922341613|0.471466124472|0.44077633177|0.428272689532|0.419135215524|0.38019142217|0.400973030259|0.391102795345|0.361825376577|0.351638640589|0.344966778516|0.400854007233|0.388520112967|0.378950253471|0.350570943853|0.341116121008|0.358841231265|0.347498233959|0.337473508956|0.330579495829|0.312711247006|0.212226167304|0.189444952423|0.182174129598|0.176554168097|0.153444877886|0.165462730996|0.15996301924|0.144325160372|0.139200767061|0.135896931325|0.1653772566|0.158505752473|0.153285483865|0.138641994424|0.148556015209|0.145496864343|0.140085538054|0.135544412026|0.132505946709|0.124957679124|0.161440581448|0.154851780103|0.149841576602|0.135780423104|0.145591820149|0.142420127322|0.137288952291|0.132926658739|0.130002187604|0.12276827352|0.135070120495|0.130858822861|0.128039499717|0.13307368183|0.127877861526|0.0573333541138|0.0530250290585|0.0499593589324|0.0455234345635|0.0445847138633|0.0431657379515|0.0409966354162|0.0393336975485|0.0383232693574|0.0365317347168|0.0401021031308|0.0385904426273|0.037678548599|0.0400836103383|0.0389468408191|0.0396907896918|0.0382674806315|0.0374024913663|0.0398199527003|0.0387680220509|0.0386415248948|0.00142246541555|0.00168444362988|0.00237830607281|0.00423488990672|0.00680765695464|0.00691817325804|0.00700571961116|0
0,5,5,tree_robustness,lower_fragility_weight,optimal,0|5|10|15|35|75|125|175|225,adjoint_lbfgsb,adjoint_lbfgsb,5,structured_ramp,,7.730710374178617,7.744569558261182,0.013859184082565257,True,True,False,False,value_and_gradient,7.744569558261182,446,446,270,50.09496474266052,CONVERGENCE: REL_REDUCTION_OF_F_<=_FACTR*EPSMCH,0.290876106449|0.414749671243|0.182729276261|0.566613292879|0.271604789994|0.276525900293|0.111768484913|0.732908206975|0.380640131608|0.389557816565|0.391502690244|0.17207787512|0.171875614465|0.173661872323|0.0651834040082|0.906070337079|0.51072464461|0.495463542519|0.499147157681|0.50476118512|0.228036316898|0.228142864716|0.230266425046|0.228232114947|0.227656060641|0.228336611739|0.0917677828541|0.0907701332762|0.0901390571617|0.08934503872|0.0291357085314|1|0.590228188662|0.58638196687|0.551614559823|0.554106311027|0.548299726289|0.254267187221|0.249965884158|0.249539642107|0.250878042288|0.238807271263|0.242880729717|0.242331742423|0.234173121875|0.230257226572|0.229495454124|0.0982474766993|0.0962318388177|0.0944727765567|0.0898286476428|0.0937552528179|0.0956824917402|0.093802056244|0.0920336509187|0.0908590811729|0.0879166548551|0.0298171874464|0.0291809554761|0.0287789827004|0.0305816252281|0.0299086442464|0.00698055795861|1|1|1|0.944187252814|0.937006795931|0.920797318174|0.907524320765|0.588951033547|0.545527042497|0.497686054288|0.487887686176|0.479611536955|0.522564574382|0.47680003914|0.474780313638|0.494666812887|0.460579515874|0.446640284183|0.448453996105|0.430540771811|0.424152697202|0.42324694363|0.231379699998|0.224434640779|0.218277490312|0.213893591096|0.195924533357|0.211148969093|0.20630584639|0.192171697146|0.187156476557|0.183654712836|0.213892586343|0.207953366363|0.203195883668|0.189457363141|0.191572115214|0.197172332489|0.191410947044|0.186428636622|0.182970719964|0.174355980391|0.0761443974082|0.07376679356|0.0721447039871|0.0681375518423|0.0721608440082|0.0708083784255|0.0683852576448|0.0663900234933|0.0650032865676|0.0612492151267|0.0676812632104|0.0655083446758|0.0640527565088|0.0664446152931|0.0641733539032|0.0179477261553|0.0171792635421|0.0167827916555|0.0176615978798|0.016896216575|0.0168232535641|0.00210128521523|1|1|1|1|1|1|1|1|1|1|0.969155210749|0.880271937689|0.866228678525|0.85235278722|1|0.950396227078|0.851576852062|0.83549860756|0.822037631146|0.909322970694|0.814747101446|0.799057873789|0.802319045332|0.746494657819|0.729580241748|0.71690603727|0.689348036803|0.674691241561|0.665504778668|0.447589630741|0.466377339967|0.443165753601|0.431440105463|0.421510614732|0.440628137014|0.416359179768|0.404478153494|0.433700469637|0.392585927053|0.38053262224|0.403712802061|0.372246208409|0.36187421192|0.355206763369|0.472176428606|0.439594999107|0.427962440232|0.41871224605|0.379301083924|0.40065319606|0.390239088159|0.361055810411|0.351057089364|0.344468216187|0.400754834806|0.387691192337|0.378138869791|0.350051293582|0.340464982452|0.359541511984|0.3480867575|0.338496435835|0.33192732857|0.315074390892|0.217848460728|0.193073453221|0.185546119748|0.179659592921|0.15530424629|0.166501930561|0.160693753568|0.144312150572|0.138999191103|0.135576903354|0.166429567992|0.159171532567|0.153701223001|0.138437462511|0.148266604663|0.145046193306|0.139604253452|0.135153094334|0.132221788614|0.125147148292|0.162264460555|0.155340937427|0.150101786482|0.135508042352|0.145245322008|0.14199394816|0.136944165771|0.132739326024|0.129971499906|0.123314912087|0.134823744841|0.130823817923|0.128206738899|0.134357090049|0.129582046891|0.0616246608917|0.0566713474035|0.0531207576851|0.0458580662143|0.0459540322745|0.0443296273176|0.0418723298036|0.0400245946515|0.0389375984642|0.0369700548255|0.0408945715759|0.0392493922771|0.0383010719796|0.0408172106486|0.0399530315261|0.0404383337915|0.0388869006479|0.0380075996545|0.0406582290049|0.039906232884|0.0398676030407|0.00335333922979|0.00260973498639|0.00230390324138|0.00301290107785|0.00681549835665|0.0073161999335|0.00612464171816|0
0,5,5,tree_robustness,lower_fragility_weight,optimal,0|5|10|15|35|75|125|175|225,adjoint_lbfgsb,adjoint_lbfgsb,6,structured_ramp,,7.730695537386947,7.744569562440942,0.01387402505399482,True,True,False,False,value_and_gradient,7.744569562440942,449,449,327,51.16326308250427,CONVERGENCE: REL_REDUCTION_OF_F_<=_FACTR*EPSMCH,0.290871003445|0.414767312063|0.182699418571|0.566610215955|0.271601319839|0.276516137951|0.111623319109|0.732933510086|0.380637727865|0.389570726182|0.39152665492|0.172068614974|0.171911704245|0.173663174555|0.0651378349998|0.906073017043|0.510713029116|0.495508834983|0.499178364375|0.504711232024|0.228033929445|0.228139395089|0.230264013043|0.228209100479|0.227683257115|0.22837356102|0.0918193567233|0.0907658789959|0.0901257257396|0.0894617533528|0.0291396968959|1|0.590092881478|0.586531121534|0.551565687036|0.554050113927|0.548489832001|0.254331090836|0.24994169777|0.249589037537|0.250815851037|0.238751506712|0.243092963357|0.242459341195|0.234416908296|0.230484334812|0.22963246029|0.0981678864411|0.0960598734755|0.0944045948042|0.0899665424204|0.093713025094|0.0956760175687|0.093730081396|0.0919047420622|0.0907250192525|0.0878653573431|0.0298087359633|0.0291977121453|0.0288039843616|0.0306071638806|0.029916139178|0.00705944174467|1|1|1|0.944812856522|0.93715251024|0.920729143406|0.907596639234|0.588669930743|0.545056328931|0.497771052962|0.488016007182|0.479741253294|0.522329542837|0.476935464401|0.474779175075|0.494491871951|0.460430287686|0.44648256753|0.448094950198|0.430217287465|0.423884350598|0.423028478559|0.231942632177|0.224417603688|0.218878846081|0.214424589973|0.195963460041|0.210812291181|0.205920253171|0.191743610073|0.1867857352|0.183415925932|0.213548381557|0.207566192113|0.202753811784|0.189042955498|0.191471387585|0.197174780407|0.19155764592|0.186712236082|0.183341845899|0.174879006245|0.0766369706486|0.0744657356894|0.0727511416319|0.0681521346483|0.0718482365293|0.0703977020976|0.0679304618206|0.0660450890562|0.0647975418256|0.0617642425308|0.0672587120257|0.0652630401536|0.063958693842|0.0669911172931|0.0648108439143|0.0178008173912|0.0173245702611|0.017192106556|0.0183086382217|0.0175891256629|0.0175033459927|0.00215993471412|1|1|1|1|1|1|1|1|1|1|0.97146002937|0.881966197608|0.867901459315|0.853930587781|1|0.951831446187|0.853091764262|0.837069558407|0.82357462793|0.910138611205|0.816237551156|0.800500691701|0.802743868163|0.746757595783|0.729998070256|0.71702886803|0.688271318466|0.673394661372|0.663620196064|0.44500799301|0.466059082223|0.443714945077|0.432279942129|0.422688504742|0.440907842238|0.417673336303|0.406396710705|0.434665209707|0.394292960804|0.382394230775|0.403905861723|0.373565136154|0.363065884018|0.356356270029|0.472181125364|0.441706723978|0.429447479771|0.420427570104|0.381506768311|0.401438672863|0.391773112705|0.362428765638|0.35219501209|0.345501281421|0.40140980614|0.389238714275|0.379668966049|0.351186128082|0.342023824735|0.3590763984|0.347778714129|0.337774338304|0.330908000454|0.313147312197|0.210873389664|0.191725576479|0.184962110977|0.179650414874|0.1575518514|0.169698068305|0.164396051545|0.148900124306|0.143728159728|0.140414901434|0.169681718222|0.162994497497|0.157848491099|0.143205858786|0.152820412337|0.149641931077|0.144133390358|0.139351302299|0.136136731639|0.128063139811|0.165968907624|0.159521496763|0.154573292717|0.140503977437|0.149969345409|0.146780442858|0.141443047735|0.136843831086|0.133749188178|0.125968446451|0.139166482977|0.134706322461|0.131706827001|0.135779308303|0.130422498722|0.0609258118994|0.0570247925496|0.0542082689773|0.0512310351998|0.0494509349225|0.0480812943237|0.0459159923823|0.0441069175188|0.0429838090091|0.0409851642911|0.0449682944159|0.0432953196941|0.0422977926968|0.0442123352522|0.0428350083093|0.0445290908359|0.0429515952152|0.04199902891|0.0439610062056|0.0426465541617|0.0424761190261|0.0105045553741|0.0069195296954|0.00743731708691|0.00700681361512|0.00790596565513|0.00541495586221|0.00475624093441|0
0,5,5,tree_robustness,lower_fragility_weight,optimal,0|5|10|15|35|75|125|175|225,adjoint_lbfgsb,adjoint_lbfgsb,7,structured_ramp,,7.730625485364071,7.744569552148925,0.013944066784854492,True,True,False,False,value_and_gradient,7.744569552148925,332,332,252,37.78494119644165,CONVERGENCE: REL_REDUCTION_OF_F_<=_FACTR*EPSMCH,0.290843499015|0.414730065548|0.182773373666|0.566656273027|0.271584153488|0.276513769718|0.111838300718|0.732922052868|0.380642212937|0.389567526153|0.391414458085|0.172103190272|0.171855942785|0.173659114971|0.0651228619328|0.906082248482|0.51064268034|0.495464163499|0.499156599319|0.504725940318|0.228022534299|0.228185618217|0.230296078933|0.228185982995|0.227613537484|0.228308530523|0.0918571475385|0.0908484346164|0.0902376287139|0.0896568097772|0.0290896603963|1|0.589963961764|0.586671813855|0.551586146895|0.554031456186|0.548515186135|0.254412735564|0.250047476405|0.249783534846|0.250700624225|0.238785620841|0.243041450444|0.242369476214|0.234403853206|0.230486325836|0.22952245626|0.0980631728367|0.0959523661594|0.0943198061099|0.0898527822364|0.0938967778237|0.0956285569494|0.0937600596613|0.0920642876826|0.0909563534657|0.0882588787302|0.0299749766693|0.0293208086916|0.0289102498962|0.0306788402786|0.0300291736201|0.00704269436859|1|1|1|0.943980559466|0.93774395958|0.921099462952|0.90760584265|0.587905047783|0.545015113065|0.4978476673|0.488069690109|0.479780141281|0.522373795669|0.477052495427|0.474847823646|0.494337568778|0.460635493249|0.446742216788|0.448273274656|0.430220092707|0.423747283837|0.422640374125|0.233387369115|0.220574229154|0.218642006662|0.213813548788|0.19444722532|0.210144380294|0.205341840784|0.191842409712|0.187140913586|0.184022637087|0.212745367386|0.206945194243|0.202280882257|0.189308846279|0.192243339452|0.197745640898|0.191991986729|0.186992087286|0.183453486465|0.174439245385|0.0737502770434|0.0727457524451|0.0716323409059|0.0680407712202|0.072280238491|0.0708709001121|0.0696869889186|0.06760051717|0.0658712710697|0.0616394390007|0.0692271542929|0.0665852502203|0.0647816128976|0.0669458436343|0.0645622598265|0.0190452378075|0.0183241173768|0.0178662179679|0.0182059540979|0.0175675904907|0.0174573820754|0.00243980381336|1|1|1|1|1|1|1|1|1|1|0.969857181674|0.882343450454|0.868311046197|0.854482789134|1|0.951137677662|0.853379952749|0.837372814134|0.823970196088|0.910572694465|0.816658370688|0.800984554702|0.804123439855|0.748037743712|0.730957434922|0.718138980219|0.689912532303|0.674911872949|0.665376260581|0.458267324805|0.465509502528|0.440170162717|0.428514104256|0.418768343647|0.438456099285|0.41370273498|0.402354225124|0.431849299633|0.391810377772|0.380249454329|0.404210319479|0.373518769535|0.363573641492|0.357106733936|0.465318359017|0.43501062665|0.426166436334|0.417215232869|0.379166325792|0.401347041919|0.391283810868|0.363072583368|0.353457018606|0.347064107717|0.401231107762|0.389045888761|0.379741572914|0.352643796422|0.344036181654|0.362119455338|0.351208113665|0.341702881677|0.335183141966|0.31829929306|0.218539119245|0.19109439834|0.183400437608|0.177474608193|0.153536930798|0.165264750808|0.15974797446|0.14447243724|0.139678290131|0.136591781071|0.165247343567|0.158406401302|0.153282252999|0.13928838767|0.149981654406|0.146893847128|0.142149195112|0.138239091373|0.13568896285|0.12958801585|0.161391655877|0.154975426138|0.150136978757|0.13685930059|0.147334856546|0.144404313669|0.139861731359|0.136194658147|0.133822028119|0.128087315914|0.138092253762|0.134660469573|0.132430315322|0.139316707275|0.135176173716|0.0593246242651|0.0546723047817|0.0514118361814|0.0463216401267|0.0459770573237|0.0446603930408|0.0427824104572|0.0415021437077|0.0408288074827|0.040565008912|0.0421232042896|0.0410618951546|0.0405260748427|0.0473137893983|0.0462622108088|0.0418306666726|0.0408411458724|0.0403634193225|0.0451645781751|0.0449635927796|0.0446489270099|0.00345558032707|0.00334527683319|0.00900902230436|0.00864866875656|0.00686771239859|0.00680773475974|0.00677739603252|0
0,15,12,tree_robustness,front_loaded_decisions,optimal,0|5|10|15|50|100|160|225,adjoint_lbfgsb,adjoint_lbfgsb,0,structured_ramp,,7.6043819288601116,7.670426674102144,0.0660447452420323,True,True,False,False,value_and_gradient,7.670426674102144,1173,1173,713,67.97864532470703,CONVERGENCE: REL_REDUCTION_OF_F_<=_FACTR*EPSMCH,0.613651258841|0.73530917365|0.539530874785|0.881482951961|0.659646122841|0.68436096076|0.450126628284|0.989427849002|0.780404005797|0.776781263642|0.797330059305|0.547485511416|0.553751763884|0.557432450845|0.345447375808|1|0.924236436224|0.937850537331|0.941867324488|0.936313654226|0.606879962368|0.612799545666|0.612064848315|0.639163005441|0.639904689599|0.642089681351|0.356640890959|0.358246040064|0.359035958015|0.384785055193|0.188396644785|1|1|1|1|1|1|0.929594778968|0.916826278014|0.909377959041|0.901272670299|0.908770704182|0.947328173787|0.937363033226|0.924509494021|0.913495588114|0.905542886102|0.495014449307|0.524391440012|0.535522241481|0.539879199341|0.536480095428|0.566918707145|0.552359943095|0.547303956363|0.541418927381|0.551967117935|0.295887592207|0.310533443824|0.317967821173|0.310584571783|0.309108512063|0.105405716106|1|1|1|1|1|1|1|1|1|1|1|1|1|1|1|1|1|1|1|1|1|1|0.518268971452|0.793822816699|0.795519478409|0.798181620377|0.965685111422|0.958711976386|0.956017610242|1|0.998911862643|0.982366269194|0.936533187093|0.985358267278|1|0.970090969699|0.976753119669|1|1|0.991839358003|0.98028655312|0.972463897553|0.682415519165|0.695321425667|0.69552227713|0.69403396356|0.697196520241|0.689125908573|0.656137542396|0.648487532055|0.636108956416|0.627425558565|0.63287306852|0.663859959259|0.675295320971|0.64988151139|0.626008996985|0.401412355645|0.394896355746|0.389194444367|0.340004593361|0.309347090772|0.291933573543|0.119493090005
0,15,12,tree_robustness,front_loaded_decisions,optimal,0|5|10|15|50|100|160|225,adjoint_lbfgsb,adjoint_lbfgsb,1,structured_sigmoid,,7.584493770849046,7.67042667035977,0.08593289951072425,True,True,False,False,value_and_gradient,7.67042667035977,605,605,397,35.2047975063324,CONVERGENCE: REL_REDUCTION_OF_F_<=_FACTR*EPSMCH,0.613541577815|0.735298405625|0.539586325251|0.881353350189|0.659993368896|0.684264021773|0.449902440163|0.989521147416|0.780435555052|0.776809605387|0.797367115684|0.547386702002|0.554065071722|0.557425987166|0.345501173771|1|0.924388488343|0.937989017856|0.94203997872|0.936351781366|0.606957934016|0.612865452701|0.612759607149|0.63928597811|0.640111322122|0.642054997025|0.355773735916|0.358577488299|0.358257593782|0.384764720348|0.186929984611|1|1|1|1|1|1|0.926633473105|0.917581402618|0.909946451679|0.901178285793|0.908296412285|0.947728542264|0.936833585407|0.923372111771|0.913089378361|0.904205226542|0.494891163796|0.523067765265|0.541051830321|0.538250123205|0.535197323708|0.568735743528|0.552870171314|0.54818638031|0.541932056229|0.553358970162|0.298087134085|0.309292840913|0.320852774785|0.308462638065|0.307140716437|0.102352854786|1|1|1|1|1|1|1|1|1|1|1|1|1|1|1|1|1|1|1|1|1|1|0.524905939584|0.804484911535|0.80343697673|0.802476114946|0.965737002189|0.958713318951|0.956021943133|1|0.999323334925|0.983958722881|0.936233864713|0.987922719157|1|0.969984690374|0.97615879587|1|1|0.995605257615|0.977669304663|0.967416939318|0.683247770009|0.694357637894|0.695672334568|0.689506593017|0.69449540613|0.686552007192|0.653034358591|0.645179402316|0.632595906153|0.622585555176|0.631059401863|0.659375554997|0.669760259304|0.64698869613|0.622081383483|0.401086366646|0.39594747324|0.387104833437|0.336758237057|0.304928172751|0.28849034005|0.125367299196
0,15,12,tree_robustness,front_loaded_decisions,optimal,0|5|10|15|50|100|160|225,adjoint_lbfgsb,adjoint_lbfgsb,2,structured_constant,,7.64654594840661,7.670426389780951,0.023880441374340755,True,True,False,False,value_and_gradient,7.670426389780951,483,483,300,28.20408296585083,CONVERGENCE: REL_REDUCTION_OF_F_<=_FACTR*EPSMCH,0.613508110548|0.73531343549|0.539356681034|0.881625333658|0.659813853941|0.684282609886|0.449853685046|0.989482613692|0.780493806501|0.776722182986|0.797284123406|0.547557273165|0.553590612292|0.557411730297|0.345509802278|1|0.924464621478|0.937852795635|0.941921284602|0.936368198783|0.607301487912|0.612846586269|0.612729234912|0.63901181192|0.639976563095|0.642004391992|0.356599885148|0.357453945727|0.358568546371|0.384843174506|0.188291362912|1|1|1|1|1|1|0.930468385211|0.917757063844|0.910354819678|0.901485736958|0.908709966509|0.947681503089|0.936738829609|0.923355454173|0.913114918893|0.904096588305|0.493852074117|0.519990655247|0.54192810695|0.537036791166|0.539064927207|0.568324865169|0.552267736799|0.546781302016|0.541184882283|0.551411003375|0.299642368042|0.311789417158|0.31358993476|0.313065587936|0.311970957065|0.0951112128861|1|1|1|1|1|1|1|1|1|1|1|1|1|1|1|1|1|1|1|1|1|1|0.514145177305|0.770640355804|0.775966073319|0.794270296813|0.976801262115|0.970650339314|0.967889138858|0.999495204149|0.986554362711|0.984898890187|0.947868682826|0.997539937083|1|0.985769342665|0.97168722249|1|1|0.985062303735|0.987214497305|0.952737037887|0.677187836943|0.677008395096|0.675749699546|0.701445722038|0.695376810193|0.687757889758|0.657774929559|0.650853771521|0.639418545116|0.632096173173|0.635956476284|0.666260657083|0.68137437388|0.634497334043|0.627142050955|0.400018045708|0.403259948702|0.395725795852|0.363297229898|0.335863139262|0.321636558272|0.166857117756
0,15,12,tree_robustness,front_loaded_decisions,optimal,0|5|10|15|50|100|160|225,adjoint_lbfgsb,adjoint_lbfgsb,3,sobol,,7.640270674712539,7.670426558003994,0.0301558832914548,True,True,False,False,value_and_gradient,7.670426558003994,1084,1084,622,62.63407826423645,CONVERGENCE: REL_REDUCTION_OF_F_<=_FACTR*EPSMCH,0.613665746866|0.73543831457|0.539359682123|0.881512740509|0.65982808385|0.684094687079|0.450065941583|0.989619284825|0.78048370359|0.777003094942|0.797299000524|0.547538444418|0.553330961399|0.557225287672|0.345622214543|1|0.924860810897|0.937888391907|0.941938196423|0.936331071481|0.606944298031|0.613318811653|0.612495901344|0.638958836004|0.639830114377|0.642082683867|0.356909614689|0.357045909052|0.358736805395|0.38450844452|0.188250887962|1|1|1|1|1|1|0.929201591615|0.918460206739|0.910682540618|0.901877091415|0.909058561601|0.946489781091|0.93724534521|0.924079299121|0.913213350499|0.905764011087|0.494483774564|0.527174991283|0.541873280564|0.538169815375|0.53728901865|0.567662258278|0.552431726906|0.546984621323|0.54205409434|0.553965182287|0.295612610354|0.307482302889|0.31969806727|0.31336419451|0.309804483296|0.116232000199|1|1|1|1|1|1|1|1|1|1|1|1|1|1|1|1|1|1|1|1|1|1|0.513825314439|0.780676220169|0.79235623572|0.804369803899|0.979831303093|0.965298958961|0.973414415516|1|0.997138240406|0.98583822035|0.969612520305|0.972334298283|1|0.96530165265|0.979962428385|1|1|0.99670469901|0.978758527394|0.967334785601|0.66624869593|0.620304971427|0.653597887887|0.692962925314|0.683195514581|0.667731642237|0.659117757743|0.648554464742|0.622959365656|0.621296100725|0.650006762826|0.680338788656|0.676518735368|0.633775087878|0.646928694188|0.368058254363|0.362781919753|0.351074075968|0.314533982735|0.314863565614|0.285784003707|0.093837494063
0,15,12,tree_robustness,front_loaded_decisions,optimal,0|5|10|15|50|100|160|225,adjoint_lbfgsb,adjoint_lbfgsb,4,structured_constant,,7.646244996833062,7.670426667775162,0.024181670942100553,True,True,False,False,value_and_gradient,7.670426667775162,942,942,568,54.62782025337219,CONVERGENCE: REL_REDUCTION_OF_F_<=_FACTR*EPSMCH,0.613651926339|0.735349781174|0.539611544843|0.881543553502|0.659795804578|0.684161138701|0.449967654093|0.989680674589|0.780272978887|0.776889614994|0.797441511226|0.547692734307|0.553906500158|0.557508632465|0.345696864586|1|0.925491529098|0.938075213416|0.941835505946|0.936300941044|0.607346490764|0.613152315662|0.612388304634|0.638696944428|0.639406118996|0.642250501071|0.357486921488|0.358768882642|0.358788996062|0.384319119529|0.187733012144|1|1|1|1|1|1|0.930850367131|0.918088381515|0.910629951866|0.901958464601|0.908624786622|0.947482339429|0.937074033579|0.924619423446|0.914055853312|0.905302108253|0.494548811139|0.523520172748|0.540181574788|0.537317164476|0.536846775443|0.56777706603|0.5522088403|0.547469904431|0.540777308011|0.55340710954|0.293866493787|0.312437630396|0.316387087222|0.314679892263|0.31068196861|0.109398958097|1|1|1|1|1|1|1|1|1|1|1|1|1|1|1|1|1|1|1|1|1|1|0.505564700716|0.791840394948|0.792257521546|0.792835273541|0.973654316795|0.966306150592|0.963538198433|1|0.998912313074|0.988675545351|0.942891108414|0.984446077448|1|0.976042880459|0.976972803026|1|1|0.990985957883|0.975614155914|0.963101676374|0.677999719176|0.686977087088|0.686512996042|0.696447217782|0.694496452345|0.685922591971|0.653267236169|0.645649297227|0.633525063127|0.623506830957|0.630812740572|0.651451102027|0.674077589957|0.63119092078|0.619926714243|0.389915823217|0.392402479533|0.386709982078|0.34480737886|0.316398132714|0.300417424117|0.134820009455
0,15,12,tree_robustness,front_loaded_decisions,optimal,0|5|10|15|50|100|160|225,adjoint_lbfgsb,adjoint_lbfgsb,5,sobol,,7.63645527211419,7.670426653155354,0.03397138104116415,True,True,False,False,value_and_gradient,7.670426653155354,944,944,625,55.11676502227783,CONVERGENCE: REL_REDUCTION_OF_F_<=_FACTR*EPSMCH,0.613514031656|0.735323050306|0.539462800716|0.881586740083|0.660033108488|0.684149295234|0.449936869196|0.989446550349|0.780618183104|0.776982280194|0.797373731611|0.547180275378|0.552990372077|0.557396186642|0.345643005682|1|0.92418849366|0.937923058665|0.942027036813|0.936395057603|0.607625368344|0.612905652165|0.612295273987|0.639681044689|0.641030911522|0.641658976696|0.357250484825|0.357243079995|0.356963465322|0.384521425125|0.188601612801|1|1|1|1|1|1|0.923808112084|0.918496883588|0.9099356697|0.900948834784|0.9090307688|0.947255189429|0.936657318804|0.92421803396|0.913614426134|0.904935506034|0.492765542629|0.522401821542|0.540301543452|0.537472069561|0.536677551317|0.568303231925|0.548628983344|0.548062133244|0.541611960261|0.559082876884|0.296740869708|0.303278163159|0.324791605096|0.313453068306|0.309178230707|0.110910414149|1|1|1|1|1|1|1|1|1|1|1|1|1|1|1|1|1|1|1|1|1|1|0.533963919732|0.784955070172|0.807280878488|0.787363477333|0.975858048414|0.977047584545|0.935813160582|1|0.998474608579|0.986948622305|0.940484293049|0.987675639747|1|0.961419111244|0.978817747462|1|1|0.987658196561|0.981648859061|0.978352297636|0.665145539288|0.682594033372|0.680490790354|0.71675540357|0.723103761413|0.690391181449|0.659595325247|0.672819134803|0.635294636136|0.635557917004|0.631800636187|0.695282781738|0.680468535221|0.633660434765|0.62757013859|0.358625278645|0.361183524183|0.318405415673|0.333344201635|0.310721810101|0.306447450456|0.0629456360527
0,15,12,tree_robustness,front_loaded_decisions,optimal,0|5|10|15|50|100|160|225,adjoint_lbfgsb,adjoint_lbfgsb,6,structured_constant,,7.631157248083811,7.670426697545099,0.03926944946128774,True,True,False,False,value_and_gradient,7.670426697545099,830,830,482,48.11545252799988,CONVERGENCE: REL_REDUCTION_OF_F_<=_FACTR*EPSMCH,0.613684431588|0.735408716279|0.539716539192|0.881727917034|0.65956122257|0.684172156115|0.450060655949|0.989619263475|0.780606952647|0.776915657605|0.797355908048|0.547633764536|0.553563704134|0.557419596473|0.345431521569|1|0.925152144925|0.937885576518|0.94187817602|0.936332158461|0.607291146557|0.613220249465|0.612981583189|0.638869918203|0.639827282617|0.64199091361|0.357070865497|0.357987322354|0.359121675409|0.384769746738|0.187801637703|1|1|1|1|1|1|0.929211951669|0.91797077535|0.910322898529|0.901900150372|0.908458777242|0.94658348366|0.936929398497|0.922725541557|0.91367819613|0.905108300122|0.493221254726|0.523056446872|0.536972697564|0.539432206|0.53851129073|0.565825437436|0.552011540808|0.546588708329|0.539949060941|0.55330545249|0.294205423601|0.311411880762|0.321010864284|0.310128437929|0.315641707591|0.111008229957|1|1|1|1|1|1|1|1|1|1|1|1|1|1|1|1|1|1|1|1|1|1|0.511946017656|0.799306502189|0.797820123443|0.797210338741|0.966612795631|0.959516850245|0.956803748989|1|0.998809818976|0.98572229169|0.936897159189|0.985308733603|1|0.967757980299|0.973562876526|1|1|0.995990328578|0.981896528109|0.968860931146|0.680036209201|0.690129837892|0.689842064224|0.68717729102|0.693474015381|0.684960494663|0.651790498691|0.644360260542|0.631817865433|0.623175969896|0.627981884539|0.661603300214|0.672384331536|0.644966984162|0.622662611356|0.390825091225|0.387550843188|0.380646798833|0.332707190293|0.302841680328|0.285987745174|0.114752961582
0,15,12,tree_robustness,front_loaded_decisions,optimal,0|5|10|15|50|100|160|225,adjoint_lbfgsb,adjoint_lbfgsb,7,sobol,,7.629962772099924,7.670426712967342,0.04046394086741767,False,True,False,False,value_and_gradient,7.670426712967342,1709,1709,1000,98.7185606956482,STOP: TOTAL NO. of ITERATIONS REACHED LIMIT,0.613512434402|0.735296339228|0.539588029721|0.881272334699|0.659623901927|0.684286302865|0.450203191311|0.989209955072|0.780538863248|0.776827753295|0.797302323181|0.547710907461|0.553880169546|0.557502357161|0.34555479958|1|0.923469294395|0.937745724116|0.942187973261|0.936138329364|0.606356781812|0.613004552573|0.612693138012|0.63877263855|0.639838515963|0.642037582549|0.356543571122|0.35887576011|0.358603223972|0.384572151698|0.188485602158|1|1|1|1|1|1|0.91744791596|0.917774971624|0.909310484554|0.90166406604|0.909129059198|0.948296112066|0.936956261509|0.923917859808|0.912207717222|0.903283277566|0.495730450453|0.524386655842|0.542433214227|0.538935809533|0.534949951043|0.57001281112|0.550638156031|0.548444255513|0.540655598753|0.554500054018|0.295965509433|0.31080456534|0.314310321933|0.31222200842|0.318110390786|0.102231488167|1|1|1|1|1|1|1|1|1|1|1|1|1|1|1|1|1|1|1|1|1|1|0.557866956729|0.793477340869|0.789726443544|0.797450368787|0.954577326007|0.959888951695|0.957536788585|1|0.99746780639|0.986784199248|0.920103405849|0.984100494992|1|0.966437056875|0.98015374207|1|1|0.995239039632|0.982562531875|0.973993253911|0.678521838599|0.684812939833|0.674124097339|0.704742105253|0.700746490931|0.688450801287|0.659295060102|0.670569270598|0.640677788187|0.644080631313|0.637438476925|0.6592573602|0.682028327871|0.638764836649|0.623483808424|0.336800197933|0.341648500002|0.350213023241|0.322772450376|0.295630941919|0.286989374939|0.0619978600597
0,5,2,tree_robustness,front_loaded_decisions,optimal,0|5|10|15|50|100|160|225,adjoint_lbfgsb,adjoint_lbfgsb,0,structured_ramp,,7.6043819288601116,7.670426674102144,0.0660447452420323,True,True,False,False,value_and_gradient,7.670426674102144,1173,1173,713,68.33883500099182,CONVERGENCE: REL_REDUCTION_OF_F_<=_FACTR*EPSMCH,0.613651258841|0.73530917365|0.539530874785|0.881482951961|0.659646122841|0.68436096076|0.450126628284|0.989427849002|0.780404005797|0.776781263642|0.797330059305|0.547485511416|0.553751763884|0.557432450845|0.345447375808|1|0.924236436224|0.937850537331|0.941867324488|0.936313654226|0.606879962368|0.612799545666|0.612064848315|0.639163005441|0.639904689599|0.642089681351|0.356640890959|0.358246040064|0.359035958015|0.384785055193|0.188396644785|1|1|1|1|1|1|0.929594778968|0.916826278014|0.909377959041|0.901272670299|0.908770704182|0.947328173787|0.937363033226|0.924509494021|0.913495588114|0.905542886102|0.495014449307|0.524391440012|0.535522241481|0.539879199341|0.536480095428|0.566918707145|0.552359943095|0.547303956363|0.541418927381|0.551967117935|0.295887592207|0.310533443824|0.317967821173|0.310584571783|0.309108512063|0.105405716106|1|1|1|1|1|1|1|1|1|1|1|1|1|1|1|1|1|1|1|1|1|1|0.518268971452|0.793822816699|0.795519478409|0.798181620377|0.965685111422|0.958711976386|0.956017610242|1|0.998911862643|0.982366269194|0.936533187093|0.985358267278|1|0.970090969699|0.976753119669|1|1|0.991839358003|0.98028655312|0.972463897553|0.682415519165|0.695321425667|0.69552227713|0.69403396356|0.697196520241|0.689125908573|0.656137542396|0.648487532055|0.636108956416|0.627425558565|0.63287306852|0.663859959259|0.675295320971|0.64988151139|0.626008996985|0.401412355645|0.394896355746|0.389194444367|0.340004593361|0.309347090772|0.291933573543|0.119493090005
0,5,2,tree_robustness,front_loaded_decisions,optimal,0|5|10|15|50|100|160|225,adjoint_lbfgsb,adjoint_lbfgsb,1,structured_sigmoid,,7.584493770849046,7.67042667035977,0.08593289951072425,True,True,False,False,value_and_gradient,7.67042667035977,605,605,397,35.53286099433899,CONVERGENCE: REL_REDUCTION_OF_F_<=_FACTR*EPSMCH,0.613541577815|0.735298405625|0.539586325251|0.881353350189|0.659993368896|0.684264021773|0.449902440163|0.989521147416|0.780435555052|0.776809605387|0.797367115684|0.547386702002|0.554065071722|0.557425987166|0.345501173771|1|0.924388488343|0.937989017856|0.94203997872|0.936351781366|0.606957934016|0.612865452701|0.612759607149|0.63928597811|0.640111322122|0.642054997025|0.355773735916|0.358577488299|0.358257593782|0.384764720348|0.186929984611|1|1|1|1|1|1|0.926633473105|0.917581402618|0.909946451679|0.901178285793|0.908296412285|0.947728542264|0.936833585407|0.923372111771|0.913089378361|0.904205226542|0.494891163796|0.523067765265|0.541051830321|0.538250123205|0.535197323708|0.568735743528|0.552870171314|0.54818638031|0.541932056229|0.553358970162|0.298087134085|0.309292840913|0.320852774785|0.308462638065|0.307140716437|0.102352854786|1|1|1|1|1|1|1|1|1|1|1|1|1|1|1|1|1|1|1|1|1|1|0.524905939584|0.804484911535|0.80343697673|0.802476114946|0.965737002189|0.958713318951|0.956021943133|1|0.999323334925|0.983958722881|0.936233864713|0.987922719157|1|0.969984690374|0.97615879587|1|1|0.995605257615|0.977669304663|0.967416939318|0.683247770009|0.694357637894|0.695672334568|0.689506593017|0.69449540613|0.686552007192|0.653034358591|0.645179402316|0.632595906153|0.622585555176|0.631059401863|0.659375554997|0.669760259304|0.64698869613|0.622081383483|0.401086366646|0.39594747324|0.387104833437|0.336758237057|0.304928172751|0.28849034005|0.125367299196
0,5,2,tree_robustness,front_loaded_decisions,optimal,0|5|10|15|50|100|160|225,adjoint_lbfgsb,adjoint_lbfgsb,2,structured_constant,,7.64654594840661,7.670426389780951,0.023880441374340755,True,True,False,False,value_and_gradient,7.670426389780951,483,483,300,28.3695809841156,CONVERGENCE: REL_REDUCTION_OF_F_<=_FACTR*EPSMCH,0.613508110548|0.73531343549|0.539356681034|0.881625333658|0.659813853941|0.684282609886|0.449853685046|0.989482613692|0.780493806501|0.776722182986|0.797284123406|0.547557273165|0.553590612292|0.557411730297|0.345509802278|1|0.924464621478|0.937852795635|0.941921284602|0.936368198783|0.607301487912|0.612846586269|0.612729234912|0.63901181192|0.639976563095|0.642004391992|0.356599885148|0.357453945727|0.358568546371|0.384843174506|0.188291362912|1|1|1|1|1|1|0.930468385211|0.917757063844|0.910354819678|0.901485736958|0.908709966509|0.947681503089|0.936738829609|0.923355454173|0.913114918893|0.904096588305|0.493852074117|0.519990655247|0.54192810695|0.537036791166|0.539064927207|0.568324865169|0.552267736799|0.546781302016|0.541184882283|0.551411003375|0.299642368042|0.311789417158|0.31358993476|0.313065587936|0.311970957065|0.0951112128861|1|1|1|1|1|1|1|1|1|1|1|1|1|1|1|1|1|1|1|1|1|1|0.514145177305|0.770640355804|0.775966073319|0.794270296813|0.976801262115|0.970650339314|0.967889138858|0.999495204149|0.986554362711|0.984898890187|0.947868682826|0.997539937083|1|0.985769342665|0.97168722249|1|1|0.985062303735|0.987214497305|0.952737037887|0.677187836943|0.677008395096|0.675749699546|0.701445722038|0.695376810193|0.687757889758|0.657774929559|0.650853771521|0.639418545116|0.632096173173|0.635956476284|0.666260657083|0.68137437388|0.634497334043|0.627142050955|0.400018045708|0.403259948702|0.395725795852|0.363297229898|0.335863139262|0.321636558272|0.166857117756
0,5,2,tree_robustness,front_loaded_decisions,optimal,0|5|10|15|50|100|160|225,adjoint_lbfgsb,adjoint_lbfgsb,3,sobol,,7.640270674712539,7.670426558003994,0.0301558832914548,True,True,False,False,value_and_gradient,7.670426558003994,1084,1084,622,62.88984489440918,CONVERGENCE: REL_REDUCTION_OF_F_<=_FACTR*EPSMCH,0.613665746866|0.73543831457|0.539359682123|0.881512740509|0.65982808385|0.684094687079|0.450065941583|0.989619284825|0.78048370359|0.777003094942|0.797299000524|0.547538444418|0.553330961399|0.557225287672|0.345622214543|1|0.924860810897|0.937888391907|0.941938196423|0.936331071481|0.606944298031|0.613318811653|0.612495901344|0.638958836004|0.639830114377|0.642082683867|0.356909614689|0.357045909052|0.358736805395|0.38450844452|0.188250887962|1|1|1|1|1|1|0.929201591615|0.918460206739|0.910682540618|0.901877091415|0.909058561601|0.946489781091|0.93724534521|0.924079299121|0.913213350499|0.905764011087|0.494483774564|0.527174991283|0.541873280564|0.538169815375|0.53728901865|0.567662258278|0.552431726906|0.546984621323|0.54205409434|0.553965182287|0.295612610354|0.307482302889|0.31969806727|0.31336419451|0.309804483296|0.116232000199|1|1|1|1|1|1|1|1|1|1|1|1|1|1|1|1|1|1|1|1|1|1|0.513825314439|0.780676220169|0.79235623572|0.804369803899|0.979831303093|0.965298958961|0.973414415516|1|0.997138240406|0.98583822035|0.969612520305|0.972334298283|1|0.96530165265|0.979962428385|1|1|0.99670469901|0.978758527394|0.967334785601|0.66624869593|0.620304971427|0.653597887887|0.692962925314|0.683195514581|0.667731642237|0.659117757743|0.648554464742|0.622959365656|0.621296100725|0.650006762826|0.680338788656|0.676518735368|0.633775087878|0.646928694188|0.368058254363|0.362781919753|0.351074075968|0.314533982735|0.314863565614|0.285784003707|0.093837494063
0,5,2,tree_robustness,front_loaded_decisions,optimal,0|5|10|15|50|100|160|225,adjoint_lbfgsb,adjoint_lbfgsb,4,structured_constant,,7.646244996833062,7.670426667775162,0.024181670942100553,True,True,False,False,value_and_gradient,7.670426667775162,942,942,568,54.856223583221436,CONVERGENCE: REL_REDUCTION_OF_F_<=_FACTR*EPSMCH,0.613651926339|0.735349781174|0.539611544843|0.881543553502|0.659795804578|0.684161138701|0.449967654093|0.989680674589|0.780272978887|0.776889614994|0.797441511226|0.547692734307|0.553906500158|0.557508632465|0.345696864586|1|0.925491529098|0.938075213416|0.941835505946|0.936300941044|0.607346490764|0.613152315662|0.612388304634|0.638696944428|0.639406118996|0.642250501071|0.357486921488|0.358768882642|0.358788996062|0.384319119529|0.187733012144|1|1|1|1|1|1|0.930850367131|0.918088381515|0.910629951866|0.901958464601|0.908624786622|0.947482339429|0.937074033579|0.924619423446|0.914055853312|0.905302108253|0.494548811139|0.523520172748|0.540181574788|0.537317164476|0.536846775443|0.56777706603|0.5522088403|0.547469904431|0.540777308011|0.55340710954|0.293866493787|0.312437630396|0.316387087222|0.314679892263|0.31068196861|0.109398958097|1|1|1|1|1|1|1|1|1|1|1|1|1|1|1|1|1|1|1|1|1|1|0.505564700716|0.791840394948|0.792257521546|0.792835273541|0.973654316795|0.966306150592|0.963538198433|1|0.998912313074|0.988675545351|0.942891108414|0.984446077448|1|0.976042880459|0.976972803026|1|1|0.990985957883|0.975614155914|0.963101676374|0.677999719176|0.686977087088|0.686512996042|0.696447217782|0.694496452345|0.685922591971|0.653267236169|0.645649297227|0.633525063127|0.623506830957|0.630812740572|0.651451102027|0.674077589957|0.63119092078|0.619926714243|0.389915823217|0.392402479533|0.386709982078|0.34480737886|0.316398132714|0.300417424117|0.134820009455
0,5,2,tree_robustness,front_loaded_decisions,optimal,0|5|10|15|50|100|160|225,adjoint_lbfgsb,adjoint_lbfgsb,5,sobol,,7.63645527211419,7.670426653155354,0.03397138104116415,True,True,False,False,value_and_gradient,7.670426653155354,944,944,625,55.60567378997803,CONVERGENCE: REL_REDUCTION_OF_F_<=_FACTR*EPSMCH,0.613514031656|0.735323050306|0.539462800716|0.881586740083|0.660033108488|0.684149295234|0.449936869196|0.989446550349|0.780618183104|0.776982280194|0.797373731611|0.547180275378|0.552990372077|0.557396186642|0.345643005682|1|0.92418849366|0.937923058665|0.942027036813|0.936395057603|0.607625368344|0.612905652165|0.612295273987|0.639681044689|0.641030911522|0.641658976696|0.357250484825|0.357243079995|0.356963465322|0.384521425125|0.188601612801|1|1|1|1|1|1|0.923808112084|0.918496883588|0.9099356697|0.900948834784|0.9090307688|0.947255189429|0.936657318804|0.92421803396|0.913614426134|0.904935506034|0.492765542629|0.522401821542|0.540301543452|0.537472069561|0.536677551317|0.568303231925|0.548628983344|0.548062133244|0.541611960261|0.559082876884|0.296740869708|0.303278163159|0.324791605096|0.313453068306|0.309178230707|0.110910414149|1|1|1|1|1|1|1|1|1|1|1|1|1|1|1|1|1|1|1|1|1|1|0.533963919732|0.784955070172|0.807280878488|0.787363477333|0.975858048414|0.977047584545|0.935813160582|1|0.998474608579|0.986948622305|0.940484293049|0.987675639747|1|0.961419111244|0.978817747462|1|1|0.987658196561|0.981648859061|0.978352297636|0.665145539288|0.682594033372|0.680490790354|0.71675540357|0.723103761413|0.690391181449|0.659595325247|0.672819134803|0.635294636136|0.635557917004|0.631800636187|0.695282781738|0.680468535221|0.633660434765|0.62757013859|0.358625278645|0.361183524183|0.318405415673|0.333344201635|0.310721810101|0.306447450456|0.0629456360527
0,5,2,tree_robustness,front_loaded_decisions,optimal,0|5|10|15|50|100|160|225,adjoint_lbfgsb,adjoint_lbfgsb,6,structured_constant,,7.631157248083811,7.670426697545099,0.03926944946128774,True,True,False,False,value_and_gradient,7.670426697545099,830,830,482,48.38175129890442,CONVERGENCE: REL_REDUCTION_OF_F_<=_FACTR*EPSMCH,0.613684431588|0.735408716279|0.539716539192|0.881727917034|0.65956122257|0.684172156115|0.450060655949|0.989619263475|0.780606952647|0.776915657605|0.797355908048|0.547633764536|0.553563704134|0.557419596473|0.345431521569|1|0.925152144925|0.937885576518|0.94187817602|0.936332158461|0.607291146557|0.613220249465|0.612981583189|0.638869918203|0.639827282617|0.64199091361|0.357070865497|0.357987322354|0.359121675409|0.384769746738|0.187801637703|1|1|1|1|1|1|0.929211951669|0.91797077535|0.910322898529|0.901900150372|0.908458777242|0.94658348366|0.936929398497|0.922725541557|0.91367819613|0.905108300122|0.493221254726|0.523056446872|0.536972697564|0.539432206|0.53851129073|0.565825437436|0.552011540808|0.546588708329|0.539949060941|0.55330545249|0.294205423601|0.311411880762|0.321010864284|0.310128437929|0.315641707591|0.111008229957|1|1|1|1|1|1|1|1|1|1|1|1|1|1|1|1|1|1|1|1|1|1|0.511946017656|0.799306502189|0.797820123443|0.797210338741|0.966612795631|0.959516850245|0.956803748989|1|0.998809818976|0.98572229169|0.936897159189|0.985308733603|1|0.967757980299|0.973562876526|1|1|0.995990328578|0.981896528109|0.968860931146|0.680036209201|0.690129837892|0.689842064224|0.68717729102|0.693474015381|0.684960494663|0.651790498691|0.644360260542|0.631817865433|0.623175969896|0.627981884539|0.661603300214|0.672384331536|0.644966984162|0.622662611356|0.390825091225|0.387550843188|0.380646798833|0.332707190293|0.302841680328|0.285987745174|0.114752961582
0,5,2,tree_robustness,front_loaded_decisions,optimal,0|5|10|15|50|100|160|225,adjoint_lbfgsb,adjoint_lbfgsb,7,sobol,,7.629962772099924,7.670426712967342,0.04046394086741767,False,True,False,False,value_and_gradient,7.670426712967342,1709,1709,1000,99.37034726142883,STOP: TOTAL NO. of ITERATIONS REACHED LIMIT,0.613512434402|0.735296339228|0.539588029721|0.881272334699|0.659623901927|0.684286302865|0.450203191311|0.989209955072|0.780538863248|0.776827753295|0.797302323181|0.547710907461|0.553880169546|0.557502357161|0.34555479958|1|0.923469294395|0.937745724116|0.942187973261|0.936138329364|0.606356781812|0.613004552573|0.612693138012|0.63877263855|0.639838515963|0.642037582549|0.356543571122|0.35887576011|0.358603223972|0.384572151698|0.188485602158|1|1|1|1|1|1|0.91744791596|0.917774971624|0.909310484554|0.90166406604|0.909129059198|0.948296112066|0.936956261509|0.923917859808|0.912207717222|0.903283277566|0.495730450453|0.524386655842|0.542433214227|0.538935809533|0.534949951043|0.57001281112|0.550638156031|0.548444255513|0.540655598753|0.554500054018|0.295965509433|0.31080456534|0.314310321933|0.31222200842|0.318110390786|0.102231488167|1|1|1|1|1|1|1|1|1|1|1|1|1|1|1|1|1|1|1|1|1|1|0.557866956729|0.793477340869|0.789726443544|0.797450368787|0.954577326007|0.959888951695|0.957536788585|1|0.99746780639|0.986784199248|0.920103405849|0.984100494992|1|0.966437056875|0.98015374207|1|1|0.995239039632|0.982562531875|0.973993253911|0.678521838599|0.684812939833|0.674124097339|0.704742105253|0.700746490931|0.688450801287|0.659295060102|0.670569270598|0.640677788187|0.644080631313|0.637438476925|0.6592573602|0.682028327871|0.638764836649|0.623483808424|0.336800197933|0.341648500002|0.350213023241|0.322772450376|0.295630941919|0.286989374939|0.0619978600597
0,10,7,tree_robustness,front_loaded_decisions,optimal,0|5|10|15|50|100|160|225,adjoint_lbfgsb,adjoint_lbfgsb,0,structured_ramp,,7.6043819288601116,7.670426674102144,0.0660447452420323,True,True,False,False,value_and_gradient,7.670426674102144,1173,1173,713,69.71573638916016,CONVERGENCE: REL_REDUCTION_OF_F_<=_FACTR*EPSMCH,0.613651258841|0.73530917365|0.539530874785|0.881482951961|0.659646122841|0.68436096076|0.450126628284|0.989427849002|0.780404005797|0.776781263642|0.797330059305|0.547485511416|0.553751763884|0.557432450845|0.345447375808|1|0.924236436224|0.937850537331|0.941867324488|0.936313654226|0.606879962368|0.612799545666|0.612064848315|0.639163005441|0.639904689599|0.642089681351|0.356640890959|0.358246040064|0.359035958015|0.384785055193|0.188396644785|1|1|1|1|1|1|0.929594778968|0.916826278014|0.909377959041|0.901272670299|0.908770704182|0.947328173787|0.937363033226|0.924509494021|0.913495588114|0.905542886102|0.495014449307|0.524391440012|0.535522241481|0.539879199341|0.536480095428|0.566918707145|0.552359943095|0.547303956363|0.541418927381|0.551967117935|0.295887592207|0.310533443824|0.317967821173|0.310584571783|0.309108512063|0.105405716106|1|1|1|1|1|1|1|1|1|1|1|1|1|1|1|1|1|1|1|1|1|1|0.518268971452|0.793822816699|0.795519478409|0.798181620377|0.965685111422|0.958711976386|0.956017610242|1|0.998911862643|0.982366269194|0.936533187093|0.985358267278|1|0.970090969699|0.976753119669|1|1|0.991839358003|0.98028655312|0.972463897553|0.682415519165|0.695321425667|0.69552227713|0.69403396356|0.697196520241|0.689125908573|0.656137542396|0.648487532055|0.636108956416|0.627425558565|0.63287306852|0.663859959259|0.675295320971|0.64988151139|0.626008996985|0.401412355645|0.394896355746|0.389194444367|0.340004593361|0.309347090772|0.291933573543|0.119493090005
0,10,7,tree_robustness,front_loaded_decisions,optimal,0|5|10|15|50|100|160|225,adjoint_lbfgsb,adjoint_lbfgsb,1,structured_sigmoid,,7.584493770849046,7.67042667035977,0.08593289951072425,True,True,False,False,value_and_gradient,7.67042667035977,605,605,397,35.987356424331665,CONVERGENCE: REL_REDUCTION_OF_F_<=_FACTR*EPSMCH,0.613541577815|0.735298405625|0.539586325251|0.881353350189|0.659993368896|0.684264021773|0.449902440163|0.989521147416|0.780435555052|0.776809605387|0.797367115684|0.547386702002|0.554065071722|0.557425987166|0.345501173771|1|0.924388488343|0.937989017856|0.94203997872|0.936351781366|0.606957934016|0.612865452701|0.612759607149|0.63928597811|0.640111322122|0.642054997025|0.355773735916|0.358577488299|0.358257593782|0.384764720348|0.186929984611|1|1|1|1|1|1|0.926633473105|0.917581402618|0.909946451679|0.901178285793|0.908296412285|0.947728542264|0.936833585407|0.923372111771|0.913089378361|0.904205226542|0.494891163796|0.523067765265|0.541051830321|0.538250123205|0.535197323708|0.568735743528|0.552870171314|0.54818638031|0.541932056229|0.553358970162|0.298087134085|0.309292840913|0.320852774785|0.308462638065|0.307140716437|0.102352854786|1|1|1|1|1|1|1|1|1|1|1|1|1|1|1|1|1|1|1|1|1|1|0.524905939584|0.804484911535|0.80343697673|0.802476114946|0.965737002189|0.958713318951|0.956021943133|1|0.999323334925|0.983958722881|0.936233864713|0.987922719157|1|0.969984690374|0.97615879587|1|1|0.995605257615|0.977669304663|0.967416939318|0.683247770009|0.694357637894|0.695672334568|0.689506593017|0.69449540613|0.686552007192|0.653034358591|0.645179402316|0.632595906153|0.622585555176|0.631059401863|0.659375554997|0.669760259304|0.64698869613|0.622081383483|0.401086366646|0.39594747324|0.387104833437|0.336758237057|0.304928172751|0.28849034005|0.125367299196
0,10,7,tree_robustness,front_loaded_decisions,optimal,0|5|10|15|50|100|160|225,adjoint_lbfgsb,adjoint_lbfgsb,2,structured_constant,,7.64654594840661,7.670426389780951,0.023880441374340755,True,True,False,False,value_and_gradient,7.670426389780951,483,483,300,28.685354471206665,CONVERGENCE: REL_REDUCTION_OF_F_<=_FACTR*EPSMCH,0.613508110548|0.73531343549|0.539356681034|0.881625333658|0.659813853941|0.684282609886|0.449853685046|0.989482613692|0.780493806501|0.776722182986|0.797284123406|0.547557273165|0.553590612292|0.557411730297|0.345509802278|1|0.924464621478|0.937852795635|0.941921284602|0.936368198783|0.607301487912|0.612846586269|0.612729234912|0.63901181192|0.639976563095|0.642004391992|0.356599885148|0.357453945727|0.358568546371|0.384843174506|0.188291362912|1|1|1|1|1|1|0.930468385211|0.917757063844|0.910354819678|0.901485736958|0.908709966509|0.947681503089|0.936738829609|0.923355454173|0.913114918893|0.904096588305|0.493852074117|0.519990655247|0.54192810695|0.537036791166|0.539064927207|0.568324865169|0.552267736799|0.546781302016|0.541184882283|0.551411003375|0.299642368042|0.311789417158|0.31358993476|0.313065587936|0.311970957065|0.0951112128861|1|1|1|1|1|1|1|1|1|1|1|1|1|1|1|1|1|1|1|1|1|1|0.514145177305|0.770640355804|0.775966073319|0.794270296813|0.976801262115|0.970650339314|0.967889138858|0.999495204149|0.986554362711|0.984898890187|0.947868682826|0.997539937083|1|0.985769342665|0.97168722249|1|1|0.985062303735|0.987214497305|0.952737037887|0.677187836943|0.677008395096|0.675749699546|0.701445722038|0.695376810193|0.687757889758|0.657774929559|0.650853771521|0.639418545116|0.632096173173|0.635956476284|0.666260657083|0.68137437388|0.634497334043|0.627142050955|0.400018045708|0.403259948702|0.395725795852|0.363297229898|0.335863139262|0.321636558272|0.166857117756
0,10,7,tree_robustness,front_loaded_decisions,optimal,0|5|10|15|50|100|160|225,adjoint_lbfgsb,adjoint_lbfgsb,3,sobol,,7.640270674712539,7.670426558003994,0.0301558832914548,True,True,False,False,value_and_gradient,7.670426558003994,1084,1084,622,63.250077962875366,CONVERGENCE: REL_REDUCTION_OF_F_<=_FACTR*EPSMCH,0.613665746866|0.73543831457|0.539359682123|0.881512740509|0.65982808385|0.684094687079|0.450065941583|0.989619284825|0.78048370359|0.777003094942|0.797299000524|0.547538444418|0.553330961399|0.557225287672|0.345622214543|1|0.924860810897|0.937888391907|0.941938196423|0.936331071481|0.606944298031|0.613318811653|0.612495901344|0.638958836004|0.639830114377|0.642082683867|0.356909614689|0.357045909052|0.358736805395|0.38450844452|0.188250887962|1|1|1|1|1|1|0.929201591615|0.918460206739|0.910682540618|0.901877091415|0.909058561601|0.946489781091|0.93724534521|0.924079299121|0.913213350499|0.905764011087|0.494483774564|0.527174991283|0.541873280564|0.538169815375|0.53728901865|0.567662258278|0.552431726906|0.546984621323|0.54205409434|0.553965182287|0.295612610354|0.307482302889|0.31969806727|0.31336419451|0.309804483296|0.116232000199|1|1|1|1|1|1|1|1|1|1|1|1|1|1|1|1|1|1|1|1|1|1|0.513825314439|0.780676220169|0.79235623572|0.804369803899|0.979831303093|0.965298958961|0.973414415516|1|0.997138240406|0.98583822035|0.969612520305|0.972334298283|1|0.96530165265|0.979962428385|1|1|0.99670469901|0.978758527394|0.967334785601|0.66624869593|0.620304971427|0.653597887887|0.692962925314|0.683195514581|0.667731642237|0.659117757743|0.648554464742|0.622959365656|0.621296100725|0.650006762826|0.680338788656|0.676518735368|0.633775087878|0.646928694188|0.368058254363|0.362781919753|0.351074075968|0.314533982735|0.314863565614|0.285784003707|0.093837494063
0,10,7,tree_robustness,front_loaded_decisions,optimal,0|5|10|15|50|100|160|225,adjoint_lbfgsb,adjoint_lbfgsb,4,structured_constant,,7.646244996833062,7.670426667775162,0.024181670942100553,True,True,False,False,value_and_gradient,7.670426667775162,942,942,568,55.315441846847534,CONVERGENCE: REL_REDUCTION_OF_F_<=_FACTR*EPSMCH,0.613651926339|0.735349781174|0.539611544843|0.881543553502|0.659795804578|0.684161138701|0.449967654093|0.989680674589|0.780272978887|0.776889614994|0.797441511226|0.547692734307|0.553906500158|0.557508632465|0.345696864586|1|0.925491529098|0.938075213416|0.941835505946|0.936300941044|0.607346490764|0.613152315662|0.612388304634|0.638696944428|0.639406118996|0.642250501071|0.357486921488|0.358768882642|0.358788996062|0.384319119529|0.187733012144|1|1|1|1|1|1|0.930850367131|0.918088381515|0.910629951866|0.901958464601|0.908624786622|0.947482339429|0.937074033579|0.924619423446|0.914055853312|0.905302108253|0.494548811139|0.523520172748|0.540181574788|0.537317164476|0.536846775443|0.56777706603|0.5522088403|0.547469904431|0.540777308011|0.55340710954|0.293866493787|0.312437630396|0.316387087222|0.314679892263|0.31068196861|0.109398958097|1|1|1|1|1|1|1|1|1|1|1|1|1|1|1|1|1|1|1|1|1|1|0.505564700716|0.791840394948|0.792257521546|0.792835273541|0.973654316795|0.966306150592|0.963538198433|1|0.998912313074|0.988675545351|0.942891108414|0.984446077448|1|0.976042880459|0.976972803026|1|1|0.990985957883|0.975614155914|0.963101676374|0.677999719176|0.686977087088|0.686512996042|0.696447217782|0.694496452345|0.685922591971|0.653267236169|0.645649297227|0.633525063127|0.623506830957|0.630812740572|0.651451102027|0.674077589957|0.63119092078|0.619926714243|0.389915823217|0.392402479533|0.386709982078|0.34480737886|0.316398132714|0.300417424117|0.134820009455
0,10,7,tree_robustness,front_loaded_decisions,optimal,0|5|10|15|50|100|160|225,adjoint_lbfgsb,adjoint_lbfgsb,5,sobol,,7.63645527211419,7.670426653155354,0.03397138104116415,True,True,False,False,value_and_gradient,7.670426653155354,944,944,625,56.435489654541016,CONVERGENCE: REL_REDUCTION_OF_F_<=_FACTR*EPSMCH,0.613514031656|0.735323050306|0.539462800716|0.881586740083|0.660033108488|0.684149295234|0.449936869196|0.989446550349|0.780618183104|0.776982280194|0.797373731611|0.547180275378|0.552990372077|0.557396186642|0.345643005682|1|0.92418849366|0.937923058665|0.942027036813|0.936395057603|0.607625368344|0.612905652165|0.612295273987|0.639681044689|0.641030911522|0.641658976696|0.357250484825|0.357243079995|0.356963465322|0.384521425125|0.188601612801|1|1|1|1|1|1|0.923808112084|0.918496883588|0.9099356697|0.900948834784|0.9090307688|0.947255189429|0.936657318804|0.92421803396|0.913614426134|0.904935506034|0.492765542629|0.522401821542|0.540301543452|0.537472069561|0.536677551317|0.568303231925|0.548628983344|0.548062133244|0.541611960261|0.559082876884|0.296740869708|0.303278163159|0.324791605096|0.313453068306|0.309178230707|0.110910414149|1|1|1|1|1|1|1|1|1|1|1|1|1|1|1|1|1|1|1|1|1|1|0.533963919732|0.784955070172|0.807280878488|0.787363477333|0.975858048414|0.977047584545|0.935813160582|1|0.998474608579|0.986948622305|0.940484293049|0.987675639747|1|0.961419111244|0.978817747462|1|1|0.987658196561|0.981648859061|0.978352297636|0.665145539288|0.682594033372|0.680490790354|0.71675540357|0.723103761413|0.690391181449|0.659595325247|0.672819134803|0.635294636136|0.635557917004|0.631800636187|0.695282781738|0.680468535221|0.633660434765|0.62757013859|0.358625278645|0.361183524183|0.318405415673|0.333344201635|0.310721810101|0.306447450456|0.0629456360527
0,10,7,tree_robustness,front_loaded_decisions,optimal,0|5|10|15|50|100|160|225,adjoint_lbfgsb,adjoint_lbfgsb,6,structured_constant,,7.631157248083811,7.670426697545099,0.03926944946128774,True,True,False,False,value_and_gradient,7.670426697545099,830,830,482,49.267242193222046,CONVERGENCE: REL_REDUCTION_OF_F_<=_FACTR*EPSMCH,0.613684431588|0.735408716279|0.539716539192|0.881727917034|0.65956122257|0.684172156115|0.450060655949|0.989619263475|0.780606952647|0.776915657605|0.797355908048|0.547633764536|0.553563704134|0.557419596473|0.345431521569|1|0.925152144925|0.937885576518|0.94187817602|0.936332158461|0.607291146557|0.613220249465|0.612981583189|0.638869918203|0.639827282617|0.64199091361|0.357070865497|0.357987322354|0.359121675409|0.384769746738|0.187801637703|1|1|1|1|1|1|0.929211951669|0.91797077535|0.910322898529|0.901900150372|0.908458777242|0.94658348366|0.936929398497|0.922725541557|0.91367819613|0.905108300122|0.493221254726|0.523056446872|0.536972697564|0.539432206|0.53851129073|0.565825437436|0.552011540808|0.546588708329|0.539949060941|0.55330545249|0.294205423601|0.311411880762|0.321010864284|0.310128437929|0.315641707591|0.111008229957|1|1|1|1|1|1|1|1|1|1|1|1|1|1|1|1|1|1|1|1|1|1|0.511946017656|0.799306502189|0.797820123443|0.797210338741|0.966612795631|0.959516850245|0.956803748989|1|0.998809818976|0.98572229169|0.936897159189|0.985308733603|1|0.967757980299|0.973562876526|1|1|0.995990328578|0.981896528109|0.968860931146|0.680036209201|0.690129837892|0.689842064224|0.68717729102|0.693474015381|0.684960494663|0.651790498691|0.644360260542|0.631817865433|0.623175969896|0.627981884539|0.661603300214|0.672384331536|0.644966984162|0.622662611356|0.390825091225|0.387550843188|0.380646798833|0.332707190293|0.302841680328|0.285987745174|0.114752961582
0,10,7,tree_robustness,front_loaded_decisions,optimal,0|5|10|15|50|100|160|225,adjoint_lbfgsb,adjoint_lbfgsb,7,sobol,,7.629962772099924,7.670426712967342,0.04046394086741767,False,True,False,False,value_and_gradient,7.670426712967342,1709,1709,1000,100.56492137908936,STOP: TOTAL NO. of ITERATIONS REACHED LIMIT,0.613512434402|0.735296339228|0.539588029721|0.881272334699|0.659623901927|0.684286302865|0.450203191311|0.989209955072|0.780538863248|0.776827753295|0.797302323181|0.547710907461|0.553880169546|0.557502357161|0.34555479958|1|0.923469294395|0.937745724116|0.942187973261|0.936138329364|0.606356781812|0.613004552573|0.612693138012|0.63877263855|0.639838515963|0.642037582549|0.356543571122|0.35887576011|0.358603223972|0.384572151698|0.188485602158|1|1|1|1|1|1|0.91744791596|0.917774971624|0.909310484554|0.90166406604|0.909129059198|0.948296112066|0.936956261509|0.923917859808|0.912207717222|0.903283277566|0.495730450453|0.524386655842|0.542433214227|0.538935809533|0.534949951043|0.57001281112|0.550638156031|0.548444255513|0.540655598753|0.554500054018|0.295965509433|0.31080456534|0.314310321933|0.31222200842|0.318110390786|0.102231488167|1|1|1|1|1|1|1|1|1|1|1|1|1|1|1|1|1|1|1|1|1|1|0.557866956729|0.793477340869|0.789726443544|0.797450368787|0.954577326007|0.959888951695|0.957536788585|1|0.99746780639|0.986784199248|0.920103405849|0.984100494992|1|0.966437056875|0.98015374207|1|1|0.995239039632|0.982562531875|0.973993253911|0.678521838599|0.684812939833|0.674124097339|0.704742105253|0.700746490931|0.688450801287|0.659295060102|0.670569270598|0.640677788187|0.644080631313|0.637438476925|0.6592573602|0.682028327871|0.638764836649|0.623483808424|0.336800197933|0.341648500002|0.350213023241|0.322772450376|0.295630941919|0.286989374939|0.0619978600597
0,15,12,tree_robustness,front_loaded_decisions,delayed,0|5|10|15|50|100|160|225,adjoint_lbfgsb,adjoint_lbfgsb,0,warm_start,,7.6349113418964025,7.635041349275357,0.000130007378954744,True,True,False,False,value_and_gradient,7.635041349275357,220,220,209,13.44237208366394,CONVERGENCE: NORM_OF_PROJECTED_GRADIENT_<=_PGTOL,0|0|0|0|0|0|0|0.985698908|0.79451565017|0.789779054147|0.815682971258|0.577969148544|0.581508868962|0.583650394786|0.367003867622|1|0.901553255762|0.921863322757|0.928443146703|0.922764719176|0.626659381715|0.627540599339|0.625843799085|0.652073226493|0.646295028179|0.647896174382|0.385170002119|0.383613693401|0.385825637596|0.399470572456|0.191710788596|1|1|1|1|1|1|0.913421199609|0.90390863338|0.899065802327|0.897993715279|0.868569998378|0.914978267699|0.909298583454|0.89091989177|0.886239698436|0.884475986705|0.558592947555|0.556073405851|0.558764079489|0.565249215611|0.560588407897|0.576393652104|0.550678074057|0.55041285617|0.550202074901|0.552524016205|0.317112356878|0.317113073557|0.320610007255|0.304273243398|0.302461579872|0.105205327118|1|1|1|1|1|1|1|1|1|1|1|1|1|1|1|1|1|1|1|1|1|1|0.965049039769|1|1|1|0.975427964977|0.978291934678|0.987009008991|0.986336409632|0.986093681295|0.987071074131|1|1|1|1|1|1|0.964255126135|0.965321930948|0.966601071461|0.938394977764|0.680990548029|0.679401476517|0.687651319634|0.674663869203|0.674450771673|0.676861666633|0.627045629524|0.627966770185|0.629023160549|0.609033129801|0.657986400442|0.658954453767|0.660427240142|0.587046351997|0.592518450595|0.335707917167|0.336318799638|0.337241259583|0.315466728617|0.291512088807|0.280241989502|0.0465907374945
0,15,12,tree_robustness,front_loaded_decisions,delayed,0|5|10|15|50|100|160|225,adjoint_lbfgsb,adjoint_lbfgsb,1,structured_ramp,,7.56515237785914,7.63504134927551,0.06988897141637018,True,True,False,False,value_and_gradient,7.63504134927551,300,300,283,18.2257342338562,CONVERGENCE: NORM_OF_PROJECTED_GRADIENT_<=_PGTOL,0|0|0|0|0|0|0|0.985698970795|0.794515696339|0.789779073776|0.815682915034|0.577969022939|0.581508815519|0.583650325958|0.367003795242|1|0.901553159693|0.921863284703|0.928443107444|0.922764680127|0.626658819597|0.627540238478|0.625843230733|0.652072382099|0.646294895113|0.647895447155|0.385169958092|0.383613346797|0.385824876392|0.399470850754|0.191707785459|1|1|1|1|1|1|0.913423526525|0.903907881233|0.899065375329|0.897992409753|0.86857053668|0.91498077185|0.90929967114|0.890918508004|0.886241224075|0.884475655674|0.558592593021|0.556073285918|0.558761849902|0.56525020487|0.560589552105|0.576393923142|0.550677744976|0.550412715884|0.550203305647|0.552528311223|0.31711257372|0.317114927426|0.320613508431|0.304269690203|0.302458369959|0.105200584056|1|1|1|1|1|1|1|1|1|1|1|1|1|1|1|1|1|1|1|1|1|1|0.965007579282|1|1|1|0.975424378004|0.978289268841|0.987005416619|0.986315332535|0.986075237756|0.987052145744|1|1|1|1|1|1|0.964252691896|0.965319312028|0.96659812435|0.938405848079|0.680981443339|0.679394411581|0.687639952739|0.674627145472|0.674418649971|0.6768470776|0.627014282968|0.627923761586|0.629014100814|0.60902106089|0.657988789521|0.658949513458|0.660411470503|0.587029113174|0.59251154772|0.3357050054|0.336351332533|0.337329948252|0.315498703108|0.291509189941|0.280235221958|0.0466917862354
0,15,12,tree_robustness,front_loaded_decisions,delayed,0|5|10|15|50|100|160|225,adjoint_lbfgsb,adjoint_lbfgsb,2,structured_sigmoid,,7.5470931678449675,7.635041349275649,0.08794818143068106,True,True,False,False,value_and_gradient,7.635041349275649,279,279,266,17.02808690071106,CONVERGENCE: NORM_OF_PROJECTED_GRADIENT_<=_PGTOL,0|0|0|0|0|0|0|0.985698929907|0.794515570184|0.789779043815|0.815682928229|0.577969133111|0.581508849129|0.583650357747|0.367003794125|1|0.901553050896|0.921863263118|0.92844309936|0.922764687869|0.626659326932|0.627540753048|0.625844024576|0.652072230894|0.646294608002|0.647895225412|0.385170247182|0.383613658649|0.385825057229|0.399472128972|0.191708127863|1|1|1|1|1|1|0.913420782902|0.90390939144|0.899066565687|0.897994406808|0.868569307689|0.914980372883|0.909300303023|0.890920530047|0.886239657096|0.884474638308|0.55859061639|0.556069782185|0.55875947848|0.565251555515|0.56059095925|0.57639341639|0.550679897899|0.550414928571|0.550205401925|0.552528591433|0.317111658654|0.317114357793|0.320611075623|0.304265958895|0.302462034276|0.105208981835|1|1|1|1|1|1|1|1|1|1|1|1|1|1|1|1|1|1|1|1|1|1|0.965014575714|1|1|1|0.975425145685|0.978290238647|0.987005366606|0.986329721499|0.986087235111|0.987066377785|1|1|1|1|1|1|0.96426305037|0.965329412491|0.966607698296|0.938407818275|0.68100833373|0.679421110399|0.687671824579|0.6746170441|0.674408640494|0.67683701994|0.62701188683|0.627921257853|0.629011897656|0.609029733903|0.658010855035|0.658970732274|0.660435859875|0.587037887632|0.592496937715|0.335706006533|0.336353334545|0.33732972425|0.315531531883|0.291540561975|0.280265010713|0.0465157639318
0,15,12,tree_robustness,front_loaded_decisions,delayed,0|5|10|15|50|100|160|225,adjoint_lbfgsb,adjoint_lbfgsb,3,structured_constant,,7.615386312393477,7.635041349275367,0.019655036881889743,True,True,False,False,value_and_gradient,7.635041349275367,295,295,281,18.07350206375122,CONVERGENCE: REL_REDUCTION_OF_F_<=_FACTR*EPSMCH,0|0|0|0|0|0|0|0.985698410392|0.794515858235|0.789779179164|0.815682810497|0.577969075832|0.581508838277|0.583650400412|0.36700400135|1|0.901552808179|0.921863127657|0.928442963351|0.922764589533|0.626658864681|0.627540548777|0.625844333919|0.652072487331|0.646294814279|0.647895953185|0.385169657093|0.383613799766|0.385824920687|0.399472590275|0.191709545873|1|1|1|1|1|1|0.913420562573|0.903907616567|0.899065222042|0.897992187237|0.868567726783|0.914980656858|0.909299846408|0.890918157569|0.886239356642|0.884475316797|0.558588601051|0.556070211683|0.558764338992|0.565250351655|0.560589651839|0.576393382876|0.550677924039|0.550412944948|0.55020357857|0.55252334781|0.317106847433|0.317107128891|0.320606842684|0.304267482705|0.30245859922|0.105204695798|1|1|1|1|1|1|1|1|1|1|1|1|1|1|1|1|1|1|1|1|1|1|0.965013877842|1|1|1|0.975431511364|0.978296272627|0.987018834497|0.986334206337|0.986091784909|0.987071097131|1|1|1|1|1|1|0.964259177498|0.965326560661|0.966606027998|0.938407254668|0.680986210557|0.679399394782|0.687645664644|0.674625371328|0.674416835339|0.676844886155|0.627015002097|0.627924323282|0.629014912473|0.609054466047|0.658012889452|0.658975034814|0.660441082639|0.587070920208|0.592524610202|0.335752373449|0.336399014118|0.337377234621|0.315563082461|0.291560827491|0.280279867156|0.0466410067517
0,15,12,tree_robustness,front_loaded_decisions,delayed,0|5|10|15|50|100|160|225,adjoint_lbfgsb,adjoint_lbfgsb,4,warm_start_perturbed,,7.634266190718449,7.635041349275717,0.00077515855726773,True,True,False,False,value_and_gradient,7.635041349275717,270,270,255,16.466578722000122,CONVERGENCE: NORM_OF_PROJECTED_GRADIENT_<=_PGTOL,0|0|0|0|0|0|0|0.985698931923|0.794515636728|0.789779145344|0.81568294481|0.577969102836|0.581508820974|0.583650364489|0.3670038032|1|0.901553434159|0.92186341202|0.928443193914|0.9227647849|0.626659341353|0.62754117872|0.62584360781|0.652072857103|0.646294427411|0.647895768798|0.385169532871|0.383612587303|0.38582499048|0.399471418913|0.191711421288|1|1|1|1|1|1|0.913420873703|0.903908666241|0.89906349412|0.897992793139|0.868569169763|0.914980724248|0.909299669741|0.890919189837|0.886239275792|0.884474667663|0.558592670142|0.556073813211|0.558763076723|0.565249465858|0.560588801633|0.57639240474|0.550678959756|0.5504142979|0.550203184238|0.55252381276|0.317110203666|0.31711275323|0.320611206364|0.304268818111|0.302459601999|0.105209893119|1|1|1|1|1|1|1|1|1|1|1|1|1|1|1|1|1|1|1|1|1|1|0.965003329117|1|1|1|0.975417198534|0.978283679376|0.987019041666|0.986342469906|0.986100102678|0.987076316606|1|1|1|1|1|1|0.964262667914|0.965329239737|0.966598454886|0.93836263801|0.680988016726|0.679400338714|0.687631676066|0.674627731399|0.674419885652|0.676846497332|0.627010265027|0.627920484796|0.629011338112|0.609023008315|0.657988572174|0.65896984122|0.660434177771|0.58707250036|0.592519598543|0.335719081839|0.336358666566|0.337337435881|0.315512365709|0.29152747012|0.28026296125|0.0466384688694
0,15,12,tree_robustness,front_loaded_decisions,delayed,0|5|10|15|50|100|160|225,adjoint_lbfgsb,adjoint_lbfgsb,5,warm_start_perturbed,,7.634237200093077,7.6350413492757365,0.0008041491826595859,True,True,False,False,value_and_gradient,7.6350413492757365,284,284,268,17.41739583015442,CONVERGENCE: NORM_OF_PROJECTED_GRADIENT_<=_PGTOL,0|0|0|0|0|0|0|0.985698895371|0.794515624342|0.789779069199|0.815682978971|0.577969064383|0.581508793171|0.583650362484|0.367003617075|1|0.901552958621|0.921863206602|0.928443071983|0.922764632443|0.62665874555|0.627540528863|0.625843846521|0.652072282222|0.646294216382|0.647896193444|0.385169924597|0.383613567967|0.385824739335|0.399471103792|0.191709562075|1|1|1|1|1|1|0.913420598595|0.903907936453|0.899064576746|0.897992950219|0.868569527898|0.914980391834|0.909299404408|0.890921338275|0.886240240604|0.884474895572|0.558595942358|0.556075186504|0.558766687939|0.565246803741|0.560587404203|0.576392631334|0.550675514427|0.550409361882|0.550202301569|0.552523041313|0.317111664687|0.317115433043|0.320611817975|0.304268324671|0.302462439616|0.105198795833|1|1|1|1|1|1|1|1|1|1|1|1|1|1|1|1|1|1|1|1|1|1|0.965027647437|1|1|1|0.975414245571|0.978292632695|0.987031071517|0.986333809628|0.986091187106|0.987070385467|1|1|1|1|1|1|0.964247046256|0.965321871874|0.966601008682|0.938382326283|0.680987755779|0.679404320865|0.68764589206|0.674627772113|0.674417921305|0.6768517096|0.627022549425|0.627932699769|0.62901060572|0.609018388516|0.658005653765|0.658968118743|0.660422107127|0.587060713304|0.592525652212|0.335716471274|0.336358098428|0.337335892437|0.315507338206|0.291528507821|0.280260958038|0.0464941278446
0,15,12,tree_robustness,front_loaded_decisions,delayed,0|5|10|15|50|100|160|225,adjoint_lbfgsb,adjoint_lbfgsb,6,warm_start_perturbed,,7.634229721484335,7.6350413492756015,0.0008116277912666447,True,True,False,False,value_and_gradient,7.6350413492756015,251,251,239,15.325939655303955,CONVERGENCE: NORM_OF_PROJECTED_GRADIENT_<=_PGTOL,0|0|0|0|0|0|0|0.985698857599|0.794515547456|0.789779058027|0.815682962324|0.577969040199|0.581508762403|0.583650392207|0.367003694066|1|0.90155322483|0.921863318506|0.928443131822|0.922764710356|0.626659412966|0.627540593114|0.625843759736|0.652072600297|0.64629464016|0.647895880141|0.385169665417|0.383611701165|0.385824765572|0.399470278982|0.191711524348|1|1|1|1|1|1|0.913418322263|0.903908067998|0.899065034567|0.897992647129|0.868569891375|0.914979861291|0.909299256374|0.890917634334|0.886240747545|0.884474042934|0.558592282996|0.556073304684|0.558763223457|0.565250505334|0.56059149124|0.576394461495|0.550678733903|0.550413117341|0.550203284764|0.55252268365|0.317115140468|0.31711210211|0.320612221143|0.304269261737|0.302455993746|0.105198657044|1|1|1|1|1|1|1|1|1|1|1|1|1|1|1|1|1|1|1|1|1|1|0.965050556118|1|1|1|0.975422371637|0.978292656797|0.987006607454|0.986332864201|0.986090222358|0.987069666632|1|1|1|1|1|1|0.96425520059|0.9653255163|0.96660607536|0.938375025483|0.680966407765|0.67940032517|0.687630202102|0.674628657034|0.674383459193|0.676873590253|0.626999317951|0.627904490299|0.62902753333|0.609030590437|0.657981017458|0.658958660623|0.660423107532|0.587045152681|0.592519530814|0.335719505174|0.336366763784|0.337337502029|0.315547395323|0.291511356217|0.280295445401|0.0465810332452
0,15,12,tree_robustness,front_loaded_decisions,delayed,0|5|10|15|50|100|160|225,adjoint_lbfgsb,adjoint_lbfgsb,7,warm_start_perturbed,,7.634116835616708,7.6350413492756015,0.0009245136588935665,True,True,False,False,value_and_gradient,7.6350413492756015,267,267,254,16.40335988998413,CONVERGENCE: NORM_OF_PROJECTED_GRADIENT_<=_PGTOL,0|0|0|0|0|0|0|0.985698917978|0.794515697732|0.789779052468|0.81568293822|0.577969090976|0.581508787599|0.583650361458|0.367003666196|1|0.901553182825|0.921863276783|0.928443129253|0.922764695104|0.626659727737|0.627540988547|0.625843519224|0.65207263754|0.646294559697|0.647896001233|0.385169629851|0.383613136042|0.385825467567|0.399470664568|0.191707919508|1|1|1|1|1|1|0.913424269724|0.903906911037|0.899066003988|0.897993427282|0.86856959042|0.914979545365|0.909297631909|0.890920144936|0.88623851667|0.884474952399|0.558592263366|0.556073622137|0.558764613283|0.565249631143|0.560589897135|0.576392179881|0.550676055173|0.550411796144|0.550203838189|0.552526601566|0.317110280633|0.317111238492|0.320612919599|0.304270393475|0.302459051467|0.105207184641|1|1|1|1|1|1|1|1|1|1|1|1|1|1|1|1|1|1|1|1|1|1|0.965004892668|1|1|1|0.975405684224|0.978317782284|0.986992936428|0.986342944267|0.986094241128|0.987062651946|1|1|1|1|1|1|0.964255730044|0.965320528689|0.966600609083|0.938365247706|0.680987069302|0.679393788794|0.68764501311|0.674628924104|0.674420276863|0.676848525356|0.627013435093|0.627926687598|0.629009598901|0.609032897199|0.658002844775|0.65895073267|0.660419568253|0.587047038422|0.592484472051|0.335713581988|0.336364170451|0.337337273629|0.315506469443|0.291528470432|0.280263276946|0.0464638076109
0,15,14,tree_robustness,higher_fragility_weight,optimal,0|5|10|15|35|75|125|175|225,adjoint_lbfgsb,adjoint_lbfgsb,0,structured_ramp,,7.057185640612991,7.6217447583989015,0.5645591177859108,False,True,False,False,value_and_gradient,7.6217447583989015,172,172,76,18.607375621795654,ABNORMAL_TERMINATION_IN_LNSRCH,0.960613849288|1|0.903341582434|1|1|1|0.832695786233|1|1|1|1|0.95862913769|0.964925596959|0.974343148352|0.739246973578|1|1|1|1|1|1|1|1|1|1|1|0.796452043586|0.811597122749|0.825919786232|0.865801181494|0.641025373445|1|1|1|1|1|1|1|1|1|1|1|1|1|1|1|1|0.926917539647|0.926210184904|0.924742092927|0.921985777182|0.917409375499|0.923901302932|0.935903308103|0.935796421787|0.935226809519|1|0.596591980131|0.595695749646|0.599933758534|0.60417597073|0.720478977504|0.467199308356|1|1|1|1|1|1|1|1|1|1|1|1|1|1|1|1|1|1|1|1|1|1|1|1|1|1|1|1|1|1|1|1|1|1|1|1|1|1|1|1|1|1|0.653172598052|0.658431574719|0.662350078413|0.665100737434|0.666016260572|0.671032798834|0.83870101858|0.834561721824|0.896316203375|1|1|1|1|0.997697464003|1|0.725574314068|0.724596419108|0.721755454635|0.766160504505|0.84099709109|0.829919284972|0.571576848551|1|1|1|1|1|1|1|1|1|1|1|1|1|1|1|1|1|1|1|1|1|1|1|1|1|1|1|1|1|1|1|1|1|1|1|1|1|1|1|1|1|1|1|1|1|1|1|1|1|1|1|1|1|1|1|1|1|1|1|1|1|1|1|1|0.858024423211|0.86078129178|0.863713547089|0.867130269372|0.867750466469|0.869777489922|0.873183291938|0.876148012781|0.879065360043|0.883880899638|0.882406774157|0.885599198539|0.887726451812|0.890624840458|0.893652062148|0.899706579562|0.915728387948|0.91542846478|0.925334674555|0.999044755182|0.907441453919|0.91048539483|0.912194044384|0.914787221394|0.917250973417|0.921050078645|0.958627002258|0.961223599766|0.979739958012|1|1|1|1|1|1|0.904952419495|0.907042991872|0.909255568443|0.911713770931|0.914304284753|0.917834043685|0.940617763289|0.941979104514|0.953101290924|0.972641879521|0.973930729119|0.975914213955|0.977381020528|0.982042194495|1|0.982915699359|0.98477260561|0.986372939665|0.993777580058|1|1|0.952714370496|0.954551830307|0.956147684364|0.959570227401|0.970910309871|0.970300381901|0.972748194449|0.935563280465
0,15,14,tree_robustness,higher_fragility_weight,optimal,0|5|10|15|35|75|125|175|225,adjoint_lbfgsb,adjoint_lbfgsb,1,structured_sigmoid,,6.944863319818627,7.621749638717266,0.6768863188986387,True,True,False,False,value_and_gradient,7.621749638717266,1030,1030,475,109.42756056785583,CONVERGENCE: REL_REDUCTION_OF_F_<=_FACTR*EPSMCH,0.960635854785|1|0.903586356106|1|1|1|0.832419523021|1|1|1|1|0.958173395091|0.964415434532|0.974067272225|0.739762302413|1|1|1|1|1|1|1|1|1|1|1|0.796863660478|0.811963871028|0.823976448245|0.866114475144|0.641953498769|1|1|1|1|1|1|1|1|1|1|1|1|1|1|1|1|0.931584841401|0.931192245615|0.929190233308|0.923801068472|0.919027630186|0.925929481922|0.940620699054|0.938070611261|0.940235468562|1|0.600363767293|0.599614491462|0.60310933483|0.60189762505|0.720879792319|0.474948740223|1|1|1|1|1|1|1|1|1|1|1|1|1|1|1|1|1|1|1|1|1|1|1|1|1|1|1|1|1|1|1|1|1|1|1|1|1|1|1|1|1|1|0.628117119598|0.629349718431|0.640335681299|0.644217350547|0.644053173774|0.647219511977|0.817572646002|0.820950876897|0.866957095305|1|1|1|1|0.997190308512|1|0.726178130674|0.724415422367|0.719473533383|0.770467677618|0.855891533635|0.840235498694|0.539166791741|1|1|1|1|1|1|1|1|1|1|1|1|1|1|1|1|1|1|1|1|1|1|1|1|1|1|1|1|1|1|1|1|1|1|1|1|1|1|1|1|1|1|1|1|1|1|1|1|1|1|1|1|1|1|1|1|1|1|1|1|1|1|1|1|0.947785972153|0.94909509507|0.949672306762|0.955031288061|0.951492349745|0.952041953437|0.957361819498|0.961196738242|0.964927821492|0.970845961617|0.962455484902|0.962250918263|0.967245095058|0.97159733229|0.975262994939|0.986656683507|1|1|1|1|0.98943263284|0.988865818133|1|1|1|1|1|1|1|1|1|1|1|1|1|0.889815414525|0.888688141995|0.891826808581|0.89432570271|0.896633326296|0.901235616665|0.942793944662|0.95391635806|0.999117526993|1|1|1|1|1|1|1|1|1|1|1|1|0.925948025207|0.925995746681|0.926077393018|0.923633236211|0.963913761449|0.956164400999|0.984277071081|0.839586350659
0,15,14,tree_robustness,higher_fragility_weight,optimal,0|5|10|15|35|75|125|175|225,adjoint_lbfgsb,adjoint_lbfgsb,2,structured_constant,,7.608237475456937,7.621747466695307,0.013509991238370489,False,True,False,False,value_and_gradient,7.621747466695307,243,243,99,25.840038299560547,ABNORMAL_TERMINATION_IN_LNSRCH,0.960639275174|1|0.903320254104|1|1|1|0.832700173419|1|1|1|1|0.958117535054|0.964546210705|0.974025002761|0.740001563196|1|1|1|1|1|1|1|1|1|1|1|0.796814017451|0.811910951676|0.824049749263|0.866706155098|0.64329793397|1|1|1|1|1|1|1|1|1|1|1|1|1|1|1|1|0.927063880466|0.926719566986|0.92500270493|0.922482370439|0.918148985592|0.925422057194|0.939489614177|0.932143732344|0.940171031096|1|0.600199767139|0.599882658622|0.603653777142|0.603057934794|0.721070482647|0.476771442237|1|1|1|1|1|1|1|1|1|1|1|1|1|1|1|1|1|1|1|1|1|1|1|1|1|1|1|1|1|1|1|1|1|1|1|1|1|1|1|1|1|1|0.677729356249|0.678251618579|0.687127079936|0.688563638032|0.68770688464|0.688570366621|0.814744628149|0.826318840324|0.873018205151|1|1|1|1|0.998873249507|1|0.740696368961|0.738314450312|0.732121427918|0.749371879676|0.843642706481|0.825218605699|0.540731487833|1|1|1|1|1|1|1|1|1|1|1|1|1|1|1|1|1|1|1|1|1|1|1|1|1|1|1|1|1|1|1|1|1|1|1|1|1|1|1|1|1|1|1|1|1|1|1|1|1|1|1|1|1|1|1|1|1|1|1|1|1|1|1|1|0.97689846825|0.976898578018|0.976899806029|0.978967652768|0.976903578592|0.976904526527|0.978973297268|0.980393105611|0.981849497149|0.98414441766|0.980161706108|0.980177400212|0.982123826443|0.98349665108|0.984948215325|0.986759428855|0.995931318849|0.996033713928|0.996369959536|1|0.984590155295|0.984600210149|0.986150402864|0.987311448352|0.988411427353|0.989898859229|1|1|1|1|1|1|1|1|1|0.942041850183|0.941360713296|0.942901423837|0.943950357898|0.945183538111|0.947315760563|0.972838729672|0.970306847073|0.980342310535|1|1|1|1|1|1|1|1|1|1|1|1|0.958257687685|0.958263182098|0.958211532052|0.959334099737|0.975522982789|0.972165547945|0.976126964874|0.919942845882
0,15,14,tree_robustness,higher_fragility_weight,optimal,0|5|10|15|35|75|125|175|225,adjoint_lbfgsb,adjoint_lbfgsb,3,sobol,,7.346124321877913,7.621752368897967,0.27562804702005383,True,True,False,False,value_and_gradient,7.621752368897967,1351,1351,776,146.07959747314453,CONVERGENCE: REL_REDUCTION_OF_F_<=_FACTR*EPSMCH,0.960543746236|1|0.903307023655|1|1|1|0.831861602915|1|1|1|1|0.958322210743|0.964566086749|0.973829368062|0.74056530048|1|1|1|1|1|1|1|1|1|1|1|0.796663323816|0.811917745424|0.82454072448|0.866569408048|0.640978210512|1|1|1|1|1|1|1|1|1|1|1|1|1|1|1|1|0.928100842311|0.928042937415|0.92366632032|0.92153221532|0.918589741602|0.926466407556|0.939149109929|0.935606856232|0.940855571703|1|0.601694135274|0.600041943418|0.601470357089|0.605874561915|0.720666848805|0.469856791251|1|1|1|1|1|1|1|1|1|1|1|1|1|1|1|1|1|1|1|1|1|1|1|1|1|1|1|1|1|1|1|1|1|1|1|1|1|1|1|1|1|1|0.69410547419|0.655767842183|0.667672970708|0.657607792745|0.683925232019|0.65045956158|0.827566094437|0.838119458011|0.866079286644|1|1|1|1|0.998477276065|1|0.73671085412|0.739945867788|0.731321849286|0.78129814123|0.850966062958|0.851611799477|0.563091466204|1|1|1|1|1|1|1|1|1|1|1|1|1|1|1|1|1|1|1|1|1|1|1|1|1|1|1|1|1|1|1|1|1|1|1|1|1|1|1|1|1|1|1|1|1|1|1|1|1|1|1|1|1|1|1|1|1|1|1|1|1|1|1|1|0.928002442237|0.914811475464|0.945655435151|0.929517463529|0.949908415044|0.901413113576|0.929348332239|0.827347163495|0.930206709981|1|0.848900019598|0.983837928633|0.999946290505|1|1|0.971070521545|1|1|1|1|0.869274926122|1|1|1|0.914347466205|1|1|1|1|1|1|1|1|1|1|0.284231909766|0.307554711481|0.621787139143|0.539700870249|0.48286218456|0.670801591577|0.950953419638|0.907192893695|0.995870555899|1|1|1|1|1|1|1|1|1|1|1|1|0.78952799028|0.736960846809|0.780457826116|0.871212225618|0.903798453671|0.969593730727|0.975776568369|0.304110536922
0,15,14,tree_robustness,higher_fragility_weight,optimal,0|5|10|15|35|75|125|175|225,adjoint_lbfgsb,adjoint_lbfgsb,4,anchor_upper,,7.613597287584701,7.621748330194632,0.008151042609930492,True,True,False,False,value_and_gradient,7.621748330194632,804,804,291,84.49177551269531,CONVERGENCE: REL_REDUCTION_OF_F_<=_FACTR*EPSMCH,0.960594234564|1|0.903327848738|1|1|1|0.832829491518|1|1|1|1|0.958197761206|0.964311696691|0.974246920125|0.73991576551|1|1|1|1|1|1|1|1|1|1|1|0.796765051457|0.812113124559|0.825151723167|0.86629369879|0.642393616393|1|1|1|1|1|1|1|1|1|1|1|1|1|1|1|1|0.925991639527|0.925641959217|0.923887357478|0.921404886431|0.916692630769|0.924281188652|0.938705956357|0.936941446705|0.937573691524|1|0.601385479387|0.600401534631|0.6035288849|0.601383744453|0.718386723098|0.472480204199|1|1|1|1|1|1|1|1|1|1|1|1|1|1|1|1|1|1|1|1|1|1|1|1|1|1|1|1|1|1|1|1|1|1|1|1|1|1|1|1|1|1|0.649397379073|0.650233346812|0.660400284557|0.663128473483|0.66271988007|0.664819023674|0.810024851141|0.813544272171|0.86585636603|1|1|1|1|0.998367320488|1|0.733601648259|0.731758486911|0.726444493874|0.762601374691|0.852151492355|0.836627055035|0.548182761861|1|1|1|1|1|1|1|1|1|1|1|1|1|1|1|1|1|1|1|1|1|1|1|1|1|1|1|1|1|1|1|1|1|1|1|1|1|1|1|1|1|1|1|1|1|1|1|1|1|1|1|1|1|1|1|1|1|1|1|1|1|1|1|1|0.991513142364|0.991513142364|0.991513631777|0.994807203375|0.991507468757|0.991507468757|0.994800619228|0.997098893904|0.999350206014|1|0.996700307755|0.996723835351|0.999797294683|1|1|1|1|1|1|1|1|1|1|1|1|1|1|1|1|1|1|1|1|1|1|0.937969491941|0.936884912682|0.939124198213|0.940700145777|0.94250871478|0.945751247274|0.976615406175|0.974767187488|0.998291694316|1|1|1|1|1|1|1|1|1|1|1|1|0.961561206935|0.961867127143|0.961623118005|0.961454149286|0.987366211777|0.981570669423|0.996914570523|0.90029564527
0,15,14,tree_robustness,higher_fragility_weight,optimal,0|5|10|15|35|75|125|175|225,adjoint_lbfgsb,adjoint_lbfgsb,5,structured_constant,,7.57907382068407,7.621749475833946,0.0426756551498757,True,True,False,False,value_and_gradient,7.621749475833946,551,551,270,59.24903345108032,CONVERGENCE: REL_REDUCTION_OF_F_<=_FACTR*EPSMCH,0.960606162313|1|0.903556692387|1|1|1|0.8331995815|1|1|1|1|0.958193943219|0.964550975778|0.973963555667|0.740011491878|1|1|1|1|1|1|1|1|1|1|1|0.796756765908|0.811860203228|0.82533915202|0.865314546904|0.642753893796|1|1|1|1|1|1|1|1|1|1|1|1|1|1|1|1|0.926863271826|0.926535204122|0.924825592505|0.922477601941|0.918487394813|0.925125879277|0.939153870255|0.939938911631|0.941031464845|1|0.598213942999|0.597478686618|0.600880228549|0.605216352178|0.721696931119|0.473783333913|1|1|1|1|1|1|1|1|1|1|1|1|1|1|1|1|1|1|1|1|1|1|1|1|1|1|1|1|1|1|1|1|1|1|1|1|1|1|1|1|1|1|0.62476879475|0.625976066862|0.637286789559|0.641223105947|0.641065734298|0.644174791933|0.829212499014|0.828024798103|0.873882356321|1|1|1|1|0.994562211602|1|0.728552556748|0.72665184124|0.721874514199|0.788404988548|0.857640148581|0.844653126924|0.556142971419|1|1|1|1|1|1|1|1|1|1|1|1|1|1|1|1|1|1|1|1|1|1|1|1|1|1|1|1|1|1|1|1|1|1|1|1|1|1|1|1|1|1|1|1|1|1|1|1|1|1|1|1|1|1|1|1|1|1|1|1|1|1|1|1|0.911251146792|0.91125376638|0.911259338036|0.9161022789|0.911267747083|0.9112754725|0.916130637898|0.919505824421|0.922821745323|0.928309203458|0.918990425853|0.919031922388|0.923725118978|0.927006219737|0.930345516837|0.934649140904|0.958032775067|0.958081403815|0.958756365821|1|0.935777140878|0.935785105694|0.938883482512|0.941295047004|0.943157521916|0.946291485518|0.971825452183|0.980822837614|0.988799362559|1|1|1|1|1|1|0.837753566343|0.836651070443|0.839822244885|0.84212683648|0.84472667075|0.848947262477|0.91788307804|0.916285269285|0.955859078641|1|1|1|1|1|1|1|1|1|1|1|1|0.874054508221|0.874246184568|0.874289635673|0.884682087959|0.916455051113|0.9105209569|0.93658182803|0.795185496843
0,15,14,tree_robustness,higher_fragility_weight,optimal,0|5|10|15|35|75|125|175|225,adjoint_lbfgsb,adjoint_lbfgsb,6,structured_constant,,7.519892040821474,7.621749849101338,0.10185780827986424,True,True,False,False,value_and_gradient,7.621749849101338,614,614,351,66.92273545265198,CONVERGENCE: REL_REDUCTION_OF_F_<=_FACTR*EPSMCH,0.960631540055|1|0.903518326616|1|1|1|0.832989791862|1|1|1|1|0.958099484088|0.964651523614|0.974310674221|0.740845212496|1|1|1|1|1|1|1|1|1|1|1|0.796829857664|0.811783375372|0.825649981751|0.867020969934|0.642319920433|1|1|1|1|1|1|1|1|1|1|1|1|1|1|1|1|0.929631386458|0.929272672079|0.927452901307|0.92487896185|0.920582485091|0.927455195645|0.943047533348|0.941074387418|0.93981279345|1|0.601483065352|0.600546904659|0.603914856301|0.600649348315|0.722098953409|0.472867308488|1|1|1|1|1|1|1|1|1|1|1|1|1|1|1|1|1|1|1|1|1|1|1|1|1|1|1|1|1|1|1|1|1|1|1|1|1|1|1|1|1|1|0.65015142533|0.65137823345|0.661625092118|0.665167626397|0.664849124677|0.667529208687|0.818592971968|0.819504011843|0.863121530988|1|1|1|1|0.998947736737|1|0.739644228202|0.737916691057|0.733013074141|0.779332698292|0.857952177769|0.838923629084|0.558414130209|1|1|1|1|1|1|1|1|1|1|1|1|1|1|1|1|1|1|1|1|1|1|1|1|1|1|1|1|1|1|1|1|1|1|1|1|1|1|1|1|1|1|1|1|1|1|1|1|1|1|1|1|1|1|1|1|1|1|1|1|1|1|1|1|0.853798065|0.853799890743|0.85380183708|0.862405909795|0.853835754547|0.853840325139|0.862481356459|0.868405582396|0.874343271828|0.884170102932|0.867465733175|0.867529397882|0.876062835936|0.881850696427|0.887850474528|0.895696298235|0.940359602968|0.941332008662|0.944146916731|1|0.902404610323|0.902370539038|0.907579287109|0.911621987092|0.914406585815|0.919865983552|0.975344212527|0.989282704978|0.998753740182|1|1|1|1|1|1|0.729071257064|0.7278306074|0.733256444169|0.73728624415|0.741917755334|0.748642354401|0.943224391757|0.936116987418|0.972605419789|1|1|0.998663376205|1|1|1|1|1|1|1|1|1|0.794662880162|0.794697811335|0.795161517323|0.832666408185|0.875431082602|0.86883198416|0.916853482429|0.673394277767
0,15,14,tree_robustness,higher_fragility_weight,optimal,0|5|10|15|35|75|125|175|225,adjoint_lbfgsb,adjoint_lbfgsb,7,structured_constant,,7.388306801995644,7.621752917437053,0.23344611544140914,True,True,False,False,value_and_gradient,7.621752917437053,687,687,444,75.30483865737915,CONVERGENCE: REL_REDUCTION_OF_F_<=_FACTR*EPSMCH,0.960639602768|1|0.903473340406|1|1|1|0.833067537129|1|1|1|1|0.958522768632|0.964564342708|0.974185627917|0.739350467026|1|1|1|1|1|1|1|1|1|1|1|0.796476429369|0.811863502073|0.8260483248|0.866323689678|0.643832705024|1|1|1|1|1|1|1|1|1|1|1|1|1|1|1|1|0.928217606308|0.927901758687|0.926157692275|0.923638577003|0.918774028504|0.926559496217|0.93864287615|0.936780741607|0.939303106465|1|0.599820111934|0.598673131176|0.601749387615|0.605834930173|0.721556156519|0.471505261662|1|1|1|1|1|1|1|1|1|1|1|1|1|1|1|1|1|1|1|1|1|1|1|1|1|1|1|1|1|1|1|1|1|1|1|1|1|1|1|1|1|1|0.649913935572|0.65082215966|0.657187347655|0.658722869937|0.673026181506|0.664259302754|0.816404666291|0.808933875358|0.862418460076|1|1|1|1|0.997951156847|1|0.722412616655|0.720490865596|0.717570041713|0.766181934815|0.865861974965|0.844379397618|0.554817324221|1|1|1|1|1|1|1|1|1|1|1|1|1|1|1|1|1|1|1|1|1|1|1|1|1|1|1|1|1|1|1|1|1|1|1|1|1|1|1|1|1|1|1|1|1|1|1|1|1|1|1|1|1|1|1|1|1|1|1|1|1|1|1|1|0.90666822997|0.906666675495|0.906657696126|0.93020025266|0.906809497593|0.906812447398|0.930487931577|0.946608469562|0.962884880394|0.999127709067|0.943732033392|0.943895768108|0.970508151303|0.992882756249|0.988621635796|1|1|1|0.95352529828|1|1|1|1|1|1|1|0.990282209766|1|1|1|1|1|1|1|1|0.566572666581|0.565058858992|0.580355212448|0.592096287399|0.606531417981|0.623278338306|0.958925867652|0.989994316398|0.9880027954|1|1|1|1|1|1|1|1|1|1|1|1|0.759270722169|0.75961422797|0.761879364759|0.940345189154|0.999247098223|0.984673387542|0.924175597914|0.472884514417
0,5,4,tree_robustness,higher_fragility_weight,optimal,0|5|10|15|35|75|125|175|225,adjoint_lbfgsb,adjoint_lbfgsb,0,structured_ramp,,7.057185640612991,7.6217447583989015,0.5645591177859108,False,True,False,False,value_and_gradient,7.6217447583989015,172,172,76,18.755579948425293,ABNORMAL_TERMINATION_IN_LNSRCH,0.960613849288|1|0.903341582434|1|1|1|0.832695786233|1|1|1|1|0.95862913769|0.964925596959|0.974343148352|0.739246973578|1|1|1|1|1|1|1|1|1|1|1|0.796452043586|0.811597122749|0.825919786232|0.865801181494|0.641025373445|1|1|1|1|1|1|1|1|1|1|1|1|1|1|1|1|0.926917539647|0.926210184904|0.924742092927|0.921985777182|0.917409375499|0.923901302932|0.935903308103|0.935796421787|0.935226809519|1|0.596591980131|0.595695749646|0.599933758534|0.60417597073|0.720478977504|0.467199308356|1|1|1|1|1|1|1|1|1|1|1|1|1|1|1|1|1|1|1|1|1|1|1|1|1|1|1|1|1|1|1|1|1|1|1|1|1|1|1|1|1|1|0.653172598052|0.658431574719|0.662350078413|0.665100737434|0.666016260572|0.671032798834|0.83870101858|0.834561721824|0.896316203375|1|1|1|1|0.997697464003|1|0.725574314068|0.724596419108|0.721755454635|0.766160504505|0.84099709109|0.829919284972|0.571576848551|1|1|1|1|1|1|1|1|1|1|1|1|1|1|1|1|1|1|1|1|1|1|1|1|1|1|1|1|1|1|1|1|1|1|1|1|1|1|1|1|1|1|1|1|1|1|1|1|1|1|1|1|1|1|1|1|1|1|1|1|1|1|1|1|0.858024423211|0.86078129178|0.863713547089|0.867130269372|0.867750466469|0.869777489922|0.873183291938|0.876148012781|0.879065360043|0.883880899638|0.882406774157|0.885599198539|0.887726451812|0.890624840458|0.893652062148|0.899706579562|0.915728387948|0.91542846478|0.925334674555|0.999044755182|0.907441453919|0.91048539483|0.912194044384|0.914787221394|0.917250973417|0.921050078645|0.958627002258|0.961223599766|0.979739958012|1|1|1|1|1|1|0.904952419495|0.907042991872|0.909255568443|0.911713770931|0.914304284753|0.917834043685|0.940617763289|0.941979104514|0.953101290924|0.972641879521|0.973930729119|0.975914213955|0.977381020528|0.982042194495|1|0.982915699359|0.98477260561|0.986372939665|0.993777580058|1|1|0.952714370496|0.954551830307|0.956147684364|0.959570227401|0.970910309871|0.970300381901|0.972748194449|0.935563280465
0,5,4,tree_robustness,higher_fragility_weight,optimal,0|5|10|15|35|75|125|175|225,adjoint_lbfgsb,adjoint_lbfgsb,1,structured_sigmoid,,6.944863319818627,7.621749638717266,0.6768863188986387,True,True,False,False,value_and_gradient,7.621749638717266,1030,1030,475,110.00714015960693,CONVERGENCE: REL_REDUCTION_OF_F_<=_FACTR*EPSMCH,0.960635854785|1|0.903586356106|1|1|1|0.832419523021|1|1|1|1|0.958173395091|0.964415434532|0.974067272225|0.739762302413|1|1|1|1|1|1|1|1|1|1|1|0.796863660478|0.811963871028|0.823976448245|0.866114475144|0.641953498769|1|1|1|1|1|1|1|1|1|1|1|1|1|1|1|1|0.931584841401|0.931192245615|0.929190233308|0.923801068472|0.919027630186|0.925929481922|0.940620699054|0.938070611261|0.940235468562|1|0.600363767293|0.599614491462|0.60310933483|0.60189762505|0.720879792319|0.474948740223|1|1|1|1|1|1|1|1|1|1|1|1|1|1|1|1|1|1|1|1|1|1|1|1|1|1|1|1|1|1|1|1|1|1|1|1|1|1|1|1|1|1|0.628117119598|0.629349718431|0.640335681299|0.644217350547|0.644053173774|0.647219511977|0.817572646002|0.820950876897|0.866957095305|1|1|1|1|0.997190308512|1|0.726178130674|0.724415422367|0.719473533383|0.770467677618|0.855891533635|0.840235498694|0.539166791741|1|1|1|1|1|1|1|1|1|1|1|1|1|1|1|1|1|1|1|1|1|1|1|1|1|1|1|1|1|1|1|1|1|1|1|1|1|1|1|1|1|1|1|1|1|1|1|1|1|1|1|1|1|1|1|1|1|1|1|1|1|1|1|1|0.947785972153|0.94909509507|0.949672306762|0.955031288061|0.951492349745|0.952041953437|0.957361819498|0.961196738242|0.964927821492|0.970845961617|0.962455484902|0.962250918263|0.967245095058|0.97159733229|0.975262994939|0.986656683507|1|1|1|1|0.98943263284|0.988865818133|1|1|1|1|1|1|1|1|1|1|1|1|1|0.889815414525|0.888688141995|0.891826808581|0.89432570271|0.896633326296|0.901235616665|0.942793944662|0.95391635806|0.999117526993|1|1|1|1|1|1|1|1|1|1|1|1|0.925948025207|0.925995746681|0.926077393018|0.923633236211|0.963913761449|0.956164400999|0.984277071081|0.839586350659
0,5,4,tree_robustness,higher_fragility_weight,optimal,0|5|10|15|35|75|125|175|225,adjoint_lbfgsb,adjoint_lbfgsb,2,structured_constant,,7.608237475456937,7.621747466695307,0.013509991238370489,False,True,False,False,value_and_gradient,7.621747466695307,243,243,99,25.736913681030273,ABNORMAL_TERMINATION_IN_LNSRCH,0.960639275174|1|0.903320254104|1|1|1|0.832700173419|1|1|1|1|0.958117535054|0.964546210705|0.974025002761|0.740001563196|1|1|1|1|1|1|1|1|1|1|1|0.796814017451|0.811910951676|0.824049749263|0.866706155098|0.64329793397|1|1|1|1|1|1|1|1|1|1|1|1|1|1|1|1|0.927063880466|0.926719566986|0.92500270493|0.922482370439|0.918148985592|0.925422057194|0.939489614177|0.932143732344|0.940171031096|1|0.600199767139|0.599882658622|0.603653777142|0.603057934794|0.721070482647|0.476771442237|1|1|1|1|1|1|1|1|1|1|1|1|1|1|1|1|1|1|1|1|1|1|1|1|1|1|1|1|1|1|1|1|1|1|1|1|1|1|1|1|1|1|0.677729356249|0.678251618579|0.687127079936|0.688563638032|0.68770688464|0.688570366621|0.814744628149|0.826318840324|0.873018205151|1|1|1|1|0.998873249507|1|0.740696368961|0.738314450312|0.732121427918|0.749371879676|0.843642706481|0.825218605699|0.540731487833|1|1|1|1|1|1|1|1|1|1|1|1|1|1|1|1|1|1|1|1|1|1|1|1|1|1|1|1|1|1|1|1|1|1|1|1|1|1|1|1|1|1|1|1|1|1|1|1|1|1|1|1|1|1|1|1|1|1|1|1|1|1|1|1|0.97689846825|0.976898578018|0.976899806029|0.978967652768|0.976903578592|0.976904526527|0.978973297268|0.980393105611|0.981849497149|0.98414441766|0.980161706108|0.980177400212|0.982123826443|0.98349665108|0.984948215325|0.986759428855|0.995931318849|0.996033713928|0.996369959536|1|0.984590155295|0.984600210149|0.986150402864|0.987311448352|0.988411427353|0.989898859229|1|1|1|1|1|1|1|1|1|0.942041850183|0.941360713296|0.942901423837|0.943950357898|0.945183538111|0.947315760563|0.972838729672|0.970306847073|0.980342310535|1|1|1|1|1|1|1|1|1|1|1|1|0.958257687685|0.958263182098|0.958211532052|0.959334099737|0.975522982789|0.972165547945|0.976126964874|0.919942845882
0,5,4,tree_robustness,higher_fragility_weight,optimal,0|5|10|15|35|75|125|175|225,adjoint_lbfgsb,adjoint_lbfgsb,3,sobol,,7.346124321877913,7.621752368897967,0.27562804702005383,True,True,False,False,value_and_gradient,7.621752368897967,1351,1351,776,146.45847296714783,CONVERGENCE: REL_REDUCTION_OF_F_<=_FACTR*EPSMCH,0.960543746236|1|0.903307023655|1|1|1|0.831861602915|1|1|1|1|0.958322210743|0.964566086749|0.973829368062|0.74056530048|1|1|1|1|1|1|1|1|1|1|1|0.796663323816|0.811917745424|0.82454072448|0.866569408048|0.640978210512|1|1|1|1|1|1|1|1|1|1|1|1|1|1|1|1|0.928100842311|0.928042937415|0.92366632032|0.92153221532|0.918589741602|0.926466407556|0.939149109929|0.935606856232|0.940855571703|1|0.601694135274|0.600041943418|0.601470357089|0.605874561915|0.720666848805|0.469856791251|1|1|1|1|1|1|1|1|1|1|1|1|1|1|1|1|1|1|1|1|1|1|1|1|1|1|1|1|1|1|1|1|1|1|1|1|1|1|1|1|1|1|0.69410547419|0.655767842183|0.667672970708|0.657607792745|0.683925232019|0.65045956158|0.827566094437|0.838119458011|0.866079286644|1|1|1|1|0.998477276065|1|0.73671085412|0.739945867788|0.731321849286|0.78129814123|0.850966062958|0.851611799477|0.563091466204|1|1|1|1|1|1|1|1|1|1|1|1|1|1|1|1|1|1|1|1|1|1|1|1|1|1|1|1|1|1|1|1|1|1|1|1|1|1|1|1|1|1|1|1|1|1|1|1|1|1|1|1|1|1|1|1|1|1|1|1|1|1|1|1|0.928002442237|0.914811475464|0.945655435151|0.929517463529|0.949908415044|0.901413113576|0.929348332239|0.827347163495|0.930206709981|1|0.848900019598|0.983837928633|0.999946290505|1|1|0.971070521545|1|1|1|1|0.869274926122|1|1|1|0.914347466205|1|1|1|1|1|1|1|1|1|1|0.284231909766|0.307554711481|0.621787139143|0.539700870249|0.48286218456|0.670801591577|0.950953419638|0.907192893695|0.995870555899|1|1|1|1|1|1|1|1|1|1|1|1|0.78952799028|0.736960846809|0.780457826116|0.871212225618|0.903798453671|0.969593730727|0.975776568369|0.304110536922
0,5,4,tree_robustness,higher_fragility_weight,optimal,0|5|10|15|35|75|125|175|225,adjoint_lbfgsb,adjoint_lbfgsb,4,anchor_upper,,7.613597287584701,7.621748330194632,0.008151042609930492,True,True,False,False,value_and_gradient,7.621748330194632,804,804,291,84.98547530174255,CONVERGENCE: REL_REDUCTION_OF_F_<=_FACTR*EPSMCH,0.960594234564|1|0.903327848738|1|1|1|0.832829491518|1|1|1|1|0.958197761206|0.964311696691|0.974246920125|0.73991576551|1|1|1|1|1|1|1|1|1|1|1|0.796765051457|0.812113124559|0.825151723167|0.86629369879|0.642393616393|1|1|1|1|1|1|1|1|1|1|1|1|1|1|1|1|0.925991639527|0.925641959217|0.923887357478|0.921404886431|0.916692630769|0.924281188652|0.938705956357|0.936941446705|0.937573691524|1|0.601385479387|0.600401534631|0.6035288849|0.601383744453|0.718386723098|0.472480204199|1|1|1|1|1|1|1|1|1|1|1|1|1|1|1|1|1|1|1|1|1|1|1|1|1|1|1|1|1|1|1|1|1|1|1|1|1|1|1|1|1|1|0.649397379073|0.650233346812|0.660400284557|0.663128473483|0.66271988007|0.664819023674|0.810024851141|0.813544272171|0.86585636603|1|1|1|1|0.998367320488|1|0.733601648259|0.731758486911|0.726444493874|0.762601374691|0.852151492355|0.836627055035|0.548182761861|1|1|1|1|1|1|1|1|1|1|1|1|1|1|1|1|1|1|1|1|1|1|1|1|1|1|1|1|1|1|1|1|1|1|1|1|1|1|1|1|1|1|1|1|1|1|1|1|1|1|1|1|1|1|1|1|1|1|1|1|1|1|1|1|0.991513142364|0.991513142364|0.991513631777|0.994807203375|0.991507468757|0.991507468757|0.994800619228|0.997098893904|0.999350206014|1|0.996700307755|0.996723835351|0.999797294683|1|1|1|1|1|1|1|1|1|1|1|1|1|1|1|1|1|1|1|1|1|1|0.937969491941|0.936884912682|0.939124198213|0.940700145777|0.94250871478|0.945751247274|0.976615406175|0.974767187488|0.998291694316|1|1|1|1|1|1|1|1|1|1|1|1|0.961561206935|0.961867127143|0.961623118005|0.961454149286|0.987366211777|0.981570669423|0.996914570523|0.90029564527
0,5,4,tree_robustness,higher_fragility_weight,optimal,0|5|10|15|35|75|125|175|225,adjoint_lbfgsb,adjoint_lbfgsb,5,structured_constant,,7.57907382068407,7.621749475833946,0.0426756551498757,True,True,False,False,value_and_gradient,7.621749475833946,551,551,270,59.69835686683655,CONVERGENCE: REL_REDUCTION_OF_F_<=_FACTR*EPSMCH,0.960606162313|1|0.903556692387|1|1|1|0.8331995815|1|1|1|1|0.958193943219|0.964550975778|0.973963555667|0.740011491878|1|1|1|1|1|1|1|1|1|1|1|0.796756765908|0.811860203228|0.82533915202|0.865314546904|0.642753893796|1|1|1|1|1|1|1|1|1|1|1|1|1|1|1|1|0.926863271826|0.926535204122|0.924825592505|0.922477601941|0.918487394813|0.925125879277|0.939153870255|0.939938911631|0.941031464845|1|0.598213942999|0.597478686618|0.600880228549|0.605216352178|0.721696931119|0.473783333913|1|1|1|1|1|1|1|1|1|1|1|1|1|1|1|1|1|1|1|1|1|1|1|1|1|1|1|1|1|1|1|1|1|1|1|1|1|1|1|1|1|1|0.62476879475|0.625976066862|0.637286789559|0.641223105947|0.641065734298|0.644174791933|0.829212499014|0.828024798103|0.873882356321|1|1|1|1|0.994562211602|1|0.728552556748|0.72665184124|0.721874514199|0.788404988548|0.857640148581|0.844653126924|0.556142971419|1|1|1|1|1|1|1|1|1|1|1|1|1|1|1|1|1|1|1|1|1|1|1|1|1|1|1|1|1|1|1|1|1|1|1|1|1|1|1|1|1|1|1|1|1|1|1|1|1|1|1|1|1|1|1|1|1|1|1|1|1|1|1|1|0.911251146792|0.91125376638|0.911259338036|0.9161022789|0.911267747083|0.9112754725|0.916130637898|0.919505824421|0.922821745323|0.928309203458|0.918990425853|0.919031922388|0.923725118978|0.927006219737|0.930345516837|0.934649140904|0.958032775067|0.958081403815|0.958756365821|1|0.935777140878|0.935785105694|0.938883482512|0.941295047004|0.943157521916|0.946291485518|0.971825452183|0.980822837614|0.988799362559|1|1|1|1|1|1|0.837753566343|0.836651070443|0.839822244885|0.84212683648|0.84472667075|0.848947262477|0.91788307804|0.916285269285|0.955859078641|1|1|1|1|1|1|1|1|1|1|1|1|0.874054508221|0.874246184568|0.874289635673|0.884682087959|0.916455051113|0.9105209569|0.93658182803|0.795185496843
0,5,4,tree_robustness,higher_fragility_weight,optimal,0|5|10|15|35|75|125|175|225,adjoint_lbfgsb,adjoint_lbfgsb,6,structured_constant,,7.519892040821474,7.621749849101338,0.10185780827986424,True,True,False,False,value_and_gradient,7.621749849101338,614,614,351,67.25431990623474,CONVERGENCE: REL_REDUCTION_OF_F_<=_FACTR*EPSMCH,0.960631540055|1|0.903518326616|1|1|1|0.832989791862|1|1|1|1|0.958099484088|0.964651523614|0.974310674221|0.740845212496|1|1|1|1|1|1|1|1|1|1|1|0.796829857664|0.811783375372|0.825649981751|0.867020969934|0.642319920433|1|1|1|1|1|1|1|1|1|1|1|1|1|1|1|1|0.929631386458|0.929272672079|0.927452901307|0.92487896185|0.920582485091|0.927455195645|0.943047533348|0.941074387418|0.93981279345|1|0.601483065352|0.600546904659|0.603914856301|0.600649348315|0.722098953409|0.472867308488|1|1|1|1|1|1|1|1|1|1|1|1|1|1|1|1|1|1|1|1|1|1|1|1|1|1|1|1|1|1|1|1|1|1|1|1|1|1|1|1|1|1|0.65015142533|0.65137823345|0.661625092118|0.665167626397|0.664849124677|0.667529208687|0.818592971968|0.819504011843|0.863121530988|1|1|1|1|0.998947736737|1|0.739644228202|0.737916691057|0.733013074141|0.779332698292|0.857952177769|0.838923629084|0.558414130209|1|1|1|1|1|1|1|1|1|1|1|1|1|1|1|1|1|1|1|1|1|1|1|1|1|1|1|1|1|1|1|1|1|1|1|1|1|1|1|1|1|1|1|1|1|1|1|1|1|1|1|1|1|1|1|1|1|1|1|1|1|1|1|1|0.853798065|0.853799890743|0.85380183708|0.862405909795|0.853835754547|0.853840325139|0.862481356459|0.868405582396|0.874343271828|0.884170102932|0.867465733175|0.867529397882|0.876062835936|0.881850696427|0.887850474528|0.895696298235|0.940359602968|0.941332008662|0.944146916731|1|0.902404610323|0.902370539038|0.907579287109|0.911621987092|0.914406585815|0.919865983552|0.975344212527|0.989282704978|0.998753740182|1|1|1|1|1|1|0.729071257064|0.7278306074|0.733256444169|0.73728624415|0.741917755334|0.748642354401|0.943224391757|0.936116987418|0.972605419789|1|1|0.998663376205|1|1|1|1|1|1|1|1|1|0.794662880162|0.794697811335|0.795161517323|0.832666408185|0.875431082602|0.86883198416|0.916853482429|0.673394277767
0,5,4,tree_robustness,higher_fragility_weight,optimal,0|5|10|15|35|75|125|175|225,adjoint_lbfgsb,adjoint_lbfgsb,7,structured_constant,,7.388306801995644,7.621752917437053,0.23344611544140914,True,True,False,False,value_and_gradient,7.621752917437053,687,687,444,75.85890054702759,CONVERGENCE: REL_REDUCTION_OF_F_<=_FACTR*EPSMCH,0.960639602768|1|0.903473340406|1|1|1|0.833067537129|1|1|1|1|0.958522768632|0.964564342708|0.974185627917|0.739350467026|1|1|1|1|1|1|1|1|1|1|1|0.796476429369|0.811863502073|0.8260483248|0.866323689678|0.643832705024|1|1|1|1|1|1|1|1|1|1|1|1|1|1|1|1|0.928217606308|0.927901758687|0.926157692275|0.923638577003|0.918774028504|0.926559496217|0.93864287615|0.936780741607|0.939303106465|1|0.599820111934|0.598673131176|0.601749387615|0.605834930173|0.721556156519|0.471505261662|1|1|1|1|1|1|1|1|1|1|1|1|1|1|1|1|1|1|1|1|1|1|1|1|1|1|1|1|1|1|1|1|1|1|1|1|1|1|1|1|1|1|0.649913935572|0.65082215966|0.657187347655|0.658722869937|0.673026181506|0.664259302754|0.816404666291|0.808933875358|0.862418460076|1|1|1|1|0.997951156847|1|0.722412616655|0.720490865596|0.717570041713|0.766181934815|0.865861974965|0.844379397618|0.554817324221|1|1|1|1|1|1|1|1|1|1|1|1|1|1|1|1|1|1|1|1|1|1|1|1|1|1|1|1|1|1|1|1|1|1|1|1|1|1|1|1|1|1|1|1|1|1|1|1|1|1|1|1|1|1|1|1|1|1|1|1|1|1|1|1|0.90666822997|0.906666675495|0.906657696126|0.93020025266|0.906809497593|0.906812447398|0.930487931577|0.946608469562|0.962884880394|0.999127709067|0.943732033392|0.943895768108|0.970508151303|0.992882756249|0.988621635796|1|1|1|0.95352529828|1|1|1|1|1|1|1|0.990282209766|1|1|1|1|1|1|1|1|0.566572666581|0.565058858992|0.580355212448|0.592096287399|0.606531417981|0.623278338306|0.958925867652|0.989994316398|0.9880027954|1|1|1|1|1|1|1|1|1|1|1|1|0.759270722169|0.75961422797|0.761879364759|0.940345189154|0.999247098223|0.984673387542|0.924175597914|0.472884514417
0,10,9,tree_robustness,higher_fragility_weight,optimal,0|5|10|15|35|75|125|175|225,adjoint_lbfgsb,adjoint_lbfgsb,0,structured_ramp,,7.057185640612991,7.6217447583989015,0.5645591177859108,False,True,False,False,value_and_gradient,7.6217447583989015,172,172,76,19.31950044631958,ABNORMAL_TERMINATION_IN_LNSRCH,0.960613849288|1|0.903341582434|1|1|1|0.832695786233|1|1|1|1|0.95862913769|0.964925596959|0.974343148352|0.739246973578|1|1|1|1|1|1|1|1|1|1|1|0.796452043586|0.811597122749|0.825919786232|0.865801181494|0.641025373445|1|1|1|1|1|1|1|1|1|1|1|1|1|1|1|1|0.926917539647|0.926210184904|0.924742092927|0.921985777182|0.917409375499|0.923901302932|0.935903308103|0.935796421787|0.935226809519|1|0.596591980131|0.595695749646|0.599933758534|0.60417597073|0.720478977504|0.467199308356|1|1|1|1|1|1|1|1|1|1|1|1|1|1|1|1|1|1|1|1|1|1|1|1|1|1|1|1|1|1|1|1|1|1|1|1|1|1|1|1|1|1|0.653172598052|0.658431574719|0.662350078413|0.665100737434|0.666016260572|0.671032798834|0.83870101858|0.834561721824|0.896316203375|1|1|1|1|0.997697464003|1|0.725574314068|0.724596419108|0.721755454635|0.766160504505|0.84099709109|0.829919284972|0.571576848551|1|1|1|1|1|1|1|1|1|1|1|1|1|1|1|1|1|1|1|1|1|1|1|1|1|1|1|1|1|1|1|1|1|1|1|1|1|1|1|1|1|1|1|1|1|1|1|1|1|1|1|1|1|1|1|1|1|1|1|1|1|1|1|1|0.858024423211|0.86078129178|0.863713547089|0.867130269372|0.867750466469|0.869777489922|0.873183291938|0.876148012781|0.879065360043|0.883880899638|0.882406774157|0.885599198539|0.887726451812|0.890624840458|0.893652062148|0.899706579562|0.915728387948|0.91542846478|0.925334674555|0.999044755182|0.907441453919|0.91048539483|0.912194044384|0.914787221394|0.917250973417|0.921050078645|0.958627002258|0.961223599766|0.979739958012|1|1|1|1|1|1|0.904952419495|0.907042991872|0.909255568443|0.911713770931|0.914304284753|0.917834043685|0.940617763289|0.941979104514|0.953101290924|0.972641879521|0.973930729119|0.975914213955|0.977381020528|0.982042194495|1|0.982915699359|0.98477260561|0.986372939665|0.993777580058|1|1|0.952714370496|0.954551830307|0.956147684364|0.959570227401|0.970910309871|0.970300381901|0.972748194449|0.935563280465
0,10,9,tree_robustness,higher_fragility_weight,optimal,0|5|10|15|35|75|125|175|225,adjoint_lbfgsb,adjoint_lbfgsb,1,structured_sigmoid,,6.944863319818627,7.621749638717266,0.6768863188986387,True,True,False,False,value_and_gradient,7.621749638717266,1030,1030,475,112.55336022377014,CONVERGENCE: REL_REDUCTION_OF_F_<=_FACTR*EPSMCH,0.960635854785|1|0.903586356106|1|1|1|0.832419523021|1|1|1|1|0.958173395091|0.964415434532|0.974067272225|0.739762302413|1|1|1|1|1|1|1|1|1|1|1|0.796863660478|0.811963871028|0.823976448245|0.866114475144|0.641953498769|1|1|1|1|1|1|1|1|1|1|1|1|1|1|1|1|0.931584841401|0.931192245615|0.929190233308|0.923801068472|0.919027630186|0.925929481922|0.940620699054|0.938070611261|0.940235468562|1|0.600363767293|0.599614491462|0.60310933483|0.60189762505|0.720879792319|0.474948740223|1|1|1|1|1|1|1|1|1|1|1|1|1|1|1|1|1|1|1|1|1|1|1|1|1|1|1|1|1|1|1|1|1|1|1|1|1|1|1|1|1|1|0.628117119598|0.629349718431|0.640335681299|0.644217350547|0.644053173774|0.647219511977|0.817572646002|0.820950876897|0.866957095305|1|1|1|1|0.997190308512|1|0.726178130674|0.724415422367|0.719473533383|0.770467677618|0.855891533635|0.840235498694|0.539166791741|1|1|1|1|1|1|1|1|1|1|1|1|1|1|1|1|1|1|1|1|1|1|1|1|1|1|1|1|1|1|1|1|1|1|1|1|1|1|1|1|1|1|1|1|1|1|1|1|1|1|1|1|1|1|1|1|1|1|1|1|1|1|1|1|0.947785972153|0.94909509507|0.949672306762|0.955031288061|0.951492349745|0.952041953437|0.957361819498|0.961196738242|0.964927821492|0.970845961617|0.962455484902|0.962250918263|0.967245095058|0.97159733229|0.975262994939|0.986656683507|1|1|1|1|0.98943263284|0.988865818133|1|1|1|1|1|1|1|1|1|1|1|1|1|0.889815414525|0.888688141995|0.891826808581|0.89432570271|0.896633326296|0.901235616665|0.942793944662|0.95391635806|0.999117526993|1|1|1|1|1|1|1|1|1|1|1|1|0.925948025207|0.925995746681|0.926077393018|0.923633236211|0.963913761449|0.956164400999|0.984277071081|0.839586350659
0,10,9,tree_robustness,higher_fragility_weight,optimal,0|5|10|15|35|75|125|175|225,adjoint_lbfgsb,adjoint_lbfgsb,2,structured_constant,,7.608237475456937,7.621747466695307,0.013509991238370489,False,True,False,False,value_and_gradient,7.621747466695307,243,243,99,26.506627798080444,ABNORMAL_TERMINATION_IN_LNSRCH,0.960639275174|1|0.903320254104|1|1|1|0.832700173419|1|1|1|1|0.958117535054|0.964546210705|0.974025002761|0.740001563196|1|1|1|1|1|1|1|1|1|1|1|0.796814017451|0.811910951676|0.824049749263|0.866706155098|0.64329793397|1|1|1|1|1|1|1|1|1|1|1|1|1|1|1|1|0.927063880466|0.926719566986|0.92500270493|0.922482370439|0.918148985592|0.925422057194|0.939489614177|0.932143732344|0.940171031096|1|0.600199767139|0.599882658622|0.603653777142|0.603057934794|0.721070482647|0.476771442237|1|1|1|1|1|1|1|1|1|1|1|1|1|1|1|1|1|1|1|1|1|1|1|1|1|1|1|1|1|1|1|1|1|1|1|1|1|1|1|1|1|1|0.677729356249|0.678251618579|0.687127079936|0.688563638032|0.68770688464|0.688570366621|0.814744628149|0.826318840324|0.873018205151|1|1|1|1|0.998873249507|1|0.740696368961|0.738314450312|0.732121427918|0.749371879676|0.843642706481|0.825218605699|0.540731487833|1|1|1|1|1|1|1|1|1|1|1|1|1|1|1|1|1|1|1|1|1|1|1|1|1|1|1|1|1|1|1|1|1|1|1|1|1|1|1|1|1|1|1|1|1|1|1|1|1|1|1|1|1|1|1|1|1|1|1|1|1|1|1|1|0.97689846825|0.976898578018|0.976899806029|0.978967652768|0.976903578592|0.976904526527|0.978973297268|0.980393105611|0.981849497149|0.98414441766|0.980161706108|0.980177400212|0.982123826443|0.98349665108|0.984948215325|0.986759428855|0.995931318849|0.996033713928|0.996369959536|1|0.984590155295|0.984600210149|0.986150402864|0.987311448352|0.988411427353|0.989898859229|1|1|1|1|1|1|1|1|1|0.942041850183|0.941360713296|0.942901423837|0.943950357898|0.945183538111|0.947315760563|0.972838729672|0.970306847073|0.980342310535|1|1|1|1|1|1|1|1|1|1|1|1|0.958257687685|0.958263182098|0.958211532052|0.959334099737|0.975522982789|0.972165547945|0.976126964874|0.919942845882
0,10,9,tree_robustness,higher_fragility_weight,optimal,0|5|10|15|35|75|125|175|225,adjoint_lbfgsb,adjoint_lbfgsb,3,sobol,,7.346124321877913,7.621752368897967,0.27562804702005383,True,True,False,False,value_and_gradient,7.621752368897967,1351,1351,776,150.47647666931152,CONVERGENCE: REL_REDUCTION_OF_F_<=_FACTR*EPSMCH,0.960543746236|1|0.903307023655|1|1|1|0.831861602915|1|1|1|1|0.958322210743|0.964566086749|0.973829368062|0.74056530048|1|1|1|1|1|1|1|1|1|1|1|0.796663323816|0.811917745424|0.82454072448|0.866569408048|0.640978210512|1|1|1|1|1|1|1|1|1|1|1|1|1|1|1|1|0.928100842311|0.928042937415|0.92366632032|0.92153221532|0.918589741602|0.926466407556|0.939149109929|0.935606856232|0.940855571703|1|0.601694135274|0.600041943418|0.601470357089|0.605874561915|0.720666848805|0.469856791251|1|1|1|1|1|1|1|1|1|1|1|1|1|1|1|1|1|1|1|1|1|1|1|1|1|1|1|1|1|1|1|1|1|1|1|1|1|1|1|1|1|1|0.69410547419|0.655767842183|0.667672970708|0.657607792745|0.683925232019|0.65045956158|0.827566094437|0.838119458011|0.866079286644|1|1|1|1|0.998477276065|1|0.73671085412|0.739945867788|0.731321849286|0.78129814123|0.850966062958|0.851611799477|0.563091466204|1|1|1|1|1|1|1|1|1|1|1|1|1|1|1|1|1|1|1|1|1|1|1|1|1|1|1|1|1|1|1|1|1|1|1|1|1|1|1|1|1|1|1|1|1|1|1|1|1|1|1|1|1|1|1|1|1|1|1|1|1|1|1|1|0.928002442237|0.914811475464|0.945655435151|0.929517463529|0.949908415044|0.901413113576|0.929348332239|0.827347163495|0.930206709981|1|0.848900019598|0.983837928633|0.999946290505|1|1|0.971070521545|1|1|1|1|0.869274926122|1|1|1|0.914347466205|1|1|1|1|1|1|1|1|1|1|0.284231909766|0.307554711481|0.621787139143|0.539700870249|0.48286218456|0.670801591577|0.950953419638|0.907192893695|0.995870555899|1|1|1|1|1|1|1|1|1|1|1|1|0.78952799028|0.736960846809|0.780457826116|0.871212225618|0.903798453671|0.969593730727|0.975776568369|0.304110536922
0,10,9,tree_robustness,higher_fragility_weight,optimal,0|5|10|15|35|75|125|175|225,adjoint_lbfgsb,adjoint_lbfgsb,4,anchor_upper,,7.613597287584701,7.621748330194632,0.008151042609930492,True,True,False,False,value_and_gradient,7.621748330194632,804,804,291,87.44738984107971,CONVERGENCE: REL_REDUCTION_OF_F_<=_FACTR*EPSMCH,0.960594234564|1|0.903327848738|1|1|1|0.832829491518|1|1|1|1|0.958197761206|0.964311696691|0.974246920125|0.73991576551|1|1|1|1|1|1|1|1|1|1|1|0.796765051457|0.812113124559|0.825151723167|0.86629369879|0.642393616393|1|1|1|1|1|1|1|1|1|1|1|1|1|1|1|1|0.925991639527|0.925641959217|0.923887357478|0.921404886431|0.916692630769|0.924281188652|0.938705956357|0.936941446705|0.937573691524|1|0.601385479387|0.600401534631|0.6035288849|0.601383744453|0.718386723098|0.472480204199|1|1|1|1|1|1|1|1|1|1|1|1|1|1|1|1|1|1|1|1|1|1|1|1|1|1|1|1|1|1|1|1|1|1|1|1|1|1|1|1|1|1|0.649397379073|0.650233346812|0.660400284557|0.663128473483|0.66271988007|0.664819023674|0.810024851141|0.813544272171|0.86585636603|1|1|1|1|0.998367320488|1|0.733601648259|0.731758486911|0.726444493874|0.762601374691|0.852151492355|0.836627055035|0.548182761861|1|1|1|1|1|1|1|1|1|1|1|1|1|1|1|1|1|1|1|1|1|1|1|1|1|1|1|1|1|1|1|1|1|1|1|1|1|1|1|1|1|1|1|1|1|1|1|1|1|1|1|1|1|1|1|1|1|1|1|1|1|1|1|1|0.991513142364|0.991513142364|0.991513631777|0.994807203375|0.991507468757|0.991507468757|0.994800619228|0.997098893904|0.999350206014|1|0.996700307755|0.996723835351|0.999797294683|1|1|1|1|1|1|1|1|1|1|1|1|1|1|1|1|1|1|1|1|1|1|0.937969491941|0.936884912682|0.939124198213|0.940700145777|0.94250871478|0.945751247274|0.976615406175|0.974767187488|0.998291694316|1|1|1|1|1|1|1|1|1|1|1|1|0.961561206935|0.961867127143|0.961623118005|0.961454149286|0.987366211777|0.981570669423|0.996914570523|0.90029564527
0,10,9,tree_robustness,higher_fragility_weight,optimal,0|5|10|15|35|75|125|175|225,adjoint_lbfgsb,adjoint_lbfgsb,5,structured_constant,,7.57907382068407,7.621749475833946,0.0426756551498757,True,True,False,False,value_and_gradient,7.621749475833946,551,551,270,60.76570796966553,CONVERGENCE: REL_REDUCTION_OF_F_<=_FACTR*EPSMCH,0.960606162313|1|0.903556692387|1|1|1|0.8331995815|1|1|1|1|0.958193943219|0.964550975778|0.973963555667|0.740011491878|1|1|1|1|1|1|1|1|1|1|1|0.796756765908|0.811860203228|0.82533915202|0.865314546904|0.642753893796|1|1|1|1|1|1|1|1|1|1|1|1|1|1|1|1|0.926863271826|0.926535204122|0.924825592505|0.922477601941|0.918487394813|0.925125879277|0.939153870255|0.939938911631|0.941031464845|1|0.598213942999|0.597478686618|0.600880228549|0.605216352178|0.721696931119|0.473783333913|1|1|1|1|1|1|1|1|1|1|1|1|1|1|1|1|1|1|1|1|1|1|1|1|1|1|1|1|1|1|1|1|1|1|1|1|1|1|1|1|1|1|0.62476879475|0.625976066862|0.637286789559|0.641223105947|0.641065734298|0.644174791933|0.829212499014|0.828024798103|0.873882356321|1|1|1|1|0.994562211602|1|0.728552556748|0.72665184124|0.721874514199|0.788404988548|0.857640148581|0.844653126924|0.556142971419|1|1|1|1|1|1|1|1|1|1|1|1|1|1|1|1|1|1|1|1|1|1|1|1|1|1|1|1|1|1|1|1|1|1|1|1|1|1|1|1|1|1|1|1|1|1|1|1|1|1|1|1|1|1|1|1|1|1|1|1|1|1|1|1|0.911251146792|0.91125376638|0.911259338036|0.9161022789|0.911267747083|0.9112754725|0.916130637898|0.919505824421|0.922821745323|0.928309203458|0.918990425853|0.919031922388|0.923725118978|0.927006219737|0.930345516837|0.934649140904|0.958032775067|0.958081403815|0.958756365821|1|0.935777140878|0.935785105694|0.938883482512|0.941295047004|0.943157521916|0.946291485518|0.971825452183|0.980822837614|0.988799362559|1|1|1|1|1|1|0.837753566343|0.836651070443|0.839822244885|0.84212683648|0.84472667075|0.848947262477|0.91788307804|0.916285269285|0.955859078641|1|1|1|1|1|1|1|1|1|1|1|1|0.874054508221|0.874246184568|0.874289635673|0.884682087959|0.916455051113|0.9105209569|0.93658182803|0.795185496843
0,10,9,tree_robustness,higher_fragility_weight,optimal,0|5|10|15|35|75|125|175|225,adjoint_lbfgsb,adjoint_lbfgsb,6,structured_constant,,7.519892040821474,7.621749849101338,0.10185780827986424,True,True,False,False,value_and_gradient,7.621749849101338,614,614,351,68.55139017105103,CONVERGENCE: REL_REDUCTION_OF_F_<=_FACTR*EPSMCH,0.960631540055|1|0.903518326616|1|1|1|0.832989791862|1|1|1|1|0.958099484088|0.964651523614|0.974310674221|0.740845212496|1|1|1|1|1|1|1|1|1|1|1|0.796829857664|0.811783375372|0.825649981751|0.867020969934|0.642319920433|1|1|1|1|1|1|1|1|1|1|1|1|1|1|1|1|0.929631386458|0.929272672079|0.927452901307|0.92487896185|0.920582485091|0.927455195645|0.943047533348|0.941074387418|0.93981279345|1|0.601483065352|0.600546904659|0.603914856301|0.600649348315|0.722098953409|0.472867308488|1|1|1|1|1|1|1|1|1|1|1|1|1|1|1|1|1|1|1|1|1|1|1|1|1|1|1|1|1|1|1|1|1|1|1|1|1|1|1|1|1|1|0.65015142533|0.65137823345|0.661625092118|0.665167626397|0.664849124677|0.667529208687|0.818592971968|0.819504011843|0.863121530988|1|1|1|1|0.998947736737|1|0.739644228202|0.737916691057|0.733013074141|0.779332698292|0.857952177769|0.838923629084|0.558414130209|1|1|1|1|1|1|1|1|1|1|1|1|1|1|1|1|1|1|1|1|1|1|1|1|1|1|1|1|1|1|1|1|1|1|1|1|1|1|1|1|1|1|1|1|1|1|1|1|1|1|1|1|1|1|1|1|1|1|1|1|1|1|1|1|0.853798065|0.853799890743|0.85380183708|0.862405909795|0.853835754547|0.853840325139|0.862481356459|0.868405582396|0.874343271828|0.884170102932|0.867465733175|0.867529397882|0.876062835936|0.881850696427|0.887850474528|0.895696298235|0.940359602968|0.941332008662|0.944146916731|1|0.902404610323|0.902370539038|0.907579287109|0.911621987092|0.914406585815|0.919865983552|0.975344212527|0.989282704978|0.998753740182|1|1|1|1|1|1|0.729071257064|0.7278306074|0.733256444169|0.73728624415|0.741917755334|0.748642354401|0.943224391757|0.936116987418|0.972605419789|1|1|0.998663376205|1|1|1|1|1|1|1|1|1|0.794662880162|0.794697811335|0.795161517323|0.832666408185|0.875431082602|0.86883198416|0.916853482429|0.673394277767
0,10,9,tree_robustness,higher_fragility_weight,optimal,0|5|10|15|35|75|125|175|225,adjoint_lbfgsb,adjoint_lbfgsb,7,structured_constant,,7.388306801995644,7.621752917437053,0.23344611544140914,True,True,False,False,value_and_gradient,7.621752917437053,687,687,444,77.29529738426208,CONVERGENCE: REL_REDUCTION_OF_F_<=_FACTR*EPSMCH,0.960639602768|1|0.903473340406|1|1|1|0.833067537129|1|1|1|1|0.958522768632|0.964564342708|0.974185627917|0.739350467026|1|1|1|1|1|1|1|1|1|1|1|0.796476429369|0.811863502073|0.8260483248|0.866323689678|0.643832705024|1|1|1|1|1|1|1|1|1|1|1|1|1|1|1|1|0.928217606308|0.927901758687|0.926157692275|0.923638577003|0.918774028504|0.926559496217|0.93864287615|0.936780741607|0.939303106465|1|0.599820111934|0.598673131176|0.601749387615|0.605834930173|0.721556156519|0.471505261662|1|1|1|1|1|1|1|1|1|1|1|1|1|1|1|1|1|1|1|1|1|1|1|1|1|1|1|1|1|1|1|1|1|1|1|1|1|1|1|1|1|1|0.649913935572|0.65082215966|0.657187347655|0.658722869937|0.673026181506|0.664259302754|0.816404666291|0.808933875358|0.862418460076|1|1|1|1|0.997951156847|1|0.722412616655|0.720490865596|0.717570041713|0.766181934815|0.865861974965|0.844379397618|0.554817324221|1|1|1|1|1|1|1|1|1|1|1|1|1|1|1|1|1|1|1|1|1|1|1|1|1|1|1|1|1|1|1|1|1|1|1|1|1|1|1|1|1|1|1|1|1|1|1|1|1|1|1|1|1|1|1|1|1|1|1|1|1|1|1|1|0.90666822997|0.906666675495|0.906657696126|0.93020025266|0.906809497593|0.906812447398|0.930487931577|0.946608469562|0.962884880394|0.999127709067|0.943732033392|0.943895768108|0.970508151303|0.992882756249|0.988621635796|1|1|1|0.95352529828|1|1|1|1|1|1|1|0.990282209766|1|1|1|1|1|1|1|1|0.566572666581|0.565058858992|0.580355212448|0.592096287399|0.606531417981|0.623278338306|0.958925867652|0.989994316398|0.9880027954|1|1|1|1|1|1|1|1|1|1|1|1|0.759270722169|0.75961422797|0.761879364759|0.940345189154|0.999247098223|0.984673387542|0.924175597914|0.472884514417
0,5,2,tree_robustness,front_loaded_decisions,delayed,0|5|10|15|50|100|160|225,adjoint_lbfgsb,adjoint_lbfgsb,0,warm_start,,7.660763017797115,7.660812243275174,4.92254780590784e-05,True,True,False,False,value_and_gradient,7.660812243275174,357,357,163,20.623352766036987,CONVERGENCE: REL_REDUCTION_OF_F_<=_FACTR*EPSMCH,0|0.752680403179|0.560908644219|0.888073858205|0.671989756702|0.697555669929|0.466380371843|0.990202103564|0.786310178627|0.785024211864|0.807317458004|0.55667897226|0.560232679648|0.572178576681|0.356175071691|1|0.922851958433|0.939127479788|0.943234036548|0.937350708299|0.616667781531|0.61760086113|0.616621075781|0.644823899565|0.639855592272|0.647796715025|0.37290802068|0.374160728215|0.37743741518|0.394709413832|0.185929698795|1|1|1|1|1|1|0.933363715751|0.933581836144|0.926064546189|0.91771381673|0.890101188306|0.932152109743|0.929832714659|0.907196395227|0.904022074708|0.916194094361|0.540675318682|0.531000853197|0.526632244221|0.555827912344|0.545637307603|0.552602774599|0.553818050713|0.559864606752|0.560632148739|0.561376422853|0.313285365293|0.31012349754|0.309329051052|0.314092491723|0.29650843417|0.114563230163|1|1|1|1|1|1|1|1|1|1|1|1|1|1|1|1|1|1|1|1|1|1|0.764340594236|0.98770560214|0.978581740577|0.974556327042|0.939552509666|0.929691299384|0.928428211849|0.969817669465|0.957723573994|1|1|1|1|1|1|1|0.971087022548|0.961777691257|0.976596985081|0.948262622074|0.671646759897|0.664480236852|0.661959509501|0.678943629221|0.66980035616|0.663746307595|0.633352511114|0.689110824079|0.683192072226|0.66426180228|0.676155202865|0.665710012027|0.653616822677|0.638141533814|0.594799176645|0.342747333801|0.3410647107|0.34007412022|0.32260062658|0.297276534651|0.309679252531|0.0571323460737
0,5,2,tree_robustness,front_loaded_decisions,delayed,0|5|10|15|50|100|160|225,adjoint_lbfgsb,adjoint_lbfgsb,1,structured_ramp,,7.594632051793553,7.660812223545836,0.06618017175228275,True,True,False,False,value_and_gradient,7.660812223545836,672,672,346,38.98771023750305,CONVERGENCE: REL_REDUCTION_OF_F_<=_FACTR*EPSMCH,0|0.7526116062|0.560999327661|0.887959478043|0.672000659678|0.697305705183|0.466588813661|0.990059934013|0.786228563189|0.785281119779|0.807540415885|0.556748698532|0.560307051746|0.572131333643|0.356307335074|1|0.922732339928|0.939044624275|0.943172399536|0.937232697907|0.616962735377|0.61755735259|0.616793276918|0.644869319383|0.639892235311|0.647728293003|0.372800412895|0.373988503026|0.376620432354|0.394671819919|0.185941272038|1|1|1|1|1|1|0.936490570156|0.934275445116|0.926088877692|0.917873873325|0.889686693816|0.932739265518|0.92986305563|0.907314481159|0.904007908049|0.917082161719|0.537187197379|0.528672969381|0.525411451748|0.554695869517|0.544926700359|0.553864127428|0.553595868316|0.559406287754|0.561675505057|0.560791225072|0.314156517358|0.310062416768|0.309121493776|0.312309612978|0.295455571139|0.11682915391|1|1|1|1|1|1|1|1|1|1|1|1|1|1|1|1|1|1|1|1|1|1|0.771153344339|0.984859895534|0.977435828857|0.975410738336|0.942070431119|0.934550125814|0.933030848308|0.978713564581|0.967765855024|1|1|1|1|1|1|1|0.973354041235|0.968893077075|0.978174389016|0.952785650619|0.67413370792|0.6644946692|0.663366048946|0.67941358763|0.670574464911|0.664669914475|0.634689544032|0.689570488282|0.681027546256|0.664315348689|0.674066240204|0.666427185044|0.658573926042|0.640698154106|0.60330737609|0.366923100223|0.359937124161|0.3534021214|0.32729931731|0.299067671607|0.313033277041|0.0905663152963
0,5,2,tree_robustness,front_loaded_decisions,delayed,0|5|10|15|50|100|160|225,adjoint_lbfgsb,adjoint_lbfgsb,2,structured_sigmoid,,7.575449780807876,7.66081217995299,0.08536239914511423,True,True,False,False,value_and_gradient,7.66081217995299,591,591,344,34.41039538383484,CONVERGENCE: REL_REDUCTION_OF_F_<=_FACTR*EPSMCH,0|0.752686598964|0.560748249672|0.888079725882|0.671927411897|0.69742963143|0.466224048378|0.989971219288|0.786287083872|0.785142308284|0.807514596184|0.556671307674|0.560256502567|0.57221087394|0.356198671536|1|0.922883162291|0.939228939569|0.943334828339|0.937547080569|0.617075817911|0.617747731126|0.616906406781|0.64453849584|0.639379245068|0.647636564793|0.373060061495|0.373384604359|0.376396024031|0.394814417588|0.185952189688|1|1|1|1|1|1|0.934379744751|0.934206972613|0.926090312344|0.917712172537|0.889016412688|0.933132626994|0.929438966453|0.907106928873|0.903719470403|0.917324979193|0.538078502172|0.53009117102|0.526928361015|0.554761641002|0.545019211186|0.553903451448|0.553049631575|0.558991564725|0.559954204026|0.56074215446|0.309461502961|0.306336301531|0.305351080218|0.314401728898|0.297823786936|0.117928268796|1|1|1|1|1|1|1|1|1|1|1|1|1|1|1|1|1|1|1|1|1|1|0.774831782217|0.985336091885|0.977204624195|0.975169020704|0.941873616417|0.934120020217|0.932784494382|0.976978268887|0.967551133036|1|1|1|1|1|1|1|0.975961844049|0.967689268428|0.984246963701|0.945350842117|0.67187423157|0.662116758174|0.6609875269|0.678483638541|0.669903677669|0.664143090866|0.635016278059|0.694761924883|0.683780955264|0.67857361967|0.676405970947|0.669223572417|0.66148490184|0.649331492127|0.615079979893|0.36463116046|0.357801755616|0.351455252463|0.327132977876|0.300201001819|0.315584305494|0.0919216164841
0,5,2,tree_robustness,front_loaded_decisions,delayed,0|5|10|15|50|100|160|225,adjoint_lbfgsb,adjoint_lbfgsb,3,structured_constant,,7.638542429180271,7.660811969796696,0.022269540616425054,True,True,False,False,value_and_gradient,7.660811969796696,290,290,141,16.669227838516235,CONVERGENCE: REL_REDUCTION_OF_F_<=_FACTR*EPSMCH,0|0.752711743317|0.560859288808|0.888103912745|0.672066688933|0.697434059427|0.466198055452|0.990102801609|0.786309853016|0.785178960883|0.807448568134|0.556753040997|0.560327391056|0.572214969814|0.3559737793|1|0.92315645559|0.939169294141|0.943307242341|0.937371268498|0.617175807286|0.617434541436|0.616627162937|0.644961149634|0.640252702757|0.648092379892|0.372602964652|0.374073759251|0.376484951298|0.394470043814|0.184914811664|1|1|1|1|1|1|0.934909059686|0.934384204446|0.926418205671|0.918137260388|0.889712600011|0.933048244287|0.930042909341|0.908067896733|0.903879905102|0.916329923063|0.538475516735|0.530848522658|0.527720797217|0.554965224781|0.545093523507|0.553993346824|0.552526893246|0.558310023898|0.562557801965|0.56134689178|0.312746298491|0.308613303482|0.30764976148|0.313484584967|0.2972180981|0.111628432583|1|1|1|1|1|1|1|1|1|1|1|1|1|1|1|1|1|1|1|1|1|1|0.773774159729|0.994495880219|0.989131496777|0.987253386265|0.954891773855|0.946728923603|0.944864483985|0.995050157425|0.980949800586|1|1|1|1|1|1|1|0.983975133081|0.97335904241|0.976496548071|0.935573786614|0.675964236579|0.665867311839|0.664702145765|0.672840383564|0.663006063687|0.656035346385|0.622142356361|0.671644909286|0.668098582692|0.642301627972|0.660368299473|0.65154913845|0.642168144658|0.619870622132|0.577173769488|0.378297815965|0.369666545717|0.361936661451|0.316100690534|0.278191410974|0.282399740535|0.110066325926
0,5,2,tree_robustness,front_loaded_decisions,delayed,0|5|10|15|50|100|160|225,adjoint_lbfgsb,adjoint_lbfgsb,4,warm_start_perturbed,,7.659938699609454,7.6608120283701,0.0008733287606457196,True,True,False,False,value_and_gradient,7.6608120283701,383,383,193,22.07700490951538,CONVERGENCE: REL_REDUCTION_OF_F_<=_FACTR*EPSMCH,0|0.752706985909|0.560916821056|0.888070783699|0.671866208561|0.697424811202|0.466107816557|0.990068361896|0.786244148437|0.785144717487|0.807430073904|0.556709973256|0.56031498521|0.572217181076|0.356059824499|1|0.922938341416|0.939155451983|0.943097269343|0.93731625158|0.617155166395|0.617346070558|0.616747201664|0.645158717114|0.639723499562|0.647629855341|0.372739271556|0.373991872884|0.376232924244|0.394771291152|0.18550636598|1|1|1|1|1|1|0.934435183321|0.934542285319|0.926499440321|0.918128388401|0.889307447253|0.933564361685|0.930254120451|0.906286201444|0.903209653065|0.917283531091|0.540979094899|0.530982951948|0.525827847698|0.554398974215|0.544586346739|0.554406262731|0.553327720564|0.559766456127|0.56234090381|0.56197944979|0.314979167903|0.310646580563|0.30844108978|0.31385377545|0.299326767962|0.114279087878|1|1|1|1|1|1|1|1|1|1|1|1|1|1|1|1|1|1|1|1|1|1|0.673257170695|0.978275881125|0.979267565657|0.95941005378|0.93174163752|0.944373623157|0.925510656389|0.979039618404|0.963800614915|1|1|1|1|1|1|1|0.969544476087|0.968548469442|0.978536802207|0.936742129912|0.672125405181|0.663622725487|0.65763146434|0.679016511343|0.663219629504|0.665263002658|0.631681602968|0.688923484632|0.681005338741|0.661796325673|0.676735991504|0.669394035432|0.646367213193|0.646556344615|0.580679713864|0.340147741223|0.318914197014|0.355120818024|0.323919400112|0.303831772343|0.315591105884|0.0510703317556
0,5,2,tree_robustness,front_loaded_decisions,delayed,0|5|10|15|50|100|160|225,adjoint_lbfgsb,adjoint_lbfgsb,5,warm_start_perturbed,,7.65976207043669,7.660812204263214,0.001050133826524302,True,True,False,False,value_and_gradient,7.660812204263214,335,335,185,19.54686427116394,CONVERGENCE: REL_REDUCTION_OF_F_<=_FACTR*EPSMCH,0|0.75271302908|0.560938941252|0.888190456976|0.671869886846|0.697437149499|0.466699883861|0.990102825731|0.786302040829|0.785196861108|0.807501587414|0.556752958483|0.560345876129|0.572098657181|0.356100508122|1|0.9228488345|0.939134961343|0.943193730064|0.937357385365|0.617275534386|0.617368588013|0.616896096136|0.644759940722|0.63991525561|0.647533414354|0.373030133664|0.374015520609|0.376464613413|0.395462554546|0.186435510356|1|1|1|1|1|1|0.936270952603|0.935203653551|0.926641470357|0.919068798728|0.889392228767|0.932041418747|0.929975143593|0.90646145305|0.904500290414|0.917553537683|0.538681123044|0.530681724224|0.527471129108|0.554228704367|0.545097437893|0.553254199236|0.554062990415|0.558980322489|0.562538942222|0.561616256391|0.315302670529|0.311400852067|0.310084056323|0.313466136775|0.297577983426|0.114143234127|1|1|1|1|1|1|1|1|1|1|1|1|1|1|1|1|1|1|1|1|1|1|0.734078911247|0.988049501467|0.987454777721|0.984999711897|0.943922716225|0.931998955001|0.929604257325|0.976177314526|0.963982175003|1|1|1|1|1|1|1|0.973997442323|0.965684067294|0.976976007693|0.94133356545|0.663502060398|0.658786790119|0.645282031707|0.676106320811|0.671187684949|0.663794318122|0.63410674568|0.689139705092|0.687506712084|0.66748328916|0.66959159756|0.660523279783|0.646725406121|0.640443821829|0.594800832037|0.337680453937|0.338182258548|0.358262357267|0.305283509977|0.29365627941|0.316044496948|0.0694269700332
0,5,2,tree_robustness,front_loaded_decisions,delayed,0|5|10|15|50|100|160|225,adjoint_lbfgsb,adjoint_lbfgsb,6,warm_start_perturbed,,7.659740187863696,7.660812177358476,0.0010719894947799347,True,True,False,False,value_and_gradient,7.660812177358473,428,428,227,24.67117977142334,CONVERGENCE: REL_REDUCTION_OF_F_<=_FACTR*EPSMCH,0|0.752677243112|0.560822400728|0.887980774532|0.671941814072|0.697418349227|0.466596313078|0.990148159811|0.786289528917|0.785094798076|0.807495155738|0.556640052609|0.560278778815|0.572158044335|0.355965693547|1|0.922861830246|0.939208630688|0.943186830231|0.9373766491|0.617007760612|0.617152752555|0.616743815196|0.644817032388|0.640027939328|0.647928934307|0.372932697625|0.374071094957|0.376946031264|0.394230657206|0.187288009344|1|1|1|1|1|1|0.936231911288|0.934257451774|0.926234115998|0.918993348633|0.88949831923|0.931995175906|0.929336030928|0.906970705233|0.904403304592|0.916691783367|0.539600198125|0.531168726012|0.527535054792|0.554928059879|0.544650053394|0.553364082881|0.553352446583|0.559108518649|0.56521103835|0.563323012957|0.316918958759|0.309862319536|0.309466379761|0.314602696829|0.296386768508|0.115630869042|1|1|1|1|1|1|1|1|1|1|1|1|1|1|1|1|1|1|1|1|1|1|0.718116155406|0.989098861695|0.977062722684|0.979740296306|0.943964712763|0.934162349655|0.934883772594|0.974769172701|0.968971238831|1|1|1|1|1|1|1|0.973705058765|0.965137181812|0.967346761545|0.942462831949|0.673266058256|0.665957221113|0.661406151146|0.677275998012|0.67010568969|0.66418704432|0.634927687466|0.686205025288|0.682713742816|0.653976852294|0.677046596783|0.668101008957|0.655419876006|0.628377604|0.594127503294|0.357483688844|0.336561960164|0.342425105647|0.305852064808|0.285680701543|0.310531092482|0.0723364796384
0,5,2,tree_robustness,front_loaded_decisions,delayed,0|5|10|15|50|100|160|225,adjoint_lbfgsb,adjoint_lbfgsb,7,warm_start_perturbed,,7.659712778248131,7.660812210969896,0.001099432721765048,False,True,False,False,value_and_gradient,7.660812210969896,599,599,289,34.152716875076294,ABNORMAL_TERMINATION_IN_LNSRCH,0|0.752760824622|0.560780189376|0.888005913352|0.671869286038|0.697449471295|0.466383041934|0.990130137832|0.786204155962|0.785187315468|0.807512143918|0.556646601174|0.560327991066|0.572147738499|0.355963528648|1|0.922908644366|0.939165160887|0.943108928099|0.937311733088|0.617191004844|0.617886097486|0.616537489029|0.644931666728|0.639909548844|0.647751295272|0.372664735349|0.374127852047|0.376110767311|0.394342460428|0.185420675976|1|1|1|1|1|1|0.935300470251|0.93469309287|0.927231739505|0.918850284225|0.889675611957|0.932829061432|0.929892901441|0.907185812433|0.904665631898|0.917214664416|0.535628037474|0.531418642149|0.528667096156|0.554176570601|0.5456716555|0.55309372445|0.554292332632|0.560135678813|0.563826157936|0.558520011699|0.314213829784|0.308777650777|0.309014379746|0.315317185658|0.298302604731|0.117524419151|1|1|1|1|1|1|1|1|1|1|1|1|1|1|1|1|1|1|1|1|1|1|0.732906524415|0.982001926157|0.982616301072|0.976411135199|0.944551929333|0.935817211213|0.931511954443|0.978095433984|0.968834389648|1|1|1|1|1|1|1|0.969178469243|0.971608052316|0.975549059216|0.933323314624|0.670493478455|0.658050815017|0.658226511034|0.685773471409|0.669230917141|0.653881579272|0.629672510478|0.69602906575|0.683949312166|0.659543140632|0.671025564681|0.666448041628|0.658487312393|0.641835953624|0.598406009797|0.340633266021|0.328930974445|0.330892014882|0.318156437573|0.297818680779|0.307218861548|0.0420148471852
0,10,7,tree_robustness,front_loaded_decisions,delayed,0|5|10|15|50|100|160|225,adjoint_lbfgsb,adjoint_lbfgsb,0,warm_start,,7.648930556459334,7.648988051338353,5.749487901951511e-05,False,True,False,False,value_and_gradient,7.648988051338353,946,946,503,55.307212829589844,ABNORMAL_TERMINATION_IN_LNSRCH,0|0|0|0.891239426919|0.679265108882|0.702447588998|0.474001101916|0.986478040214|0.787187118519|0.784187364324|0.806599221765|0.565681499594|0.56815635721|0.573466844951|0.365247430079|1|0.907770918195|0.927521902029|0.932905072991|0.927384457174|0.617161097703|0.620159750415|0.616499040696|0.645149465109|0.639423090017|0.645366113469|0.377703310978|0.377174253855|0.375724748497|0.396645227177|0.196500497865|1|1|1|1|1|1|0.910375746744|0.906846572872|0.898589263516|0.896404262947|0.890376254152|0.936474902767|0.930491293911|0.91215760948|0.90695921028|0.899123209941|0.516592134957|0.517609982512|0.510584568881|0.532505642555|0.52779206124|0.541932409048|0.569344034348|0.569595315993|0.563570441376|0.568528233436|0.297878809701|0.297876610816|0.295755179706|0.301955575134|0.314074366633|0.109076949554|1|1|1|1|1|1|1|1|1|1|1|1|1|1|1|1|1|1|1|1|1|1|0.773888523612|0.948082803486|0.942262616841|0.946841853091|1|1|1|1|1|1|0.98415753|0.977544112638|0.986826145833|0.988602107001|0.983962676265|0.975944352502|1|1|0.991908752595|0.97213331896|0.637612882402|0.627288171518|0.634214459228|0.639283647155|0.640173650147|0.632504562403|0.659762242771|0.661456510922|0.650849481216|0.635139737786|0.635390376311|0.636748705469|0.62503055903|0.611891737856|0.619722402596|0.323137267462|0.324796154723|0.318943563925|0.304983208957|0.309207162058|0.297212553403|0.0524521229594
0,10,7,tree_robustness,front_loaded_decisions,delayed,0|5|10|15|50|100|160|225,adjoint_lbfgsb,adjoint_lbfgsb,1,structured_ramp,,7.582517112917975,7.648987926213393,0.06647081329541837,True,True,False,False,value_and_gradient,7.648987926213393,351,351,204,20.734972715377808,CONVERGENCE: REL_REDUCTION_OF_F_<=_FACTR*EPSMCH,0|0|0|0.891335730212|0.678999560928|0.702630974992|0.473855409735|0.986484483749|0.78714536239|0.784120981136|0.806547060463|0.565737638397|0.568134455485|0.573443546946|0.365270407297|1|0.907777304133|0.927511657406|0.932797726053|0.92742955981|0.617204613072|0.619952604613|0.616483637686|0.644965453316|0.639072110799|0.645544144752|0.377821521142|0.377361984182|0.376023846895|0.397600604872|0.196408038185|1|1|1|1|1|1|0.911872284949|0.907147223337|0.898392618409|0.896428832255|0.889637209359|0.935989255664|0.929819080338|0.912404897602|0.907336121677|0.899471669927|0.517462447679|0.518422529781|0.511793179705|0.532108321359|0.52756994993|0.541763485908|0.569609018559|0.570027658214|0.56389374559|0.568090096275|0.300074539704|0.300271443176|0.298419914421|0.303536590349|0.314093438981|0.111269699994|1|1|1|1|1|1|1|1|1|1|1|1|1|1|1|1|1|1|1|1|1|1|0.79196411968|0.956003691317|0.945729591208|0.952267146022|1|1|1|1|1|1|0.9856673403|0.974272556081|0.983092923771|0.979841317561|0.980954279061|0.963485416436|1|1|0.989678074572|0.956462719611|0.645523127946|0.634941714736|0.642208851198|0.63988280158|0.640490652593|0.632210904402|0.656583195006|0.658615343622|0.647246091255|0.637201293221|0.63186909898|0.633883665243|0.622932221698|0.614358429316|0.632561664848|0.348252678331|0.34899428698|0.338256138488|0.301461897229|0.292976586186|0.278951651463|0.0881045453353
0,10,7,tree_robustness,front_loaded_decisions,delayed,0|5|10|15|50|100|160|225,adjoint_lbfgsb,adjoint_lbfgsb,2,structured_sigmoid,,7.563722455223245,7.648988026377983,0.08526557115473743,True,True,False,False,value_and_gradient,7.648988026377983,616,616,360,36.03239369392395,CONVERGENCE: REL_REDUCTION_OF_F_<=_FACTR*EPSMCH,0|0|0|0.891304550857|0.679233522805|0.702545156078|0.474139210781|0.986503136988|0.787157253941|0.784226089261|0.806641670521|0.565719995241|0.568129242014|0.573562430622|0.365225741209|1|0.907760759434|0.927505188974|0.932869299091|0.927408995577|0.617144974223|0.620175899854|0.616825985821|0.645128919134|0.639316039862|0.645568291894|0.377470779864|0.376884785785|0.375223004787|0.396670055416|0.196410596198|1|1|1|1|1|1|0.910347009656|0.906830523663|0.898522117718|0.896405288038|0.890405824622|0.936502399933|0.930469156287|0.911197298236|0.906481740386|0.898613248159|0.516160014423|0.517449797507|0.510299177778|0.532161794132|0.527532709125|0.541096193793|0.568481525819|0.56871454645|0.562534305093|0.567501788447|0.298175627779|0.298438247565|0.296328378287|0.301111277746|0.313531772098|0.112970351112|1|1|1|1|1|1|1|1|1|1|1|1|1|1|1|1|1|1|1|1|1|1|0.794036252461|0.953493613066|0.943402886833|0.94984586472|1|1|1|1|1|1|0.988621495526|0.975979775768|0.984211036389|0.985014516061|0.985802058304|0.976512770661|1|1|0.991901990151|0.969594254467|0.640846258463|0.630363818228|0.637426697796|0.640828862095|0.641497448244|0.633555008649|0.659878535024|0.66189748707|0.650846565551|0.639414766809|0.635943015256|0.637944617404|0.627293281892|0.616405642752|0.628050715092|0.335141717419|0.336238798621|0.326862242222|0.299934675726|0.298111821877|0.285861620798|0.0723616404854
0,10,7,tree_robustness,front_loaded_decisions,delayed,0|5|10|15|50|100|160|225,adjoint_lbfgsb,adjoint_lbfgsb,3,structured_constant,,7.628198945509358,7.648987998033809,0.02078905252445118,True,True,False,False,value_and_gradient,7.648987998033809,466,466,273,27.754123210906982,CONVERGENCE: REL_REDUCTION_OF_F_<=_FACTR*EPSMCH,0|0|0|0.891224907317|0.679353845693|0.702645648995|0.473852427449|0.986514099035|0.787081171541|0.784182015085|0.806558877184|0.565576684872|0.568198525785|0.573494808267|0.365270876646|1|0.907683468485|0.927450846272|0.93288694472|0.927381765633|0.617104199544|0.620259794568|0.616391956592|0.645223206214|0.639399590808|0.645550608452|0.37774888569|0.377225289452|0.375769686342|0.396578743462|0.19689290478|1|1|1|1|1|1|0.910706286701|0.906704000556|0.8982880402|0.896236955372|0.89044079003|0.936404335409|0.930646235785|0.912418446489|0.907463832933|0.899619453215|0.515544036575|0.517385420603|0.509516522006|0.532079241949|0.527587633094|0.541557555783|0.570387389126|0.570678281938|0.56461499545|0.566873343403|0.299287830085|0.29963510582|0.297920493817|0.30204759669|0.312372209161|0.108724222592|1|1|1|1|1|1|1|1|1|1|1|1|1|1|1|1|1|1|1|1|1|1|0.789735669624|0.958011100605|0.947359142821|0.954057421734|1|1|1|1|1|1|0.986739992258|0.971388934519|0.979998735987|0.982643219502|0.983594590731|0.972427542498|1|1|0.994372447278|0.96750372068|0.636211333649|0.625770326119|0.632740180538|0.636722296708|0.63742590666|0.629267276159|0.655860100006|0.657941941306|0.646498442353|0.635141992248|0.631026028808|0.633101124078|0.622102986117|0.611758617161|0.626703436431|0.324632397953|0.325797114719|0.316258643148|0.287454715979|0.284864501262|0.271595111196|0.0585810253918
0,10,7,tree_robustness,front_loaded_decisions,delayed,0|5|10|15|50|100|160|225,adjoint_lbfgsb,adjoint_lbfgsb,4,warm_start_perturbed,,7.648300318868741,7.648988035362246,0.0006877164935046309,True,True,False,False,value_and_gradient,7.648988035362249,595,595,357,35.481947898864746,CONVERGENCE: REL_REDUCTION_OF_F_<=_FACTR*EPSMCH,0|0|0|0.891180805943|0.679265389998|0.702520330528|0.474028053434|0.9864988717|0.787198462985|0.784152178395|0.806635506544|0.565664305479|0.568180034306|0.573503833476|0.365243235591|1|0.907764103263|0.927516831115|0.932903525415|0.927318693887|0.617189377927|0.620283115372|0.616476346912|0.645070195442|0.639362432368|0.645448574329|0.37749108768|0.377242832467|0.375677657486|0.396698644236|0.196966052517|1|1|1|1|1|1|0.909956377381|0.906833692413|0.898659180122|0.89639337537|0.890228748315|0.93642201414|0.930154598679|0.911963164272|0.907076682526|0.898917249296|0.516310030341|0.517504798738|0.510493728424|0.532729814122|0.528497691396|0.541615840673|0.570038350283|0.569871481805|0.564238718865|0.568038921064|0.296503464344|0.296628301611|0.297103833095|0.302988088045|0.314510202216|0.110042178695|1|1|1|1|1|1|1|1|1|1|1|1|1|1|1|1|1|1|1|1|1|1|0.774244635942|0.958906788088|0.948778527836|0.950669895032|1|1|1|1|1|1|0.99100229714|0.975872059979|0.984174863588|0.985277784987|0.98414869465|0.975664801795|1|1|0.992979610804|0.966994903111|0.63683267167|0.626591955097|0.634047801237|0.634485695517|0.634379147362|0.630910009095|0.662110756581|0.655222205343|0.653956698292|0.627857623781|0.627084097795|0.636452632633|0.622826149905|0.604484449999|0.619654824307|0.323947993967|0.328237648048|0.32424941956|0.302449812539|0.309459435041|0.297879649828|0.0402344531476
0,10,7,tree_robustness,front_loaded_decisions,delayed,0|5|10|15|50|100|160|225,adjoint_lbfgsb,adjoint_lbfgsb,5,warm_start_perturbed,,7.648069901439985,7.648988035827541,0.0009181343875557246,True,True,False,False,value_and_gradient,7.648988035827541,823,823,461,48.78463387489319,CONVERGENCE: REL_REDUCTION_OF_F_<=_FACTR*EPSMCH,0|0|0|0.891232703631|0.679224170107|0.702520730933|0.474134747874|0.986488888138|0.787172414819|0.784154839281|0.806589796727|0.565701175746|0.568184591707|0.573433393979|0.36522643195|1|0.907763996099|0.927513268038|0.93290427217|0.927299351356|0.617072541566|0.620269980657|0.616564535026|0.645147244684|0.639294055006|0.645433325923|0.377621751753|0.377306957749|0.375675574279|0.396659057133|0.19671733387|1|1|1|1|1|1|0.910349232487|0.906912716401|0.898700547324|0.896388185687|0.890363339028|0.93634299518|0.930539513746|0.911837592219|0.906861144466|0.899186539648|0.51646855883|0.517544829389|0.510363899544|0.532139650122|0.528009996294|0.541849444455|0.569279809223|0.569557921213|0.563525691084|0.567637989379|0.297337655912|0.298168978793|0.296056659533|0.302348492767|0.314102296266|0.110944334958|1|1|1|1|1|1|1|1|1|1|1|1|1|1|1|1|1|1|1|1|1|1|0.789195592255|0.953660429656|0.951643837612|0.950323156844|1|1|1|1|1|1|0.983934029422|0.977081006317|0.988175703052|0.985507648652|0.98594483164|0.976243763818|1|1|0.991300287003|0.969841369171|0.635695465885|0.627558967922|0.634447563114|0.630110335958|0.636593151945|0.625689575475|0.662718276315|0.657852400555|0.645303998176|0.644517280725|0.634513403772|0.636912620562|0.614693447087|0.608937176155|0.622350505843|0.318642999378|0.330422119589|0.319044626816|0.300552168267|0.308541783147|0.296352848911|0.0546188940023
0,10,7,tree_robustness,front_loaded_decisions,delayed,0|5|10|15|50|100|160|225,adjoint_lbfgsb,adjoint_lbfgsb,6,warm_start_perturbed,,7.647949009158205,7.648987960910117,0.0010389517519113767,True,True,False,False,value_and_gradient,7.648987960910117,283,283,213,17.26192593574524,CONVERGENCE: REL_REDUCTION_OF_F_<=_FACTR*EPSMCH,0|0|0|0.891218459741|0.679266007512|0.7024209401|0.474091556305|0.986498543511|0.787136684981|0.7841500902|0.806548214947|0.565729326582|0.568145753413|0.573265328458|0.365233241403|1|0.907747414733|0.927371647877|0.932980764729|0.927403745234|0.617119612768|0.619981418822|0.616483112333|0.645136470475|0.639362524172|0.645358843009|0.378027300549|0.377621289635|0.3759340241|0.397055438328|0.196935555217|1|1|1|1|1|1|0.910271476664|0.907137810613|0.898791543855|0.896741835649|0.890252595133|0.936885999936|0.930319427262|0.911551445055|0.90720813135|0.898599446472|0.516487821143|0.518096334963|0.510780976627|0.532417636463|0.527531966473|0.54265909723|0.56953509577|0.569991449929|0.564059618094|0.568181366555|0.298229975927|0.2968692546|0.294879643704|0.302338193695|0.313705658735|0.110286032382|1|1|1|1|1|1|1|1|1|1|1|1|1|1|1|1|1|1|1|1|1|1|0.738421679539|0.959725304276|0.952378719767|0.962283985747|1|1|1|1|1|1|0.996096132322|0.980001202713|0.982360057445|0.992742085216|0.99513129358|0.974029704029|1|1|0.991409769335|0.968596056442|0.639389883166|0.629966355862|0.635911421949|0.642052394215|0.636334347324|0.633840097624|0.665597143318|0.666664421961|0.64853319247|0.645649992991|0.638298008876|0.632903062979|0.616498259528|0.612147323571|0.619689059673|0.324512405844|0.32844043573|0.322763899691|0.304107177842|0.307998847828|0.29771428906|0.0431346934782
0,10,7,tree_robustness,front_loaded_decisions,delayed,0|5|10|15|50|100|160|225,adjoint_lbfgsb,adjoint_lbfgsb,7,warm_start_perturbed,,7.647909674123775,7.648988031513603,0.0010783573898285326,True,True,False,False,value_and_gradient,7.648988031513603,577,577,379,34.58326864242554,CONVERGENCE: REL_REDUCTION_OF_F_<=_FACTR*EPSMCH,0|0|0|0.891144211326|0.679175949723|0.702520628853|0.474262957292|0.986485157742|0.78723389877|0.784234364437|0.806577153168|0.565621997888|0.568313414292|0.573517546363|0.365206265539|1|0.907681044226|0.927502211138|0.932871885862|0.927440965833|0.617176487534|0.620547250394|0.616548926576|0.645131700259|0.639261498838|0.645281851368|0.377680905564|0.377209372446|0.375680339949|0.396693589252|0.198220788455|1|1|1|1|1|1|0.910776125144|0.907358295343|0.898852465738|0.895877780172|0.890584997251|0.936355160324|0.930471969922|0.911921083832|0.906935736277|0.898990216773|0.513918920528|0.516734273581|0.511753829071|0.532191826452|0.527697453321|0.54174585663|0.569524020099|0.569802942643|0.563583521197|0.56830879909|0.30164981664|0.297030761502|0.296684577302|0.303542829486|0.315456019859|0.109323045891|1|1|1|1|1|1|1|1|1|1|1|1|1|1|1|1|1|1|1|1|1|1|0.774419792017|0.954310259647|0.945427254814|0.951824638486|1|1|1|1|1|1|0.988065496347|0.977167508569|0.985250091473|0.985374589018|0.986069578511|0.978941988627|1|1|0.991236653752|0.970848587725|0.638524996436|0.627485714048|0.635275201574|0.635638443806|0.639591792965|0.623247978435|0.661240834454|0.667083640474|0.653427090557|0.636256650999|0.637435019019|0.641187709363|0.624041195964|0.61071845728|0.619835212984|0.318550849088|0.319937859709|0.308835235445|0.304438131477|0.307427728852|0.29868404963|0.0578955731125
0,15,15,tree_robustness,lower_fragility_weight,delayed,0|5|10|15|35|75|125|175|225,adjoint_lbfgsb,adjoint_lbfgsb,0,warm_start,,7.73962918056733,7.739644429747853,1.5249180522758365e-05,True,True,False,False,value_and_gradient,7.739644429747853,191,191,149,21.580451488494873,CONVERGENCE: REL_REDUCTION_OF_F_<=_FACTR*EPSMCH,0|0|0|0|0|0|0|0.733208237388|0.377509922742|0.386476682959|0.388120173618|0.176148143854|0.176148121101|0.176958003146|0.0667973568307|0.898291438647|0.494442085157|0.481830893506|0.489926014691|0.496610837066|0.225079481147|0.223923684148|0.22349778443|0.2303015389|0.229965546582|0.231371679377|0.0916330479555|0.09177562484|0.0920337475061|0.0919890267653|0.028120143572|1|0.563509222487|0.55688016439|0.524323545713|0.533996723372|0.533483634491|0.24019376821|0.238427027218|0.23852037332|0.237306432782|0.231026002307|0.232536474044|0.23157836174|0.230996204992|0.230672981095|0.232432787349|0.0909326357369|0.0900445924635|0.0900378448836|0.0910873491001|0.0908911043065|0.0912251461092|0.0896235918027|0.0896191347688|0.0896770750723|0.0905279557506|0.0302191718568|0.0302309088205|0.03028619822|0.0291281806071|0.0284265737421|0.00670755477138|1|1|0.981291804195|0.881651341277|0.876790509928|0.873594923842|0.870746403738|0.553210896478|0.502430774956|0.461131735821|0.463625479184|0.46440446784|0.481873420701|0.442535594033|0.452484074086|0.463596736984|0.428208458686|0.424725519847|0.424058538663|0.410469680371|0.412316452273|0.417794214127|0.207971678687|0.198217025748|0.195557585043|0.196160792427|0.187672355618|0.188408188195|0.188400723194|0.187751276215|0.187589796387|0.187750239928|0.188694870632|0.185802432733|0.185693543786|0.185207998693|0.185180506676|0.185467844513|0.172446760829|0.17236253992|0.172320451555|0.175259733077|0.0722981164079|0.0725426190757|0.0726620017592|0.0658704455225|0.0657190233123|0.0658017496617|0.0665128605684|0.0667070598986|0.0668833039121|0.063396026419|0.065967679452|0.0659974560548|0.0660852788878|0.0625538312221|0.0602951835899|0.0179141707165|0.0179183347334|0.0179278184616|0.0169773189738|0.0163235878265|0.0162470181169|0.00201967164864|1|1|1|1|1|1|1|1|1|1|0.882670223276|0.789177341941|0.794678096467|0.796858717853|0.974258580085|0.858041275726|0.773151270998|0.779025485135|0.781571698511|0.819444318543|0.739285349135|0.744359606421|0.747312597364|0.677911233588|0.678788072377|0.678727069548|0.644836654529|0.644362227927|0.64534922854|0.476268572546|0.451162302227|0.415624881364|0.419053935585|0.42014788217|0.423675502998|0.390354658523|0.393615940104|0.39680609261|0.364246061534|0.36565965892|0.365527215947|0.35405236813|0.354426241528|0.355503607055|0.414581453258|0.379403371766|0.382237275513|0.3835787222|0.352830815768|0.353968751834|0.354248397924|0.343633865601|0.343927016347|0.344754404745|0.341163908125|0.342545147357|0.342943905267|0.33278677068|0.333112216013|0.332889291956|0.304745437831|0.305277116611|0.305806557994|0.305680559367|0.192745157242|0.174243023106|0.161646934365|0.16097727146|0.146050235416|0.14881522301|0.148023510445|0.142532886223|0.141928683645|0.141798424667|0.154546358689|0.142896893796|0.142145391859|0.137032973497|0.137962952492|0.137876982537|0.124525644313|0.124250282546|0.124110180746|0.126106496435|0.151908875486|0.151649530044|0.151095242421|0.134314979855|0.135185755076|0.135093030882|0.132558124452|0.132334247168|0.132236424123|0.12373639547|0.130310251608|0.130105134254|0.130023351072|0.121880656712|0.116123037962|0.0506963872598|0.0501502113106|0.0496580449756|0.044318833408|0.0442344218957|0.0440811850987|0.0432171757235|0.0430129317573|0.0428869684096|0.0398697334437|0.0424229125113|0.0422319996803|0.0421184721905|0.0395477923689|0.037521214138|0.0420444111041|0.0418644461694|0.041752809907|0.0392011880091|0.0372053715107|0.036945477108|0.00601936658808|0.00574211587361|0.00635861273679|0.00565131665341|0.00526951709168|0.00522800744775|0.0052170116735|0
0,15,15,tree_robustness,lower_fragility_weight,delayed,0|5|10|15|35|75|125|175|225,adjoint_lbfgsb,adjoint_lbfgsb,1,structured_ramp,,7.72583225261549,7.739644428812809,0.01381217619731867,True,True,False,False,value_and_gradient,7.739644428812809,329,329,261,37.1458477973938,CONVERGENCE: REL_REDUCTION_OF_F_<=_FACTR*EPSMCH,0|0|0|0|0|0|0|0.733228786669|0.377539946643|0.386480128757|0.388122969659|0.176148115015|0.176148945913|0.176946968916|0.0667772261234|0.898335820295|0.494432866742|0.481804900389|0.489907144356|0.496618281146|0.225083901713|0.223947782241|0.223497172076|0.230290537685|0.229964118885|0.231375892021|0.0916365653188|0.0917544237017|0.0920002786027|0.0919929240912|0.0280150442302|1|0.563390381594|0.556968142467|0.524475536494|0.534031217951|0.533469832799|0.240055343957|0.238651224598|0.23847675846|0.23724250142|0.231143498832|0.232661757176|0.231711274849|0.230969597682|0.230673773629|0.232456302713|0.0909798434248|0.0902019030662|0.0901836725095|0.0911220390102|0.0910094010891|0.0914021955987|0.089520980462|0.0895178691222|0.0895546158074|0.0903013920247|0.0301614485992|0.0301614855492|0.0302107131767|0.029072144996|0.0283638447218|0.00665149066383|1|1|0.981095233744|0.881588875171|0.876537200782|0.873458519589|0.870669838241|0.552811865679|0.501639863758|0.460862329429|0.463369284794|0.464171025321|0.481166489356|0.442514125808|0.452359266153|0.463356042856|0.428863138135|0.425134144321|0.424495394213|0.410924547977|0.412611125238|0.417918690333|0.206516375278|0.198326713676|0.194757248|0.195310157658|0.187338748763|0.188199789341|0.188138953057|0.187705491223|0.187544782505|0.187702226917|0.188798026108|0.185737577528|0.185613946347|0.185173708456|0.185133385733|0.185413243153|0.172352621942|0.172301769623|0.172286536609|0.17533635237|0.072542597462|0.0727804086091|0.0729035607038|0.0661524532232|0.0660281232809|0.0660976772688|0.0664431371046|0.06661227136|0.0667698879676|0.0633007693468|0.0659164217734|0.0659163596829|0.0659900414027|0.0625142849217|0.0601797559063|0.0178428538636|0.0178507179338|0.0178634754339|0.0168030966207|0.0161077634145|0.0160463457908|0.00201766798388|1|1|1|1|1|1|1|1|1|1|0.884122397414|0.790425613896|0.795792069994|0.797918135766|0.976002698624|0.859791049239|0.774236287342|0.780099094925|0.782519515426|0.821132465987|0.740295078502|0.745473762982|0.748429604026|0.678190906933|0.679705243802|0.679814041257|0.645213403965|0.645195635893|0.646366147784|0.481676929015|0.449350639847|0.413747707996|0.418143911678|0.419898106443|0.421648386453|0.388496988364|0.392332440077|0.39449272236|0.363937929971|0.365151314354|0.36518980275|0.354565872505|0.354558336122|0.355362525676|0.407566341716|0.375879421823|0.379311787824|0.380913723668|0.352438791993|0.353839606167|0.353943071055|0.34432006787|0.344243074972|0.344796598688|0.341491541268|0.342423975504|0.342717681497|0.33380599638|0.333751374696|0.334199726088|0.307621946509|0.307675085628|0.307862137854|0.307259797888|0.195383282842|0.167147173987|0.158698021083|0.1596879442|0.141896853237|0.142670397828|0.142717102049|0.138650031214|0.13860563307|0.138887155882|0.148780960377|0.136586643095|0.136673370662|0.133444974171|0.133419770138|0.133642582341|0.121349544622|0.121390444913|0.121492136715|0.125898064297|0.146898444795|0.147554293315|0.14766063994|0.130848877026|0.130810451722|0.131026245363|0.131231049345|0.131282592264|0.13139010415|0.124019920694|0.129355303315|0.129408398955|0.12953900177|0.12239075776|0.117974478925|0.0499178745522|0.0502190374486|0.0502706314113|0.0411197306716|0.0411061565396|0.0412274629234|0.0404338816311|0.0404602568586|0.0405068230661|0.0383237124293|0.0398272747226|0.039857810855|0.0399048861159|0.0379733184839|0.0371606823841|0.0396060095638|0.039638775652|0.0396882529963|0.0379640174585|0.0372815341478|0.0372109044579|0.0037224025387|0.0037379641525|0.00375343870627|0.00401668651016|0.0059443343809|0.00518882863442|0.00533069143081|0
0,15,15,tree_robustness,lower_fragility_weight,delayed,0|5|10|15|35|75|125|175|225,adjoint_lbfgsb,adjoint_lbfgsb,2,structured_sigmoid,,7.721449173991244,7.7396444314019845,0.01819525741074024,True,True,False,False,value_and_gradient,7.7396444314019845,500,500,326,54.94686818122864,CONVERGENCE: REL_REDUCTION_OF_F_<=_FACTR*EPSMCH,0|0|0|0|0|0|0|0.73323490037|0.377505410708|0.386491159445|0.388133722442|0.17614811494|0.176148351328|0.176905073189|0.0667701736135|0.898307804617|0.49444869442|0.481849741559|0.489917438893|0.496622068888|0.225091222276|0.22394535908|0.223498938103|0.230333360575|0.229979305012|0.231397030518|0.0916126668387|0.09177766122|0.091993369368|0.092055449434|0.0281227645497|1|0.563561727996|0.55690417106|0.524373228458|0.534021841844|0.533500421454|0.240270210449|0.238589986046|0.238505877988|0.23727859858|0.231016180573|0.232563612701|0.231609727479|0.230928662613|0.230651375879|0.232488381352|0.0908693967193|0.0900361462543|0.0900276175712|0.0910404528214|0.0909331214475|0.0913179013137|0.0897044096558|0.0896646813231|0.0897036485917|0.0904913120065|0.0302443581379|0.0302300282236|0.0302677913512|0.0291543432273|0.0284857163963|0.00678209313457|1|1|0.981193576383|0.881598634638|0.876738413743|0.873462539857|0.870678026624|0.552954193265|0.501876060517|0.461213503984|0.463722995561|0.464530734086|0.4814523977|0.44288192597|0.452736990118|0.463759304139|0.428781731493|0.42513309884|0.424504833884|0.410761779079|0.41241856335|0.417777684674|0.207249254109|0.19922368412|0.196120590432|0.196718241648|0.187791131518|0.188683601701|0.188626304266|0.187765632824|0.187601700858|0.187759396651|0.188795514119|0.185962296028|0.185829165042|0.185214968259|0.185173244545|0.185456202515|0.172112319116|0.172068185643|0.172034559851|0.175091579828|0.0722848297067|0.0725292970046|0.0726481117516|0.0659883143321|0.0658676005743|0.0659377514392|0.0667999617335|0.0669702167428|0.0671304720778|0.0635770128187|0.0662413032164|0.0662435799657|0.0663189464882|0.0627918939996|0.0604573069392|0.0178621039072|0.0178735271657|0.0178960915753|0.0170225956279|0.0164255390584|0.0164305930639|0.00205781635324|1|1|1|1|1|1|1|1|1|1|0.884722383036|0.789978002739|0.795540202169|0.797695396284|0.975481324594|0.860307506396|0.774001514406|0.779927001545|0.782334415121|0.821467771554|0.739800377405|0.745038287802|0.748029888321|0.677175774007|0.67886029316|0.678978757775|0.644209260046|0.64419365273|0.645256493262|0.483866685151|0.448309435735|0.41326510421|0.417606258385|0.419350715023|0.420817483993|0.388799638637|0.392531029934|0.394668394502|0.364549780234|0.365775470216|0.365847726548|0.35460898055|0.354591336399|0.355401505935|0.407289693059|0.37691627402|0.380002934154|0.381609153345|0.353153493257|0.354572155335|0.354679234626|0.34413857146|0.344036118491|0.34459083407|0.34233855739|0.343381204954|0.343554639513|0.333246396919|0.333167517966|0.333611027457|0.306184072988|0.306199973114|0.306368247724|0.30516296724|0.195321417651|0.171518495356|0.159098745233|0.160043448982|0.14443090664|0.145179764938|0.14523517022|0.141616478147|0.141572021457|0.141852656563|0.152001854068|0.139408016443|0.139495516363|0.136265891657|0.136231790617|0.136451590726|0.12334248675|0.123354903209|0.12343895564|0.126433034272|0.149802450008|0.150438387409|0.150540897239|0.133594499979|0.133554120263|0.133762375176|0.132289598659|0.132305072552|0.132394011456|0.124052903977|0.130127708497|0.130140401204|0.130230291315|0.12193385045|0.116371846325|0.0515612671914|0.0518379370206|0.0518859422849|0.0438134220769|0.0437984312761|0.0439030767657|0.042857870247|0.0428636309256|0.042896368546|0.0399846103788|0.0420792897432|0.0420843354885|0.0421154800857|0.0392756189037|0.0375091168098|0.0417071280105|0.0417118260756|0.0417418106255|0.0389558187184|0.037180357096|0.036783631364|0.00614378960568|0.00614493833119|0.00615194978257|0.00564354544819|0.00514454513888|0.00517156003851|0.00516713897802|0
0,15,15,tree_robustness,lower_fragility_weight,delayed,0|5|10|15|35|75|125|175|225,adjoint_lbfgsb,adjoint_lbfgsb,3,structured_constant,,7.726967840717707,7.739644430995644,0.012676590277936661,True,True,False,False,value_and_gradient,7.739644430995644,349,349,262,39.45761251449585,CONVERGENCE: REL_REDUCTION_OF_F_<=_FACTR*EPSMCH,0|0|0|0|0|0|0|0.73324112852|0.377521847744|0.386469543801|0.388120596624|0.176148115738|0.176148133466|0.176904234525|0.0667842508029|0.898277750538|0.494481302508|0.481847094076|0.489935968967|0.49663505466|0.22511244362|0.223945203234|0.22350986234|0.230294620836|0.229971479481|0.231375576942|0.0916257273018|0.091761741742|0.0920112938591|0.0920355607607|0.0280569596343|1|0.563483595516|0.556944851012|0.524340561121|0.534002810864|0.533460790743|0.240275616237|0.238504754035|0.238465255882|0.237240051165|0.231050213765|0.232536704364|0.23158316063|0.231037691976|0.230734716229|0.232495659173|0.0909992791723|0.0901636447599|0.0901421393248|0.0910603795516|0.0909424696098|0.0913272690495|0.0897013001774|0.0896578728367|0.0896959114651|0.0905014778862|0.0302180455888|0.0302156269659|0.030263043568|0.0291884670377|0.0284874899422|0.00672197085794|1|1|0.981250477826|0.881666039135|0.876531620529|0.87345394914|0.870647868721|0.552951680533|0.502126669944|0.461169675468|0.463690434873|0.464489610881|0.481637705699|0.442602232616|0.452530780997|0.463650724124|0.428511943816|0.424831314435|0.424198700373|0.411170591213|0.412793887623|0.418355772979|0.207481728692|0.198546570204|0.195970975178|0.196529748673|0.187614807922|0.188513563353|0.188455746112|0.18764250076|0.187480035993|0.187636426521|0.188546841728|0.185860030611|0.185726085915|0.185117857667|0.185075442647|0.185354988566|0.172322744373|0.172276568219|0.172262398073|0.175389701885|0.0722753200112|0.0725192986063|0.0726406639047|0.0659787294735|0.0658625224435|0.0659321240333|0.0666139107608|0.0667814916627|0.0669401953372|0.0634438718927|0.0660643811624|0.0660643509611|0.0661373060534|0.0626645025902|0.0603756889866|0.0179525780775|0.0179502799445|0.0179578426652|0.0171238945823|0.0163952040583|0.0163107281923|0.00211537514118|1|1|1|1|1|1|1|1|1|1|0.885167259839|0.790688036426|0.79633672269|0.798435452859|0.974755784|0.860696378112|0.774687234433|0.780612515183|0.78301718064|0.82198775093|0.74034232115|0.745586231348|0.748592277918|0.676728229789|0.678687959803|0.678800654087|0.643001110589|0.64298426569|0.643694238834|0.478847555557|0.44916628023|0.414530370473|0.418881700685|0.420650253981|0.422157623403|0.389598692109|0.393399472868|0.395571794573|0.364617413991|0.365849671281|0.365934639437|0.35467630791|0.354666146593|0.355472617281|0.40861690869|0.377529106002|0.380735592792|0.382358813918|0.353166923038|0.354590994626|0.354698173341|0.344245811828|0.344150563211|0.344701246897|0.342228667243|0.343362668561|0.343520381486|0.333431875368|0.333358328173|0.333797368555|0.306623114389|0.306644103505|0.306809114985|0.305835698378|0.1938911668|0.171423102251|0.158883302246|0.159784778898|0.14440389847|0.145163641501|0.145216221211|0.141013116446|0.140966356965|0.141252390188|0.151992879036|0.13922689485|0.139315340404|0.135491552337|0.135455430721|0.135679333876|0.12226305202|0.122273769449|0.122360310573|0.125408488932|0.149481719571|0.150132598871|0.15023642413|0.132771720439|0.132736015592|0.132950866893|0.131294349325|0.131310323046|0.131423469094|0.123067886464|0.129083775905|0.129097065133|0.129187448244|0.120990783464|0.115586341107|0.0520330921387|0.0523148531995|0.0523687237112|0.0436021576313|0.0435851035078|0.0437116052165|0.0419390378453|0.0419460790898|0.0419808287442|0.0387336859733|0.0410619346065|0.0410669568178|0.0411022775239|0.0379651081766|0.0360581558207|0.0406571920784|0.0406626248986|0.0406958767005|0.0376330320008|0.0357697647432|0.0355367586973|0.00545629108513|0.00545846215267|0.00547115970602|0.00450006416767|0.00409183624061|0.00405049897742|0.0040383293873|0
0,15,15,tree_robustness,lower_fragility_weight,delayed,0|5|10|15|35|75|125|175|225,adjoint_lbfgsb,adjoint_lbfgsb,4,warm_start_perturbed,,7.739415099124155,7.739644429620515,0.00022933049636009173,True,True,False,False,value_and_gradient,7.739644429620515,236,236,196,27.085050582885742,CONVERGENCE: REL_REDUCTION_OF_F_<=_FACTR*EPSMCH,0|0|0|0|0|0|0|0.733219542128|0.377520824135|0.386478015627|0.388112633037|0.176139348926|0.17614811738|0.176940804782|0.0668169646054|0.898285331918|0.494437345644|0.4818218271|0.489898298571|0.496602300487|0.225091239753|0.223949721056|0.223496764911|0.23031775914|0.229977368613|0.23134040078|0.0916406365804|0.0917732256045|0.0920178378625|0.0919949341742|0.0280341070929|1|0.563498847932|0.556950734829|0.524324349031|0.5340365741|0.533486370193|0.240318894231|0.238489327198|0.238440299373|0.237239985443|0.230944667888|0.232479201661|0.231602649189|0.230976230419|0.230689372761|0.232444186247|0.0910214081787|0.0901856982424|0.0900961990527|0.0910539518498|0.0909420075024|0.0913259127495|0.0897409686812|0.0896230081499|0.089795303817|0.0906404616664|0.030239162575|0.0302825994355|0.0302418185183|0.0291713742754|0.0285738796869|0.00670757649361|1|1|0.980892975978|0.88165151642|0.876676899175|0.873343482555|0.87058857677|0.552884672346|0.501922052419|0.461015902334|0.463525685611|0.464290603007|0.481412646634|0.442655585952|0.45242692463|0.463477332754|0.428654290438|0.424962019175|0.424133979645|0.410889289298|0.412505417474|0.418132455009|0.207102649659|0.198719845026|0.195629045199|0.196520518649|0.187761043646|0.188696080822|0.188626224632|0.187741373715|0.187558721576|0.187778652742|0.188680010969|0.18603179134|0.185882995683|0.185266659824|0.185122518888|0.18553707493|0.172282784856|0.172214071108|0.172178119241|0.175256341705|0.0725428046146|0.0731367620754|0.0719171701178|0.0658325266464|0.065737249876|0.0656579394529|0.0664709244527|0.0667626084843|0.0668998560705|0.0633491093173|0.0661168288365|0.0660478191189|0.0659874288156|0.0625988087781|0.0603289538905|0.0178316560971|0.0177001842125|0.0177747432824|0.0171161457949|0.016315754201|0.0162374370409|0.00202392751107|1|1|1|1|1|1|1|1|1|1|0.885011302614|0.789172150064|0.795455438935|0.797672896938|0.975587779982|0.860495114546|0.773886015669|0.779814150573|0.782232940521|0.821719735607|0.739241179699|0.744725792536|0.747601059036|0.673884035129|0.678548540521|0.678455062047|0.641970673663|0.643628075105|0.642135266547|0.480398358769|0.448812161053|0.414471747177|0.417282992076|0.419593391869|0.421894896458|0.387663419476|0.392367371668|0.39482173543|0.363613223378|0.363126176348|0.365493969502|0.354691020229|0.355084944797|0.357266156305|0.408118177891|0.378227947167|0.378627764146|0.382543381301|0.351823758271|0.352536610877|0.353418453952|0.343222280674|0.342345929925|0.343876264334|0.341489223239|0.343268597715|0.34193259465|0.332175268996|0.333511600783|0.334285945495|0.307021706367|0.305955806134|0.306353488426|0.305582220131|0.201715697517|0.171994341913|0.153809397347|0.160324910527|0.147263451216|0.146017321779|0.147150245441|0.142058638385|0.141960279498|0.141655373182|0.153503140096|0.140541562099|0.140274933717|0.136432935113|0.136363029611|0.13665653424|0.122143821535|0.122886313186|0.122714259798|0.127293779783|0.150339454005|0.151213671358|0.150459907982|0.133629102399|0.133734832043|0.133926212279|0.131381820336|0.132015122876|0.133365020806|0.124100432603|0.130258585295|0.129454365125|0.128789964261|0.122484301457|0.114342872726|0.0507496489184|0.0560857524043|0.0516762799019|0.0413284396733|0.0459898162021|0.0449649335274|0.042539092241|0.0428058743611|0.0424029239312|0.0397056306513|0.0423404142775|0.0418811638552|0.0414220442079|0.0390986915525|0.0359937114451|0.0411022425|0.0412188373884|0.0414898608182|0.0388610648905|0.037051942124|0.0359364727367|0.00577772706376|0.00702484729674|0.00578060469131|0.00552479875812|0.00520825235845|0.00517658013578|0.00497200147691|0.000391350617712
0,15,15,tree_robustness,lower_fragility_weight,delayed,0|5|10|15|35|75|125|175|225,adjoint_lbfgsb,adjoint_lbfgsb,5,warm_start_perturbed,,7.739339527342451,7.739644430184487,0.0003049028420365474,True,True,False,False,value_and_gradient,7.739644430184487,308,308,235,34.943079233169556,CONVERGENCE: REL_REDUCTION_OF_F_<=_FACTR*EPSMCH,0|0|0|0|0|0|0|0.733237657477|0.377548027411|0.38649019566|0.388119411389|0.176148114417|0.176148154571|0.176920154664|0.0667910957706|0.898292607236|0.494451336982|0.481846026477|0.489917682947|0.49661740688|0.225103018437|0.223955734858|0.223500440287|0.230308593867|0.229969321767|0.231370957714|0.0916090282602|0.0917968728145|0.0920056712873|0.0920198521109|0.0280830418192|1|0.563518764584|0.556850300402|0.524350931228|0.534022882162|0.533462467112|0.240268742233|0.238518115138|0.238448793228|0.237240733605|0.230873864589|0.232554533875|0.231505563855|0.230941646848|0.230649906337|0.232480919858|0.0910852747375|0.0901259538441|0.0901178191075|0.0910565573789|0.0909178393652|0.0913041817383|0.0896976365365|0.089657154642|0.0896930528993|0.0905048765743|0.030202257641|0.0302337610564|0.0302624973377|0.0291334721628|0.028439787371|0.00671308220419|1|1|0.9812579617|0.881491435671|0.876521316832|0.873431077252|0.87065805978|0.553205483396|0.501977301071|0.460986536037|0.463380591979|0.464326578517|0.481385904747|0.442600028584|0.452430364432|0.463372167529|0.428808093597|0.425104450273|0.424399758525|0.410874974364|0.412520899488|0.417882573246|0.207457840746|0.198810399554|0.195541897333|0.19646470781|0.187729426812|0.188647182187|0.188556688196|0.187679414797|0.187792534828|0.187691805956|0.188614885689|0.186125783705|0.185927995759|0.185281609053|0.185146849372|0.185486796257|0.172265796721|0.172221570429|0.172255802807|0.175267697974|0.0722749613641|0.0726255634012|0.0724278008709|0.0657895095684|0.0659825130052|0.0657337923769|0.0666084575455|0.0667289162705|0.0668216904889|0.0633736706162|0.0659058539909|0.0660420392615|0.0660844100531|0.0626220075335|0.0602424736939|0.0179103714064|0.0180726967147|0.0179688979635|0.0171860405594|0.0163096395425|0.0162582885458|0.0020201965713|1|1|1|1|1|1|1|1|1|1|0.885267407061|0.790059755193|0.795939360738|0.797872113401|0.975906335878|0.860500383242|0.774352990581|0.780369066937|0.782263584092|0.82161701579|0.740142329652|0.745040084931|0.748001165164|0.676559123177|0.678340335814|0.678494122979|0.643570726932|0.642743371733|0.644216253562|0.481724014844|0.44824575316|0.413235090991|0.419357335893|0.418374512112|0.420745482042|0.386776758527|0.391216278334|0.397693924456|0.363320262296|0.364530386559|0.362517098904|0.357747560918|0.35245680543|0.35335967901|0.407812447389|0.374892498269|0.37929952314|0.379660813202|0.353350858495|0.35240801267|0.353952951424|0.34489211089|0.343866329366|0.342986637217|0.339920387155|0.341934150673|0.344345023835|0.334612109203|0.335094079462|0.333144587161|0.306633979034|0.306268702423|0.305873285025|0.305349832955|0.183184631364|0.172192179531|0.162676507824|0.1486937851|0.142747543421|0.145902218887|0.145568890292|0.141222728223|0.141586486639|0.142132626485|0.15293141964|0.141463884145|0.140112824317|0.136266499055|0.13669835049|0.1371823664|0.123359917333|0.123442545859|0.122934235101|0.127831412049|0.149896978826|0.150498624348|0.150722950478|0.133794435962|0.133630035391|0.132873566763|0.132349438794|0.131771428956|0.13056135414|0.122793973385|0.130443576004|0.131477735037|0.131920427108|0.122485657655|0.114651618159|0.0495325581116|0.0452744912283|0.0455331019269|0.0416983189564|0.0416905847432|0.0443276222084|0.0428765572033|0.0427729217541|0.0429123718154|0.0388268279628|0.0419576901441|0.0419444837631|0.0421332295236|0.0372275847069|0.0379920248585|0.041687604335|0.0417465904751|0.0416920841436|0.0387661084327|0.0369010543892|0.0367488314602|0.00972296608568|0.00586166601345|0.0065582747941|0.00560328190556|0.0054081747662|0.00518221940245|0.00501158646509|0
0,15,15,tree_robustness,lower_fragility_weight,delayed,0|5|10|15|35|75|125|175|225,adjoint_lbfgsb,adjoint_lbfgsb,6,warm_start_perturbed,,7.739327132440056,7.739644430075878,0.00031729763582255543,True,True,False,False,value_and_gradient,7.739644430075878,338,338,250,38.4201865196228,CONVERGENCE: REL_REDUCTION_OF_F_<=_FACTR*EPSMCH,0|0|0|0|0|0|0|0.733233002699|0.377510870097|0.386473234658|0.388130485627|0.176148109398|0.176148117554|0.176932652956|0.066790385611|0.89829498239|0.494475290162|0.481867903708|0.489918368738|0.49661692501|0.225127180144|0.22392819454|0.223544658965|0.230357092774|0.229990991324|0.231376311942|0.0916322147096|0.0917514097112|0.0920193692433|0.0920202675633|0.0281016153699|1|0.563430166507|0.556906738863|0.524306292431|0.533994145821|0.533471458386|0.240276597237|0.23849516564|0.238380161717|0.237271957572|0.231038114894|0.232589484856|0.231577770069|0.230993891555|0.230670996054|0.232449855608|0.0910042968504|0.0901241202448|0.090104019081|0.0910426220038|0.0909201797295|0.0913203166466|0.0896781858678|0.0897072409494|0.0897063737825|0.0905289478929|0.0302118282406|0.0302177172841|0.0302594416955|0.0291573420548|0.028462954228|0.00671230534741|1|1|0.981265164397|0.881572017052|0.876613317822|0.873448942988|0.870657860957|0.552866216844|0.502319230586|0.461106519313|0.463608091825|0.46442555836|0.481768618048|0.442694090772|0.45257391578|0.46349917259|0.428628106341|0.424825082219|0.424518946129|0.41126262862|0.412707948635|0.417914585366|0.2077518562|0.198776803721|0.196072473096|0.195992398771|0.187739835813|0.188599912658|0.188558733749|0.187561445381|0.187822004537|0.187839470663|0.188265735882|0.186013643197|0.185846238521|0.185046905645|0.185021627065|0.185527956718|0.172261917124|0.172235689521|0.17219346218|0.175327535748|0.0722489911846|0.0725360373833|0.0726680646374|0.0662190031765|0.0658497954234|0.0663412021967|0.0663092133796|0.0669568685594|0.0667903119404|0.0632803220388|0.0659113963555|0.065877086379|0.0658462908118|0.0625790535687|0.0603200046675|0.0183526781207|0.0177988595349|0.0178692784849|0.0173051185926|0.0164510704205|0.016261625761|0.00242764720421|1|1|1|1|1|1|1|1|1|1|0.885830214604|0.79038920294|0.796442402668|0.798371978656|0.976095776886|0.861859609343|0.77490564438|0.780370022102|0.782913905321|0.82268991009|0.740091012036|0.745624108096|0.748791979374|0.67656687678|0.678342856123|0.678398120296|0.641719708297|0.642497346307|0.644679768389|0.477613380007|0.448948516086|0.414329963516|0.418310247812|0.42030740637|0.421644688864|0.389320406808|0.39319589751|0.395293011049|0.364532942513|0.365807840803|0.365864567262|0.354730999004|0.355077751231|0.355605563916|0.409443278385|0.377146740983|0.380620147374|0.382153631078|0.353154435876|0.354570528767|0.354641838846|0.344288271794|0.344511477041|0.344627488211|0.342367046302|0.343398333271|0.343558344434|0.333651034953|0.333497935375|0.334220373376|0.307129606123|0.305727288142|0.307106227423|0.304467617506|0.198731188286|0.174013936433|0.153158069214|0.149919189566|0.145839806151|0.145778667605|0.147295990354|0.141998236727|0.142147922674|0.140454091452|0.152865762771|0.141610508278|0.139966190691|0.137674239327|0.137133296855|0.137031327223|0.12317021956|0.123527274235|0.123153194677|0.126130685363|0.152460037006|0.150734929763|0.147487800841|0.133222675659|0.133218382894|0.135030947298|0.131728736223|0.131981918625|0.132322778996|0.123741722711|0.130034236339|0.129996420584|0.129982555019|0.121599680281|0.115992062789|0.049692031848|0.049338514764|0.054680344557|0.0411449292131|0.0456160943737|0.0445130297303|0.041212032727|0.0423032290505|0.0417698847859|0.0401722861292|0.041748356383|0.0417267136607|0.0437731751545|0.0400710374603|0.0375644422886|0.0403360999306|0.0434581207306|0.0403650211404|0.0390826992541|0.0365564711917|0.036792477401|0.00568131559925|0.00808046726055|0.00835774917772|0.00542515493424|0.00523223533218|0.00613884362706|0.00556870105011|0
0,15,15,tree_robustness,lower_fragility_weight,delayed,0|5|10|15|35|75|125|175|225,adjoint_lbfgsb,adjoint_lbfgsb,7,warm_start_perturbed,,7.739304482563262,7.739644427631219,0.00033994506795664847,True,True,False,False,value_and_gradient,7.739644427631219,205,205,159,23.42657971382141,CONVERGENCE: REL_REDUCTION_OF_F_<=_FACTR*EPSMCH,0|0|0|0|0|0|0|0.733215223747|0.377523511371|0.386508238235|0.388141663192|0.176148114839|0.176148394359|0.17687562627|0.0667916988575|0.898294730647|0.494475943499|0.481783028875|0.489919464519|0.496622690621|0.225182864388|0.223963647326|0.223545086104|0.230301548878|0.229969727465|0.231381961785|0.091602713972|0.0918121855355|0.091960159849|0.0920102559483|0.0281273348694|1|0.56361712195|0.55718197361|0.524171881794|0.533906825963|0.533405074416|0.240294708414|0.23852674139|0.238535217158|0.237289592797|0.23116016635|0.232521405598|0.231566185553|0.230978538778|0.230722795309|0.232441963379|0.091195527045|0.0901531877199|0.0902006565406|0.0911017813068|0.0910705925434|0.0913826180977|0.0897066384521|0.0896480871127|0.0896785703332|0.0905196074185|0.0302136392246|0.0302176683098|0.0302795309276|0.0291488559181|0.0284798206362|0.00672247607294|1|1|0.981144657049|0.881613764424|0.876278342551|0.873433990093|0.870560920733|0.55219643284|0.501463599352|0.461007366386|0.463740499826|0.46428711903|0.481663267723|0.442606876108|0.452459107535|0.463498803864|0.4286757013|0.424960502248|0.424399139911|0.410286202296|0.413154363375|0.417775483543|0.2074808172|0.198962549519|0.195719221939|0.196293989937|0.187894786511|0.189260130049|0.189175124517|0.187759988325|0.187598193546|0.18769079314|0.188462325789|0.186250236298|0.185428714506|0.185233350354|0.185113808806|0.185316573281|0.171996368077|0.172019169065|0.172055938839|0.175123025963|0.0720663824249|0.0719342232601|0.0738313935787|0.0658846663391|0.0660041840893|0.0656877404078|0.0663731839952|0.0670292830658|0.0672755154584|0.0630128787056|0.0662144073017|0.0656114567134|0.0653387708729|0.0623934550274|0.060176252315|0.017894519003|0.017890992068|0.0179069392366|0.016851769163|0.0167913682846|0.0160905238572|0.00189930013627|1|1|1|1|1|1|1|1|1|1|0.884952636077|0.790711732389|0.797038289217|0.799040929558|0.975451120288|0.861265234072|0.776005482954|0.781185730913|0.781872499796|0.821846306285|0.741160271929|0.744721200536|0.748655692146|0.67870298361|0.677548481902|0.680434756465|0.645098776086|0.64490605911|0.645087621196|0.474120237505|0.449010400612|0.414025151569|0.418157913407|0.420159515682|0.422122536895|0.387975765233|0.392977040248|0.396306472895|0.365343584147|0.367183435855|0.367310429891|0.35159262692|0.356206604736|0.354277926075|0.408741690755|0.375876334295|0.377703533263|0.381829096327|0.350724641968|0.356898009806|0.351445909033|0.34080885253|0.340492860121|0.345384294417|0.340997951952|0.3401804105|0.339602567392|0.332978914342|0.333172387395|0.334500391742|0.309127794528|0.305143084401|0.302412984804|0.305654339081|0.196947936082|0.173373127142|0.146854750765|0.159238229559|0.145245509389|0.147723888964|0.146674489108|0.142213406598|0.141928549291|0.14216557366|0.153191883962|0.139245150263|0.139595423769|0.136453659477|0.136479742781|0.136453657145|0.123436742711|0.123870396193|0.12284954028|0.123817592377|0.151142681392|0.151322001705|0.151145204493|0.133787353425|0.133761103521|0.133795872704|0.13193073546|0.130980680358|0.131505628093|0.122494690499|0.129196173566|0.130831959242|0.130804716551|0.121790844923|0.116155939006|0.0494251551837|0.0490887669588|0.0430933235091|0.0445669133779|0.0468265008112|0.0445486705434|0.0421478228391|0.0430434908624|0.0440612383689|0.0396776642955|0.042164158202|0.0411546850952|0.0408507228449|0.0388021167026|0.0350275861765|0.0421704797733|0.0409365096636|0.0424483530382|0.0379083381637|0.0348957619186|0.0368801511704|0.00760030695834|0.00568268915001|0.00649229208168|0.00546568090812|0.00545984942103|0.00530975703322|0.004826265371|0
0,10,6,tree_robustness,default,optimal,0|5|10|15|35|75|125|175|225,adjoint_lbfgsb,adjoint_lbfgsb,0,structured_ramp,,7.587640436255577,7.6718690692161715,0.08422863296059457,True,True,False,False,value_and_gradient,7.6718690692161715,666,666,470,73.20188641548157,CONVERGENCE: REL_REDUCTION_OF_F_<=_FACTR*EPSMCH,0.627395426652|0.747314306352|0.558179597157|0.890109187941|0.678776069236|0.698645253968|0.479152191419|1|0.810513687534|0.823992013868|0.825464459679|0.588200567746|0.590441981818|0.603245774733|0.391555542961|1|0.974012786684|0.976928247101|0.974690271742|0.987700049506|0.693655611938|0.688963814999|0.683628332863|0.71802940758|0.717791500107|0.723914387836|0.452797931912|0.453068076935|0.457758392264|0.475139784592|0.276577954359|1|1|1|1|1|1|0.765919783137|0.797965459027|0.796631730772|0.784494807042|0.800351853372|0.804816411271|0.794747741599|0.795695690586|0.798824804958|0.804367201552|0.452912740947|0.463964819889|0.472916819376|0.478013678339|0.471408496383|0.474355757105|0.50370387674|0.498664944018|0.494938803087|0.510958115045|0.265761236972|0.268524549926|0.281030370137|0.282949221637|0.300142218109|0.12432711025|1|1|1|1|1|1|1|1|1|1|1|1|1|1|1|1|1|1|1|1|1|1|0.784860062467|0.777337059076|0.771289671526|0.766636641619|0.820670890904|0.816897091169|0.808390611499|0.824340679424|0.850054754149|0.841333411476|0.821889569293|0.815721203868|0.83969567293|0.858876534081|0.851342593581|0.846459651837|0.860100327139|0.852106010846|0.843356268517|0.824834925995|0.527892307181|0.527089444605|0.525348007472|0.505180665508|0.495652470706|0.490520749379|0.527031931922|0.523118205456|0.520061753038|0.5485505836|0.517770623494|0.511766745834|0.520701020964|0.533697884259|0.545563930354|0.281385754337|0.305808491282|0.301157308052|0.284134170419|0.284594493097|0.276124345115|0.0855135696504|1|1|1|1|1|1|1|1|1|1|1|1|1|1|1|1|1|1|1|1|1|1|1|1|1|1|1|1|1|1|1|1|1|1|1|1|1|1|1|1|1|1|1|1|1|1|1|1|1|1|1|1|1|1|1|1|1|1|1|1|1|1|1|1|0.553730032807|0.613136194321|0.622519597328|0.627776359962|0.821003427346|0.815908900296|0.808968611201|0.911645124737|0.90236609427|0.895008366413|0.801640218395|0.79463826803|0.873548026013|0.880995651935|0.871074603936|0.863238067633|0.898338229657|0.887868005931|0.878217819675|0.83422622684|0.90480275131|0.903472360459|0.894113804776|0.860590909121|0.850151735633|0.842109715121|0.877572369639|0.867342680259|0.858045476424|0.881791910684|0.851163606194|0.841691074627|0.835551402703|0.855705061391|0.855900666457|0.583364562368|0.577216689735|0.570772023173|0.545996686141|0.537887904056|0.531836431916|0.55906575241|0.550308150049|0.542237175895|0.569164923293|0.536279218831|0.528120567908|0.539191885115|0.546543687469|0.55153443841|0.523699495633|0.578774556216|0.571887779431|0.532327779376|0.536899012397|0.520734644754|0.27248391457|0.269094678161|0.263853656115|0.230407305988|0.207955740977|0.195047196425|0.186756492933|0.0234577929228
0,10,6,tree_robustness,default,optimal,0|5|10|15|35|75|125|175|225,adjoint_lbfgsb,adjoint_lbfgsb,1,structured_sigmoid,,7.562445739825449,7.6718690606808675,0.10942332085541828,True,True,False,False,value_and_gradient,7.6718690606808675,846,846,556,91.8429958820343,CONVERGENCE: REL_REDUCTION_OF_F_<=_FACTR*EPSMCH,0.627403763228|0.747315239738|0.558231719946|0.890129756279|0.678739264229|0.698683661585|0.479256617201|1|0.810510198678|0.824014747111|0.825487819888|0.588241036909|0.59045015271|0.603238940087|0.391551934988|1|0.973989493356|0.976919900751|0.974682220962|0.987700074087|0.693501503331|0.688993715611|0.68368867149|0.718024586291|0.717805671343|0.72394017478|0.45258585446|0.45324992139|0.457809114477|0.474923965277|0.276626862184|1|1|1|1|1|1|0.765902542291|0.797873604896|0.796528448096|0.784354442055|0.80047683339|0.804813688581|0.794539355198|0.795738753689|0.798887212758|0.804285699818|0.4532082387|0.464269522682|0.473121810481|0.478153041677|0.471589500994|0.474511321943|0.503826301456|0.498610439194|0.494934070259|0.510917412187|0.266152145866|0.268359190169|0.28149908211|0.282301360013|0.299912453484|0.124453149686|1|1|1|1|1|1|1|1|1|1|1|1|1|1|1|1|1|1|1|1|1|1|0.784655360262|0.777549059811|0.771706434914|0.767312455808|0.820802698512|0.816905528151|0.8082246802|0.822335506165|0.850172010241|0.841451871195|0.821839870675|0.81529108002|0.839752026874|0.858966224973|0.851507187905|0.846662890573|0.858975186886|0.850868218445|0.842193136855|0.824310628232|0.528479421517|0.527280624059|0.52545590768|0.505544886455|0.496105520792|0.491062070922|0.52745779164|0.523290293068|0.520127369625|0.545610909906|0.51798002674|0.51154003767|0.520771998721|0.530816827449|0.545897876311|0.281559839425|0.306574152088|0.301315259529|0.284679898482|0.286008342158|0.277901219343|0.08066119767|1|1|1|1|1|1|1|1|1|1|1|1|1|1|1|1|1|1|1|1|1|1|1|1|1|1|1|1|1|1|1|1|1|1|1|1|1|1|1|1|1|1|1|1|1|1|1|1|1|1|1|1|1|1|1|1|1|1|1|1|1|1|1|1|0.565211420245|0.620867409289|0.629388076635|0.634060577945|0.820457035829|0.815345874209|0.808394944928|0.909175034978|0.90195521092|0.894602507912|0.801180990796|0.794285052779|0.871067302959|0.880604939737|0.87061577258|0.86266842222|0.898978229734|0.887993659496|0.877662716437|0.831013348494|0.903497025858|0.903150356207|0.893675812521|0.859810512482|0.849223873343|0.840989744382|0.876339765787|0.865524567404|0.855519018028|0.87913922009|0.848090614038|0.837983375403|0.830860291575|0.850135607918|0.844428142274|0.587235828627|0.581108819498|0.574789057155|0.54989243776|0.541777060737|0.535801452828|0.561398687028|0.55254441149|0.544387195912|0.568852406722|0.53848277147|0.530144395223|0.535649639394|0.54562663809|0.545859919856|0.52753072899|0.578225594017|0.571851766823|0.531022363076|0.530562385103|0.513105048719|0.280792952871|0.275544907228|0.271253360202|0.237364783443|0.21358686351|0.200257814121|0.192964537327|0.0307698138807
0,10,6,tree_robustness,default,optimal,0|5|10|15|35|75|125|175|225,adjoint_lbfgsb,adjoint_lbfgsb,2,structured_constant,,7.6490661563724265,7.671869086664538,0.022802930292111334,True,True,False,False,value_and_gradient,7.671869086664538,1269,1269,735,136.3736400604248,CONVERGENCE: REL_REDUCTION_OF_F_<=_FACTR*EPSMCH,0.627384556812|0.74728432502|0.558195143823|0.890107350412|0.678752397904|0.698662744712|0.479181379598|1|0.810543641179|0.824006245617|0.825412713166|0.588252069692|0.590446742482|0.603235127018|0.39158975427|1|0.974015690115|0.976926704728|0.974688577522|0.987707546934|0.693653112488|0.689005065633|0.68356685145|0.718099071407|0.717808680321|0.723984748175|0.452618617621|0.453089955274|0.457892238805|0.475075913375|0.276911354975|1|1|1|1|1|1|0.766133515529|0.797956389633|0.796598518617|0.78440046166|0.800529852848|0.804815116775|0.794778003856|0.795670454209|0.798889775113|0.804319488013|0.452996779074|0.46386303895|0.472691446033|0.478146063799|0.471598849369|0.474507581409|0.50347726542|0.498318433888|0.494599234536|0.5111297696|0.265039581017|0.268001888609|0.280643525797|0.283110461312|0.300193741418|0.124070386733|1|1|1|1|1|1|1|1|1|1|1|1|1|1|1|1|1|1|1|1|1|1|0.785605264507|0.77814880195|0.772133261166|0.767468953954|0.820289824743|0.8165082012|0.807985534682|0.824509127748|0.850541287221|0.841755571417|0.821413204448|0.815216235735|0.841289841937|0.859356833257|0.851852543941|0.846918298023|0.859270215795|0.851445431949|0.842753659335|0.825514734572|0.528182648751|0.528740425183|0.526931487453|0.507676055138|0.498389563151|0.49346071487|0.528354215762|0.524407467071|0.521279500176|0.547249048745|0.518636337769|0.51259807986|0.521413658899|0.532274062316|0.54661642881|0.283243427713|0.302534200056|0.298609116758|0.282919048034|0.289254890489|0.28183998389|0.0851768450192|1|1|1|1|1|1|1|1|1|1|1|1|1|1|1|1|1|1|1|1|1|1|1|1|1|1|1|1|1|1|1|1|1|1|1|1|1|1|1|1|1|1|1|1|1|1|1|1|1|1|1|1|1|1|1|1|1|1|1|1|1|1|1|1|0.52929606064|0.598674698136|0.609760064754|0.616011523094|0.82228372106|0.817229842751|0.810320173215|0.908149226564|0.901383480826|0.893997131249|0.803180663467|0.796274005418|0.871168549974|0.879891474307|0.869929670118|0.862033265085|0.895912679431|0.885260374851|0.875326550256|0.830773713944|0.903326044287|0.902446177015|0.893082949234|0.859298127874|0.848949986454|0.8408014412|0.874014965632|0.863537484661|0.853912351459|0.879013508684|0.846795082529|0.837005341762|0.830215245364|0.851573013462|0.85279460006|0.57846323059|0.573069607719|0.567251364149|0.544508480704|0.537013094335|0.531153726978|0.562795054473|0.554355945523|0.546557215135|0.573713361075|0.540950984221|0.533093765365|0.537901477463|0.551415025197|0.553331604002|0.528177141904|0.583383797554|0.576574741661|0.537553163705|0.538708920268|0.522097526686|0.266375278576|0.264664090034|0.259570675141|0.230969434109|0.214859725108|0.203969304922|0.197102004056|0.0309229371479
0,10,6,tree_robustness,default,optimal,0|5|10|15|35|75|125|175|225,adjoint_lbfgsb,adjoint_lbfgsb,3,sobol,,7.63058264273457,7.671869021467733,0.04128637873316343,True,True,False,False,value_and_gradient,7.671869021467733,723,723,512,79.28986406326294,CONVERGENCE: REL_REDUCTION_OF_F_<=_FACTR*EPSMCH,0.627419888066|0.747334823231|0.558251936795|0.890119440353|0.678777798622|0.698665632154|0.479192748381|1|0.810549686056|0.824032126921|0.825502748557|0.588311735181|0.5904574174|0.603271579575|0.39147571411|1|0.974058190579|0.9769331568|0.974698942848|0.987710759147|0.693631994396|0.688975904428|0.683688956648|0.718080781215|0.717803915325|0.724042044898|0.452650066246|0.45304706996|0.457854910699|0.475141545097|0.276787172118|1|1|1|1|1|1|0.766233973335|0.797931974211|0.796592257996|0.784474662995|0.800461211069|0.804844745393|0.794767436894|0.795732769917|0.798845279341|0.804563561746|0.45275958154|0.463907315666|0.472964158367|0.478396360219|0.471806391925|0.474527461045|0.503581638142|0.498670028376|0.495023412609|0.511004452253|0.265352833621|0.269058599229|0.280828493143|0.282694539099|0.300215734552|0.123682761899|1|1|1|1|1|1|1|1|1|1|1|1|1|1|1|1|1|1|1|1|1|1|0.786949505926|0.778032732687|0.771848048909|0.76691478679|0.820576341565|0.816691035434|0.808043338752|0.825605541388|0.849346589682|0.841673756964|0.821611487813|0.815320891807|0.842512260886|0.859294492419|0.851806958611|0.846904843728|0.859440527833|0.851683930757|0.842287344878|0.825743407763|0.529064871361|0.527572040264|0.526022966536|0.506066239036|0.496568686852|0.491244691843|0.526814747541|0.523020872364|0.519549819455|0.547650207728|0.517580416265|0.511396509717|0.521012836275|0.533006758765|0.545594832753|0.282255601818|0.30501689194|0.300467017673|0.284745039649|0.286877306007|0.279095688177|0.084485316456|1|1|1|1|1|1|1|1|1|1|1|1|1|1|1|1|1|1|1|1|1|1|1|1|1|1|1|1|1|1|1|1|1|1|1|1|1|1|1|1|1|1|1|1|1|1|1|1|1|1|1|1|1|1|1|1|1|1|1|1|1|1|1|1|0.354280179249|0.597053139526|0.524903815206|0.567359179445|0.822075861277|0.815209522128|0.81134104912|0.910115485451|0.90425994036|0.894966285347|0.806133364564|0.798888799076|0.863362605534|0.881606628754|0.870867314762|0.862767900387|0.892788216693|0.887003772902|0.876103649676|0.831843694604|0.901825914823|0.905300460927|0.893916743506|0.864871815526|0.850062868405|0.844511728036|0.875064955738|0.863947316496|0.850159703056|0.877866557841|0.842244842964|0.83365392176|0.826172060954|0.851783181922|0.85767928919|0.580784683466|0.565485631835|0.57014701075|0.52121668762|0.542539209722|0.532246808461|0.56894640617|0.557949325499|0.549624375151|0.572711317453|0.540473845539|0.538882839404|0.537381112747|0.552685067828|0.549180246261|0.539564090206|0.588901911746|0.582017881982|0.540413608204|0.53364948858|0.516436435757|0.278472998853|0.271900034476|0.245877703469|0.236729095504|0.225347606288|0.215416569427|0.212438252171|0.0398603937338
0,10,6,tree_robustness,default,optimal,0|5|10|15|35|75|125|175|225,adjoint_lbfgsb,adjoint_lbfgsb,4,structured_constant,,7.644234553975238,7.671869061025938,0.02763450705070003,True,True,False,False,value_and_gradient,7.671869061025938,620,620,455,68.44396114349365,CONVERGENCE: REL_REDUCTION_OF_F_<=_FACTR*EPSMCH,0.627415930539|0.747373734016|0.558134847875|0.890141791534|0.678750721976|0.698690829836|0.47919828509|1|0.810498032614|0.823982450662|0.825452461661|0.588226379212|0.590451148976|0.603245124906|0.391462998473|1|0.973942245933|0.976907029357|0.974700049919|0.987707054147|0.693480122832|0.689014288129|0.683692678834|0.718052846519|0.717818564027|0.723954125928|0.452634484815|0.453084145343|0.457970179901|0.474870715108|0.276942943884|1|1|1|1|1|1|0.765989701505|0.798011370318|0.796675841179|0.784512168499|0.800503323655|0.804862552378|0.794790973885|0.79559260259|0.798720815913|0.804183447578|0.452205202424|0.464471741807|0.47313180532|0.478331231261|0.47175858338|0.474692722116|0.503730958245|0.498744302443|0.495064464682|0.511167376621|0.265407946567|0.268225206556|0.281338251428|0.28287501267|0.300186183591|0.124514425071|1|1|1|1|1|1|1|1|1|1|1|1|1|1|1|1|1|1|1|1|1|1|0.785320874544|0.777737462853|0.771741983991|0.767155847616|0.821831645168|0.817948662688|0.809167483639|0.824747600657|0.85037072711|0.841557750973|0.82242259935|0.814057434215|0.840928030457|0.859132055671|0.851576674593|0.846609307412|0.859660518753|0.85170078052|0.842965204606|0.823799885235|0.527914342937|0.527649940011|0.525878324246|0.505836746576|0.496360134956|0.491285702072|0.52706655647|0.523050953888|0.519978595585|0.548048430893|0.517699985136|0.511563374991|0.521215944271|0.53305090483|0.547134005045|0.282640917296|0.305249642197|0.301020236738|0.284645532159|0.286496562541|0.278104480475|0.0829221168807|1|1|1|1|1|1|1|1|1|1|1|1|1|1|1|1|1|1|1|1|1|1|1|1|1|1|1|1|1|1|1|1|1|1|1|1|1|1|1|1|1|1|1|1|1|1|1|1|1|1|1|1|1|1|1|1|1|1|1|1|1|1|1|1|0.5308282039|0.597170501482|0.608297678527|0.614875437305|0.825180858097|0.820777717877|0.814489572597|0.919615759187|0.912340342968|0.904492629536|0.807875305214|0.800972134582|0.868061424188|0.88935353459|0.878675806807|0.870192229714|0.897519209079|0.88609204013|0.875342364599|0.828109158567|0.910387062345|0.91358772886|0.903337977012|0.867338673081|0.856474059941|0.847726000778|0.875142915967|0.863967006507|0.853767740998|0.869962055946|0.846203200538|0.835903526568|0.828645078661|0.842561673988|0.838282746009|0.583781694012|0.578933900898|0.57352771612|0.551507314495|0.544077124629|0.538354109186|0.565845750258|0.557049825906|0.548830550205|0.572052552425|0.542971314948|0.53464018428|0.533205471792|0.54819357834|0.546410697571|0.530177404539|0.582802715466|0.575339957076|0.533263541844|0.530632138712|0.512749271347|0.291413001329|0.289739419738|0.284436951697|0.253491492181|0.231242707626|0.218408450777|0.210424934952|0.0655903762284
0,10,6,tree_robustness,default,optimal,0|5|10|15|35|75|125|175|225,adjoint_lbfgsb,adjoint_lbfgsb,5,structured_constant,,7.638348176106851,7.671869072691418,0.033520896584567694,True,True,False,False,value_and_gradient,7.671869072691418,988,988,591,107.47139835357666,CONVERGENCE: REL_REDUCTION_OF_F_<=_FACTR*EPSMCH,0.627419431271|0.747321485611|0.558197437557|0.890157728688|0.67878911846|0.698707900707|0.479199872144|1|0.810546688846|0.823971074315|0.825461944315|0.588246183915|0.590471599565|0.603186918681|0.391531862306|1|0.974013368213|0.976932014209|0.974690871697|0.987688177821|0.693584207107|0.6890058507|0.683670782515|0.718058928334|0.717807195149|0.723958778348|0.452634087298|0.453123441145|0.457667191357|0.475116049358|0.276694929267|1|1|1|1|1|1|0.766125046347|0.798078411909|0.796765330069|0.784637219179|0.800527255716|0.804855960947|0.794761176369|0.79593246513|0.798604750671|0.804683854259|0.452580626148|0.463828722347|0.472757098853|0.478368510686|0.471761593297|0.474633537311|0.503748713673|0.498758055949|0.494793200626|0.510475203846|0.265850595932|0.267960263362|0.281154101273|0.283005074506|0.300731242739|0.123941042878|1|1|1|1|1|1|1|1|1|1|1|1|1|1|1|1|1|1|1|1|1|1|0.785255181533|0.778227135065|0.772226837027|0.767566064134|0.820432601153|0.816585998332|0.808065359149|0.824058141263|0.850217068972|0.841437800078|0.821769870312|0.815362780659|0.840353873453|0.859026844543|0.851487610548|0.846557965255|0.859875906885|0.851861115839|0.843114617076|0.825050749134|0.528860844011|0.526643175406|0.525169063114|0.505069238712|0.495610670339|0.490542647568|0.527235343001|0.523260332894|0.520150276352|0.546819489191|0.517764549873|0.511687028874|0.521001646115|0.532044929181|0.5466914472|0.281733633843|0.305029790328|0.300686965126|0.283979042862|0.285018289698|0.277114707947|0.0884309688065|1|1|1|1|1|1|1|1|1|1|1|1|1|1|1|1|1|1|1|1|1|1|1|1|1|1|1|1|1|1|1|1|1|1|1|1|1|1|1|1|1|1|1|1|1|1|1|1|1|1|1|1|1|1|1|1|1|1|1|1|1|1|1|1|0.555430730556|0.615510163303|0.62480265687|0.629948179095|0.821408133854|0.816443956558|0.809678007794|0.910662151265|0.902276814573|0.894999808193|0.802699400254|0.795950068438|0.871597760092|0.88114961413|0.871289892731|0.863431448719|0.899018854512|0.88818780236|0.877939028652|0.831914224769|0.90390937236|0.9034101576|0.894135830257|0.860681641034|0.850277370654|0.842145844513|0.876690318599|0.866032438552|0.856096183533|0.880170678346|0.848812133149|0.838853148912|0.831588684828|0.851377515176|0.846329501333|0.587926194252|0.582153466919|0.576157300448|0.552794972405|0.545141276769|0.539359450452|0.56711678453|0.55866400051|0.550823207505|0.57582675483|0.545211844318|0.537309740796|0.539997502635|0.553461195013|0.553855709159|0.533164492809|0.585901120036|0.578757508726|0.539484278481|0.538888914313|0.521854850791|0.287164340037|0.282753526526|0.278202090613|0.247407234823|0.227499043706|0.215467110913|0.208302224438|0.0443232666427
0,10,6,tree_robustness,default,optimal,0|5|10|15|35|75|125|175|225,adjoint_lbfgsb,adjoint_lbfgsb,6,sobol,,7.629566394390759,7.671869084231501,0.04230268984074215,True,True,False,False,value_and_gradient,7.671869084231501,774,774,555,85.52324604988098,CONVERGENCE: REL_REDUCTION_OF_F_<=_FACTR*EPSMCH,0.627402171992|0.747328310007|0.558186010241|0.890117349124|0.678794130739|0.698671129694|0.479242580023|1|0.810565912237|0.823995776822|0.825488566376|0.58826876132|0.590458241546|0.60325058692|0.391634638959|1|0.974017179672|0.976926991582|0.974693866873|0.987698645313|0.693712947335|0.689042395739|0.683654425188|0.718108191806|0.717812777052|0.723950333706|0.452745855993|0.453122841042|0.457831467115|0.475034223301|0.276566863901|1|1|1|1|1|1|0.766263894787|0.797959578624|0.79656998082|0.784461519554|0.800525950535|0.804829490484|0.794807211013|0.795818372827|0.798844899278|0.804772942835|0.452730657755|0.464171908077|0.472752839813|0.477968296548|0.471611053454|0.474295229996|0.504072059696|0.498379188812|0.494547131351|0.511053101739|0.265970477|0.268288614221|0.280837974402|0.283014646669|0.3005526949|0.123656407035|1|1|1|1|1|1|1|1|1|1|1|1|1|1|1|1|1|1|1|1|1|1|0.786080292176|0.778200789278|0.771785139633|0.767513986652|0.821196561028|0.816144001684|0.808522086781|0.825261751178|0.850175895446|0.841299788958|0.821747717297|0.81502282067|0.842022241255|0.858532783639|0.851513391061|0.845784765577|0.860658378195|0.852244063683|0.843449918478|0.825506740829|0.528984136398|0.526544845713|0.526242739159|0.506184782899|0.496882804221|0.490382257211|0.526612242234|0.523443896889|0.520536244214|0.548136783606|0.517149913331|0.511749857432|0.521453381769|0.533064819663|0.546274237797|0.280659486585|0.305754515516|0.30432467428|0.284452443374|0.2878693943|0.279282245393|0.0837706863674|1|1|1|1|1|1|1|1|1|1|1|1|1|1|1|1|1|1|1|1|1|1|1|1|1|1|1|1|1|1|1|1|1|1|1|1|1|1|1|1|1|1|1|1|1|1|1|1|1|1|1|1|1|1|1|1|1|1|1|1|1|1|1|1|0.493316874377|0.584310293219|0.593352513988|0.58740024964|0.834761951539|0.815778279759|0.814604942479|0.909487969798|0.901854405535|0.894380499431|0.818916761981|0.805249911597|0.866692456775|0.879009268671|0.870433638921|0.860329048874|0.895037542885|0.886264673455|0.868487533181|0.831682202923|0.901074077928|0.90257420309|0.895794317895|0.857536398458|0.850805616929|0.840714854241|0.87517803931|0.86595927033|0.855382072021|0.880734963067|0.841243632682|0.829435243266|0.830623552039|0.850033551632|0.858061071678|0.579497065419|0.560950393946|0.565647618225|0.5484118331|0.539441397594|0.5364735595|0.565212034397|0.558322737952|0.549328992533|0.575884206486|0.554062765974|0.537988997914|0.536695343935|0.552521345114|0.548608100601|0.538490184952|0.585301033384|0.584530016929|0.541056277794|0.533356050058|0.519799755253|0.269050432624|0.266448165777|0.241056652994|0.236719367492|0.22033420401|0.209079058859|0.207130872646|0.0327531196495
0,10,6,tree_robustness,default,optimal,0|5|10|15|35|75|125|175|225,adjoint_lbfgsb,adjoint_lbfgsb,7,sobol,,7.626175123671541,7.671869087355541,0.04569396368399925,True,True,False,False,value_and_gradient,7.671869087355541,1135,1135,732,122.85938382148743,CONVERGENCE: REL_REDUCTION_OF_F_<=_FACTR*EPSMCH,0.627416395515|0.747261774864|0.558204633223|0.890106917306|0.678725968174|0.698686325856|0.479223884218|1|0.810541453651|0.823985651538|0.825508924154|0.588280056148|0.59047005062|0.603225446649|0.391578444166|1|0.974017270655|0.976927975132|0.974699543063|0.987700005695|0.693458503222|0.689008293697|0.683686258485|0.718047032135|0.717816001813|0.723944918023|0.452609166552|0.453164652212|0.45787424744|0.47511819899|0.276825444689|1|1|1|1|1|1|0.765973626125|0.797974672672|0.79663073292|0.784454430464|0.800463620963|0.804855641251|0.794778441705|0.795728370993|0.799031115854|0.804435578826|0.452599399306|0.463975373114|0.472979187131|0.478096449882|0.471518954636|0.474466956696|0.503738050653|0.498655748873|0.494946251558|0.511119757318|0.26551860987|0.268059016005|0.281407535379|0.283084746224|0.300267385499|0.124295730258|1|1|1|1|1|1|1|1|1|1|1|1|1|1|1|1|1|1|1|1|1|1|0.785593036493|0.778399363799|0.772275122549|0.767381364003|0.820327907238|0.816351416184|0.807820410371|0.824669427503|0.85038331808|0.84176856173|0.821853047662|0.815165271122|0.841650037795|0.859210638496|0.851551293277|0.84680811127|0.859671069806|0.851836297939|0.843073580531|0.824637793515|0.530637995816|0.527555562305|0.52582669285|0.505953031395|0.496706805096|0.491628259373|0.527019547604|0.522754361944|0.519882098483|0.548236428772|0.517420864996|0.511352225249|0.520311488495|0.533643562772|0.546239542833|0.282397145964|0.304716148536|0.302825904263|0.285004041693|0.287004247753|0.278227086166|0.0857583895598|1|1|1|1|1|1|1|1|1|1|1|1|1|1|1|1|1|1|1|1|1|1|1|1|1|1|1|1|1|1|1|1|1|1|1|1|1|1|1|1|1|1|1|1|1|1|1|1|1|1|1|1|1|1|1|1|1|1|1|1|1|1|1|1|0.522592005261|0.568800135127|0.591452781363|0.594065354516|0.826027752977|0.816617523045|0.825987537912|0.908493163799|0.901186654395|0.894147309609|0.802152926095|0.796115058217|0.865923890238|0.879707162296|0.871938571505|0.865135961775|0.897901191036|0.887878148097|0.87603314702|0.82914967691|0.900457828312|0.910021435635|0.892639770325|0.862320952489|0.849367713654|0.840029187291|0.871615572652|0.858936154|0.852663989516|0.879862992965|0.84272271266|0.833043034706|0.830063092384|0.852418977631|0.858277753723|0.577459988606|0.569291231828|0.570258646825|0.549865415162|0.540792839732|0.532924488385|0.575161593051|0.567318632829|0.560092984696|0.581926160638|0.545146341022|0.536247646563|0.53689106989|0.552154228945|0.549346646693|0.531095047133|0.584713677128|0.582898536657|0.543840394458|0.535756325414|0.515661086721|0.272789791202|0.256281909763|0.254540524939|0.239753579366|0.226703503059|0.217878470714|0.21041000798|0.0352834193268
0,15,11,tree_robustness,default,optimal,0|5|10|15|35|75|125|175|225,adjoint_lbfgsb,adjoint_lbfgsb,0,structured_ramp,,7.587640436255577,7.6718690692161715,0.08422863296059457,True,True,False,False,value_and_gradient,7.6718690692161715,666,666,470,74.06294512748718,CONVERGENCE: REL_REDUCTION_OF_F_<=_FACTR*EPSMCH,0.627395426652|0.747314306352|0.558179597157|0.890109187941|0.678776069236|0.698645253968|0.479152191419|1|0.810513687534|0.823992013868|0.825464459679|0.588200567746|0.590441981818|0.603245774733|0.391555542961|1|0.974012786684|0.976928247101|0.974690271742|0.987700049506|0.693655611938|0.688963814999|0.683628332863|0.71802940758|0.717791500107|0.723914387836|0.452797931912|0.453068076935|0.457758392264|0.475139784592|0.276577954359|1|1|1|1|1|1|0.765919783137|0.797965459027|0.796631730772|0.784494807042|0.800351853372|0.804816411271|0.794747741599|0.795695690586|0.798824804958|0.804367201552|0.452912740947|0.463964819889|0.472916819376|0.478013678339|0.471408496383|0.474355757105|0.50370387674|0.498664944018|0.494938803087|0.510958115045|0.265761236972|0.268524549926|0.281030370137|0.282949221637|0.300142218109|0.12432711025|1|1|1|1|1|1|1|1|1|1|1|1|1|1|1|1|1|1|1|1|1|1|0.784860062467|0.777337059076|0.771289671526|0.766636641619|0.820670890904|0.816897091169|0.808390611499|0.824340679424|0.850054754149|0.841333411476|0.821889569293|0.815721203868|0.83969567293|0.858876534081|0.851342593581|0.846459651837|0.860100327139|0.852106010846|0.843356268517|0.824834925995|0.527892307181|0.527089444605|0.525348007472|0.505180665508|0.495652470706|0.490520749379|0.527031931922|0.523118205456|0.520061753038|0.5485505836|0.517770623494|0.511766745834|0.520701020964|0.533697884259|0.545563930354|0.281385754337|0.305808491282|0.301157308052|0.284134170419|0.284594493097|0.276124345115|0.0855135696504|1|1|1|1|1|1|1|1|1|1|1|1|1|1|1|1|1|1|1|1|1|1|1|1|1|1|1|1|1|1|1|1|1|1|1|1|1|1|1|1|1|1|1|1|1|1|1|1|1|1|1|1|1|1|1|1|1|1|1|1|1|1|1|1|0.553730032807|0.613136194321|0.622519597328|0.627776359962|0.821003427346|0.815908900296|0.808968611201|0.911645124737|0.90236609427|0.895008366413|0.801640218395|0.79463826803|0.873548026013|0.880995651935|0.871074603936|0.863238067633|0.898338229657|0.887868005931|0.878217819675|0.83422622684|0.90480275131|0.903472360459|0.894113804776|0.860590909121|0.850151735633|0.842109715121|0.877572369639|0.867342680259|0.858045476424|0.881791910684|0.851163606194|0.841691074627|0.835551402703|0.855705061391|0.855900666457|0.583364562368|0.577216689735|0.570772023173|0.545996686141|0.537887904056|0.531836431916|0.55906575241|0.550308150049|0.542237175895|0.569164923293|0.536279218831|0.528120567908|0.539191885115|0.546543687469|0.55153443841|0.523699495633|0.578774556216|0.571887779431|0.532327779376|0.536899012397|0.520734644754|0.27248391457|0.269094678161|0.263853656115|0.230407305988|0.207955740977|0.195047196425|0.186756492933|0.0234577929228
0,15,11,tree_robustness,default,optimal,0|5|10|15|35|75|125|175|225,adjoint_lbfgsb,adjoint_lbfgsb,1,structured_sigmoid,,7.562445739825449,7.6718690606808675,0.10942332085541828,True,True,False,False,value_and_gradient,7.6718690606808675,846,846,556,92.23016428947449,CONVERGENCE: REL_REDUCTION_OF_F_<=_FACTR*EPSMCH,0.627403763228|0.747315239738|0.558231719946|0.890129756279|0.678739264229|0.698683661585|0.479256617201|1|0.810510198678|0.824014747111|0.825487819888|0.588241036909|0.59045015271|0.603238940087|0.391551934988|1|0.973989493356|0.976919900751|0.974682220962|0.987700074087|0.693501503331|0.688993715611|0.68368867149|0.718024586291|0.717805671343|0.72394017478|0.45258585446|0.45324992139|0.457809114477|0.474923965277|0.276626862184|1|1|1|1|1|1|0.765902542291|0.797873604896|0.796528448096|0.784354442055|0.80047683339|0.804813688581|0.794539355198|0.795738753689|0.798887212758|0.804285699818|0.4532082387|0.464269522682|0.473121810481|0.478153041677|0.471589500994|0.474511321943|0.503826301456|0.498610439194|0.494934070259|0.510917412187|0.266152145866|0.268359190169|0.28149908211|0.282301360013|0.299912453484|0.124453149686|1|1|1|1|1|1|1|1|1|1|1|1|1|1|1|1|1|1|1|1|1|1|0.784655360262|0.777549059811|0.771706434914|0.767312455808|0.820802698512|0.816905528151|0.8082246802|0.822335506165|0.850172010241|0.841451871195|0.821839870675|0.81529108002|0.839752026874|0.858966224973|0.851507187905|0.846662890573|0.858975186886|0.850868218445|0.842193136855|0.824310628232|0.528479421517|0.527280624059|0.52545590768|0.505544886455|0.496105520792|0.491062070922|0.52745779164|0.523290293068|0.520127369625|0.545610909906|0.51798002674|0.51154003767|0.520771998721|0.530816827449|0.545897876311|0.281559839425|0.306574152088|0.301315259529|0.284679898482|0.286008342158|0.277901219343|0.08066119767|1|1|1|1|1|1|1|1|1|1|1|1|1|1|1|1|1|1|1|1|1|1|1|1|1|1|1|1|1|1|1|1|1|1|1|1|1|1|1|1|1|1|1|1|1|1|1|1|1|1|1|1|1|1|1|1|1|1|1|1|1|1|1|1|0.565211420245|0.620867409289|0.629388076635|0.634060577945|0.820457035829|0.815345874209|0.808394944928|0.909175034978|0.90195521092|0.894602507912|0.801180990796|0.794285052779|0.871067302959|0.880604939737|0.87061577258|0.86266842222|0.898978229734|0.887993659496|0.877662716437|0.831013348494|0.903497025858|0.903150356207|0.893675812521|0.859810512482|0.849223873343|0.840989744382|0.876339765787|0.865524567404|0.855519018028|0.87913922009|0.848090614038|0.837983375403|0.830860291575|0.850135607918|0.844428142274|0.587235828627|0.581108819498|0.574789057155|0.54989243776|0.541777060737|0.535801452828|0.561398687028|0.55254441149|0.544387195912|0.568852406722|0.53848277147|0.530144395223|0.535649639394|0.54562663809|0.545859919856|0.52753072899|0.578225594017|0.571851766823|0.531022363076|0.530562385103|0.513105048719|0.280792952871|0.275544907228|0.271253360202|0.237364783443|0.21358686351|0.200257814121|0.192964537327|0.0307698138807
0,15,11,tree_robustness,default,optimal,0|5|10|15|35|75|125|175|225,adjoint_lbfgsb,adjoint_lbfgsb,2,structured_constant,,7.6490661563724265,7.671869086664538,0.022802930292111334,True,True,False,False,value_and_gradient,7.671869086664538,1269,1269,735,137.95523285865784,CONVERGENCE: REL_REDUCTION_OF_F_<=_FACTR*EPSMCH,0.627384556812|0.74728432502|0.558195143823|0.890107350412|0.678752397904|0.698662744712|0.479181379598|1|0.810543641179|0.824006245617|0.825412713166|0.588252069692|0.590446742482|0.603235127018|0.39158975427|1|0.974015690115|0.976926704728|0.974688577522|0.987707546934|0.693653112488|0.689005065633|0.68356685145|0.718099071407|0.717808680321|0.723984748175|0.452618617621|0.453089955274|0.457892238805|0.475075913375|0.276911354975|1|1|1|1|1|1|0.766133515529|0.797956389633|0.796598518617|0.78440046166|0.800529852848|0.804815116775|0.794778003856|0.795670454209|0.798889775113|0.804319488013|0.452996779074|0.46386303895|0.472691446033|0.478146063799|0.471598849369|0.474507581409|0.50347726542|0.498318433888|0.494599234536|0.5111297696|0.265039581017|0.268001888609|0.280643525797|0.283110461312|0.300193741418|0.124070386733|1|1|1|1|1|1|1|1|1|1|1|1|1|1|1|1|1|1|1|1|1|1|0.785605264507|0.77814880195|0.772133261166|0.767468953954|0.820289824743|0.8165082012|0.807985534682|0.824509127748|0.850541287221|0.841755571417|0.821413204448|0.815216235735|0.841289841937|0.859356833257|0.851852543941|0.846918298023|0.859270215795|0.851445431949|0.842753659335|0.825514734572|0.528182648751|0.528740425183|0.526931487453|0.507676055138|0.498389563151|0.49346071487|0.528354215762|0.524407467071|0.521279500176|0.547249048745|0.518636337769|0.51259807986|0.521413658899|0.532274062316|0.54661642881|0.283243427713|0.302534200056|0.298609116758|0.282919048034|0.289254890489|0.28183998389|0.0851768450192|1|1|1|1|1|1|1|1|1|1|1|1|1|1|1|1|1|1|1|1|1|1|1|1|1|1|1|1|1|1|1|1|1|1|1|1|1|1|1|1|1|1|1|1|1|1|1|1|1|1|1|1|1|1|1|1|1|1|1|1|1|1|1|1|0.52929606064|0.598674698136|0.609760064754|0.616011523094|0.82228372106|0.817229842751|0.810320173215|0.908149226564|0.901383480826|0.893997131249|0.803180663467|0.796274005418|0.871168549974|0.879891474307|0.869929670118|0.862033265085|0.895912679431|0.885260374851|0.875326550256|0.830773713944|0.903326044287|0.902446177015|0.893082949234|0.859298127874|0.848949986454|0.8408014412|0.874014965632|0.863537484661|0.853912351459|0.879013508684|0.846795082529|0.837005341762|0.830215245364|0.851573013462|0.85279460006|0.57846323059|0.573069607719|0.567251364149|0.544508480704|0.537013094335|0.531153726978|0.562795054473|0.554355945523|0.546557215135|0.573713361075|0.540950984221|0.533093765365|0.537901477463|0.551415025197|0.553331604002|0.528177141904|0.583383797554|0.576574741661|0.537553163705|0.538708920268|0.522097526686|0.266375278576|0.264664090034|0.259570675141|0.230969434109|0.214859725108|0.203969304922|0.197102004056|0.0309229371479
0,15,11,tree_robustness,default,optimal,0|5|10|15|35|75|125|175|225,adjoint_lbfgsb,adjoint_lbfgsb,3,sobol,,7.63058264273457,7.671869021467733,0.04128637873316343,True,True,False,False,value_and_gradient,7.671869021467733,723,723,512,80.40344452857971,CONVERGENCE: REL_REDUCTION_OF_F_<=_FACTR*EPSMCH,0.627419888066|0.747334823231|0.558251936795|0.890119440353|0.678777798622|0.698665632154|0.479192748381|1|0.810549686056|0.824032126921|0.825502748557|0.588311735181|0.5904574174|0.603271579575|0.39147571411|1|0.974058190579|0.9769331568|0.974698942848|0.987710759147|0.693631994396|0.688975904428|0.683688956648|0.718080781215|0.717803915325|0.724042044898|0.452650066246|0.45304706996|0.457854910699|0.475141545097|0.276787172118|1|1|1|1|1|1|0.766233973335|0.797931974211|0.796592257996|0.784474662995|0.800461211069|0.804844745393|0.794767436894|0.795732769917|0.798845279341|0.804563561746|0.45275958154|0.463907315666|0.472964158367|0.478396360219|0.471806391925|0.474527461045|0.503581638142|0.498670028376|0.495023412609|0.511004452253|0.265352833621|0.269058599229|0.280828493143|0.282694539099|0.300215734552|0.123682761899|1|1|1|1|1|1|1|1|1|1|1|1|1|1|1|1|1|1|1|1|1|1|0.786949505926|0.778032732687|0.771848048909|0.76691478679|0.820576341565|0.816691035434|0.808043338752|0.825605541388|0.849346589682|0.841673756964|0.821611487813|0.815320891807|0.842512260886|0.859294492419|0.851806958611|0.846904843728|0.859440527833|0.851683930757|0.842287344878|0.825743407763|0.529064871361|0.527572040264|0.526022966536|0.506066239036|0.496568686852|0.491244691843|0.526814747541|0.523020872364|0.519549819455|0.547650207728|0.517580416265|0.511396509717|0.521012836275|0.533006758765|0.545594832753|0.282255601818|0.30501689194|0.300467017673|0.284745039649|0.286877306007|0.279095688177|0.084485316456|1|1|1|1|1|1|1|1|1|1|1|1|1|1|1|1|1|1|1|1|1|1|1|1|1|1|1|1|1|1|1|1|1|1|1|1|1|1|1|1|1|1|1|1|1|1|1|1|1|1|1|1|1|1|1|1|1|1|1|1|1|1|1|1|0.354280179249|0.597053139526|0.524903815206|0.567359179445|0.822075861277|0.815209522128|0.81134104912|0.910115485451|0.90425994036|0.894966285347|0.806133364564|0.798888799076|0.863362605534|0.881606628754|0.870867314762|0.862767900387|0.892788216693|0.887003772902|0.876103649676|0.831843694604|0.901825914823|0.905300460927|0.893916743506|0.864871815526|0.850062868405|0.844511728036|0.875064955738|0.863947316496|0.850159703056|0.877866557841|0.842244842964|0.83365392176|0.826172060954|0.851783181922|0.85767928919|0.580784683466|0.565485631835|0.57014701075|0.52121668762|0.542539209722|0.532246808461|0.56894640617|0.557949325499|0.549624375151|0.572711317453|0.540473845539|0.538882839404|0.537381112747|0.552685067828|0.549180246261|0.539564090206|0.588901911746|0.582017881982|0.540413608204|0.53364948858|0.516436435757|0.278472998853|0.271900034476|0.245877703469|0.236729095504|0.225347606288|0.215416569427|0.212438252171|0.0398603937338
0,15,11,tree_robustness,default,optimal,0|5|10|15|35|75|125|175|225,adjoint_lbfgsb,adjoint_lbfgsb,4,structured_constant,,7.644234553975238,7.671869061025938,0.02763450705070003,True,True,False,False,value_and_gradient,7.671869061025938,620,620,455,68.61659526824951,CONVERGENCE: REL_REDUCTION_OF_F_<=_FACTR*EPSMCH,0.627415930539|0.747373734016|0.558134847875|0.890141791534|0.678750721976|0.698690829836|0.47919828509|1|0.810498032614|0.823982450662|0.825452461661|0.588226379212|0.590451148976|0.603245124906|0.391462998473|1|0.973942245933|0.976907029357|0.974700049919|0.987707054147|0.693480122832|0.689014288129|0.683692678834|0.718052846519|0.717818564027|0.723954125928|0.452634484815|0.453084145343|0.457970179901|0.474870715108|0.276942943884|1|1|1|1|1|1|0.765989701505|0.798011370318|0.796675841179|0.784512168499|0.800503323655|0.804862552378|0.794790973885|0.79559260259|0.798720815913|0.804183447578|0.452205202424|0.464471741807|0.47313180532|0.478331231261|0.47175858338|0.474692722116|0.503730958245|0.498744302443|0.495064464682|0.511167376621|0.265407946567|0.268225206556|0.281338251428|0.28287501267|0.300186183591|0.124514425071|1|1|1|1|1|1|1|1|1|1|1|1|1|1|1|1|1|1|1|1|1|1|0.785320874544|0.777737462853|0.771741983991|0.767155847616|0.821831645168|0.817948662688|0.809167483639|0.824747600657|0.85037072711|0.841557750973|0.82242259935|0.814057434215|0.840928030457|0.859132055671|0.851576674593|0.846609307412|0.859660518753|0.85170078052|0.842965204606|0.823799885235|0.527914342937|0.527649940011|0.525878324246|0.505836746576|0.496360134956|0.491285702072|0.52706655647|0.523050953888|0.519978595585|0.548048430893|0.517699985136|0.511563374991|0.521215944271|0.53305090483|0.547134005045|0.282640917296|0.305249642197|0.301020236738|0.284645532159|0.286496562541|0.278104480475|0.0829221168807|1|1|1|1|1|1|1|1|1|1|1|1|1|1|1|1|1|1|1|1|1|1|1|1|1|1|1|1|1|1|1|1|1|1|1|1|1|1|1|1|1|1|1|1|1|1|1|1|1|1|1|1|1|1|1|1|1|1|1|1|1|1|1|1|0.5308282039|0.597170501482|0.608297678527|0.614875437305|0.825180858097|0.820777717877|0.814489572597|0.919615759187|0.912340342968|0.904492629536|0.807875305214|0.800972134582|0.868061424188|0.88935353459|0.878675806807|0.870192229714|0.897519209079|0.88609204013|0.875342364599|0.828109158567|0.910387062345|0.91358772886|0.903337977012|0.867338673081|0.856474059941|0.847726000778|0.875142915967|0.863967006507|0.853767740998|0.869962055946|0.846203200538|0.835903526568|0.828645078661|0.842561673988|0.838282746009|0.583781694012|0.578933900898|0.57352771612|0.551507314495|0.544077124629|0.538354109186|0.565845750258|0.557049825906|0.548830550205|0.572052552425|0.542971314948|0.53464018428|0.533205471792|0.54819357834|0.546410697571|0.530177404539|0.582802715466|0.575339957076|0.533263541844|0.530632138712|0.512749271347|0.291413001329|0.289739419738|0.284436951697|0.253491492181|0.231242707626|0.218408450777|0.210424934952|0.0655903762284
0,15,11,tree_robustness,default,optimal,0|5|10|15|35|75|125|175|225,adjoint_lbfgsb,adjoint_lbfgsb,5,structured_constant,,7.638348176106851,7.671869072691418,0.033520896584567694,True,True,False,False,value_and_gradient,7.671869072691418,988,988,591,107.54852390289307,CONVERGENCE: REL_REDUCTION_OF_F_<=_FACTR*EPSMCH,0.627419431271|0.747321485611|0.558197437557|0.890157728688|0.67878911846|0.698707900707|0.479199872144|1|0.810546688846|0.823971074315|0.825461944315|0.588246183915|0.590471599565|0.603186918681|0.391531862306|1|0.974013368213|0.976932014209|0.974690871697|0.987688177821|0.693584207107|0.6890058507|0.683670782515|0.718058928334|0.717807195149|0.723958778348|0.452634087298|0.453123441145|0.457667191357|0.475116049358|0.276694929267|1|1|1|1|1|1|0.766125046347|0.798078411909|0.796765330069|0.784637219179|0.800527255716|0.804855960947|0.794761176369|0.79593246513|0.798604750671|0.804683854259|0.452580626148|0.463828722347|0.472757098853|0.478368510686|0.471761593297|0.474633537311|0.503748713673|0.498758055949|0.494793200626|0.510475203846|0.265850595932|0.267960263362|0.281154101273|0.283005074506|0.300731242739|0.123941042878|1|1|1|1|1|1|1|1|1|1|1|1|1|1|1|1|1|1|1|1|1|1|0.785255181533|0.778227135065|0.772226837027|0.767566064134|0.820432601153|0.816585998332|0.808065359149|0.824058141263|0.850217068972|0.841437800078|0.821769870312|0.815362780659|0.840353873453|0.859026844543|0.851487610548|0.846557965255|0.859875906885|0.851861115839|0.843114617076|0.825050749134|0.528860844011|0.526643175406|0.525169063114|0.505069238712|0.495610670339|0.490542647568|0.527235343001|0.523260332894|0.520150276352|0.546819489191|0.517764549873|0.511687028874|0.521001646115|0.532044929181|0.5466914472|0.281733633843|0.305029790328|0.300686965126|0.283979042862|0.285018289698|0.277114707947|0.0884309688065|1|1|1|1|1|1|1|1|1|1|1|1|1|1|1|1|1|1|1|1|1|1|1|1|1|1|1|1|1|1|1|1|1|1|1|1|1|1|1|1|1|1|1|1|1|1|1|1|1|1|1|1|1|1|1|1|1|1|1|1|1|1|1|1|0.555430730556|0.615510163303|0.62480265687|0.629948179095|0.821408133854|0.816443956558|0.809678007794|0.910662151265|0.902276814573|0.894999808193|0.802699400254|0.795950068438|0.871597760092|0.88114961413|0.871289892731|0.863431448719|0.899018854512|0.88818780236|0.877939028652|0.831914224769|0.90390937236|0.9034101576|0.894135830257|0.860681641034|0.850277370654|0.842145844513|0.876690318599|0.866032438552|0.856096183533|0.880170678346|0.848812133149|0.838853148912|0.831588684828|0.851377515176|0.846329501333|0.587926194252|0.582153466919|0.576157300448|0.552794972405|0.545141276769|0.539359450452|0.56711678453|0.55866400051|0.550823207505|0.57582675483|0.545211844318|0.537309740796|0.539997502635|0.553461195013|0.553855709159|0.533164492809|0.585901120036|0.578757508726|0.539484278481|0.538888914313|0.521854850791|0.287164340037|0.282753526526|0.278202090613|0.247407234823|0.227499043706|0.215467110913|0.208302224438|0.0443232666427
0,15,11,tree_robustness,default,optimal,0|5|10|15|35|75|125|175|225,adjoint_lbfgsb,adjoint_lbfgsb,6,sobol,,7.629566394390759,7.671869084231501,0.04230268984074215,True,True,False,False,value_and_gradient,7.671869084231501,774,774,555,86.38550591468811,CONVERGENCE: REL_REDUCTION_OF_F_<=_FACTR*EPSMCH,0.627402171992|0.747328310007|0.558186010241|0.890117349124|0.678794130739|0.698671129694|0.479242580023|1|0.810565912237|0.823995776822|0.825488566376|0.58826876132|0.590458241546|0.60325058692|0.391634638959|1|0.974017179672|0.976926991582|0.974693866873|0.987698645313|0.693712947335|0.689042395739|0.683654425188|0.718108191806|0.717812777052|0.723950333706|0.452745855993|0.453122841042|0.457831467115|0.475034223301|0.276566863901|1|1|1|1|1|1|0.766263894787|0.797959578624|0.79656998082|0.784461519554|0.800525950535|0.804829490484|0.794807211013|0.795818372827|0.798844899278|0.804772942835|0.452730657755|0.464171908077|0.472752839813|0.477968296548|0.471611053454|0.474295229996|0.504072059696|0.498379188812|0.494547131351|0.511053101739|0.265970477|0.268288614221|0.280837974402|0.283014646669|0.3005526949|0.123656407035|1|1|1|1|1|1|1|1|1|1|1|1|1|1|1|1|1|1|1|1|1|1|0.786080292176|0.778200789278|0.771785139633|0.767513986652|0.821196561028|0.816144001684|0.808522086781|0.825261751178|0.850175895446|0.841299788958|0.821747717297|0.81502282067|0.842022241255|0.858532783639|0.851513391061|0.845784765577|0.860658378195|0.852244063683|0.843449918478|0.825506740829|0.528984136398|0.526544845713|0.526242739159|0.506184782899|0.496882804221|0.490382257211|0.526612242234|0.523443896889|0.520536244214|0.548136783606|0.517149913331|0.511749857432|0.521453381769|0.533064819663|0.546274237797|0.280659486585|0.305754515516|0.30432467428|0.284452443374|0.2878693943|0.279282245393|0.0837706863674|1|1|1|1|1|1|1|1|1|1|1|1|1|1|1|1|1|1|1|1|1|1|1|1|1|1|1|1|1|1|1|1|1|1|1|1|1|1|1|1|1|1|1|1|1|1|1|1|1|1|1|1|1|1|1|1|1|1|1|1|1|1|1|1|0.493316874377|0.584310293219|0.593352513988|0.58740024964|0.834761951539|0.815778279759|0.814604942479|0.909487969798|0.901854405535|0.894380499431|0.818916761981|0.805249911597|0.866692456775|0.879009268671|0.870433638921|0.860329048874|0.895037542885|0.886264673455|0.868487533181|0.831682202923|0.901074077928|0.90257420309|0.895794317895|0.857536398458|0.850805616929|0.840714854241|0.87517803931|0.86595927033|0.855382072021|0.880734963067|0.841243632682|0.829435243266|0.830623552039|0.850033551632|0.858061071678|0.579497065419|0.560950393946|0.565647618225|0.5484118331|0.539441397594|0.5364735595|0.565212034397|0.558322737952|0.549328992533|0.575884206486|0.554062765974|0.537988997914|0.536695343935|0.552521345114|0.548608100601|0.538490184952|0.585301033384|0.584530016929|0.541056277794|0.533356050058|0.519799755253|0.269050432624|0.266448165777|0.241056652994|0.236719367492|0.22033420401|0.209079058859|0.207130872646|0.0327531196495
0,15,11,tree_robustness,default,optimal,0|5|10|15|35|75|125|175|225,adjoint_lbfgsb,adjoint_lbfgsb,7,sobol,,7.626175123671541,7.671869087355541,0.04569396368399925,True,True,False,False,value_and_gradient,7.671869087355541,1135,1135,732,125.62682819366455,CONVERGENCE: REL_REDUCTION_OF_F_<=_FACTR*EPSMCH,0.627416395515|0.747261774864|0.558204633223|0.890106917306|0.678725968174|0.698686325856|0.479223884218|1|0.810541453651|0.823985651538|0.825508924154|0.588280056148|0.59047005062|0.603225446649|0.391578444166|1|0.974017270655|0.976927975132|0.974699543063|0.987700005695|0.693458503222|0.689008293697|0.683686258485|0.718047032135|0.717816001813|0.723944918023|0.452609166552|0.453164652212|0.45787424744|0.47511819899|0.276825444689|1|1|1|1|1|1|0.765973626125|0.797974672672|0.79663073292|0.784454430464|0.800463620963|0.804855641251|0.794778441705|0.795728370993|0.799031115854|0.804435578826|0.452599399306|0.463975373114|0.472979187131|0.478096449882|0.471518954636|0.474466956696|0.503738050653|0.498655748873|0.494946251558|0.511119757318|0.26551860987|0.268059016005|0.281407535379|0.283084746224|0.300267385499|0.124295730258|1|1|1|1|1|1|1|1|1|1|1|1|1|1|1|1|1|1|1|1|1|1|0.785593036493|0.778399363799|0.772275122549|0.767381364003|0.820327907238|0.816351416184|0.807820410371|0.824669427503|0.85038331808|0.84176856173|0.821853047662|0.815165271122|0.841650037795|0.859210638496|0.851551293277|0.84680811127|0.859671069806|0.851836297939|0.843073580531|0.824637793515|0.530637995816|0.527555562305|0.52582669285|0.505953031395|0.496706805096|0.491628259373|0.527019547604|0.522754361944|0.519882098483|0.548236428772|0.517420864996|0.511352225249|0.520311488495|0.533643562772|0.546239542833|0.282397145964|0.304716148536|0.302825904263|0.285004041693|0.287004247753|0.278227086166|0.0857583895598|1|1|1|1|1|1|1|1|1|1|1|1|1|1|1|1|1|1|1|1|1|1|1|1|1|1|1|1|1|1|1|1|1|1|1|1|1|1|1|1|1|1|1|1|1|1|1|1|1|1|1|1|1|1|1|1|1|1|1|1|1|1|1|1|0.522592005261|0.568800135127|0.591452781363|0.594065354516|0.826027752977|0.816617523045|0.825987537912|0.908493163799|0.901186654395|0.894147309609|0.802152926095|0.796115058217|0.865923890238|0.879707162296|0.871938571505|0.865135961775|0.897901191036|0.887878148097|0.87603314702|0.82914967691|0.900457828312|0.910021435635|0.892639770325|0.862320952489|0.849367713654|0.840029187291|0.871615572652|0.858936154|0.852663989516|0.879862992965|0.84272271266|0.833043034706|0.830063092384|0.852418977631|0.858277753723|0.577459988606|0.569291231828|0.570258646825|0.549865415162|0.540792839732|0.532924488385|0.575161593051|0.567318632829|0.560092984696|0.581926160638|0.545146341022|0.536247646563|0.53689106989|0.552154228945|0.549346646693|0.531095047133|0.584713677128|0.582898536657|0.543840394458|0.535756325414|0.515661086721|0.272789791202|0.256281909763|0.254540524939|0.239753579366|0.226703503059|0.217878470714|0.21041000798|0.0352834193268
0,5,1,tree_robustness,default,optimal,0|5|10|15|35|75|125|175|225,adjoint_lbfgsb,adjoint_lbfgsb,0,structured_ramp,,7.587640436255577,7.6718690692161715,0.08422863296059457,True,True,False,False,value_and_gradient,7.6718690692161715,666,666,470,75.0978000164032,CONVERGENCE: REL_REDUCTION_OF_F_<=_FACTR*EPSMCH,0.627395426652|0.747314306352|0.558179597157|0.890109187941|0.678776069236|0.698645253968|0.479152191419|1|0.810513687534|0.823992013868|0.825464459679|0.588200567746|0.590441981818|0.603245774733|0.391555542961|1|0.974012786684|0.976928247101|0.974690271742|0.987700049506|0.693655611938|0.688963814999|0.683628332863|0.71802940758|0.717791500107|0.723914387836|0.452797931912|0.453068076935|0.457758392264|0.475139784592|0.276577954359|1|1|1|1|1|1|0.765919783137|0.797965459027|0.796631730772|0.784494807042|0.800351853372|0.804816411271|0.794747741599|0.795695690586|0.798824804958|0.804367201552|0.452912740947|0.463964819889|0.472916819376|0.478013678339|0.471408496383|0.474355757105|0.50370387674|0.498664944018|0.494938803087|0.510958115045|0.265761236972|0.268524549926|0.281030370137|0.282949221637|0.300142218109|0.12432711025|1|1|1|1|1|1|1|1|1|1|1|1|1|1|1|1|1|1|1|1|1|1|0.784860062467|0.777337059076|0.771289671526|0.766636641619|0.820670890904|0.816897091169|0.808390611499|0.824340679424|0.850054754149|0.841333411476|0.821889569293|0.815721203868|0.83969567293|0.858876534081|0.851342593581|0.846459651837|0.860100327139|0.852106010846|0.843356268517|0.824834925995|0.527892307181|0.527089444605|0.525348007472|0.505180665508|0.495652470706|0.490520749379|0.527031931922|0.523118205456|0.520061753038|0.5485505836|0.517770623494|0.511766745834|0.520701020964|0.533697884259|0.545563930354|0.281385754337|0.305808491282|0.301157308052|0.284134170419|0.284594493097|0.276124345115|0.0855135696504|1|1|1|1|1|1|1|1|1|1|1|1|1|1|1|1|1|1|1|1|1|1|1|1|1|1|1|1|1|1|1|1|1|1|1|1|1|1|1|1|1|1|1|1|1|1|1|1|1|1|1|1|1|1|1|1|1|1|1|1|1|1|1|1|0.553730032807|0.613136194321|0.622519597328|0.627776359962|0.821003427346|0.815908900296|0.808968611201|0.911645124737|0.90236609427|0.895008366413|0.801640218395|0.79463826803|0.873548026013|0.880995651935|0.871074603936|0.863238067633|0.898338229657|0.887868005931|0.878217819675|0.83422622684|0.90480275131|0.903472360459|0.894113804776|0.860590909121|0.850151735633|0.842109715121|0.877572369639|0.867342680259|0.858045476424|0.881791910684|0.851163606194|0.841691074627|0.835551402703|0.855705061391|0.855900666457|0.583364562368|0.577216689735|0.570772023173|0.545996686141|0.537887904056|0.531836431916|0.55906575241|0.550308150049|0.542237175895|0.569164923293|0.536279218831|0.528120567908|0.539191885115|0.546543687469|0.55153443841|0.523699495633|0.578774556216|0.571887779431|0.532327779376|0.536899012397|0.520734644754|0.27248391457|0.269094678161|0.263853656115|0.230407305988|0.207955740977|0.195047196425|0.186756492933|0.0234577929228
0,5,1,tree_robustness,default,optimal,0|5|10|15|35|75|125|175|225,adjoint_lbfgsb,adjoint_lbfgsb,1,structured_sigmoid,,7.562445739825449,7.6718690606808675,0.10942332085541828,True,True,False,False,value_and_gradient,7.6718690606808675,846,846,556,93.60707092285156,CONVERGENCE: REL_REDUCTION_OF_F_<=_FACTR*EPSMCH,0.627403763228|0.747315239738|0.558231719946|0.890129756279|0.678739264229|0.698683661585|0.479256617201|1|0.810510198678|0.824014747111|0.825487819888|0.588241036909|0.59045015271|0.603238940087|0.391551934988|1|0.973989493356|0.976919900751|0.974682220962|0.987700074087|0.693501503331|0.688993715611|0.68368867149|0.718024586291|0.717805671343|0.72394017478|0.45258585446|0.45324992139|0.457809114477|0.474923965277|0.276626862184|1|1|1|1|1|1|0.765902542291|0.797873604896|0.796528448096|0.784354442055|0.80047683339|0.804813688581|0.794539355198|0.795738753689|0.798887212758|0.804285699818|0.4532082387|0.464269522682|0.473121810481|0.478153041677|0.471589500994|0.474511321943|0.503826301456|0.498610439194|0.494934070259|0.510917412187|0.266152145866|0.268359190169|0.28149908211|0.282301360013|0.299912453484|0.124453149686|1|1|1|1|1|1|1|1|1|1|1|1|1|1|1|1|1|1|1|1|1|1|0.784655360262|0.777549059811|0.771706434914|0.767312455808|0.820802698512|0.816905528151|0.8082246802|0.822335506165|0.850172010241|0.841451871195|0.821839870675|0.81529108002|0.839752026874|0.858966224973|0.851507187905|0.846662890573|0.858975186886|0.850868218445|0.842193136855|0.824310628232|0.528479421517|0.527280624059|0.52545590768|0.505544886455|0.496105520792|0.491062070922|0.52745779164|0.523290293068|0.520127369625|0.545610909906|0.51798002674|0.51154003767|0.520771998721|0.530816827449|0.545897876311|0.281559839425|0.306574152088|0.301315259529|0.284679898482|0.286008342158|0.277901219343|0.08066119767|1|1|1|1|1|1|1|1|1|1|1|1|1|1|1|1|1|1|1|1|1|1|1|1|1|1|1|1|1|1|1|1|1|1|1|1|1|1|1|1|1|1|1|1|1|1|1|1|1|1|1|1|1|1|1|1|1|1|1|1|1|1|1|1|0.565211420245|0.620867409289|0.629388076635|0.634060577945|0.820457035829|0.815345874209|0.808394944928|0.909175034978|0.90195521092|0.894602507912|0.801180990796|0.794285052779|0.871067302959|0.880604939737|0.87061577258|0.86266842222|0.898978229734|0.887993659496|0.877662716437|0.831013348494|0.903497025858|0.903150356207|0.893675812521|0.859810512482|0.849223873343|0.840989744382|0.876339765787|0.865524567404|0.855519018028|0.87913922009|0.848090614038|0.837983375403|0.830860291575|0.850135607918|0.844428142274|0.587235828627|0.581108819498|0.574789057155|0.54989243776|0.541777060737|0.535801452828|0.561398687028|0.55254441149|0.544387195912|0.568852406722|0.53848277147|0.530144395223|0.535649639394|0.54562663809|0.545859919856|0.52753072899|0.578225594017|0.571851766823|0.531022363076|0.530562385103|0.513105048719|0.280792952871|0.275544907228|0.271253360202|0.237364783443|0.21358686351|0.200257814121|0.192964537327|0.0307698138807
0,5,1,tree_robustness,default,optimal,0|5|10|15|35|75|125|175|225,adjoint_lbfgsb,adjoint_lbfgsb,2,structured_constant,,7.6490661563724265,7.671869086664538,0.022802930292111334,True,True,False,False,value_and_gradient,7.671869086664538,1269,1269,735,140.03226947784424,CONVERGENCE: REL_REDUCTION_OF_F_<=_FACTR*EPSMCH,0.627384556812|0.74728432502|0.558195143823|0.890107350412|0.678752397904|0.698662744712|0.479181379598|1|0.810543641179|0.824006245617|0.825412713166|0.588252069692|0.590446742482|0.603235127018|0.39158975427|1|0.974015690115|0.976926704728|0.974688577522|0.987707546934|0.693653112488|0.689005065633|0.68356685145|0.718099071407|0.717808680321|0.723984748175|0.452618617621|0.453089955274|0.457892238805|0.475075913375|0.276911354975|1|1|1|1|1|1|0.766133515529|0.797956389633|0.796598518617|0.78440046166|0.800529852848|0.804815116775|0.794778003856|0.795670454209|0.798889775113|0.804319488013|0.452996779074|0.46386303895|0.472691446033|0.478146063799|0.471598849369|0.474507581409|0.50347726542|0.498318433888|0.494599234536|0.5111297696|0.265039581017|0.268001888609|0.280643525797|0.283110461312|0.300193741418|0.124070386733|1|1|1|1|1|1|1|1|1|1|1|1|1|1|1|1|1|1|1|1|1|1|0.785605264507|0.77814880195|0.772133261166|0.767468953954|0.820289824743|0.8165082012|0.807985534682|0.824509127748|0.850541287221|0.841755571417|0.821413204448|0.815216235735|0.841289841937|0.859356833257|0.851852543941|0.846918298023|0.859270215795|0.851445431949|0.842753659335|0.825514734572|0.528182648751|0.528740425183|0.526931487453|0.507676055138|0.498389563151|0.49346071487|0.528354215762|0.524407467071|0.521279500176|0.547249048745|0.518636337769|0.51259807986|0.521413658899|0.532274062316|0.54661642881|0.283243427713|0.302534200056|0.298609116758|0.282919048034|0.289254890489|0.28183998389|0.0851768450192|1|1|1|1|1|1|1|1|1|1|1|1|1|1|1|1|1|1|1|1|1|1|1|1|1|1|1|1|1|1|1|1|1|1|1|1|1|1|1|1|1|1|1|1|1|1|1|1|1|1|1|1|1|1|1|1|1|1|1|1|1|1|1|1|0.52929606064|0.598674698136|0.609760064754|0.616011523094|0.82228372106|0.817229842751|0.810320173215|0.908149226564|0.901383480826|0.893997131249|0.803180663467|0.796274005418|0.871168549974|0.879891474307|0.869929670118|0.862033265085|0.895912679431|0.885260374851|0.875326550256|0.830773713944|0.903326044287|0.902446177015|0.893082949234|0.859298127874|0.848949986454|0.8408014412|0.874014965632|0.863537484661|0.853912351459|0.879013508684|0.846795082529|0.837005341762|0.830215245364|0.851573013462|0.85279460006|0.57846323059|0.573069607719|0.567251364149|0.544508480704|0.537013094335|0.531153726978|0.562795054473|0.554355945523|0.546557215135|0.573713361075|0.540950984221|0.533093765365|0.537901477463|0.551415025197|0.553331604002|0.528177141904|0.583383797554|0.576574741661|0.537553163705|0.538708920268|0.522097526686|0.266375278576|0.264664090034|0.259570675141|0.230969434109|0.214859725108|0.203969304922|0.197102004056|0.0309229371479
0,5,1,tree_robustness,default,optimal,0|5|10|15|35|75|125|175|225,adjoint_lbfgsb,adjoint_lbfgsb,3,sobol,,7.63058264273457,7.671869021467733,0.04128637873316343,True,True,False,False,value_and_gradient,7.671869021467733,723,723,512,81.48135137557983,CONVERGENCE: REL_REDUCTION_OF_F_<=_FACTR*EPSMCH,0.627419888066|0.747334823231|0.558251936795|0.890119440353|0.678777798622|0.698665632154|0.479192748381|1|0.810549686056|0.824032126921|0.825502748557|0.588311735181|0.5904574174|0.603271579575|0.39147571411|1|0.974058190579|0.9769331568|0.974698942848|0.987710759147|0.693631994396|0.688975904428|0.683688956648|0.718080781215|0.717803915325|0.724042044898|0.452650066246|0.45304706996|0.457854910699|0.475141545097|0.276787172118|1|1|1|1|1|1|0.766233973335|0.797931974211|0.796592257996|0.784474662995|0.800461211069|0.804844745393|0.794767436894|0.795732769917|0.798845279341|0.804563561746|0.45275958154|0.463907315666|0.472964158367|0.478396360219|0.471806391925|0.474527461045|0.503581638142|0.498670028376|0.495023412609|0.511004452253|0.265352833621|0.269058599229|0.280828493143|0.282694539099|0.300215734552|0.123682761899|1|1|1|1|1|1|1|1|1|1|1|1|1|1|1|1|1|1|1|1|1|1|0.786949505926|0.778032732687|0.771848048909|0.76691478679|0.820576341565|0.816691035434|0.808043338752|0.825605541388|0.849346589682|0.841673756964|0.821611487813|0.815320891807|0.842512260886|0.859294492419|0.851806958611|0.846904843728|0.859440527833|0.851683930757|0.842287344878|0.825743407763|0.529064871361|0.527572040264|0.526022966536|0.506066239036|0.496568686852|0.491244691843|0.526814747541|0.523020872364|0.519549819455|0.547650207728|0.517580416265|0.511396509717|0.521012836275|0.533006758765|0.545594832753|0.282255601818|0.30501689194|0.300467017673|0.284745039649|0.286877306007|0.279095688177|0.084485316456|1|1|1|1|1|1|1|1|1|1|1|1|1|1|1|1|1|1|1|1|1|1|1|1|1|1|1|1|1|1|1|1|1|1|1|1|1|1|1|1|1|1|1|1|1|1|1|1|1|1|1|1|1|1|1|1|1|1|1|1|1|1|1|1|0.354280179249|0.597053139526|0.524903815206|0.567359179445|0.822075861277|0.815209522128|0.81134104912|0.910115485451|0.90425994036|0.894966285347|0.806133364564|0.798888799076|0.863362605534|0.881606628754|0.870867314762|0.862767900387|0.892788216693|0.887003772902|0.876103649676|0.831843694604|0.901825914823|0.905300460927|0.893916743506|0.864871815526|0.850062868405|0.844511728036|0.875064955738|0.863947316496|0.850159703056|0.877866557841|0.842244842964|0.83365392176|0.826172060954|0.851783181922|0.85767928919|0.580784683466|0.565485631835|0.57014701075|0.52121668762|0.542539209722|0.532246808461|0.56894640617|0.557949325499|0.549624375151|0.572711317453|0.540473845539|0.538882839404|0.537381112747|0.552685067828|0.549180246261|0.539564090206|0.588901911746|0.582017881982|0.540413608204|0.53364948858|0.516436435757|0.278472998853|0.271900034476|0.245877703469|0.236729095504|0.225347606288|0.215416569427|0.212438252171|0.0398603937338
0,5,1,tree_robustness,default,optimal,0|5|10|15|35|75|125|175|225,adjoint_lbfgsb,adjoint_lbfgsb,4,structured_constant,,7.644234553975238,7.671869061025938,0.02763450705070003,True,True,False,False,value_and_gradient,7.671869061025938,620,620,455,69.67992973327637,CONVERGENCE: REL_REDUCTION_OF_F_<=_FACTR*EPSMCH,0.627415930539|0.747373734016|0.558134847875|0.890141791534|0.678750721976|0.698690829836|0.47919828509|1|0.810498032614|0.823982450662|0.825452461661|0.588226379212|0.590451148976|0.603245124906|0.391462998473|1|0.973942245933|0.976907029357|0.974700049919|0.987707054147|0.693480122832|0.689014288129|0.683692678834|0.718052846519|0.717818564027|0.723954125928|0.452634484815|0.453084145343|0.457970179901|0.474870715108|0.276942943884|1|1|1|1|1|1|0.765989701505|0.798011370318|0.796675841179|0.784512168499|0.800503323655|0.804862552378|0.794790973885|0.79559260259|0.798720815913|0.804183447578|0.452205202424|0.464471741807|0.47313180532|0.478331231261|0.47175858338|0.474692722116|0.503730958245|0.498744302443|0.495064464682|0.511167376621|0.265407946567|0.268225206556|0.281338251428|0.28287501267|0.300186183591|0.124514425071|1|1|1|1|1|1|1|1|1|1|1|1|1|1|1|1|1|1|1|1|1|1|0.785320874544|0.777737462853|0.771741983991|0.767155847616|0.821831645168|0.817948662688|0.809167483639|0.824747600657|0.85037072711|0.841557750973|0.82242259935|0.814057434215|0.840928030457|0.859132055671|0.851576674593|0.846609307412|0.859660518753|0.85170078052|0.842965204606|0.823799885235|0.527914342937|0.527649940011|0.525878324246|0.505836746576|0.496360134956|0.491285702072|0.52706655647|0.523050953888|0.519978595585|0.548048430893|0.517699985136|0.511563374991|0.521215944271|0.53305090483|0.547134005045|0.282640917296|0.305249642197|0.301020236738|0.284645532159|0.286496562541|0.278104480475|0.0829221168807|1|1|1|1|1|1|1|1|1|1|1|1|1|1|1|1|1|1|1|1|1|1|1|1|1|1|1|1|1|1|1|1|1|1|1|1|1|1|1|1|1|1|1|1|1|1|1|1|1|1|1|1|1|1|1|1|1|1|1|1|1|1|1|1|0.5308282039|0.597170501482|0.608297678527|0.614875437305|0.825180858097|0.820777717877|0.814489572597|0.919615759187|0.912340342968|0.904492629536|0.807875305214|0.800972134582|0.868061424188|0.88935353459|0.878675806807|0.870192229714|0.897519209079|0.88609204013|0.875342364599|0.828109158567|0.910387062345|0.91358772886|0.903337977012|0.867338673081|0.856474059941|0.847726000778|0.875142915967|0.863967006507|0.853767740998|0.869962055946|0.846203200538|0.835903526568|0.828645078661|0.842561673988|0.838282746009|0.583781694012|0.578933900898|0.57352771612|0.551507314495|0.544077124629|0.538354109186|0.565845750258|0.557049825906|0.548830550205|0.572052552425|0.542971314948|0.53464018428|0.533205471792|0.54819357834|0.546410697571|0.530177404539|0.582802715466|0.575339957076|0.533263541844|0.530632138712|0.512749271347|0.291413001329|0.289739419738|0.284436951697|0.253491492181|0.231242707626|0.218408450777|0.210424934952|0.0655903762284
0,5,1,tree_robustness,default,optimal,0|5|10|15|35|75|125|175|225,adjoint_lbfgsb,adjoint_lbfgsb,5,structured_constant,,7.638348176106851,7.671869072691418,0.033520896584567694,True,True,False,False,value_and_gradient,7.671869072691418,988,988,591,109.22358465194702,CONVERGENCE: REL_REDUCTION_OF_F_<=_FACTR*EPSMCH,0.627419431271|0.747321485611|0.558197437557|0.890157728688|0.67878911846|0.698707900707|0.479199872144|1|0.810546688846|0.823971074315|0.825461944315|0.588246183915|0.590471599565|0.603186918681|0.391531862306|1|0.974013368213|0.976932014209|0.974690871697|0.987688177821|0.693584207107|0.6890058507|0.683670782515|0.718058928334|0.717807195149|0.723958778348|0.452634087298|0.453123441145|0.457667191357|0.475116049358|0.276694929267|1|1|1|1|1|1|0.766125046347|0.798078411909|0.796765330069|0.784637219179|0.800527255716|0.804855960947|0.794761176369|0.79593246513|0.798604750671|0.804683854259|0.452580626148|0.463828722347|0.472757098853|0.478368510686|0.471761593297|0.474633537311|0.503748713673|0.498758055949|0.494793200626|0.510475203846|0.265850595932|0.267960263362|0.281154101273|0.283005074506|0.300731242739|0.123941042878|1|1|1|1|1|1|1|1|1|1|1|1|1|1|1|1|1|1|1|1|1|1|0.785255181533|0.778227135065|0.772226837027|0.767566064134|0.820432601153|0.816585998332|0.808065359149|0.824058141263|0.850217068972|0.841437800078|0.821769870312|0.815362780659|0.840353873453|0.859026844543|0.851487610548|0.846557965255|0.859875906885|0.851861115839|0.843114617076|0.825050749134|0.528860844011|0.526643175406|0.525169063114|0.505069238712|0.495610670339|0.490542647568|0.527235343001|0.523260332894|0.520150276352|0.546819489191|0.517764549873|0.511687028874|0.521001646115|0.532044929181|0.5466914472|0.281733633843|0.305029790328|0.300686965126|0.283979042862|0.285018289698|0.277114707947|0.0884309688065|1|1|1|1|1|1|1|1|1|1|1|1|1|1|1|1|1|1|1|1|1|1|1|1|1|1|1|1|1|1|1|1|1|1|1|1|1|1|1|1|1|1|1|1|1|1|1|1|1|1|1|1|1|1|1|1|1|1|1|1|1|1|1|1|0.555430730556|0.615510163303|0.62480265687|0.629948179095|0.821408133854|0.816443956558|0.809678007794|0.910662151265|0.902276814573|0.894999808193|0.802699400254|0.795950068438|0.871597760092|0.88114961413|0.871289892731|0.863431448719|0.899018854512|0.88818780236|0.877939028652|0.831914224769|0.90390937236|0.9034101576|0.894135830257|0.860681641034|0.850277370654|0.842145844513|0.876690318599|0.866032438552|0.856096183533|0.880170678346|0.848812133149|0.838853148912|0.831588684828|0.851377515176|0.846329501333|0.587926194252|0.582153466919|0.576157300448|0.552794972405|0.545141276769|0.539359450452|0.56711678453|0.55866400051|0.550823207505|0.57582675483|0.545211844318|0.537309740796|0.539997502635|0.553461195013|0.553855709159|0.533164492809|0.585901120036|0.578757508726|0.539484278481|0.538888914313|0.521854850791|0.287164340037|0.282753526526|0.278202090613|0.247407234823|0.227499043706|0.215467110913|0.208302224438|0.0443232666427
0,5,1,tree_robustness,default,optimal,0|5|10|15|35|75|125|175|225,adjoint_lbfgsb,adjoint_lbfgsb,6,sobol,,7.629566394390759,7.671869084231501,0.04230268984074215,True,True,False,False,value_and_gradient,7.671869084231501,774,774,555,87.9263825416565,CONVERGENCE: REL_REDUCTION_OF_F_<=_FACTR*EPSMCH,0.627402171992|0.747328310007|0.558186010241|0.890117349124|0.678794130739|0.698671129694|0.479242580023|1|0.810565912237|0.823995776822|0.825488566376|0.58826876132|0.590458241546|0.60325058692|0.391634638959|1|0.974017179672|0.976926991582|0.974693866873|0.987698645313|0.693712947335|0.689042395739|0.683654425188|0.718108191806|0.717812777052|0.723950333706|0.452745855993|0.453122841042|0.457831467115|0.475034223301|0.276566863901|1|1|1|1|1|1|0.766263894787|0.797959578624|0.79656998082|0.784461519554|0.800525950535|0.804829490484|0.794807211013|0.795818372827|0.798844899278|0.804772942835|0.452730657755|0.464171908077|0.472752839813|0.477968296548|0.471611053454|0.474295229996|0.504072059696|0.498379188812|0.494547131351|0.511053101739|0.265970477|0.268288614221|0.280837974402|0.283014646669|0.3005526949|0.123656407035|1|1|1|1|1|1|1|1|1|1|1|1|1|1|1|1|1|1|1|1|1|1|0.786080292176|0.778200789278|0.771785139633|0.767513986652|0.821196561028|0.816144001684|0.808522086781|0.825261751178|0.850175895446|0.841299788958|0.821747717297|0.81502282067|0.842022241255|0.858532783639|0.851513391061|0.845784765577|0.860658378195|0.852244063683|0.843449918478|0.825506740829|0.528984136398|0.526544845713|0.526242739159|0.506184782899|0.496882804221|0.490382257211|0.526612242234|0.523443896889|0.520536244214|0.548136783606|0.517149913331|0.511749857432|0.521453381769|0.533064819663|0.546274237797|0.280659486585|0.305754515516|0.30432467428|0.284452443374|0.2878693943|0.279282245393|0.0837706863674|1|1|1|1|1|1|1|1|1|1|1|1|1|1|1|1|1|1|1|1|1|1|1|1|1|1|1|1|1|1|1|1|1|1|1|1|1|1|1|1|1|1|1|1|1|1|1|1|1|1|1|1|1|1|1|1|1|1|1|1|1|1|1|1|0.493316874377|0.584310293219|0.593352513988|0.58740024964|0.834761951539|0.815778279759|0.814604942479|0.909487969798|0.901854405535|0.894380499431|0.818916761981|0.805249911597|0.866692456775|0.879009268671|0.870433638921|0.860329048874|0.895037542885|0.886264673455|0.868487533181|0.831682202923|0.901074077928|0.90257420309|0.895794317895|0.857536398458|0.850805616929|0.840714854241|0.87517803931|0.86595927033|0.855382072021|0.880734963067|0.841243632682|0.829435243266|0.830623552039|0.850033551632|0.858061071678|0.579497065419|0.560950393946|0.565647618225|0.5484118331|0.539441397594|0.5364735595|0.565212034397|0.558322737952|0.549328992533|0.575884206486|0.554062765974|0.537988997914|0.536695343935|0.552521345114|0.548608100601|0.538490184952|0.585301033384|0.584530016929|0.541056277794|0.533356050058|0.519799755253|0.269050432624|0.266448165777|0.241056652994|0.236719367492|0.22033420401|0.209079058859|0.207130872646|0.0327531196495
0,5,1,tree_robustness,default,optimal,0|5|10|15|35|75|125|175|225,adjoint_lbfgsb,adjoint_lbfgsb,7,sobol,,7.626175123671541,7.671869087355541,0.04569396368399925,True,True,False,False,value_and_gradient,7.671869087355541,1135,1135,732,127.27948141098022,CONVERGENCE: REL_REDUCTION_OF_F_<=_FACTR*EPSMCH,0.627416395515|0.747261774864|0.558204633223|0.890106917306|0.678725968174|0.698686325856|0.479223884218|1|0.810541453651|0.823985651538|0.825508924154|0.588280056148|0.59047005062|0.603225446649|0.391578444166|1|0.974017270655|0.976927975132|0.974699543063|0.987700005695|0.693458503222|0.689008293697|0.683686258485|0.718047032135|0.717816001813|0.723944918023|0.452609166552|0.453164652212|0.45787424744|0.47511819899|0.276825444689|1|1|1|1|1|1|0.765973626125|0.797974672672|0.79663073292|0.784454430464|0.800463620963|0.804855641251|0.794778441705|0.795728370993|0.799031115854|0.804435578826|0.452599399306|0.463975373114|0.472979187131|0.478096449882|0.471518954636|0.474466956696|0.503738050653|0.498655748873|0.494946251558|0.511119757318|0.26551860987|0.268059016005|0.281407535379|0.283084746224|0.300267385499|0.124295730258|1|1|1|1|1|1|1|1|1|1|1|1|1|1|1|1|1|1|1|1|1|1|0.785593036493|0.778399363799|0.772275122549|0.767381364003|0.820327907238|0.816351416184|0.807820410371|0.824669427503|0.85038331808|0.84176856173|0.821853047662|0.815165271122|0.841650037795|0.859210638496|0.851551293277|0.84680811127|0.859671069806|0.851836297939|0.843073580531|0.824637793515|0.530637995816|0.527555562305|0.52582669285|0.505953031395|0.496706805096|0.491628259373|0.527019547604|0.522754361944|0.519882098483|0.548236428772|0.517420864996|0.511352225249|0.520311488495|0.533643562772|0.546239542833|0.282397145964|0.304716148536|0.302825904263|0.285004041693|0.287004247753|0.278227086166|0.0857583895598|1|1|1|1|1|1|1|1|1|1|1|1|1|1|1|1|1|1|1|1|1|1|1|1|1|1|1|1|1|1|1|1|1|1|1|1|1|1|1|1|1|1|1|1|1|1|1|1|1|1|1|1|1|1|1|1|1|1|1|1|1|1|1|1|0.522592005261|0.568800135127|0.591452781363|0.594065354516|0.826027752977|0.816617523045|0.825987537912|0.908493163799|0.901186654395|0.894147309609|0.802152926095|0.796115058217|0.865923890238|0.879707162296|0.871938571505|0.865135961775|0.897901191036|0.887878148097|0.87603314702|0.82914967691|0.900457828312|0.910021435635|0.892639770325|0.862320952489|0.849367713654|0.840029187291|0.871615572652|0.858936154|0.852663989516|0.879862992965|0.84272271266|0.833043034706|0.830063092384|0.852418977631|0.858277753723|0.577459988606|0.569291231828|0.570258646825|0.549865415162|0.540792839732|0.532924488385|0.575161593051|0.567318632829|0.560092984696|0.581926160638|0.545146341022|0.536247646563|0.53689106989|0.552154228945|0.549346646693|0.531095047133|0.584713677128|0.582898536657|0.543840394458|0.535756325414|0.515661086721|0.272789791202|0.256281909763|0.254540524939|0.239753579366|0.226703503059|0.217878470714|0.21041000798|0.0352834193268
0,10,10,tree_robustness,lower_fragility_weight,delayed,0|5|10|15|35|75|125|175|225,adjoint_lbfgsb,adjoint_lbfgsb,0,warm_start,,7.741726076881423,7.741731539749217,5.46286779368188e-06,True,True,False,False,value_and_gradient,7.741731539749217,178,178,120,20.043784141540527,CONVERGENCE: REL_REDUCTION_OF_F_<=_FACTR*EPSMCH,0|0|0|0.571082530827|0.274498857313|0.27816458514|0.114415001207|0.732717169916|0.381624040203|0.389419944858|0.390609313794|0.173682903652|0.173700491011|0.175701724322|0.0671867872596|0.900526664714|0.501543071295|0.489251107455|0.494020334344|0.500808975266|0.230858307588|0.226708901708|0.226217257496|0.230185654696|0.22985322678|0.231407507864|0.0883156470005|0.0885139273854|0.0894556759412|0.0926795144752|0.0279544443988|1|0.576411352667|0.569336612005|0.53593336796|0.541060943125|0.5394287774|0.249127993663|0.247747643789|0.244202251777|0.243016816352|0.240964097841|0.237986691368|0.237052385349|0.229974428173|0.229564747455|0.231928584313|0.0931588120059|0.0908952576571|0.0908031017588|0.0930407565008|0.0929739741445|0.092205238844|0.0884323678161|0.088410819726|0.0879929118465|0.0913885553923|0.0285282879236|0.0285162199818|0.0304652673097|0.0294863821499|0.0287700933565|0.00678941895657|1|1|1|0.90889580006|0.904453550763|0.887677881383|0.883945882378|0.566064278936|0.51428554805|0.468334834941|0.475907574769|0.470708851782|0.504234065508|0.465797507445|0.463915212399|0.47519480004|0.452006315593|0.436765707386|0.435988685163|0.406953978921|0.408196958728|0.416441317977|0.218977638761|0.210878425745|0.204952796972|0.20477048343|0.20052136346|0.196561720454|0.196059291891|0.193178522824|0.192922957719|0.189809371436|0.199755007107|0.193422673471|0.192929170425|0.190644984374|0.190775119729|0.188009803467|0.177193869198|0.177200999637|0.17409365045|0.177693953195|0.0714699960639|0.0689990760476|0.0688230986449|0.0680744491569|0.0686234800515|0.0673341034488|0.0632036129105|0.063164228518|0.0631394448143|0.064131617951|0.0626682346487|0.062442806957|0.0666328110322|0.0638251223568|0.0614563030749|0.0184638976579|0.0183234701962|0.0180391408405|0.0173492259025|0.0166798625063|0.0165990544652|0.00210195318139|1|1|1|1|1|1|1|1|1|1|0.926356301639|0.831861885071|0.815495434104|0.818120703977|1|0.898367088496|0.801272522758|0.800132969878|0.789252652453|0.86209084731|0.780735401913|0.764661746254|0.767877806|0.716394182972|0.697238737962|0.697778560607|0.64434722777|0.644935704839|0.637026355772|0.446308391982|0.444991904363|0.417793353337|0.432879341967|0.431572863317|0.446797667323|0.41874309693|0.407258397172|0.415612362565|0.393897954528|0.380278495987|0.383668284004|0.345937174702|0.344804644416|0.359535921739|0.446928852763|0.414298490623|0.40224241625|0.401774618726|0.381372049967|0.372997770372|0.37179272354|0.356235911437|0.355175575133|0.348797453486|0.373920822743|0.360763081004|0.359722251312|0.34528939246|0.344410826979|0.34004801725|0.318472280279|0.317971401801|0.311604947447|0.310477033895|0.192798113632|0.177108459164|0.17055082498|0.168707842234|0.156893782636|0.157628338694|0.155803494279|0.14761966898|0.146087020608|0.14291650328|0.157990404675|0.151292616266|0.149660837863|0.142169268574|0.145151194901|0.141862370293|0.132042267991|0.130911916205|0.127643793706|0.127908394571|0.154575355148|0.148097660928|0.146577071997|0.139356039521|0.14223839691|0.138966738909|0.129396873872|0.128322058712|0.125171232432|0.125464256593|0.127120918956|0.126058653427|0.131540366117|0.125497293868|0.119423777855|0.0521714166996|0.0495131470659|0.0485871911791|0.0466381142391|0.0464913622081|0.0453276352818|0.0421927894943|0.0416924882617|0.0433009040881|0.0403199261806|0.0413960125616|0.0409134255445|0.0425739690617|0.0407949471253|0.0387134069429|0.0437241149246|0.0432647120594|0.0422034357681|0.0404212459661|0.0383756912566|0.0381000020638|0.00622718022013|0.00560243799822|0.0068808234164|0.00579587183197|0.00519281104029|0.00513070009488|0.00512069109992|0
0,10,10,tree_robustness,lower_fragility_weight,delayed,0|5|10|15|35|75|125|175|225,adjoint_lbfgsb,adjoint_lbfgsb,1,structured_ramp,,7.72772980848773,7.7417315528845725,0.01400174439684232,True,True,False,False,value_and_gradient,7.7417315528845725,737,737,499,81.87595438957214,CONVERGENCE: REL_REDUCTION_OF_F_<=_FACTR*EPSMCH,0|0|0|0.57107261524|0.274441118245|0.278121708171|0.114298894314|0.732701240471|0.381626589839|0.389415833768|0.390599266859|0.173710717619|0.173824230109|0.17576604041|0.0671644499354|0.900532647609|0.501576417883|0.489205708686|0.494004665705|0.50079216854|0.230870388764|0.226678399653|0.226184196226|0.230114235202|0.229793415764|0.231322695648|0.0883583445096|0.0885391278624|0.0894085207657|0.0926776025623|0.0282997484775|1|0.576467914875|0.56950494345|0.535832321128|0.540991443481|0.539456604885|0.249092781191|0.247665380164|0.243958757713|0.242683865104|0.241145568041|0.237611481509|0.236640683681|0.229819048637|0.229543173795|0.232036043548|0.0929532771399|0.0906935828986|0.0906663117559|0.0930625134433|0.0929647684695|0.092163207283|0.0883885713132|0.0883800413734|0.0877083846065|0.0914527094808|0.0284472774417|0.0284683351531|0.0305197252029|0.0294628107674|0.028754062894|0.00677797306985|1|1|1|0.910180769843|0.904425174988|0.887479259164|0.883964973439|0.565729371632|0.51502237829|0.469068531254|0.476051064814|0.47094285582|0.504762215802|0.466012091226|0.464113533817|0.475561246379|0.451993446121|0.436714319646|0.435912215532|0.406120371535|0.407854537406|0.416274434598|0.215882282743|0.208288585981|0.202549167355|0.203086328023|0.201012415555|0.195209577513|0.195110688126|0.193326357303|0.193213045568|0.19006757139|0.198355002654|0.192195072754|0.192069907682|0.190783158976|0.190812524246|0.187856834046|0.177214263761|0.177242560864|0.174179768584|0.177663950739|0.0703323882974|0.0679041514854|0.0680402584489|0.0680940521437|0.0679969951025|0.0667293457025|0.0625092015008|0.0627018184292|0.0630364713996|0.0643818059573|0.061992233342|0.0620254116509|0.0668849825009|0.0635645192044|0.0612158873408|0.0184972619182|0.01850581832|0.0181581964815|0.0172739821434|0.0166067444088|0.0165283062132|0.0020665992831|1|1|1|1|1|1|1|1|1|1|0.927163301685|0.832922009383|0.816630639521|0.818785621572|1|0.899356559685|0.802349981992|0.800846760106|0.789838858711|0.863005969346|0.781431157436|0.76537944156|0.768564973834|0.717104779577|0.697990629515|0.698193988188|0.645432308555|0.645675917845|0.637765097775|0.436329491157|0.433106287223|0.408320473077|0.433893546469|0.435386218548|0.451134019517|0.419784064525|0.408104554194|0.410412133324|0.394019310243|0.380012792489|0.380171628433|0.342072771805|0.342249261969|0.35977310406|0.436804444871|0.406800251358|0.395090178659|0.396826355396|0.381566567508|0.36825232359|0.36843183859|0.355336809375|0.355422861129|0.349075035856|0.369332382764|0.356339894973|0.356590870389|0.344470009102|0.344574594688|0.338068574765|0.315955656216|0.316151306593|0.309875501751|0.309930587507|0.177031234222|0.167914586833|0.161824901725|0.162718812259|0.157983653636|0.151341052924|0.151432485765|0.147583186148|0.147627291765|0.144458356298|0.151910783852|0.145531119612|0.145655477566|0.142216094616|0.142270300316|0.139068589858|0.128272789934|0.128371597252|0.125319014659|0.128506042076|0.148853156003|0.142667193533|0.142794020321|0.139410310381|0.139456121725|0.136338907918|0.125827392217|0.12592823367|0.122937771787|0.126030584759|0.123706089509|0.123803027279|0.132066512681|0.1237598748|0.117802740761|0.0483833449528|0.0459660683564|0.0460143541948|0.0447397647335|0.044758327882|0.0437440966263|0.0404539427727|0.0404879449023|0.0436492624591|0.0410346738957|0.0397990655545|0.03983251013|0.0429859347319|0.0402984417066|0.0375653653058|0.0435736989206|0.0436097965026|0.0426343232644|0.0399733931066|0.0367140024123|0.0361337272377|0.00605499464501|0.00605899004899|0.00600743387368|0.00433666922167|0.00528917203168|0.00524540289092|0.00522800876113|0
0,10,10,tree_robustness,lower_fragility_weight,delayed,0|5|10|15|35|75|125|175|225,adjoint_lbfgsb,adjoint_lbfgsb,2,structured_sigmoid,,7.723514580188251,7.741731552086904,0.0182169718986529,True,True,False,False,value_and_gradient,7.741731552086904,414,414,318,46.66650652885437,CONVERGENCE: REL_REDUCTION_OF_F_<=_FACTR*EPSMCH,0|0|0|0.57110645184|0.274455058531|0.278130243887|0.114309298918|0.732703373102|0.381617890325|0.389424185862|0.390609381443|0.173719592096|0.173818474528|0.175777420428|0.0671560205117|0.900519798754|0.501584415017|0.489216768668|0.494014496494|0.500798772899|0.230881745895|0.226686627731|0.226190820856|0.230109673275|0.22979514125|0.231329700331|0.0883647657119|0.0885511979092|0.0894231234704|0.0926772016314|0.0282204348317|1|0.576462882729|0.569514429983|0.535834875158|0.540996377974|0.539482316694|0.249131617646|0.247676859063|0.243983805932|0.242703645645|0.241172650621|0.237643604258|0.236674804844|0.229855020644|0.229618923975|0.232085032859|0.0929364635042|0.0906135928766|0.0905882903067|0.0930748991407|0.0929702679379|0.092172248487|0.0883701129409|0.0883583048156|0.08769725195|0.0914205387636|0.0285638086951|0.0285619401324|0.0305726290693|0.029467888274|0.0287025920356|0.00689396754892|1|1|1|0.91007688715|0.904465620287|0.88759601453|0.884108096859|0.565777750519|0.514979781315|0.469237905532|0.476177586054|0.471185391536|0.504817977065|0.466242988925|0.464355366072|0.475810075567|0.451996752767|0.436756040751|0.435960107582|0.405799140879|0.407634413778|0.41588614833|0.215420920947|0.208176454697|0.202335368494|0.202879607605|0.201009141844|0.195305503661|0.195210665742|0.193347012744|0.193236472163|0.190015843684|0.19841076356|0.192348352282|0.19222445741|0.190740298559|0.190773957248|0.187748449442|0.176833381897|0.176868539625|0.17382760624|0.177845248103|0.0702667215986|0.0678411216417|0.0679728430004|0.0683902181626|0.0683664289787|0.0669672560029|0.0626322204737|0.062827065711|0.0629336818968|0.0643437242429|0.062062780091|0.0620864979704|0.0669201344752|0.0634603716042|0.0610221138117|0.0186839856719|0.0186927463828|0.0183987665122|0.0171252449603|0.0162832855031|0.0161859338198|0.00161029946413|1|1|1|1|1|1|1|1|1|1|0.927189053896|0.833267006401|0.817051744301|0.81920048577|1|0.899417893951|0.802812566093|0.801514473194|0.790430145902|0.863216986414|0.782114775962|0.766149735752|0.769326073735|0.717972861176|0.699035344657|0.699250813077|0.646487608378|0.646740497933|0.638383013038|0.438447104748|0.431168735328|0.407284054163|0.433437992166|0.434924939121|0.449707351638|0.419398352873|0.407788843423|0.410081430085|0.393957422505|0.37993477543|0.38009616582|0.341907553324|0.342076876143|0.359516898576|0.435451852256|0.406444706883|0.394809928128|0.396535795754|0.381490059699|0.368152954801|0.368332228755|0.355058079902|0.355136498443|0.348779822357|0.369235979706|0.356212053069|0.35646466859|0.344172408275|0.344272981673|0.337738431167|0.315601184965|0.315794796056|0.309525860468|0.309751600304|0.184225815662|0.167611410771|0.16139511164|0.162308574313|0.157368611614|0.15081952605|0.150914774756|0.147438009913|0.147500701329|0.144373996705|0.151393903111|0.145118064136|0.145243876159|0.142169234152|0.142224845582|0.139086413368|0.128430471846|0.128530167645|0.125507493799|0.12868512999|0.148306233937|0.142227332784|0.142352183504|0.139334304268|0.139367968432|0.136327309705|0.125966346002|0.126067010662|0.123145360871|0.126192033231|0.123858958884|0.123955830648|0.132250188085|0.123909321358|0.117900613737|0.0487360977099|0.0461372246967|0.046189096348|0.0447366275046|0.044745969443|0.0437734043874|0.0405924321224|0.040624833036|0.0438457284734|0.0413030245492|0.0399525957781|0.0399876011022|0.0432002105395|0.0405856125757|0.0383160809331|0.0436787223249|0.0437047415944|0.0427830512412|0.0402001309655|0.0379762312562|0.0377057026242|0.00620273931257|0.00620410047421|0.00621925767848|0.00603383020106|0.00575693726148|0.00373730221598|0.00414172687685|0
0,10,10,tree_robustness,lower_fragility_weight,delayed,0|5|10|15|35|75|125|175|225,adjoint_lbfgsb,adjoint_lbfgsb,3,structured_constant,,7.728808451373978,7.741731552734603,0.012923101360624578,True,True,False,False,value_and_gradient,7.741731552734603,557,557,397,61.366204261779785,CONVERGENCE: REL_REDUCTION_OF_F_<=_FACTR*EPSMCH,0|0|0|0.571072898878|0.274448209361|0.278101385042|0.114316809758|0.732700257267|0.381626504001|0.389419471231|0.39059687984|0.173708534744|0.173818345564|0.175764645468|0.0671809116413|0.900535244144|0.501571742772|0.489209583498|0.494012610881|0.50079375864|0.230883709706|0.226687247978|0.226192422718|0.230105711549|0.229798489536|0.231342702451|0.0883577860769|0.0885386639735|0.0894215851762|0.0926758642818|0.0282865038175|1|0.576414494829|0.569538151233|0.535850063501|0.540977604611|0.539460631124|0.24907542402|0.247690520291|0.24398094564|0.242708805008|0.241165277279|0.237632123669|0.236662813614|0.229787403989|0.229551744765|0.232076824743|0.0929220318497|0.0906831153047|0.0906562914024|0.0930664545994|0.0929670912116|0.0921657838519|0.0883869961492|0.0883785279434|0.0876639935129|0.0914120741377|0.0284768393377|0.0284868136047|0.0305291050248|0.0294647203222|0.0287494908927|0.00678417296954|1|1|1|0.910204006783|0.904397685865|0.887413180703|0.883952715212|0.565802525453|0.51495495672|0.469028070844|0.476172473124|0.47096420642|0.504657701829|0.466081266409|0.464190043581|0.475615730674|0.451978376549|0.436724877815|0.435928178582|0.405968967323|0.407943176155|0.416215546067|0.216253978882|0.208338139711|0.202559245924|0.203099873661|0.201113874338|0.195338022433|0.195239961204|0.193300101151|0.193187334096|0.190027126639|0.198474891701|0.192335416734|0.192210421949|0.190742261617|0.19077408136|0.187793410982|0.177067788739|0.177096987586|0.174058515926|0.177632457492|0.0703813114827|0.067762122302|0.067906810373|0.0680451099427|0.0679476325064|0.066719535778|0.0624784794607|0.0626752325591|0.0630572276877|0.0642571465926|0.0619490487258|0.0619837839358|0.0668161165534|0.0634255945825|0.0610904035872|0.0185376009779|0.0185442154063|0.018181988422|0.0172506261867|0.0166059991808|0.0165324979493|0.0026360047699|1|1|1|1|1|1|1|1|1|1|0.927506728873|0.833090342581|0.816744846916|0.818904114649|1|0.899694123332|0.802554408071|0.800920869775|0.789981739977|0.863320869443|0.781478637644|0.765384672655|0.768583115795|0.716959908653|0.697858775089|0.69806147678|0.645386242432|0.645624740939|0.637849625951|0.432219347315|0.433756664121|0.408620740996|0.434050568844|0.435546294857|0.451902407719|0.419833385511|0.408091164848|0.410407615289|0.393907923043|0.379951207632|0.380099948584|0.342243842859|0.342422287666|0.360096022639|0.437491687443|0.406810926587|0.395045413821|0.396785408171|0.381495314471|0.368244016267|0.368422625082|0.355662173081|0.35575321374|0.349425303308|0.369333923284|0.356424130288|0.356672283823|0.344874802948|0.344983150301|0.338523983133|0.316565908199|0.316765664267|0.310533044748|0.310576598079|0.182197577011|0.168760327187|0.162596007404|0.163505252933|0.158142664103|0.15135277429|0.151442925577|0.147310435331|0.147354344392|0.144183247548|0.151922736046|0.14541215146|0.145535636618|0.141937885312|0.141990964109|0.138807508977|0.128180165175|0.128275775644|0.125305816396|0.128851452092|0.148809895704|0.142496587679|0.142623649016|0.139121976768|0.13916458484|0.136073103376|0.125759133763|0.125856542797|0.122996607281|0.126430512939|0.123688705278|0.123783833779|0.132286264485|0.124256264816|0.118574298913|0.0492702553337|0.046527455189|0.0465812590097|0.0445083580158|0.0445261835912|0.0434220130219|0.0399436314164|0.0399751054699|0.0431599262285|0.0406216476777|0.0392758138984|0.0393061467495|0.0424848927069|0.0399392807448|0.0381805317085|0.043053673752|0.0430865265784|0.0421102014296|0.0396204687442|0.0378881262799|0.0376503716796|0.00549162015534|0.00549414364229|0.00543431975673|0.00537853785003|0.00539428167224|0.00538377158787|0.00538124746784|0
0,10,10,tree_robustness,lower_fragility_weight,delayed,0|5|10|15|35|75|125|175|225,adjoint_lbfgsb,adjoint_lbfgsb,4,warm_start_perturbed,,7.741495698434645,7.741731552280206,0.00023585384556135125,True,True,False,False,value_and_gradient,7.741731552280206,391,391,249,42.84187841415405,CONVERGENCE: REL_REDUCTION_OF_F_<=_FACTR*EPSMCH,0|0|0|0.571073096397|0.274446840556|0.278095421274|0.114309261232|0.732701724924|0.381626465383|0.389417736288|0.390596501554|0.173712539984|0.173820058622|0.175765899962|0.067167552447|0.900533692008|0.501580528247|0.48921090723|0.494005592417|0.500794777471|0.230887275202|0.226669392197|0.226176233431|0.230114984869|0.229820793868|0.231335788515|0.0883512733763|0.0885323284176|0.0894336962445|0.0926766422361|0.0283230047636|1|0.576503771604|0.569558346124|0.535856552559|0.541006692937|0.539546437938|0.249092039012|0.247671741221|0.243949889202|0.242679359292|0.241185704383|0.237620556323|0.236692194327|0.229805911187|0.229537867721|0.232049898342|0.0929231288596|0.0906707796166|0.0906717532842|0.0930671509467|0.0929728413402|0.092167381512|0.0883968277646|0.0883938967282|0.087691901227|0.0914323714495|0.0284852394297|0.0284537564436|0.0305371065276|0.0294652841088|0.0287460709515|0.00677965948962|1|1|1|0.910120998107|0.904412922627|0.887427001452|0.883942837304|0.56587940747|0.51498653682|0.469197379759|0.476063215076|0.471035602881|0.504973898886|0.465988190275|0.464085694035|0.475529359489|0.451774340974|0.436680728002|0.435978229588|0.406641555015|0.407906753756|0.416242932456|0.216010667779|0.208312895606|0.202088766848|0.202938051059|0.200982049883|0.195214737212|0.195099855934|0.193281091733|0.19315712526|0.190021056563|0.198368645481|0.192185431698|0.191995874046|0.190731095276|0.190732226969|0.187827376917|0.177364729389|0.177044213922|0.174105039078|0.1774060019|0.0704324312142|0.0679164156982|0.0680452982827|0.0682034589655|0.0683325558521|0.0669303036113|0.062521610361|0.0627883860896|0.0631644108888|0.0643503409791|0.061977433118|0.0620698761824|0.0667949351414|0.063540899308|0.0612427658382|0.0186205017143|0.0184235525568|0.0183244072188|0.0172000407888|0.0165596441526|0.0165567737562|0.0020450365603|1|1|1|1|1|1|1|1|1|1|0.928533759717|0.83362812105|0.816696598767|0.819592576558|1|0.899786321004|0.802181147898|0.801409641576|0.790148620542|0.863859925733|0.781980579375|0.765211098908|0.768934651116|0.717178174539|0.69715800151|0.698627207034|0.644827791835|0.645233514852|0.636674149454|0.432611474229|0.433786330837|0.407409902234|0.433496638996|0.43506045852|0.45126753573|0.420734804249|0.406304316894|0.410667461338|0.395144952277|0.380698273804|0.380615918889|0.342130401061|0.342080913636|0.360291441091|0.435115846638|0.405691111816|0.395586420172|0.395488601568|0.382793784591|0.368477962546|0.369232807559|0.355502710838|0.35576780255|0.349395197433|0.370284769718|0.356313387518|0.35683144072|0.344852313818|0.345111745224|0.338515376559|0.316478698226|0.316759624587|0.311099099118|0.310369637497|0.178314974396|0.171472724382|0.164022667778|0.158231590664|0.159225197813|0.152139068349|0.151069253275|0.147352068556|0.147302135697|0.144207178174|0.152402280167|0.145764004976|0.146081631515|0.141468543122|0.142081089279|0.138302029863|0.127233152882|0.128170743656|0.124974303892|0.129283594401|0.149429655042|0.142873344475|0.143130522621|0.138674820736|0.139958313928|0.135639851186|0.126339515059|0.125137596162|0.122891863192|0.124903643668|0.123050670223|0.123683766658|0.133149668435|0.123298637043|0.118605473128|0.0500772112628|0.0472320891731|0.0468594890707|0.0443095584644|0.0449609150003|0.0435759946622|0.0405698032283|0.0392543969412|0.0423011196467|0.0408065578703|0.0399970286997|0.0397444188565|0.0432163635232|0.0406555384703|0.0387714594234|0.0432392877914|0.0433766723993|0.042879370194|0.0403397780604|0.0359232278132|0.037990593606|0.00614618786529|0.00614968538332|0.00605111414067|0.00576363515038|0.00553935911246|0.00550933327057|0.00549762263253|0
0,10,10,tree_robustness,lower_fragility_weight,delayed,0|5|10|15|35|75|125|175|225,adjoint_lbfgsb,adjoint_lbfgsb,5,warm_start_perturbed,,7.74142357893938,7.741731552854019,0.0003079739146389926,True,True,False,False,value_and_gradient,7.741731552854019,690,690,443,75.37121224403381,CONVERGENCE: REL_REDUCTION_OF_F_<=_FACTR*EPSMCH,0|0|0|0.571074659374|0.274442832029|0.278115830074|0.114310962508|0.73270123306|0.381626063601|0.389413323955|0.390598553338|0.173709812512|0.173818254723|0.175762658823|0.0671654188297|0.900532507911|0.501574750013|0.489204738663|0.494007533678|0.500792903772|0.230876760856|0.226683343289|0.226188965864|0.230107788119|0.229797330498|0.231332831602|0.0883575825829|0.0885365501327|0.0894253610914|0.0926755634928|0.0282821518082|1|0.576481239254|0.569522961096|0.535827796334|0.540987267087|0.539448782717|0.249084121381|0.247681865549|0.243952808349|0.24267548087|0.241165922162|0.237639560878|0.23667559792|0.229816455784|0.229555183174|0.232056642981|0.0929119703996|0.0906892768998|0.090656561922|0.0930656213765|0.0929646266872|0.0921662348001|0.0883954221472|0.0883856051793|0.0876803173596|0.0914342419964|0.0284664597222|0.0284778590973|0.0305216485558|0.0294638407207|0.0287496665319|0.00677994127372|1|1|1|0.910209779774|0.904407709327|0.887431949105|0.883963986842|0.565783138749|0.515050962223|0.469066293547|0.476014568631|0.470940280928|0.504747088623|0.465995619866|0.464100805053|0.475539973497|0.452001431052|0.436737844502|0.435955631833|0.406144596712|0.407962782111|0.416312808265|0.215579707163|0.208300065441|0.202525729447|0.203059433284|0.201029350773|0.195223040749|0.195112306576|0.193187501499|0.193174513262|0.190025877307|0.19837050417|0.192202573861|0.192066021264|0.190712949821|0.190705058843|0.187758422574|0.177057128211|0.177050428206|0.174160257415|0.177736688901|0.0703357870517|0.0679770470225|0.0680473976977|0.068139936224|0.0680489872898|0.0667692543546|0.0624931556098|0.0627260457832|0.0630151945715|0.0643590098094|0.0619688256883|0.0620203902121|0.0668843968203|0.063549490404|0.061233287426|0.0184899895201|0.0184960099426|0.0181463752371|0.0172604795982|0.0165851358018|0.0165116669217|0.00204985034285|1|1|1|1|1|1|1|1|1|1|0.927340451811|0.833201423177|0.816874719613|0.819052937798|1|0.89955254508|0.80263174023|0.801077324374|0.790072165947|0.863227367075|0.781618739148|0.765573188145|0.76871810891|0.717022353856|0.69812972102|0.698121311624|0.645582223582|0.645722725336|0.638078399648|0.435330304289|0.433094830806|0.407980213447|0.433891645506|0.435500860692|0.451619721463|0.419788540631|0.408871552892|0.41026388969|0.393955576278|0.380059463414|0.380283666321|0.342284865247|0.342515246941|0.360030556648|0.43641628588|0.406555211839|0.394418718602|0.397107916189|0.381565171135|0.368437800188|0.368560704392|0.355655086133|0.355698180901|0.34965193142|0.369389617719|0.356509761745|0.356693118343|0.345620205919|0.344721643964|0.338355008354|0.317039070501|0.316334715022|0.310630143034|0.310765382765|0.180219544478|0.169430608245|0.161382826515|0.163393729959|0.158709902817|0.152356635534|0.151634848978|0.14770574304|0.147589339941|0.144928459361|0.152137837685|0.145787949889|0.146262265835|0.142293238112|0.142316479561|0.139156625039|0.127439841132|0.128127996317|0.12560544242|0.128429396432|0.149736083973|0.142431833837|0.143016016175|0.139285925966|0.139657421253|0.136191426545|0.125409937751|0.12576031653|0.122766279187|0.12609015416|0.123224195737|0.123175293006|0.132700464076|0.12373035016|0.118260521742|0.0479844795102|0.0464058110246|0.0452865252194|0.0456565079547|0.0459731778474|0.0437192590594|0.0405045738844|0.0402581217317|0.0437772082594|0.0412373491817|0.0397698290419|0.0395372914712|0.0426831873443|0.0402357176601|0.0384117773553|0.0441628818801|0.0431128030399|0.0427146889904|0.0396348634368|0.0367735577067|0.0371848658732|0.00703893935361|0.00610612712549|0.00615978459436|0.00543990367408|0.00538608677588|0.00500476353569|0.00505915519899|0
0,10,10,tree_robustness,lower_fragility_weight,delayed,0|5|10|15|35|75|125|175|225,adjoint_lbfgsb,adjoint_lbfgsb,6,warm_start_perturbed,,7.741394278999437,7.741731552327544,0.0003372733281068463,False,True,False,False,value_and_gradient,7.741731552327544,455,455,272,49.85703420639038,ABNORMAL_TERMINATION_IN_LNSRCH,0|0|0|0.571089973804|0.274436895822|0.278114881412|0.114252715798|0.732703813085|0.381622126481|0.389428121632|0.390607198923|0.173710175144|0.173825527999|0.175793649287|0.0671617350856|0.900543821055|0.501579324578|0.489198374351|0.494009666605|0.500796717627|0.230884364056|0.226670250155|0.226179220421|0.230082852441|0.229798960235|0.231323037771|0.0883398960132|0.0885361980145|0.0894130281264|0.0926841792395|0.0282563704634|1|0.576437740096|0.569540296802|0.53570786675|0.541052775691|0.539341424819|0.249167075458|0.247674275403|0.2439508791|0.242675518158|0.241169904506|0.237653422523|0.23666570753|0.229738377141|0.229537538787|0.232022251609|0.09304860687|0.0907391620363|0.0906481136613|0.0930730955872|0.0929591965173|0.0922241819555|0.0884924007936|0.0883239694708|0.0876555114162|0.0913395048429|0.0284889899989|0.0284659838796|0.0305150179194|0.0294305748447|0.028776240163|0.00678110541544|1|1|1|0.910231351759|0.904405879529|0.887424249409|0.88399873095|0.565740840071|0.514897060907|0.469116287434|0.47651317965|0.471102656098|0.504791301206|0.465869215442|0.464099040013|0.475508423374|0.452109948226|0.436645361483|0.43592251039|0.405905903685|0.407740800559|0.415944701968|0.215570759284|0.208285650733|0.202557695542|0.202958928632|0.201016605833|0.195223117554|0.195145718942|0.193255365246|0.193090860295|0.189977678199|0.198374781703|0.192225504004|0.192084089064|0.190733219153|0.190758516113|0.187780195365|0.177198814736|0.177219282047|0.174041850151|0.177732979355|0.0708469423884|0.0681542495716|0.0679288980273|0.0681187150542|0.0679456555816|0.066786833528|0.062500613754|0.0626982018316|0.0630444255155|0.0643103233412|0.0619664675771|0.0620229296971|0.0668836766257|0.0635601834467|0.0612098651723|0.0184625663034|0.018535855764|0.0181793075531|0.0172635932155|0.0165893218231|0.0165220825625|0.0020499067984|1|1|1|1|1|1|1|1|1|1|0.927201898141|0.832974368626|0.816759758239|0.81884218173|1|0.899371452768|0.802555818719|0.800763968397|0.790258435342|0.862998691048|0.781568650582|0.765456464359|0.768636063504|0.716826844575|0.69806077461|0.698346946778|0.64513401382|0.645428043181|0.637501105561|0.441598336926|0.432595330682|0.40841007014|0.433435147832|0.435649617593|0.451332883247|0.420198531817|0.407780913501|0.410199992662|0.394100428499|0.380038041254|0.380351905513|0.342276760063|0.342619267011|0.360129024669|0.437039288157|0.406594175769|0.395223885745|0.396660422842|0.381592115429|0.368269205881|0.368434973425|0.355608197615|0.355532660254|0.349251831153|0.369366448414|0.356435184099|0.356724962914|0.344827325357|0.344920762594|0.338206718834|0.316503073543|0.317222372871|0.310629183645|0.309675693492|0.183196895094|0.168803703709|0.163828637483|0.165331086989|0.1599436712|0.152627798366|0.151858397769|0.147605361631|0.147734599781|0.144554774807|0.151553763599|0.146091089923|0.146210745061|0.142189053272|0.142199817589|0.139044917797|0.127976203739|0.128036738405|0.125929008696|0.128940272066|0.149135706345|0.143367135542|0.143666224492|0.139375005185|0.139175605454|0.13631288845|0.125260453779|0.125575085012|0.122855412417|0.126233569974|0.123504283902|0.123010531265|0.131708215131|0.123868123827|0.118104529905|0.0516301181825|0.0442075707732|0.0480164325358|0.0455279113551|0.0453603824323|0.0444873442862|0.0402563688138|0.0402866594571|0.0435073864058|0.0408373436259|0.0396964736741|0.0397068052039|0.0428142820159|0.0399548061544|0.0381358496186|0.0434850669674|0.0435359590683|0.042419798538|0.0396200190206|0.0377032681157|0.0376248640846|0.00646540836328|0.00611044595901|0.00620560420629|0.00570188158048|0.00546108512669|0.00523316730506|0.0051589096077|0
0,10,10,tree_robustness,lower_fragility_weight,delayed,0|5|10|15|35|75|125|175|225,adjoint_lbfgsb,adjoint_lbfgsb,7,warm_start_perturbed,,7.741383971462078,7.741731552318086,0.00034758085600827826,False,True,False,False,value_and_gradient,7.741731552318086,592,592,354,64.41104531288147,ABNORMAL_TERMINATION_IN_LNSRCH,0|0|0|0.571070292518|0.274441124453|0.278124023691|0.114312301989|0.732700320317|0.381627185321|0.3894319204|0.390594383885|0.173715830031|0.173838499081|0.175766809331|0.0671649778387|0.900526151056|0.501573508988|0.489205637717|0.494006987377|0.500799514451|0.230874168131|0.226682309925|0.226184967061|0.230111068383|0.229789945444|0.231336477131|0.0883549869823|0.0885489022896|0.0894154449435|0.0926678718855|0.028294077245|1|0.576445892818|0.56954933062|0.535846213081|0.540987815687|0.539465465565|0.249128321375|0.247673830093|0.24397110562|0.242698032804|0.241166128497|0.237638436249|0.23665909153|0.229696791135|0.229605505804|0.232223004145|0.0929596546794|0.0906854503532|0.0906556214381|0.0930507794261|0.0929902134181|0.092176922324|0.0883981954765|0.0883861091367|0.0877034732548|0.091481162269|0.0284606414873|0.0284799992598|0.0305258866449|0.0294608608747|0.0287453914666|0.00678291061488|1|1|1|0.910131059119|0.904496737442|0.887362605723|0.883973737325|0.565782433168|0.515019072941|0.469071891807|0.47603475878|0.470930112619|0.504772756765|0.465957473972|0.464151831241|0.475434651029|0.45200989229|0.436756531126|0.43574163964|0.406433291048|0.40777167823|0.416305305191|0.21569034234|0.208272318742|0.202526896329|0.203095886317|0.201041030167|0.195219612284|0.195121223758|0.193257415895|0.193137985511|0.189983143179|0.198360475744|0.192202453774|0.192076661385|0.190698615824|0.190736137682|0.187779114616|0.177135076471|0.177122297137|0.174088535546|0.177641260597|0.070329277865|0.067924058117|0.067952427156|0.0680532687471|0.0679683103395|0.0666144553543|0.0625419629107|0.0626531936897|0.0630022691376|0.0643775722505|0.0619017598605|0.0619981568905|0.0668615664094|0.0635496945184|0.0612447318217|0.0185419409783|0.0184341914121|0.0181967639034|0.0172154033763|0.016560560804|0.016522377821|0.00210233715947|1|1|1|1|1|1|1|1|1|1|0.927320397919|0.833185036075|0.816854321298|0.81900676088|1|0.899560508506|0.802672234236|0.801051101842|0.790076451011|0.863322709986|0.78153862435|0.765401531141|0.76866193523|0.716806138652|0.697943835891|0.697684193177|0.645696695694|0.64598825457|0.637771741584|0.439756432591|0.433539422153|0.408590622782|0.434135532857|0.434734896829|0.451821059909|0.41948607091|0.408162508315|0.409901441231|0.39390001317|0.3800745984|0.380114914919|0.342175849716|0.342367027376|0.360326572614|0.436507296482|0.406337673108|0.394297660282|0.396360683477|0.381599032356|0.368974992086|0.368447975142|0.356556083177|0.355520869773|0.349377537905|0.369373800475|0.356436245438|0.3568148018|0.34471730178|0.34517999315|0.33930396075|0.316857029443|0.316735201782|0.312941381395|0.310370275009|0.184736067794|0.166544255421|0.163814081035|0.163735743073|0.158640156515|0.151967573201|0.152056527853|0.148505044082|0.148409092065|0.145054119379|0.152393050116|0.145711230891|0.145551925528|0.142503242643|0.141864896708|0.138008200345|0.128604702567|0.1277601865|0.125113086399|0.128510343777|0.149394184041|0.142654358812|0.143040565668|0.138876971206|0.138617050719|0.134830755452|0.125675071951|0.12457259088|0.122764886711|0.126028905655|0.12444793302|0.123038992087|0.132362703385|0.124112363465|0.118367560405|0.0512549094046|0.0456532961721|0.0482156128925|0.0450768708154|0.0450025401205|0.0441126751716|0.0401202454667|0.0402187532885|0.0434347691638|0.0411401750886|0.0393985913852|0.0401425539272|0.0430525723443|0.0397328470699|0.0385176772137|0.043894240642|0.0434257333337|0.0429212223907|0.0389866042566|0.0377465340058|0.0372524838288|0.00612470296823|0.00641033172769|0.00493868193939|0.00570010292621|0.00551800573003|0.00548550772795|0.00315970111366|0
0,5,5,tree_robustness,lower_fragility_weight,delayed,0|5|10|15|35|75|125|175|225,adjoint_lbfgsb,adjoint_lbfgsb,0,warm_start,,7.743359640520201,7.743361304459479,1.6639392779183027e-06,True,True,False,False,value_and_gradient,7.743361304459479,311,311,206,35.0218665599823,CONVERGENCE: REL_REDUCTION_OF_F_<=_FACTR*EPSMCH,0|0.419723043058|0.1864630768|0.568518715518|0.273315875972|0.278660950809|0.113978297524|0.733018409292|0.381262176049|0.390373556051|0.391922390147|0.173096654261|0.174565392103|0.175353946344|0.0676450376547|0.904552293527|0.507963957274|0.493025496084|0.498087757897|0.502862413262|0.22912349711|0.230122473501|0.228374007681|0.228661786822|0.230997998508|0.231615869374|0.0903446797458|0.0893334027487|0.0888106604098|0.0935255184113|0.0286334725462|1|0.58510531387|0.580693866636|0.544824780116|0.547125180758|0.542854928578|0.254203048764|0.252573389748|0.251310428941|0.246126748672|0.241681625061|0.242474624828|0.24005096098|0.230089243372|0.23070994826|0.231657713317|0.096072001469|0.0940236108387|0.0922289110528|0.0962721697252|0.0945223992365|0.0936230074071|0.0915545874156|0.089840807081|0.0886746650385|0.0924982157913|0.0290728077657|0.0285074266874|0.0283212025262|0.0299581991309|0.029230078481|0.00689270865226|1|1|1|0.932218398725|0.924514798476|0.907510384509|0.893894389452|0.581116732561|0.533148983655|0.486188327815|0.476837501323|0.468500397399|0.515796918359|0.476835855751|0.481022865121|0.483713154736|0.450989972454|0.446968722418|0.443538072245|0.42027078683|0.414904124362|0.414089046728|0.22645637677|0.218304614827|0.21256028885|0.207734953038|0.21005181116|0.204712108277|0.199421605942|0.185844248969|0.18872934692|0.194180151484|0.207301966202|0.201563752287|0.196424531526|0.199982938728|0.195124769278|0.191604197323|0.185591061197|0.180986236149|0.177647534126|0.180336728868|0.0742151381924|0.0718928688259|0.0700098562301|0.07148250253|0.0697877734943|0.0684104842941|0.0659638323765|0.0642551561419|0.06303559615|0.0660312087926|0.0653750634116|0.0635300526538|0.0622336821751|0.0650400767222|0.0626341700092|0.017709873512|0.0171835359063|0.017603395106|0.0176879916462|0.0169986859353|0.0169160146622|0.00209308822667|1|1|1|1|1|1|1|1|1|1|0.958482686574|0.863282400374|0.847146622173|0.832993745229|1|0.930359495583|0.832155061882|0.81661068008|0.802917464432|0.890577930604|0.79729941893|0.795511269453|0.782588165328|0.7293093082|0.71317301279|0.711660765947|0.671530840101|0.658668148284|0.649530122725|0.448165343295|0.455715655261|0.430716412997|0.419554952915|0.40982313122|0.460389691735|0.439499385275|0.428605751849|0.420821008913|0.381906822358|0.400833184225|0.389626475568|0.359850916906|0.350663619581|0.343958465177|0.459820232204|0.42823677314|0.416697366799|0.406854450167|0.400472645239|0.388361638869|0.377574965441|0.348813584111|0.340182785317|0.358177407608|0.387912828482|0.375948258849|0.365423493706|0.36362567391|0.354274831541|0.346084569722|0.333818600078|0.324272510747|0.317424610643|0.315883426524|0.194059963964|0.181120819908|0.174958115659|0.169920143846|0.165269580038|0.163241711914|0.15777046935|0.143126031711|0.150834180875|0.147563150342|0.163072352047|0.156858008846|0.151571846212|0.15029964156|0.147178680218|0.143633176428|0.137464927129|0.132619267442|0.129169296336|0.132228997362|0.159616328061|0.153595082389|0.148470506829|0.14730040595|0.144185106938|0.140709938957|0.13471755334|0.130013694997|0.126666170027|0.12973540812|0.132347900781|0.127741114454|0.124472271442|0.127717366916|0.121725085716|0.0530944649496|0.0507459269277|0.0488505159391|0.0484417249197|0.0470540905847|0.0458402543494|0.0437921944623|0.0421668016828|0.0410088020346|0.0417916179961|0.0429697031567|0.041378939786|0.0402506659565|0.0414390037112|0.0393393206388|0.0425954841704|0.0410300015784|0.0416130121703|0.0410726831477|0.0390044314623|0.0387320351981|0.00597363821908|0.00552750448176|0.0065541377356|0.00588115139033|0.00549812571273|0.00545627108261|0.00544503112744|0
0,5,5,tree_robustness,lower_fragility_weight,delayed,0|5|10|15|35|75|125|175|225,adjoint_lbfgsb,adjoint_lbfgsb,1,structured_ramp,,7.729451063126842,7.743361302260403,0.013910239133561042,True,True,False,False,value_and_gradient,7.743361302260403,350,350,266,39.84842085838318,CONVERGENCE: REL_REDUCTION_OF_F_<=_FACTR*EPSMCH,0|0.419728311907|0.186443617984|0.568507207788|0.27328921483|0.278679224536|0.114025476018|0.733031413737|0.381262392824|0.390373886654|0.391926282922|0.17309424401|0.174536716368|0.175355468983|0.0676639994257|0.904551491902|0.50800719587|0.493033793576|0.498095911673|0.50288076918|0.229110100582|0.230113490372|0.228360494537|0.228640565041|0.230996316481|0.231618994949|0.0903873855095|0.0893509998404|0.0887989119096|0.0935193090314|0.0285442595877|1|0.584971627218|0.580715871916|0.544930116288|0.547254601081|0.542970286493|0.254098552045|0.252506082735|0.25125300694|0.246094480859|0.241691533519|0.242457923527|0.240006781449|0.229950696822|0.230693451835|0.231615897684|0.0961039874546|0.0940393177716|0.0922153911902|0.0962389731072|0.0944921941346|0.0936235561881|0.0915882333306|0.0898831688278|0.0887113739482|0.092649295162|0.0290022340309|0.0284502255857|0.0283256028592|0.0299787775737|0.0292575121728|0.0069248222914|1|1|1|0.932317046687|0.924849111276|0.907881851652|0.89436360107|0.581435518759|0.533315341214|0.48617686534|0.47680313239|0.468448088907|0.51605929166|0.47686231091|0.481096579781|0.483640969298|0.450900077913|0.446944361168|0.443497548792|0.420283232471|0.414927677765|0.414148615559|0.226040335139|0.217872815193|0.212267695147|0.207531057883|0.209862745143|0.204766260807|0.199446079524|0.185739605311|0.188397010736|0.19346093706|0.207369007889|0.201583746897|0.1964060381|0.199340598895|0.194682251406|0.19152617705|0.185595050847|0.181038115922|0.177736965486|0.180648030677|0.0734369835035|0.0711826003791|0.0694419080301|0.0721319605986|0.0699080553798|0.0683455152087|0.0658081909764|0.0640085915927|0.0628985111852|0.0658001925689|0.0651687694254|0.0632583336408|0.0621673405403|0.0649868090832|0.0627922512973|0.0176738617019|0.017478731296|0.0176105601527|0.0178093816892|0.0170254118205|0.0169477240751|0.00198672710632|1|1|1|1|1|1|1|1|1|1|0.959814912147|0.863553819714|0.847036564517|0.832604925983|1|0.931902003737|0.832803233186|0.817027758275|0.803049218297|0.891819269688|0.797389344694|0.794733385694|0.781529167326|0.727336233829|0.711439322127|0.709329146547|0.66826584489|0.655439548599|0.645464404815|0.44803557358|0.453370392817|0.42860142433|0.417570559436|0.407881924449|0.459393201121|0.441065729583|0.42940150038|0.419887908345|0.381654390574|0.400944586918|0.390156634032|0.360806741679|0.351675748011|0.34503958634|0.45760888379|0.427102504622|0.415711697447|0.405985351864|0.400655843251|0.388888935517|0.378290723818|0.349926543559|0.341049105464|0.358130729402|0.388494238811|0.376704539308|0.366358879972|0.363782167931|0.354210200487|0.347213059899|0.334933277289|0.325264889205|0.318334772042|0.313996140024|0.201754667323|0.181043434233|0.174293818631|0.16858035651|0.166455630682|0.160075026035|0.154474684963|0.140257675594|0.150485446511|0.147172939589|0.159852196162|0.153640622338|0.148347646013|0.149930531787|0.145337845476|0.142067258637|0.136477197844|0.132185877283|0.129169876867|0.133937058189|0.156383477076|0.150419307097|0.145343668678|0.146870548061|0.14247557924|0.139314291307|0.133957910967|0.12981843147|0.126931066191|0.131481826413|0.131890558663|0.127861919344|0.125083640738|0.129434828902|0.123996926656|0.0531524438399|0.049718474461|0.0470062956761|0.0457920059409|0.0440315331553|0.042831034569|0.0409897419358|0.0397196099619|0.0389279937928|0.0413634575802|0.0403283992134|0.0391650050271|0.0384595661854|0.0408951590367|0.0397463261429|0.0400116171386|0.0388925806177|0.0415607499915|0.0406849648874|0.039563231664|0.0393741482558|0.00305202853113|0.00560417046455|0.0125721008823|0.00439305925796|0.00553231685106|0.00604156862934|0.00613945176355|0
0,5,5,tree_robustness,lower_fragility_weight,delayed,0|5|10|15|35|75|125|175|225,adjoint_lbfgsb,adjoint_lbfgsb,2,structured_sigmoid,,7.725285449202597,7.743361303663506,0.018075854460908758,True,True,False,False,value_and_gradient,7.743361303663506,635,635,447,71.96808218955994,CONVERGENCE: REL_REDUCTION_OF_F_<=_FACTR*EPSMCH,0|0.419714009917|0.186483168557|0.568519580713|0.273318753239|0.278670691697|0.113963292468|0.733031740555|0.381295510929|0.390373034503|0.391916177037|0.173085444146|0.174545810195|0.175388444197|0.0676415547759|0.904557780899|0.508001658448|0.493033156405|0.498094723657|0.502875117512|0.229113147571|0.230129301808|0.228399521147|0.228647746498|0.231005750142|0.231625538901|0.0903338832007|0.0893424139044|0.0887559196611|0.0935423578281|0.0286791628907|1|0.585001461058|0.580687224301|0.544848751116|0.5471614919|0.542914908671|0.254045847224|0.252584546561|0.251235613406|0.246082610504|0.241791730154|0.242555963745|0.240064520837|0.230019028046|0.230812467995|0.231723224906|0.0961248290744|0.0940745687027|0.0922496467824|0.0963081466845|0.0944968988344|0.0936282147096|0.0915893379816|0.0898843761203|0.088702635877|0.0925067008875|0.0290069736097|0.028440176803|0.028303515091|0.0299507167901|0.0292690596494|0.00688032482457|1|1|1|0.931935276081|0.924453452405|0.907738980674|0.894080187384|0.581383488185|0.53322502124|0.486120774164|0.47678244585|0.468455933347|0.51600405069|0.476863263785|0.481127225355|0.483668882873|0.450947238566|0.446968866489|0.443497436542|0.420265016348|0.414903362272|0.414150758073|0.225543594838|0.217392826837|0.211866110826|0.20718714921|0.210017349452|0.204895296013|0.199829577233|0.186216980739|0.188592202855|0.193634844242|0.207508209491|0.201956973334|0.196879868144|0.199320179628|0.194917460604|0.191639658001|0.185525819653|0.180920132277|0.177576419127|0.180661653439|0.073888516757|0.0714681642006|0.0696243649754|0.0715226553203|0.069557358141|0.0681757683374|0.0658551947785|0.0643113204895|0.063139635726|0.0658551602448|0.0653460696413|0.0636348140627|0.0622822595803|0.0649977507535|0.0626355853881|0.0178104490592|0.0172530289773|0.0173845756966|0.017648268269|0.0169156040941|0.0168151105468|0.00291396335458|1|1|1|1|1|1|1|1|1|1|0.958805613285|0.863453000098|0.847244968759|0.833045759535|1|0.930981393348|0.832485509293|0.816881115589|0.803133529855|0.891055984274|0.797508677776|0.795638774888|0.782614251763|0.729395179564|0.713315771891|0.712166711371|0.671745740604|0.659048051689|0.649913551651|0.451086682206|0.451642748334|0.428094703203|0.417317008873|0.407813039525|0.459955403997|0.441523971342|0.429747073422|0.420314926388|0.382228470292|0.401317347344|0.390512606124|0.360807679481|0.351524046349|0.344784610539|0.456696956793|0.427462172152|0.416174850564|0.406505582268|0.401076352729|0.389238890769|0.378520570808|0.349744900742|0.340407098672|0.357453461221|0.388809547659|0.376889211473|0.366404321963|0.363207221918|0.353473869817|0.34637149198|0.333914457546|0.324115285342|0.317098051646|0.314674594881|0.199019932087|0.179309035775|0.172844278316|0.167396840491|0.166607210891|0.160501036243|0.155136360936|0.14143853004|0.151674955269|0.148523912309|0.160295809889|0.154360081019|0.149266167807|0.15118119712|0.146668647204|0.143389720929|0.137729832488|0.133322035984|0.130190945426|0.134395673817|0.156915592036|0.151207893602|0.146279561139|0.148151470546|0.143724756283|0.140538208434|0.135064314975|0.130806380211|0.127760738444|0.131846480349|0.132917406249|0.128747072051|0.125763236491|0.129625217988|0.123740340207|0.0524147167867|0.0494716347866|0.0471533160476|0.0468903276857|0.0453584881632|0.0442995513587|0.0426658908341|0.0414998745389|0.0407139673442|0.0430774243336|0.0420572006705|0.0409627930606|0.0402154746225|0.0425314454982|0.0396761397153|0.0417440614877|0.0406568560105|0.0426348223799|0.042242562919|0.0393777114128|0.0392224253861|0.00634001878327|0.00651765332297|0.00474049881334|0.00597814209687|0.0054997837667|0.0052476537856|0.00527448223069|0
0,5,5,tree_robustness,lower_fragility_weight,delayed,0|5|10|15|35|75|125|175|225,adjoint_lbfgsb,adjoint_lbfgsb,3,structured_constant,,7.730405257497409,7.743361303893888,0.012956046396478627,True,True,False,False,value_and_gradient,7.743361303893888,582,582,409,66.22915244102478,CONVERGENCE: REL_REDUCTION_OF_F_<=_FACTR*EPSMCH,0|0.419711953863|0.186446504802|0.568524383103|0.273319734405|0.278656652092|0.113980678728|0.732999899502|0.381258331217|0.390391566182|0.391928228059|0.173079947333|0.174531116892|0.175380038066|0.0676622846846|0.904559526013|0.507970161651|0.493049802725|0.498094721003|0.502888951506|0.229110866016|0.23010396588|0.228369872613|0.228655667097|0.230997068853|0.231618121464|0.0903599221201|0.0893104637139|0.0888145454352|0.0934792360518|0.0286226270207|1|0.585076092866|0.580763574967|0.544802217752|0.547096596096|0.542986095482|0.254284006304|0.252517677642|0.251289909393|0.246114326589|0.241706016924|0.242436272549|0.239974070409|0.229961702925|0.230626843231|0.231656376447|0.095935493481|0.0939630720725|0.092242113158|0.0962535014217|0.094509524357|0.0936181517728|0.0915485630324|0.0898404933897|0.0886843064337|0.0926957487058|0.0290958808803|0.0284862158288|0.0283065230414|0.0298914716536|0.0291769666379|0.00684541372681|1|1|1|0.932213165031|0.92432006903|0.907663256039|0.894162579804|0.581420398016|0.533526300292|0.486199931007|0.476802863203|0.468426155979|0.516120402299|0.476796072981|0.481058356078|0.48359886991|0.450922090893|0.446977441936|0.443543327816|0.420260052201|0.414896492086|0.413995627527|0.225482650773|0.217938298405|0.212282203204|0.207493865831|0.209891807683|0.204858181873|0.199620480265|0.186091741119|0.188640428545|0.19377760112|0.207435384238|0.20173722544|0.196640073895|0.199465102508|0.194995781621|0.191798954629|0.185737255605|0.181067610379|0.177686666281|0.180334443869|0.0738673011451|0.0716373061209|0.0697639981267|0.0716697922861|0.069687311238|0.0683284853842|0.0659239462046|0.0642466084395|0.0630485370492|0.0659581028305|0.0653447882306|0.0635340134797|0.0622612240361|0.0651102631767|0.0627140033513|0.0176705852933|0.0171695863493|0.017784177681|0.0176760481288|0.0170036238692|0.0169218546132|0.00228004311725|1|1|1|1|1|1|1|1|1|1|0.958672343339|0.863825299653|0.847566091235|0.833302009162|1|0.930913388426|0.832965479883|0.817362240178|0.803562783323|0.891258792154|0.797966620797|0.795687574702|0.78256869114|0.728608039161|0.712679453101|0.710734444911|0.669424983494|0.656411600833|0.646460686792|0.435933482991|0.452965624698|0.430021548706|0.418954986818|0.409165306053|0.459149030665|0.441580821669|0.430348331592|0.420712164745|0.381860390167|0.400744358603|0.389914174677|0.3602346111|0.351030492689|0.34434782515|0.458974516138|0.428099371124|0.416572196192|0.406695932915|0.40050874205|0.388605709523|0.377868952863|0.349199761006|0.34052588597|0.357496007928|0.388169998451|0.376229304436|0.365758869139|0.363023710207|0.35356083502|0.3465815126|0.334360338291|0.324778756545|0.317926406341|0.315350507245|0.197541597028|0.182356944374|0.176036622182|0.170629432589|0.168812368161|0.162362741184|0.156614546025|0.141678002622|0.151232118452|0.147764444106|0.162146619923|0.155760416956|0.150241755706|0.150621551717|0.14576057296|0.142212563241|0.136114257654|0.131406285214|0.128080204681|0.13201380656|0.158637482372|0.152448480386|0.147109771692|0.147476461761|0.142781078226|0.139340745655|0.133433173883|0.128873358907|0.125650277744|0.129478744641|0.131133825294|0.126687288733|0.123548967277|0.127239698536|0.121439352945|0.0569240655461|0.0535543613974|0.0507856159319|0.0488283136078|0.0467271800271|0.0452506178468|0.0427918802027|0.040975932249|0.0397398338161|0.0410456865669|0.0418684380402|0.0401351363799|0.038956373504|0.0402623738401|0.038299299018|0.041452731762|0.0397562405428|0.0407331011052|0.0398929002258|0.037972474096|0.0377240682878|0.00566670922398|0.00512837853273|0.00537160057363|0.00479135103766|0.00451300936387|0.00448267370301|0.00446011799614|0
0,5,5,tree_robustness,lower_fragility_weight,delayed,0|5|10|15|35|75|125|175|225,adjoint_lbfgsb,adjoint_lbfgsb,4,warm_start_perturbed,,7.7430227414743955,7.743361304092621,0.00033856261822506895,False,True,False,False,value_and_gradient,7.743361304092621,496,496,310,56.03613829612732,ABNORMAL_TERMINATION_IN_LNSRCH,0|0.419724686689|0.186466872842|0.568552703795|0.273304072779|0.278640686594|0.113946653848|0.733009171219|0.381265557585|0.390374100837|0.391920084138|0.173109538229|0.174553322912|0.175392596858|0.067637876418|0.904566502724|0.508011961786|0.493033491326|0.498088764013|0.502872033088|0.229120737037|0.230110839878|0.228379359567|0.228649710666|0.23103137913|0.231613619914|0.090360929698|0.0893686349772|0.0888071236091|0.0934595386646|0.0286724880963|1|0.585014456251|0.580683000865|0.54487053271|0.547169058193|0.542931729286|0.254327672343|0.252564908618|0.251301951642|0.246143342257|0.241703249649|0.242479406571|0.240017399606|0.230023387831|0.230854189741|0.231574183222|0.0960111189328|0.0939579750725|0.0923134094675|0.0963589454431|0.0945117296437|0.0936512117461|0.0915604494505|0.0898977578501|0.0887248511733|0.0926056750851|0.0290703029571|0.028453753714|0.0283765261421|0.0300420383457|0.0292578673947|0.00688220467896|1|1|1|0.932071816447|0.924677982345|0.907609021251|0.89386276284|0.581163257749|0.533221913877|0.486170697033|0.476766216868|0.468416143934|0.51578413272|0.476834670659|0.481051311225|0.483634431202|0.45087647904|0.446988030218|0.443510443695|0.420174236966|0.415015456034|0.414163101575|0.225698583402|0.217854330462|0.212188433514|0.207473755712|0.210254003359|0.205379396419|0.199367472817|0.186045969503|0.188386863261|0.19417438871|0.207916065379|0.201618632623|0.196933265182|0.199565654511|0.195144404128|0.191546580666|0.185799164774|0.181146420797|0.177812213539|0.180401460955|0.0741124038232|0.0716055875385|0.0699107799242|0.071621783739|0.0695971589228|0.0683451869225|0.0658580391492|0.0643091565984|0.0631693455653|0.0663839525725|0.0654572480889|0.0634702348769|0.0616589140907|0.0649722906924|0.0631194884307|0.0177043213312|0.0170444160389|0.0174284795071|0.0174387775574|0.0167482203473|0.0170156998115|0.00199628121486|1|1|1|1|1|1|1|1|1|1|0.957176491311|0.86421831603|0.847081680472|0.833369882778|1|0.931130866064|0.830514089691|0.815922002599|0.802983156215|0.892081394675|0.798407348539|0.795707987682|0.783445962023|0.729309503933|0.71222353611|0.71129845963|0.670677775893|0.657934025627|0.647317901472|0.449055643727|0.451534323725|0.42921797654|0.417938374899|0.408383136972|0.459194245811|0.440911064825|0.430179618009|0.420277608824|0.381745256954|0.400625591403|0.388910148446|0.360077241717|0.351142487126|0.344069286617|0.458158546427|0.427407534609|0.416051237815|0.406949674057|0.401258038782|0.388395479685|0.377795028768|0.349487174974|0.340547726834|0.357532199603|0.388100340181|0.375483023162|0.365114771213|0.363317470012|0.35352134514|0.346684268412|0.334742223599|0.324974044067|0.31795788183|0.316149066191|0.179741335729|0.181346754078|0.178044970501|0.173213882077|0.166871266218|0.162824570615|0.157853615547|0.142407093688|0.151991198988|0.148235659041|0.161562851162|0.157554749069|0.151432961704|0.151317406768|0.145852815843|0.143062262404|0.137019067739|0.132526996808|0.129006278018|0.132243186372|0.159266345659|0.154054193554|0.147269251775|0.14812616407|0.143658315637|0.140245442249|0.134372096075|0.129971160658|0.126055652191|0.129489168289|0.131733698754|0.127642309143|0.12301226437|0.127129601518|0.121842646851|0.0531611347542|0.051699497211|0.0486889355593|0.0486123483169|0.047246764308|0.0474461975569|0.0439649124869|0.0415074092363|0.0410934079151|0.0419925499972|0.041633173895|0.0415469639031|0.0401742977702|0.0413017575706|0.039389934129|0.0431560952321|0.0403673061291|0.0416394821297|0.0409345201257|0.0390937171001|0.0375191170965|0.00567459253386|0.00556562688013|0.00682022225569|0.00581114964485|0.00482289886944|0.00550914097205|0.0055588701078|0.0024827010047
0,5,5,tree_robustness,lower_fragility_weight,delayed,0|5|10|15|35|75|125|175|225,adjoint_lbfgsb,adjoint_lbfgsb,5,warm_start_perturbed,,7.743011491555442,7.743361304251098,0.00034981269565648176,True,True,False,False,value_and_gradient,7.743361304251098,579,579,370,65.42883706092834,CONVERGENCE: REL_REDUCTION_OF_F_<=_FACTR*EPSMCH,0|0.419713461543|0.186455875212|0.568526581059|0.273312651313|0.278655284791|0.113961098188|0.733012269791|0.381265049444|0.390373266086|0.391923808424|0.173081110601|0.174530282035|0.175402564578|0.0676679050303|0.904564709211|0.50796347903|0.493041024505|0.498096388472|0.502876651772|0.229123109225|0.230116625875|0.228381052387|0.228653369525|0.231004677266|0.23161775454|0.0903535925275|0.0893477651644|0.0888358704618|0.093491378495|0.0285652152527|1|0.585008512456|0.580709803688|0.544848494949|0.547163682897|0.542918935557|0.254104688887|0.252532612085|0.251302866764|0.246143125715|0.241729432799|0.242471805979|0.240018826466|0.230012618991|0.230725296447|0.23169181688|0.0959924717389|0.093980950895|0.0922166897125|0.0963007035775|0.0945202136389|0.0936331871486|0.0916202995285|0.0897751874982|0.0886718176008|0.0925040276221|0.0291024449969|0.0285026199262|0.0282130495995|0.0299646370058|0.0292331607633|0.00689808655471|1|1|1|0.932116071609|0.924635491238|0.907683001118|0.894004970907|0.581382275595|0.533257036868|0.486170537009|0.476805969975|0.468414701187|0.516008821194|0.476860899482|0.481084823236|0.483629072714|0.450896501644|0.446954856353|0.443514338772|0.42031464616|0.414946897774|0.414152627773|0.225529794256|0.217809746201|0.212145763351|0.207470077542|0.209865784121|0.204856918802|0.199597454829|0.186074820125|0.188712828732|0.19378920888|0.207427327984|0.201697174141|0.196610209339|0.19963259906|0.194973041357|0.191827805756|0.185814928645|0.181147347351|0.177829933667|0.180395260373|0.0738992750724|0.0716650682468|0.0697309989987|0.0716501772617|0.0696273015452|0.0683922388469|0.0658899700185|0.0643089415942|0.06302835627|0.0659375476005|0.0654578758928|0.0635085154246|0.062244696665|0.0650757527191|0.0627043897482|0.017673633315|0.0170817207795|0.0175613172949|0.0177095218347|0.0170124286504|0.0169295883123|0.00209276822783|1|1|1|1|1|1|1|1|1|1|0.958417758706|0.863509762746|0.84766273356|0.833554894537|1|0.931273900659|0.833055945075|0.818743526876|0.803188296745|0.890560820048|0.797699036081|0.795898967456|0.782880277444|0.728844067047|0.712818316856|0.711432549282|0.670730039549|0.657936746001|0.648847720064|0.443805268139|0.445519433015|0.429878321852|0.418675303144|0.408410322285|0.460324546787|0.440660063654|0.429435623077|0.42038076572|0.381771303618|0.400809635304|0.38956316304|0.360475601119|0.350737569722|0.344267749247|0.4588600599|0.427061009905|0.416000202725|0.406562620578|0.400759980495|0.389293016378|0.377939999656|0.348159423704|0.340889794934|0.357711193215|0.387442944297|0.376224064923|0.367095649711|0.362232803511|0.352244649193|0.346287335409|0.334844648214|0.325364858927|0.317689658973|0.315939671149|0.185435966692|0.178343572322|0.169709034679|0.161541359802|0.167153353785|0.162303240896|0.157834603972|0.141054505466|0.152380579667|0.148028803498|0.160433112528|0.157621388788|0.151858279187|0.151258664609|0.145595666762|0.143422758115|0.137150168671|0.132078966472|0.128472701816|0.132396605758|0.157502077037|0.153363273117|0.14865007028|0.148528845245|0.144022626743|0.140276899741|0.134018006122|0.129568961503|0.12636544861|0.130028691188|0.131367383619|0.12738588731|0.123706189636|0.127897244245|0.121915952078|0.0570740835886|0.0455671974301|0.0449865112982|0.0490613369464|0.046590906556|0.0455247486346|0.0450201862208|0.0420093714768|0.0405167333434|0.0420328154517|0.0421544738075|0.0418525149331|0.0397137138799|0.0416297023279|0.0391570609829|0.0429109658289|0.0416374128869|0.04146162314|0.0409204354663|0.0389863014854|0.0383988450944|0.00714832532189|0.00557049733876|0.00676533634956|0.00578196176869|0.00555447568109|0.00552382678928|0.00561741469433|0
0,5,5,tree_robustness,lower_fragility_weight,delayed,0|5|10|15|35|75|125|175|225,adjoint_lbfgsb,adjoint_lbfgsb,6,warm_start_perturbed,,7.742998154448147,7.743361304730683,0.00036315028253586235,True,True,False,False,value_and_gradient,7.743361304730683,598,598,393,67.37158250808716,CONVERGENCE: REL_REDUCTION_OF_F_<=_FACTR*EPSMCH,0|0.419720644134|0.186465967831|0.568541230874|0.273311300172|0.278653534466|0.113942208633|0.733012219916|0.381261422354|0.390376965598|0.391919415136|0.173087520177|0.174534610029|0.175378415437|0.0676333374483|0.90457113063|0.507963020583|0.49303118219|0.498088343188|0.502861435718|0.229120760722|0.23013335247|0.228379675603|0.228657954773|0.231021271448|0.231620767037|0.0903406944528|0.08933480851|0.0888106752905|0.0934679229879|0.0286377876634|1|0.585022460772|0.58070677706|0.544850383499|0.547165119726|0.542915882342|0.25426635123|0.25254888912|0.251289092076|0.246135447925|0.241720355724|0.242463736599|0.240025623586|0.230038407768|0.230716750176|0.231682736214|0.096094889518|0.0940615110305|0.0922419601649|0.0963803693187|0.0945167079327|0.093626391638|0.091567412906|0.089862514066|0.0886651231347|0.0924882390316|0.0290373569705|0.028475351225|0.028310103326|0.0299642755922|0.0292305002513|0.00688889327655|1|1|1|0.932027199217|0.924614292417|0.907619037141|0.894026534558|0.581329882432|0.533328273904|0.486240870062|0.476858686189|0.468297658164|0.516250686167|0.476985938405|0.481108059339|0.483608665398|0.450936358059|0.447023268461|0.443653746024|0.420172288485|0.415028350561|0.414198360841|0.225587002655|0.217841363732|0.212313728982|0.207480425517|0.209858415052|0.204813447938|0.199581743443|0.186057255185|0.188685234008|0.193789026323|0.207451835494|0.201716048378|0.196591757259|0.199560107074|0.195005664688|0.191789722182|0.185835847181|0.181264904777|0.177767511722|0.18057782321|0.0739331805803|0.0716536595921|0.0697458571881|0.071615982551|0.0698521511449|0.0682535329292|0.0657877903756|0.0641846508221|0.0630340251162|0.0659357402491|0.0653780793889|0.0634806449423|0.0622256473195|0.0651065881441|0.0626961853385|0.0176984340517|0.0171296913118|0.0175410889036|0.017693471155|0.0169618636382|0.0168439388582|0.00209585327941|1|1|1|1|1|1|1|1|1|1|0.959292723707|0.864680742662|0.847391959886|0.832970349667|1|0.930819183849|0.832272516624|0.816754118916|0.803721218641|0.891847585095|0.798249572919|0.795268533701|0.782389496071|0.72899410526|0.712904804396|0.712272301528|0.669951800671|0.657822041308|0.649331387132|0.441064849514|0.453870960342|0.429789769845|0.418725538504|0.408626287617|0.458737994483|0.441410756118|0.429891065975|0.420284025814|0.381898518563|0.40018718592|0.389386611003|0.360493433663|0.350584334242|0.344747729349|0.458138777339|0.42767389148|0.416227030747|0.406375176709|0.400082791608|0.388468772019|0.378239349882|0.350449522012|0.343365524459|0.355998468284|0.388059798143|0.376579145593|0.365436087813|0.361323462201|0.352609131686|0.34589969575|0.333447927779|0.322541876542|0.317402217242|0.316162704911|0.192050087682|0.181036068901|0.174298005671|0.169185399205|0.165570910399|0.162014958467|0.156919559721|0.142406342455|0.152097658986|0.148390792664|0.162302671265|0.156232754682|0.15009390303|0.151552209416|0.14686241768|0.142744576631|0.137015850759|0.131915634067|0.129537639313|0.132515810058|0.158598539046|0.15236063226|0.147683758324|0.148660471093|0.1436252515|0.140112361901|0.134154906518|0.129910103658|0.12623982205|0.130084224253|0.133086667898|0.127604180101|0.124094763996|0.127679812955|0.121713669978|0.0517041355416|0.0520839936621|0.0466508762598|0.0482964743696|0.046987719786|0.0450827341539|0.043527252073|0.0418589084862|0.0403529488602|0.041923265079|0.0426124929411|0.0409030921997|0.0399381561821|0.0415701931184|0.0392370065133|0.0421521798234|0.0408143684101|0.0416398615832|0.0409617163646|0.0387791068581|0.0383033031837|0.0058358589427|0.00569933755752|0.00621913369186|0.00588749220908|0.00496401706989|0.0056071727397|0.00559420596071|0
0,5,5,tree_robustness,lower_fragility_weight,delayed,0|5|10|15|35|75|125|175|225,adjoint_lbfgsb,adjoint_lbfgsb,7,warm_start_perturbed,,7.742954666364316,7.743361303387746,0.00040663702343035624,True,True,False,False,value_and_gradient,7.743361303387746,392,392,288,44.61133170127869,CONVERGENCE: REL_REDUCTION_OF_F_<=_FACTR*EPSMCH,0|0.419718957222|0.186461662013|0.568531235187|0.273310879635|0.278653615999|0.113940577154|0.733001310721|0.381256209421|0.390370904795|0.391923839107|0.173085230553|0.174560475746|0.175364839239|0.0676193224939|0.904536185885|0.507964666022|0.493093028194|0.498091421572|0.502875443763|0.229118712651|0.230115666914|0.22838374539|0.228659295022|0.23098862508|0.231619273443|0.0903713659249|0.0893748453054|0.0888463464293|0.0934840464804|0.0286027566451|1|0.585016445912|0.580778834369|0.544875703076|0.547123254642|0.542888328285|0.253965342801|0.252517705715|0.251281754534|0.246142094323|0.241719674676|0.242489823815|0.240036067912|0.229968312255|0.230655468741|0.231767918147|0.0960350538204|0.0940139820014|0.0921329751795|0.0961329489611|0.0946027002587|0.0936042688901|0.0917274518646|0.0900333578702|0.0886723304116|0.0925174080375|0.0290558414437|0.0284785925483|0.0283110583288|0.0300123212911|0.0292122734215|0.00684718359546|1|1|1|0.932248610653|0.924636960877|0.907675011663|0.894069128118|0.581443104919|0.533305201732|0.48621719258|0.476922744491|0.468374142467|0.516555045567|0.477245077021|0.480995031299|0.483940256038|0.450860526753|0.447002699838|0.443475342885|0.420267497557|0.415037962787|0.414035615163|0.225536473987|0.21804797476|0.21188840417|0.207824209826|0.209791353675|0.204865756497|0.199620220613|0.185983871085|0.188675032624|0.19377169797|0.207409164531|0.201665970607|0.196598552837|0.199651864892|0.195097989477|0.191817121201|0.185780545595|0.181047525501|0.177754662077|0.180745483579|0.0736561509691|0.0720344488434|0.0697255161679|0.0719460117752|0.0697929925031|0.0683820361313|0.066132594155|0.0641316059609|0.0630752696722|0.0658583473745|0.0653931875225|0.0636847693533|0.0621462489854|0.0650652681496|0.0626854371261|0.0179626428876|0.0170586501202|0.0176638979861|0.0176304256419|0.0169550740448|0.0168752259457|0.00208280043268|1|1|1|1|1|1|1|1|1|1|0.957406852047|0.860955484122|0.847610301038|0.832671733227|1|0.931556793061|0.832816921079|0.816441595793|0.801529340047|0.890263717323|0.797851513482|0.795356268389|0.783027876888|0.72881849959|0.713974123453|0.711418693929|0.671588741881|0.657722057253|0.648666962329|0.437610824183|0.454948434806|0.428961146474|0.418557868561|0.408863896471|0.459454738776|0.439974868526|0.430839930754|0.419610158892|0.381596028261|0.400332421556|0.389372290759|0.360790281853|0.351009919466|0.344308948774|0.458506414976|0.427684816231|0.41551046072|0.40542635211|0.401123959575|0.389241524601|0.377927044512|0.349207467743|0.340473027805|0.357407406684|0.389429490153|0.376714256696|0.365884364181|0.366015396545|0.354758076587|0.347133776765|0.334487399882|0.326062810326|0.317883432269|0.315469773421|0.200345440188|0.177657257834|0.167561920728|0.162248376221|0.166068257133|0.163123045695|0.156058503729|0.141426141776|0.151646003934|0.148457327071|0.159726807911|0.156764083021|0.151569800058|0.151223805167|0.146575370281|0.142763544087|0.136360020917|0.131754248951|0.127157356226|0.132705375439|0.157520204169|0.153774655577|0.148039887096|0.148248621414|0.142883934987|0.139579082846|0.134416977037|0.130129138961|0.126290099408|0.130676405202|0.132025529872|0.126021249973|0.124113047852|0.127737491309|0.122391188351|0.054946715349|0.0487076921995|0.045721043967|0.0477711410518|0.0448898800316|0.047417155117|0.0436528523992|0.042244010441|0.040693800937|0.0421585016113|0.0425404049404|0.0412486745174|0.0400330554256|0.0414093194018|0.0395818763756|0.0426159754217|0.0409191216347|0.0409706073503|0.0411321197534|0.0392758725251|0.0384851831185|0.00570782473846|0.00656796616114|0.00609879561393|0.00592198462675|0.00562435404905|0.00494496640745|0.00555068748697|0
0,10,8,tree_robustness,back_loaded_decisions,optimal,0|5|10|15|50|100|150|200|225,adjoint_lbfgsb,adjoint_lbfgsb,0,structured_ramp,,7.594335682547338,7.668288882912113,0.07395320036477493,True,True,False,False,value_and_gradient,7.668288882912113,752,752,526,80.65136289596558,CONVERGENCE: REL_REDUCTION_OF_F_<=_FACTR*EPSMCH,0.611955101954|0.72768143543|0.548138541774|0.866188444781|0.66378824971|0.684709662102|0.474643851794|0.972742228574|0.769964221148|0.781584358086|0.782858520645|0.566740778697|0.567349839883|0.577804617013|0.378317743644|1|0.912491099369|0.917152412799|0.916996618992|0.931868445634|0.628518407264|0.622964938293|0.617338112814|0.652675357316|0.651532853912|0.66255955155|0.392552937837|0.391012284469|0.393255010848|0.413781036024|0.229441444982|1|1|1|1|1|1|0.928953893852|0.954787066503|0.952476720648|0.947579557472|0.958329550782|0.962255150994|0.95101596773|0.94382881838|0.936878611446|0.935788043295|0.568045529497|0.580562063053|0.58686893177|0.585947072422|0.59658762084|0.609112922735|0.619825688329|0.613053755068|0.608030219607|0.621822522064|0.341626594882|0.337264902303|0.34444297989|0.349126254105|0.374259867874|0.165390580983|1|1|1|1|1|1|1|1|1|1|1|1|1|1|1|1|1|1|1|1|1|1|0.815708823632|0.865272549888|0.860838175388|0.855381258417|0.919217566041|0.918785850046|0.912712781703|0.92665474653|0.918396955866|0.907378473448|0.926168827404|0.919813877836|0.915549920094|0.926101022415|0.919322851867|0.91601029462|0.941962291794|0.933677004751|0.926988392614|0.914469291902|0.534559494616|0.604634635586|0.601027648164|0.558214881289|0.581240127817|0.617387207966|0.5905107598|0.585550181787|0.580988472348|0.58128368274|0.579173470229|0.571326403097|0.564658344698|0.562950314901|0.589313327542|0.308710447598|0.302304308131|0.334203497718|0.301789131306|0.325614676415|0.317004504998|0.0869599427135|1|1|1|1|1|1|1|1|1|1|1|1|1|1|1|1|1|1|1|1|1|1|1|1|1|1|1|1|1|1|1|1|1|1|0.995606014742|1|1|1|1|1|1|1|1|1|1|1|1|1|1|1|1|1|1|1|1|1|1|1|1|1|1|1|1|1|0.61636782077|0.676726011311|0.678510254407|0.687698083978|0.796234506774|0.792395665801|0.78625891396|0.838740476361|0.827626333921|0.819800002876|0.779960904661|0.774386325631|0.767465218121|0.803762174754|0.792757829052|0.785867634733|0.836030468845|0.820891666217|0.807589761487|0.783102017144|0.77237860891|0.871558991006|0.862037249799|0.783055557027|0.785687115446|0.86000918345|0.811089054227|0.795795158496|0.782669057229|0.755415487771|0.773626215794|0.758062868829|0.746062560138|0.714499463027|0.733604991995|0.600564164607|0.629163248514|0.621312245483|0.552126092091|0.570678426137|0.585023876379|0.542510255824|0.529186544836|0.517482845079|0.459092669946|0.510085154564|0.49577204166|0.484974569877|0.42414330551|0.417564696684|0.495859560002|0.481921829011|0.509685757641|0.406324937855|0.398722701324|0.371577829621|0.350014029124|0.337101172887|0.338128936274|0.242372145551|0.214091778822|0.188944662491|0.176197155161|0.103620388463
0,10,8,tree_robustness,back_loaded_decisions,optimal,0|5|10|15|50|100|150|200|225,adjoint_lbfgsb,adjoint_lbfgsb,1,structured_sigmoid,,7.569023821490239,7.668288578886888,0.0992647573966492,True,True,False,False,value_and_gradient,7.668288578886888,677,677,490,72.73896503448486,CONVERGENCE: REL_REDUCTION_OF_F_<=_FACTR*EPSMCH,0.611895349756|0.727840743484|0.548158030289|0.865971382483|0.663884552859|0.684890834448|0.474507845156|0.972795585018|0.769998180074|0.781658676096|0.782947227846|0.566730302845|0.567363438868|0.577803961554|0.378301282917|1|0.912679049502|0.917121922691|0.916992629842|0.931829616162|0.628591162413|0.62319165289|0.617479345636|0.652479169504|0.651282664375|0.662317065969|0.392687124043|0.390969244305|0.3930159891|0.413769870006|0.229655124321|1|1|1|1|1|1|0.928911940035|0.955027951977|0.952797535107|0.947607940902|0.95822392389|0.962686530536|0.950912773566|0.943857378704|0.93708780028|0.937088526845|0.567793414643|0.57960370018|0.587365037876|0.587675630743|0.597586872527|0.61051084068|0.61806412364|0.611366899684|0.605966384074|0.622617580571|0.345742236311|0.336171671149|0.347107269895|0.34723236446|0.374456882368|0.167460869488|1|1|1|1|1|1|1|1|1|1|1|1|1|1|1|1|1|1|1|1|1|1|0.811884829193|0.863985681706|0.858601167289|0.848655072495|0.916596978493|0.916011647222|0.906708253675|0.927029451734|0.917893261471|0.907380781626|0.923074775528|0.916876727102|0.912947543766|0.926301820387|0.918969670218|0.916264785862|0.941381195159|0.931217348824|0.921962497331|0.909131220205|0.529923052419|0.601387322471|0.600407394156|0.555482734443|0.58489777529|0.61644899951|0.589549943319|0.584737645072|0.580386560694|0.586745369068|0.578590840422|0.571067153687|0.564915849366|0.570474168566|0.594579501017|0.315574348681|0.311161607907|0.340332739567|0.30286650772|0.317050298282|0.306975123856|0.104831687192|1|1|1|1|1|1|1|1|1|1|1|1|1|1|1|1|1|1|1|1|1|1|1|1|1|1|1|1|1|1|1|1|1|1|1|1|1|1|1|1|1|1|1|1|1|1|1|1|1|1|1|1|1|1|1|1|1|1|1|1|1|1|1|1|0.694681476383|0.745625400464|0.744956522178|0.747513254909|0.828862698912|0.82402246232|0.816507442905|0.846127345043|0.834907224357|0.826898485162|0.808294738412|0.802121402336|0.794145174609|0.810324530526|0.799106658872|0.792261716059|0.829427654387|0.814137030642|0.800176647185|0.761447583677|0.799626145265|0.878660059133|0.870801031527|0.790952320612|0.799321460186|0.856878394248|0.807603315825|0.792084967254|0.778562232693|0.736391872506|0.769587565209|0.753463405131|0.740505629476|0.690926709552|0.70065478914|0.660110762493|0.678785045687|0.671100522266|0.596944932058|0.605912262482|0.622262358757|0.576351993636|0.561898287141|0.54888593351|0.470706861234|0.541071833183|0.525168243704|0.512707394129|0.429865563913|0.40775253193|0.527435379315|0.513860193009|0.529043689333|0.409801424221|0.385467342339|0.349101195065|0.404438521059|0.390296847753|0.385952248183|0.269191890076|0.225607523039|0.190949394712|0.176328139944|0.115294843436
0,10,8,tree_robustness,back_loaded_decisions,optimal,0|5|10|15|50|100|150|200|225,adjoint_lbfgsb,adjoint_lbfgsb,2,structured_constant,,7.646917833314282,7.668288633023161,0.021370799708879673,True,True,False,False,value_and_gradient,7.668288633023161,917,917,637,97.7089638710022,CONVERGENCE: REL_REDUCTION_OF_F_<=_FACTR*EPSMCH,0.611905434785|0.72774785227|0.548201688626|0.866112041515|0.663818241832|0.684752380691|0.474664913153|0.972792551733|0.769989155468|0.781615707898|0.782913180946|0.566744034679|0.567317238382|0.577835454761|0.378365728701|1|0.912564459494|0.917121602052|0.916988534764|0.931859771807|0.628373202991|0.623100813388|0.617481964898|0.652639770883|0.65143618351|0.662583361961|0.392432274501|0.39091876254|0.393119483713|0.413357431977|0.229984624514|1|1|1|1|1|1|0.927971927408|0.955174854345|0.953095055367|0.946743134932|0.958242959618|0.961839528192|0.950503217558|0.944040735877|0.936598562098|0.936950097859|0.567430620651|0.580098198777|0.587483792727|0.585462239107|0.597470986591|0.609320862648|0.619100229174|0.612277887772|0.607140279783|0.622967818556|0.343435993449|0.339099630608|0.346559690505|0.348652521797|0.374943652816|0.165020813205|1|1|1|1|1|1|1|1|1|1|1|1|1|1|1|1|1|1|1|1|1|1|0.813242447018|0.868759657978|0.864079258605|0.851858505773|0.920288279589|0.919469756957|0.910122468201|0.926147537772|0.91717855989|0.906715598132|0.924666462209|0.918741851677|0.913159507288|0.925406958698|0.918462906389|0.915588962666|0.941314358483|0.930068072784|0.921436630263|0.910999718993|0.533852437728|0.60381556583|0.600767480366|0.557215526759|0.583837794671|0.616204987156|0.588810612776|0.583803784111|0.579119072102|0.582313334445|0.577151401598|0.569251740726|0.56243043476|0.564887604897|0.592416303598|0.314587783227|0.309472479574|0.34490134465|0.308638339651|0.324168824222|0.313766950264|0.10076906133|1|1|1|1|1|1|1|1|1|1|1|1|1|1|1|1|1|1|1|1|1|1|1|1|1|1|1|1|1|0.968300970085|1|1|1|1|1|1|1|1|1|1|1|1|1|1|1|1|1|1|1|1|1|1|1|1|1|1|1|1|1|1|1|1|1|1|0.54362157124|0.610185898637|0.614016743846|0.630770150281|0.723416687319|0.722485044909|0.72086808278|0.787212863031|0.781069153714|0.776816310344|0.719288017732|0.717193932416|0.725726228552|0.768966066964|0.763100924965|0.759283013726|0.813627414852|0.804667038327|0.796916285533|0.79761254841|0.723991463386|0.804079391859|0.799643258244|0.758266828697|0.770037848793|0.828209622914|0.799478388633|0.790480525074|0.782281771064|0.781312249057|0.777453205742|0.768116024185|0.760584791067|0.754782873163|0.776414196272|0.584569921533|0.593023110134|0.590071214237|0.55937865823|0.589252348233|0.591198847753|0.56942824015|0.562503211717|0.556239263732|0.533482049564|0.552582227683|0.545120037572|0.539177827829|0.51315874731|0.517365246167|0.545369162464|0.538583914822|0.562899504114|0.50377542563|0.5071485384|0.489944850036|0.419764574211|0.41356373197|0.416618406127|0.364983718166|0.352159176646|0.3375366711|0.330843252389|0.269214022228
0,10,8,tree_robustness,back_loaded_decisions,optimal,0|5|10|15|50|100|150|200|225,adjoint_lbfgsb,adjoint_lbfgsb,3,sobol,,7.634103434442503,7.668289081502197,0.034185647059693736,False,True,False,False,value_and_gradient,7.668289081502197,1552,1552,1000,164.69987607002258,STOP: TOTAL NO. of ITERATIONS REACHED LIMIT,0.611940797089|0.72776451768|0.548179216296|0.866087722135|0.663908400245|0.684683431981|0.474414234574|0.972813399977|0.769950743371|0.781642494606|0.782957719123|0.566714551216|0.567266735064|0.577837336091|0.378348409178|1|0.912512918893|0.917188833783|0.917000295741|0.93193659799|0.628294691929|0.622995794349|0.617328795025|0.652788862337|0.651577335404|0.662482458941|0.392566855005|0.391258962876|0.392856417936|0.413664262216|0.22972366876|1|1|1|1|1|1|0.928861089698|0.955018253274|0.953134070633|0.947370586862|0.958246252421|0.962185486712|0.950781692374|0.943922082489|0.937014418315|0.936866777349|0.567238723935|0.580109310772|0.589712193152|0.585676299227|0.597364919275|0.609724919576|0.618933257815|0.612526539831|0.60706392896|0.622118324791|0.342847018377|0.337229292346|0.345926683329|0.346547779714|0.374587341142|0.164442240202|1|1|1|1|1|1|1|1|1|1|1|1|1|1|1|1|1|1|1|1|1|1|0.816553140119|0.864242281306|0.859465012549|0.853030370324|0.920733574617|0.92034819348|0.909904452476|0.926547533221|0.915386628005|0.906103062257|0.926223305547|0.919493271911|0.909041319686|0.926481068933|0.917232304822|0.911277015122|0.941002844658|0.931192900153|0.923188903315|0.912576209432|0.534631560964|0.600592281011|0.597596602275|0.557916563358|0.579810458351|0.616547890374|0.590023535941|0.585525408342|0.580171086346|0.583594828533|0.577972588564|0.570497844431|0.565671911642|0.567093140458|0.593348951968|0.305217955679|0.291503716941|0.332128101807|0.30374753999|0.323644975234|0.31608068363|0.0983452922629|1|1|1|1|1|1|1|1|1|1|1|1|1|1|1|1|1|1|1|1|1|1|1|1|1|1|1|1|1|1|1|1|1|1|1|1|1|1|1|1|1|1|1|1|1|1|1|1|1|1|1|1|1|1|1|1|1|1|1|1|1|1|1|1|0.239225662409|0.358955250029|0.573853099646|0.569233282849|0.779141963372|0.777835653188|0.691421379482|0.861948878894|0.827075269197|0.834519704596|0.729454421986|0.760820068212|0.753391918556|0.837013407599|0.804617203891|0.795975230342|0.841835404068|0.831568031174|0.862678490305|0.80761865764|0.753439181397|0.888672181282|0.861903865669|0.823501800086|0.780058885961|0.871791649681|0.875964662932|0.846028665586|0.801412553614|0.790721461964|0.803565164987|0.788536895313|0.774011539382|0.805178972174|0.790910900688|0.557616691599|0.568701476188|0.563813216369|0.508437650503|0.520067134982|0.551768309069|0.526791633103|0.517457742869|0.474515986484|0.497070670666|0.502589584059|0.486599458296|0.485098510351|0.477336575105|0.509384664016|0.492929933302|0.482951681859|0.52566276587|0.46171933673|0.494157065126|0.453860444783|0.135772191024|0.27670723773|0.284194202695|0.217603629494|0.220878371889|0.192686726297|0.199855180511|0.0785638930554
0,10,8,tree_robustness,back_loaded_decisions,optimal,0|5|10|15|50|100|150|200|225,adjoint_lbfgsb,adjoint_lbfgsb,4,structured_constant,,7.646530803867237,7.668289080609433,0.021758276742195548,True,True,False,False,value_and_gradient,7.668289080609433,1491,1491,920,158.0439817905426,CONVERGENCE: REL_REDUCTION_OF_F_<=_FACTR*EPSMCH,0.611917408776|0.727778496887|0.548228211078|0.866070936062|0.663790388737|0.684601829855|0.474617281218|0.97282117782|0.769962920075|0.781602642123|0.782953698392|0.566659010991|0.567398069429|0.577779591369|0.378371715487|1|0.91253278172|0.917172869408|0.916988562501|0.931854943323|0.628385960682|0.622991271975|0.617276096709|0.652640932899|0.651532124622|0.662593119898|0.392332571912|0.390748997989|0.393298785731|0.413796526811|0.229790154343|1|1|1|1|1|1|0.927947517708|0.955105399904|0.952830904671|0.94772160768|0.958312985805|0.962155790875|0.951061019987|0.94388905093|0.937431278197|0.93692275468|0.567558248984|0.580379837993|0.588064925229|0.585670768654|0.597021205103|0.609290319879|0.619144771477|0.612374063277|0.60726102069|0.622861554233|0.342902757332|0.338467498741|0.345231462729|0.348275359201|0.37496853044|0.166929685509|1|1|1|1|1|1|1|1|1|1|1|1|1|1|1|1|1|1|1|1|1|1|0.815087912468|0.863401657848|0.858452003528|0.854238202666|0.921049878844|0.920285684206|0.910652014108|0.925635929581|0.916209601939|0.905719355739|0.926358993804|0.91999606375|0.912667931467|0.924707296402|0.917345525055|0.914488307931|0.941240903993|0.931233182539|0.922141622312|0.912284796697|0.543193246513|0.603952003932|0.602293062164|0.557650722195|0.578614777283|0.616852135886|0.590319643683|0.585470879139|0.580963963397|0.58239807651|0.579149596706|0.571521064086|0.565088199412|0.564716913275|0.588049785602|0.319660935529|0.313182797076|0.346680387409|0.309101750914|0.322523738015|0.312592150852|0.0991266803071|1|1|1|1|1|1|1|1|1|1|1|1|1|1|1|1|1|1|1|1|1|1|1|1|1|1|1|1|1|1|1|1|1|1|1|1|1|1|1|1|1|1|1|1|1|1|1|1|1|1|1|1|1|1|1|1|1|1|1|1|1|1|1|1|0.545594353798|0.625397036413|0.628312258458|0.630427713661|0.783372168799|0.779445800118|0.773493879547|0.843143600869|0.831825829079|0.824114778995|0.767457514405|0.761698626003|0.754207766201|0.809073049952|0.798691946195|0.792130233645|0.849769043206|0.835619230586|0.823511231129|0.806325262063|0.758494342228|0.877219903603|0.867483139286|0.790912845405|0.784590910663|0.876016357531|0.829431007354|0.815467879838|0.803552553667|0.786308336901|0.796132497963|0.782208049498|0.77159424069|0.752232111524|0.773193932698|0.558204079412|0.57902085008|0.572674674752|0.515997099664|0.564717956689|0.561500305031|0.525583827196|0.514451949606|0.504841595225|0.470414530173|0.49917242951|0.487581884773|0.478894336314|0.442757242754|0.451987351146|0.487854890286|0.47639425593|0.515243175594|0.429992015877|0.438645211946|0.417519240809|0.301458436004|0.291706736906|0.29793076355|0.225868639216|0.212681564872|0.194847229846|0.186194282623|0.0907186051435
0,10,8,tree_robustness,back_loaded_decisions,optimal,0|5|10|15|50|100|150|200|225,adjoint_lbfgsb,adjoint_lbfgsb,5,structured_constant,,7.631481165012918,7.668289058383424,0.03680789337050605,False,True,False,False,value_and_gradient,7.668289058383424,1681,1681,1000,178.30723762512207,STOP: TOTAL NO. of ITERATIONS REACHED LIMIT,0.611986155093|0.727787239178|0.548184883563|0.866096032506|0.663730816918|0.684663471892|0.474687761942|0.972877204256|0.770041406069|0.781695554441|0.782911417579|0.566743837758|0.567377075739|0.577771749696|0.378347661502|1|0.912492936897|0.916979827726|0.916939185433|0.93184073424|0.628469393863|0.622892110813|0.617253407616|0.652597000331|0.651552867205|0.662571482182|0.392443294011|0.390918770242|0.39314181699|0.413721028646|0.22864047039|1|1|1|1|1|1|0.928756543598|0.955246261092|0.95309830649|0.947583388885|0.958199718151|0.962295013199|0.950838896859|0.943878825763|0.936986018261|0.936355407358|0.567521383178|0.580176518656|0.587954523247|0.585482726276|0.597001964549|0.609104713908|0.619112785042|0.612329113492|0.607229741822|0.622209446763|0.342852821387|0.33870399356|0.345969548657|0.348563770867|0.373631184293|0.164860319217|1|1|1|1|1|1|1|1|1|1|1|1|1|1|1|1|1|1|1|1|1|1|0.814289631777|0.863457149262|0.85838038086|0.851745445721|0.920622719577|0.919733889033|0.910166504798|0.925738492891|0.916193309188|0.905984132364|0.926281684041|0.919402510304|0.913126866557|0.924862645693|0.917304737279|0.914908181175|0.94148024361|0.931534196216|0.922296502156|0.914089245112|0.534935350527|0.605864590607|0.604627968893|0.557311544362|0.59459229314|0.612827882321|0.586204075954|0.58141494248|0.576883115951|0.585394947506|0.575072330362|0.567545191841|0.561100062857|0.56850283665|0.590238314227|0.320038789792|0.315359908225|0.353658976407|0.314870346494|0.323852688133|0.31247022909|0.0945845209537|1|1|1|1|1|1|1|1|1|1|1|1|1|1|1|1|1|1|1|1|1|1|1|1|1|1|1|1|1|1|1|1|1|1|1|1|1|1|1|1|1|1|1|1|1|1|1|1|1|1|1|1|1|1|1|1|1|1|1|1|1|1|1|1|0.563649267992|0.639994228684|0.641939384698|0.642733243471|0.788782882248|0.784117180637|0.777182317302|0.837286893062|0.826443728856|0.819027201266|0.770135743661|0.763977310995|0.756039458075|0.804774986595|0.79518192269|0.789016013078|0.841953364033|0.829871488506|0.819609084121|0.813137487529|0.761463668338|0.870836950334|0.861180077831|0.787921416239|0.784794624529|0.864649871049|0.824402223526|0.812562476821|0.802378743684|0.797064659044|0.796244314514|0.784705076935|0.775836936239|0.77199058546|0.798670258725|0.570193625217|0.584381208656|0.577435614356|0.518341917303|0.561758299913|0.564513441466|0.529177305302|0.518372954214|0.509051156321|0.481100103909|0.503602136028|0.492534500327|0.48419823639|0.455534580353|0.472066344416|0.492473272561|0.481624114929|0.521677324344|0.443665958435|0.459976778794|0.441615773308|0.296506161556|0.286470618037|0.293252985937|0.220336649346|0.209162681986|0.191533410009|0.182732256758|0.0744101797666
0,10,8,tree_robustness,back_loaded_decisions,optimal,0|5|10|15|50|100|150|200|225,adjoint_lbfgsb,adjoint_lbfgsb,6,sobol,,7.6309694907802434,7.66828825381668,0.037318763036436664,True,True,False,False,value_and_gradient,7.66828825381668,736,736,639,80.62136816978455,CONVERGENCE: REL_REDUCTION_OF_F_<=_FACTR*EPSMCH,0.611847063384|0.727673593882|0.548140794102|0.86618404038|0.663761336064|0.684695830763|0.474684516296|0.972840939181|0.769982707314|0.781597333191|0.782749162393|0.566670782335|0.567437826778|0.577838392761|0.378388620783|1|0.912608095152|0.917152288253|0.91702586868|0.931933643196|0.628540233226|0.623233586089|0.616875101858|0.652728012278|0.651844819785|0.662556809545|0.392647993385|0.390902135677|0.393134040466|0.414318045123|0.229270885216|1|1|1|1|1|1|0.930582025872|0.954791231455|0.953504045801|0.947420989518|0.957892725593|0.962184156733|0.951040442336|0.944132131441|0.936741154858|0.937205007274|0.56716034933|0.580006572008|0.586033960608|0.585363149371|0.595335580139|0.609002048479|0.618573664745|0.612242316087|0.606303021767|0.622330222399|0.342595698902|0.338704846938|0.342380108902|0.349135299716|0.377229940509|0.163169960629|1|1|1|1|1|1|1|1|1|1|1|1|1|1|1|1|1|1|1|1|1|1|0.808538805557|0.860987704921|0.855508320916|0.855922716048|0.922013470075|0.920884153343|0.910610921889|0.925843522701|0.91649285905|0.906768264529|0.926441867055|0.919381225874|0.92097972857|0.924814426515|0.913522820509|0.915317068122|0.940468357091|0.930841678335|0.920865446715|0.912597926098|0.532951933274|0.606266431992|0.59512229813|0.554540710698|0.580222138042|0.610848877649|0.590218189836|0.587424137384|0.584617058985|0.583785887239|0.58259943249|0.574998469898|0.564755521182|0.566682028796|0.593504093444|0.31797320145|0.308321879818|0.338436981598|0.29651379441|0.324843589374|0.302751159323|0.106209879345|1|1|1|1|1|1|1|1|1|1|1|1|1|1|1|1|1|1|1|1|1|1|1|1|1|1|1|1|1|0.908906735392|1|1|1|1|0.994303710719|1|1|1|1|1|1|1|1|1|1|1|1|1|1|1|1|1|1|1|1|1|1|1|1|1|1|1|1|1|0.498830159216|0.395329281617|0.203057495758|0.524972113905|0.817707462004|0.787088708884|0.551801809271|0.845863779162|0.828266440155|0.819278498778|0.478309640099|0.567017041022|0.724780977814|0.62361826288|0.784794646034|0.797493964702|0.813031409707|0.797154518993|0.809839731395|0.813635314229|0.71998391912|0.863837889693|0.856320956739|0.796152499588|0.780951364015|0.833480874766|0.771464640146|0.804338928652|0.73103068038|0.79176028111|0.726045183844|0.785003850674|0.775750122247|0.75765143707|0.784707493485|0.608683691991|0.305542393107|0.629090159025|0.560486230007|0.523319869302|0.573286667086|0.558669084513|0.560589481858|0.346957084406|0.5107862893|0.387111857383|0.504344118868|0.444090534846|0.48918244279|0.499088574854|0.327013735669|0.322751146351|0.432626569484|0.470844789555|0.478020796775|0.467720582903|0.395397480241|0.359931863864|0.378817510614|0.25649938175|0.13710832303|0.27502708796|0.185935667409|0.148985652059
0,10,8,tree_robustness,back_loaded_decisions,optimal,0|5|10|15|50|100|150|200|225,adjoint_lbfgsb,adjoint_lbfgsb,7,sobol,,7.6302834126656265,7.668288956454266,0.03800554378863907,True,True,False,False,value_and_gradient,7.668288956454266,921,921,725,99.67557001113892,CONVERGENCE: REL_REDUCTION_OF_F_<=_FACTR*EPSMCH,0.611919883009|0.727780057845|0.548286306966|0.866053620392|0.663855171918|0.68480567766|0.474668657848|0.972843048108|0.77003611108|0.781537199329|0.78289541693|0.566688566253|0.56739669069|0.577824794395|0.378373965251|1|0.912588430132|0.917033206577|0.916944881191|0.93191064272|0.628479287843|0.622813942215|0.61710313605|0.652642028292|0.65148466931|0.662533532584|0.392703734175|0.390378159046|0.393480876489|0.413489400217|0.230019856539|1|1|1|1|1|1|0.928142786665|0.954780452774|0.952508114257|0.947431740207|0.958288458158|0.962251970823|0.950836726924|0.943807834904|0.937526181404|0.937949863396|0.567365266021|0.581064861377|0.587874345904|0.585432779229|0.596920395568|0.609415123769|0.619661132143|0.613246744183|0.607355837658|0.621402418703|0.342804179504|0.338786659633|0.344695596437|0.347665683316|0.374396904751|0.165375125548|1|1|1|1|1|1|1|1|1|1|1|1|1|1|1|1|1|1|1|1|1|1|0.806664639139|0.863590831166|0.861643746492|0.850643453985|0.912755952185|0.917376596805|0.90716712994|0.924753979264|0.917245191403|0.906031365162|0.92364656161|0.919640025572|0.913623055863|0.924653234881|0.918052028768|0.914833446727|0.941648379383|0.931865730867|0.922282179136|0.912499786545|0.533904470169|0.601469830286|0.602732002513|0.558416344286|0.580252072442|0.617588819344|0.590498961474|0.584876954598|0.581251275576|0.579412062026|0.579068933784|0.57140739833|0.565221509625|0.574294414463|0.592981763068|0.321476104605|0.310450377315|0.345796260513|0.30242966787|0.321559739852|0.307773524249|0.100149150617|1|1|1|1|1|1|1|1|1|1|1|1|1|1|1|1|1|1|1|1|1|1|1|1|1|1|1|1|1|1|1|1|1|1|1|1|1|1|1|1|1|1|1|1|1|1|1|1|1|1|1|1|1|1|1|1|1|1|1|1|1|1|1|1|0.103271004767|0.393621300439|0.636061197308|0.642868430873|0.620360503175|0.78451530199|0.777338300258|0.835737795704|0.813138247378|0.831202573064|0.678036148354|0.758849151052|0.755895075757|0.81910999033|0.811156678671|0.802953233275|0.890750949422|0.829803846324|0.874346375867|0.808994236685|0.760386245095|0.830415549832|0.86737177815|0.797099478618|0.791226289959|0.887200610588|0.843075195117|0.817139667669|0.849359172526|0.79266570384|0.796670756883|0.818310727885|0.828787558088|0.764875016919|0.813659294917|0.57229416945|0.538415253543|0.44671871184|0.46089526126|0.433001663628|0.508713729894|0.532284817875|0.510240478077|0.424156306907|0.494385846073|0.505022453335|0.499491662684|0.423416938413|0.459190126856|0.489319132977|0.444544650427|0.434603460746|0.502933502961|0.45788389462|0.483352252853|0.454650592526|0.157668315225|0.294922185099|0.300167524148|0.185067022002|0.231508449885|0.208876255904|0.184235296278|0.0962295208797
0,15,13,tree_robustness,back_loaded_decisions,optimal,0|5|10|15|50|100|150|200|225,adjoint_lbfgsb,adjoint_lbfgsb,0,structured_ramp,,7.594335682547338,7.668288882912113,0.07395320036477493,True,True,False,False,value_and_gradient,7.668288882912113,752,752,526,82.83658146858215,CONVERGENCE: REL_REDUCTION_OF_F_<=_FACTR*EPSMCH,0.611955101954|0.72768143543|0.548138541774|0.866188444781|0.66378824971|0.684709662102|0.474643851794|0.972742228574|0.769964221148|0.781584358086|0.782858520645|0.566740778697|0.567349839883|0.577804617013|0.378317743644|1|0.912491099369|0.917152412799|0.916996618992|0.931868445634|0.628518407264|0.622964938293|0.617338112814|0.652675357316|0.651532853912|0.66255955155|0.392552937837|0.391012284469|0.393255010848|0.413781036024|0.229441444982|1|1|1|1|1|1|0.928953893852|0.954787066503|0.952476720648|0.947579557472|0.958329550782|0.962255150994|0.95101596773|0.94382881838|0.936878611446|0.935788043295|0.568045529497|0.580562063053|0.58686893177|0.585947072422|0.59658762084|0.609112922735|0.619825688329|0.613053755068|0.608030219607|0.621822522064|0.341626594882|0.337264902303|0.34444297989|0.349126254105|0.374259867874|0.165390580983|1|1|1|1|1|1|1|1|1|1|1|1|1|1|1|1|1|1|1|1|1|1|0.815708823632|0.865272549888|0.860838175388|0.855381258417|0.919217566041|0.918785850046|0.912712781703|0.92665474653|0.918396955866|0.907378473448|0.926168827404|0.919813877836|0.915549920094|0.926101022415|0.919322851867|0.91601029462|0.941962291794|0.933677004751|0.926988392614|0.914469291902|0.534559494616|0.604634635586|0.601027648164|0.558214881289|0.581240127817|0.617387207966|0.5905107598|0.585550181787|0.580988472348|0.58128368274|0.579173470229|0.571326403097|0.564658344698|0.562950314901|0.589313327542|0.308710447598|0.302304308131|0.334203497718|0.301789131306|0.325614676415|0.317004504998|0.0869599427135|1|1|1|1|1|1|1|1|1|1|1|1|1|1|1|1|1|1|1|1|1|1|1|1|1|1|1|1|1|1|1|1|1|1|0.995606014742|1|1|1|1|1|1|1|1|1|1|1|1|1|1|1|1|1|1|1|1|1|1|1|1|1|1|1|1|1|0.61636782077|0.676726011311|0.678510254407|0.687698083978|0.796234506774|0.792395665801|0.78625891396|0.838740476361|0.827626333921|0.819800002876|0.779960904661|0.774386325631|0.767465218121|0.803762174754|0.792757829052|0.785867634733|0.836030468845|0.820891666217|0.807589761487|0.783102017144|0.77237860891|0.871558991006|0.862037249799|0.783055557027|0.785687115446|0.86000918345|0.811089054227|0.795795158496|0.782669057229|0.755415487771|0.773626215794|0.758062868829|0.746062560138|0.714499463027|0.733604991995|0.600564164607|0.629163248514|0.621312245483|0.552126092091|0.570678426137|0.585023876379|0.542510255824|0.529186544836|0.517482845079|0.459092669946|0.510085154564|0.49577204166|0.484974569877|0.42414330551|0.417564696684|0.495859560002|0.481921829011|0.509685757641|0.406324937855|0.398722701324|0.371577829621|0.350014029124|0.337101172887|0.338128936274|0.242372145551|0.214091778822|0.188944662491|0.176197155161|0.103620388463
0,15,13,tree_robustness,back_loaded_decisions,optimal,0|5|10|15|50|100|150|200|225,adjoint_lbfgsb,adjoint_lbfgsb,1,structured_sigmoid,,7.569023821490239,7.668288578886888,0.0992647573966492,True,True,False,False,value_and_gradient,7.668288578886888,677,677,490,74.23255228996277,CONVERGENCE: REL_REDUCTION_OF_F_<=_FACTR*EPSMCH,0.611895349756|0.727840743484|0.548158030289|0.865971382483|0.663884552859|0.684890834448|0.474507845156|0.972795585018|0.769998180074|0.781658676096|0.782947227846|0.566730302845|0.567363438868|0.577803961554|0.378301282917|1|0.912679049502|0.917121922691|0.916992629842|0.931829616162|0.628591162413|0.62319165289|0.617479345636|0.652479169504|0.651282664375|0.662317065969|0.392687124043|0.390969244305|0.3930159891|0.413769870006|0.229655124321|1|1|1|1|1|1|0.928911940035|0.955027951977|0.952797535107|0.947607940902|0.95822392389|0.962686530536|0.950912773566|0.943857378704|0.93708780028|0.937088526845|0.567793414643|0.57960370018|0.587365037876|0.587675630743|0.597586872527|0.61051084068|0.61806412364|0.611366899684|0.605966384074|0.622617580571|0.345742236311|0.336171671149|0.347107269895|0.34723236446|0.374456882368|0.167460869488|1|1|1|1|1|1|1|1|1|1|1|1|1|1|1|1|1|1|1|1|1|1|0.811884829193|0.863985681706|0.858601167289|0.848655072495|0.916596978493|0.916011647222|0.906708253675|0.927029451734|0.917893261471|0.907380781626|0.923074775528|0.916876727102|0.912947543766|0.926301820387|0.918969670218|0.916264785862|0.941381195159|0.931217348824|0.921962497331|0.909131220205|0.529923052419|0.601387322471|0.600407394156|0.555482734443|0.58489777529|0.61644899951|0.589549943319|0.584737645072|0.580386560694|0.586745369068|0.578590840422|0.571067153687|0.564915849366|0.570474168566|0.594579501017|0.315574348681|0.311161607907|0.340332739567|0.30286650772|0.317050298282|0.306975123856|0.104831687192|1|1|1|1|1|1|1|1|1|1|1|1|1|1|1|1|1|1|1|1|1|1|1|1|1|1|1|1|1|1|1|1|1|1|1|1|1|1|1|1|1|1|1|1|1|1|1|1|1|1|1|1|1|1|1|1|1|1|1|1|1|1|1|1|0.694681476383|0.745625400464|0.744956522178|0.747513254909|0.828862698912|0.82402246232|0.816507442905|0.846127345043|0.834907224357|0.826898485162|0.808294738412|0.802121402336|0.794145174609|0.810324530526|0.799106658872|0.792261716059|0.829427654387|0.814137030642|0.800176647185|0.761447583677|0.799626145265|0.878660059133|0.870801031527|0.790952320612|0.799321460186|0.856878394248|0.807603315825|0.792084967254|0.778562232693|0.736391872506|0.769587565209|0.753463405131|0.740505629476|0.690926709552|0.70065478914|0.660110762493|0.678785045687|0.671100522266|0.596944932058|0.605912262482|0.622262358757|0.576351993636|0.561898287141|0.54888593351|0.470706861234|0.541071833183|0.525168243704|0.512707394129|0.429865563913|0.40775253193|0.527435379315|0.513860193009|0.529043689333|0.409801424221|0.385467342339|0.349101195065|0.404438521059|0.390296847753|0.385952248183|0.269191890076|0.225607523039|0.190949394712|0.176328139944|0.115294843436
0,15,13,tree_robustness,back_loaded_decisions,optimal,0|5|10|15|50|100|150|200|225,adjoint_lbfgsb,adjoint_lbfgsb,2,structured_constant,,7.646917833314282,7.668288633023161,0.021370799708879673,True,True,False,False,value_and_gradient,7.668288633023161,917,917,637,100.44889783859253,CONVERGENCE: REL_REDUCTION_OF_F_<=_FACTR*EPSMCH,0.611905434785|0.72774785227|0.548201688626|0.866112041515|0.663818241832|0.684752380691|0.474664913153|0.972792551733|0.769989155468|0.781615707898|0.782913180946|0.566744034679|0.567317238382|0.577835454761|0.378365728701|1|0.912564459494|0.917121602052|0.916988534764|0.931859771807|0.628373202991|0.623100813388|0.617481964898|0.652639770883|0.65143618351|0.662583361961|0.392432274501|0.39091876254|0.393119483713|0.413357431977|0.229984624514|1|1|1|1|1|1|0.927971927408|0.955174854345|0.953095055367|0.946743134932|0.958242959618|0.961839528192|0.950503217558|0.944040735877|0.936598562098|0.936950097859|0.567430620651|0.580098198777|0.587483792727|0.585462239107|0.597470986591|0.609320862648|0.619100229174|0.612277887772|0.607140279783|0.622967818556|0.343435993449|0.339099630608|0.346559690505|0.348652521797|0.374943652816|0.165020813205|1|1|1|1|1|1|1|1|1|1|1|1|1|1|1|1|1|1|1|1|1|1|0.813242447018|0.868759657978|0.864079258605|0.851858505773|0.920288279589|0.919469756957|0.910122468201|0.926147537772|0.91717855989|0.906715598132|0.924666462209|0.918741851677|0.913159507288|0.925406958698|0.918462906389|0.915588962666|0.941314358483|0.930068072784|0.921436630263|0.910999718993|0.533852437728|0.60381556583|0.600767480366|0.557215526759|0.583837794671|0.616204987156|0.588810612776|0.583803784111|0.579119072102|0.582313334445|0.577151401598|0.569251740726|0.56243043476|0.564887604897|0.592416303598|0.314587783227|0.309472479574|0.34490134465|0.308638339651|0.324168824222|0.313766950264|0.10076906133|1|1|1|1|1|1|1|1|1|1|1|1|1|1|1|1|1|1|1|1|1|1|1|1|1|1|1|1|1|0.968300970085|1|1|1|1|1|1|1|1|1|1|1|1|1|1|1|1|1|1|1|1|1|1|1|1|1|1|1|1|1|1|1|1|1|1|0.54362157124|0.610185898637|0.614016743846|0.630770150281|0.723416687319|0.722485044909|0.72086808278|0.787212863031|0.781069153714|0.776816310344|0.719288017732|0.717193932416|0.725726228552|0.768966066964|0.763100924965|0.759283013726|0.813627414852|0.804667038327|0.796916285533|0.79761254841|0.723991463386|0.804079391859|0.799643258244|0.758266828697|0.770037848793|0.828209622914|0.799478388633|0.790480525074|0.782281771064|0.781312249057|0.777453205742|0.768116024185|0.760584791067|0.754782873163|0.776414196272|0.584569921533|0.593023110134|0.590071214237|0.55937865823|0.589252348233|0.591198847753|0.56942824015|0.562503211717|0.556239263732|0.533482049564|0.552582227683|0.545120037572|0.539177827829|0.51315874731|0.517365246167|0.545369162464|0.538583914822|0.562899504114|0.50377542563|0.5071485384|0.489944850036|0.419764574211|0.41356373197|0.416618406127|0.364983718166|0.352159176646|0.3375366711|0.330843252389|0.269214022228
0,15,13,tree_robustness,back_loaded_decisions,optimal,0|5|10|15|50|100|150|200|225,adjoint_lbfgsb,adjoint_lbfgsb,3,sobol,,7.634103434442503,7.668289081502197,0.034185647059693736,False,True,False,False,value_and_gradient,7.668289081502197,1552,1552,1000,169.28136014938354,STOP: TOTAL NO. of ITERATIONS REACHED LIMIT,0.611940797089|0.72776451768|0.548179216296|0.866087722135|0.663908400245|0.684683431981|0.474414234574|0.972813399977|0.769950743371|0.781642494606|0.782957719123|0.566714551216|0.567266735064|0.577837336091|0.378348409178|1|0.912512918893|0.917188833783|0.917000295741|0.93193659799|0.628294691929|0.622995794349|0.617328795025|0.652788862337|0.651577335404|0.662482458941|0.392566855005|0.391258962876|0.392856417936|0.413664262216|0.22972366876|1|1|1|1|1|1|0.928861089698|0.955018253274|0.953134070633|0.947370586862|0.958246252421|0.962185486712|0.950781692374|0.943922082489|0.937014418315|0.936866777349|0.567238723935|0.580109310772|0.589712193152|0.585676299227|0.597364919275|0.609724919576|0.618933257815|0.612526539831|0.60706392896|0.622118324791|0.342847018377|0.337229292346|0.345926683329|0.346547779714|0.374587341142|0.164442240202|1|1|1|1|1|1|1|1|1|1|1|1|1|1|1|1|1|1|1|1|1|1|0.816553140119|0.864242281306|0.859465012549|0.853030370324|0.920733574617|0.92034819348|0.909904452476|0.926547533221|0.915386628005|0.906103062257|0.926223305547|0.919493271911|0.909041319686|0.926481068933|0.917232304822|0.911277015122|0.941002844658|0.931192900153|0.923188903315|0.912576209432|0.534631560964|0.600592281011|0.597596602275|0.557916563358|0.579810458351|0.616547890374|0.590023535941|0.585525408342|0.580171086346|0.583594828533|0.577972588564|0.570497844431|0.565671911642|0.567093140458|0.593348951968|0.305217955679|0.291503716941|0.332128101807|0.30374753999|0.323644975234|0.31608068363|0.0983452922629|1|1|1|1|1|1|1|1|1|1|1|1|1|1|1|1|1|1|1|1|1|1|1|1|1|1|1|1|1|1|1|1|1|1|1|1|1|1|1|1|1|1|1|1|1|1|1|1|1|1|1|1|1|1|1|1|1|1|1|1|1|1|1|1|0.239225662409|0.358955250029|0.573853099646|0.569233282849|0.779141963372|0.777835653188|0.691421379482|0.861948878894|0.827075269197|0.834519704596|0.729454421986|0.760820068212|0.753391918556|0.837013407599|0.804617203891|0.795975230342|0.841835404068|0.831568031174|0.862678490305|0.80761865764|0.753439181397|0.888672181282|0.861903865669|0.823501800086|0.780058885961|0.871791649681|0.875964662932|0.846028665586|0.801412553614|0.790721461964|0.803565164987|0.788536895313|0.774011539382|0.805178972174|0.790910900688|0.557616691599|0.568701476188|0.563813216369|0.508437650503|0.520067134982|0.551768309069|0.526791633103|0.517457742869|0.474515986484|0.497070670666|0.502589584059|0.486599458296|0.485098510351|0.477336575105|0.509384664016|0.492929933302|0.482951681859|0.52566276587|0.46171933673|0.494157065126|0.453860444783|0.135772191024|0.27670723773|0.284194202695|0.217603629494|0.220878371889|0.192686726297|0.199855180511|0.0785638930554
0,15,13,tree_robustness,back_loaded_decisions,optimal,0|5|10|15|50|100|150|200|225,adjoint_lbfgsb,adjoint_lbfgsb,4,structured_constant,,7.646530803867237,7.668289080609433,0.021758276742195548,True,True,False,False,value_and_gradient,7.668289080609433,1491,1491,920,161.41948628425598,CONVERGENCE: REL_REDUCTION_OF_F_<=_FACTR*EPSMCH,0.611917408776|0.727778496887|0.548228211078|0.866070936062|0.663790388737|0.684601829855|0.474617281218|0.97282117782|0.769962920075|0.781602642123|0.782953698392|0.566659010991|0.567398069429|0.577779591369|0.378371715487|1|0.91253278172|0.917172869408|0.916988562501|0.931854943323|0.628385960682|0.622991271975|0.617276096709|0.652640932899|0.651532124622|0.662593119898|0.392332571912|0.390748997989|0.393298785731|0.413796526811|0.229790154343|1|1|1|1|1|1|0.927947517708|0.955105399904|0.952830904671|0.94772160768|0.958312985805|0.962155790875|0.951061019987|0.94388905093|0.937431278197|0.93692275468|0.567558248984|0.580379837993|0.588064925229|0.585670768654|0.597021205103|0.609290319879|0.619144771477|0.612374063277|0.60726102069|0.622861554233|0.342902757332|0.338467498741|0.345231462729|0.348275359201|0.37496853044|0.166929685509|1|1|1|1|1|1|1|1|1|1|1|1|1|1|1|1|1|1|1|1|1|1|0.815087912468|0.863401657848|0.858452003528|0.854238202666|0.921049878844|0.920285684206|0.910652014108|0.925635929581|0.916209601939|0.905719355739|0.926358993804|0.91999606375|0.912667931467|0.924707296402|0.917345525055|0.914488307931|0.941240903993|0.931233182539|0.922141622312|0.912284796697|0.543193246513|0.603952003932|0.602293062164|0.557650722195|0.578614777283|0.616852135886|0.590319643683|0.585470879139|0.580963963397|0.58239807651|0.579149596706|0.571521064086|0.565088199412|0.564716913275|0.588049785602|0.319660935529|0.313182797076|0.346680387409|0.309101750914|0.322523738015|0.312592150852|0.0991266803071|1|1|1|1|1|1|1|1|1|1|1|1|1|1|1|1|1|1|1|1|1|1|1|1|1|1|1|1|1|1|1|1|1|1|1|1|1|1|1|1|1|1|1|1|1|1|1|1|1|1|1|1|1|1|1|1|1|1|1|1|1|1|1|1|0.545594353798|0.625397036413|0.628312258458|0.630427713661|0.783372168799|0.779445800118|0.773493879547|0.843143600869|0.831825829079|0.824114778995|0.767457514405|0.761698626003|0.754207766201|0.809073049952|0.798691946195|0.792130233645|0.849769043206|0.835619230586|0.823511231129|0.806325262063|0.758494342228|0.877219903603|0.867483139286|0.790912845405|0.784590910663|0.876016357531|0.829431007354|0.815467879838|0.803552553667|0.786308336901|0.796132497963|0.782208049498|0.77159424069|0.752232111524|0.773193932698|0.558204079412|0.57902085008|0.572674674752|0.515997099664|0.564717956689|0.561500305031|0.525583827196|0.514451949606|0.504841595225|0.470414530173|0.49917242951|0.487581884773|0.478894336314|0.442757242754|0.451987351146|0.487854890286|0.47639425593|0.515243175594|0.429992015877|0.438645211946|0.417519240809|0.301458436004|0.291706736906|0.29793076355|0.225868639216|0.212681564872|0.194847229846|0.186194282623|0.0907186051435
0,15,13,tree_robustness,back_loaded_decisions,optimal,0|5|10|15|50|100|150|200|225,adjoint_lbfgsb,adjoint_lbfgsb,5,structured_constant,,7.631481165012918,7.668289058383424,0.03680789337050605,False,True,False,False,value_and_gradient,7.668289058383424,1681,1681,1000,183.7130482196808,STOP: TOTAL NO. of ITERATIONS REACHED LIMIT,0.611986155093|0.727787239178|0.548184883563|0.866096032506|0.663730816918|0.684663471892|0.474687761942|0.972877204256|0.770041406069|0.781695554441|0.782911417579|0.566743837758|0.567377075739|0.577771749696|0.378347661502|1|0.912492936897|0.916979827726|0.916939185433|0.93184073424|0.628469393863|0.622892110813|0.617253407616|0.652597000331|0.651552867205|0.662571482182|0.392443294011|0.390918770242|0.39314181699|0.413721028646|0.22864047039|1|1|1|1|1|1|0.928756543598|0.955246261092|0.95309830649|0.947583388885|0.958199718151|0.962295013199|0.950838896859|0.943878825763|0.936986018261|0.936355407358|0.567521383178|0.580176518656|0.587954523247|0.585482726276|0.597001964549|0.609104713908|0.619112785042|0.612329113492|0.607229741822|0.622209446763|0.342852821387|0.33870399356|0.345969548657|0.348563770867|0.373631184293|0.164860319217|1|1|1|1|1|1|1|1|1|1|1|1|1|1|1|1|1|1|1|1|1|1|0.814289631777|0.863457149262|0.85838038086|0.851745445721|0.920622719577|0.919733889033|0.910166504798|0.925738492891|0.916193309188|0.905984132364|0.926281684041|0.919402510304|0.913126866557|0.924862645693|0.917304737279|0.914908181175|0.94148024361|0.931534196216|0.922296502156|0.914089245112|0.534935350527|0.605864590607|0.604627968893|0.557311544362|0.59459229314|0.612827882321|0.586204075954|0.58141494248|0.576883115951|0.585394947506|0.575072330362|0.567545191841|0.561100062857|0.56850283665|0.590238314227|0.320038789792|0.315359908225|0.353658976407|0.314870346494|0.323852688133|0.31247022909|0.0945845209537|1|1|1|1|1|1|1|1|1|1|1|1|1|1|1|1|1|1|1|1|1|1|1|1|1|1|1|1|1|1|1|1|1|1|1|1|1|1|1|1|1|1|1|1|1|1|1|1|1|1|1|1|1|1|1|1|1|1|1|1|1|1|1|1|0.563649267992|0.639994228684|0.641939384698|0.642733243471|0.788782882248|0.784117180637|0.777182317302|0.837286893062|0.826443728856|0.819027201266|0.770135743661|0.763977310995|0.756039458075|0.804774986595|0.79518192269|0.789016013078|0.841953364033|0.829871488506|0.819609084121|0.813137487529|0.761463668338|0.870836950334|0.861180077831|0.787921416239|0.784794624529|0.864649871049|0.824402223526|0.812562476821|0.802378743684|0.797064659044|0.796244314514|0.784705076935|0.775836936239|0.77199058546|0.798670258725|0.570193625217|0.584381208656|0.577435614356|0.518341917303|0.561758299913|0.564513441466|0.529177305302|0.518372954214|0.509051156321|0.481100103909|0.503602136028|0.492534500327|0.48419823639|0.455534580353|0.472066344416|0.492473272561|0.481624114929|0.521677324344|0.443665958435|0.459976778794|0.441615773308|0.296506161556|0.286470618037|0.293252985937|0.220336649346|0.209162681986|0.191533410009|0.182732256758|0.0744101797666
0,15,13,tree_robustness,back_loaded_decisions,optimal,0|5|10|15|50|100|150|200|225,adjoint_lbfgsb,adjoint_lbfgsb,6,sobol,,7.6309694907802434,7.66828825381668,0.037318763036436664,True,True,False,False,value_and_gradient,7.66828825381668,736,736,639,82.98204517364502,CONVERGENCE: REL_REDUCTION_OF_F_<=_FACTR*EPSMCH,0.611847063384|0.727673593882|0.548140794102|0.86618404038|0.663761336064|0.684695830763|0.474684516296|0.972840939181|0.769982707314|0.781597333191|0.782749162393|0.566670782335|0.567437826778|0.577838392761|0.378388620783|1|0.912608095152|0.917152288253|0.91702586868|0.931933643196|0.628540233226|0.623233586089|0.616875101858|0.652728012278|0.651844819785|0.662556809545|0.392647993385|0.390902135677|0.393134040466|0.414318045123|0.229270885216|1|1|1|1|1|1|0.930582025872|0.954791231455|0.953504045801|0.947420989518|0.957892725593|0.962184156733|0.951040442336|0.944132131441|0.936741154858|0.937205007274|0.56716034933|0.580006572008|0.586033960608|0.585363149371|0.595335580139|0.609002048479|0.618573664745|0.612242316087|0.606303021767|0.622330222399|0.342595698902|0.338704846938|0.342380108902|0.349135299716|0.377229940509|0.163169960629|1|1|1|1|1|1|1|1|1|1|1|1|1|1|1|1|1|1|1|1|1|1|0.808538805557|0.860987704921|0.855508320916|0.855922716048|0.922013470075|0.920884153343|0.910610921889|0.925843522701|0.91649285905|0.906768264529|0.926441867055|0.919381225874|0.92097972857|0.924814426515|0.913522820509|0.915317068122|0.940468357091|0.930841678335|0.920865446715|0.912597926098|0.532951933274|0.606266431992|0.59512229813|0.554540710698|0.580222138042|0.610848877649|0.590218189836|0.587424137384|0.584617058985|0.583785887239|0.58259943249|0.574998469898|0.564755521182|0.566682028796|0.593504093444|0.31797320145|0.308321879818|0.338436981598|0.29651379441|0.324843589374|0.302751159323|0.106209879345|1|1|1|1|1|1|1|1|1|1|1|1|1|1|1|1|1|1|1|1|1|1|1|1|1|1|1|1|1|0.908906735392|1|1|1|1|0.994303710719|1|1|1|1|1|1|1|1|1|1|1|1|1|1|1|1|1|1|1|1|1|1|1|1|1|1|1|1|1|0.498830159216|0.395329281617|0.203057495758|0.524972113905|0.817707462004|0.787088708884|0.551801809271|0.845863779162|0.828266440155|0.819278498778|0.478309640099|0.567017041022|0.724780977814|0.62361826288|0.784794646034|0.797493964702|0.813031409707|0.797154518993|0.809839731395|0.813635314229|0.71998391912|0.863837889693|0.856320956739|0.796152499588|0.780951364015|0.833480874766|0.771464640146|0.804338928652|0.73103068038|0.79176028111|0.726045183844|0.785003850674|0.775750122247|0.75765143707|0.784707493485|0.608683691991|0.305542393107|0.629090159025|0.560486230007|0.523319869302|0.573286667086|0.558669084513|0.560589481858|0.346957084406|0.5107862893|0.387111857383|0.504344118868|0.444090534846|0.48918244279|0.499088574854|0.327013735669|0.322751146351|0.432626569484|0.470844789555|0.478020796775|0.467720582903|0.395397480241|0.359931863864|0.378817510614|0.25649938175|0.13710832303|0.27502708796|0.185935667409|0.148985652059
0,15,13,tree_robustness,back_loaded_decisions,optimal,0|5|10|15|50|100|150|200|225,adjoint_lbfgsb,adjoint_lbfgsb,7,sobol,,7.6302834126656265,7.668288956454266,0.03800554378863907,True,True,False,False,value_and_gradient,7.668288956454266,921,921,725,101.95528626441956,CONVERGENCE: REL_REDUCTION_OF_F_<=_FACTR*EPSMCH,0.611919883009|0.727780057845|0.548286306966|0.866053620392|0.663855171918|0.68480567766|0.474668657848|0.972843048108|0.77003611108|0.781537199329|0.78289541693|0.566688566253|0.56739669069|0.577824794395|0.378373965251|1|0.912588430132|0.917033206577|0.916944881191|0.93191064272|0.628479287843|0.622813942215|0.61710313605|0.652642028292|0.65148466931|0.662533532584|0.392703734175|0.390378159046|0.393480876489|0.413489400217|0.230019856539|1|1|1|1|1|1|0.928142786665|0.954780452774|0.952508114257|0.947431740207|0.958288458158|0.962251970823|0.950836726924|0.943807834904|0.937526181404|0.937949863396|0.567365266021|0.581064861377|0.587874345904|0.585432779229|0.596920395568|0.609415123769|0.619661132143|0.613246744183|0.607355837658|0.621402418703|0.342804179504|0.338786659633|0.344695596437|0.347665683316|0.374396904751|0.165375125548|1|1|1|1|1|1|1|1|1|1|1|1|1|1|1|1|1|1|1|1|1|1|0.806664639139|0.863590831166|0.861643746492|0.850643453985|0.912755952185|0.917376596805|0.90716712994|0.924753979264|0.917245191403|0.906031365162|0.92364656161|0.919640025572|0.913623055863|0.924653234881|0.918052028768|0.914833446727|0.941648379383|0.931865730867|0.922282179136|0.912499786545|0.533904470169|0.601469830286|0.602732002513|0.558416344286|0.580252072442|0.617588819344|0.590498961474|0.584876954598|0.581251275576|0.579412062026|0.579068933784|0.57140739833|0.565221509625|0.574294414463|0.592981763068|0.321476104605|0.310450377315|0.345796260513|0.30242966787|0.321559739852|0.307773524249|0.100149150617|1|1|1|1|1|1|1|1|1|1|1|1|1|1|1|1|1|1|1|1|1|1|1|1|1|1|1|1|1|1|1|1|1|1|1|1|1|1|1|1|1|1|1|1|1|1|1|1|1|1|1|1|1|1|1|1|1|1|1|1|1|1|1|1|0.103271004767|0.393621300439|0.636061197308|0.642868430873|0.620360503175|0.78451530199|0.777338300258|0.835737795704|0.813138247378|0.831202573064|0.678036148354|0.758849151052|0.755895075757|0.81910999033|0.811156678671|0.802953233275|0.890750949422|0.829803846324|0.874346375867|0.808994236685|0.760386245095|0.830415549832|0.86737177815|0.797099478618|0.791226289959|0.887200610588|0.843075195117|0.817139667669|0.849359172526|0.79266570384|0.796670756883|0.818310727885|0.828787558088|0.764875016919|0.813659294917|0.57229416945|0.538415253543|0.44671871184|0.46089526126|0.433001663628|0.508713729894|0.532284817875|0.510240478077|0.424156306907|0.494385846073|0.505022453335|0.499491662684|0.423416938413|0.459190126856|0.489319132977|0.444544650427|0.434603460746|0.502933502961|0.45788389462|0.483352252853|0.454650592526|0.157668315225|0.294922185099|0.300167524148|0.185067022002|0.231508449885|0.208876255904|0.184235296278|0.0962295208797
0,5,3,tree_robustness,back_loaded_decisions,optimal,0|5|10|15|50|100|150|200|225,adjoint_lbfgsb,adjoint_lbfgsb,0,structured_ramp,,7.594335682547338,7.668288882912113,0.07395320036477493,True,True,False,False,value_and_gradient,7.668288882912113,752,752,526,82.67873883247375,CONVERGENCE: REL_REDUCTION_OF_F_<=_FACTR*EPSMCH,0.611955101954|0.72768143543|0.548138541774|0.866188444781|0.66378824971|0.684709662102|0.474643851794|0.972742228574|0.769964221148|0.781584358086|0.782858520645|0.566740778697|0.567349839883|0.577804617013|0.378317743644|1|0.912491099369|0.917152412799|0.916996618992|0.931868445634|0.628518407264|0.622964938293|0.617338112814|0.652675357316|0.651532853912|0.66255955155|0.392552937837|0.391012284469|0.393255010848|0.413781036024|0.229441444982|1|1|1|1|1|1|0.928953893852|0.954787066503|0.952476720648|0.947579557472|0.958329550782|0.962255150994|0.95101596773|0.94382881838|0.936878611446|0.935788043295|0.568045529497|0.580562063053|0.58686893177|0.585947072422|0.59658762084|0.609112922735|0.619825688329|0.613053755068|0.608030219607|0.621822522064|0.341626594882|0.337264902303|0.34444297989|0.349126254105|0.374259867874|0.165390580983|1|1|1|1|1|1|1|1|1|1|1|1|1|1|1|1|1|1|1|1|1|1|0.815708823632|0.865272549888|0.860838175388|0.855381258417|0.919217566041|0.918785850046|0.912712781703|0.92665474653|0.918396955866|0.907378473448|0.926168827404|0.919813877836|0.915549920094|0.926101022415|0.919322851867|0.91601029462|0.941962291794|0.933677004751|0.926988392614|0.914469291902|0.534559494616|0.604634635586|0.601027648164|0.558214881289|0.581240127817|0.617387207966|0.5905107598|0.585550181787|0.580988472348|0.58128368274|0.579173470229|0.571326403097|0.564658344698|0.562950314901|0.589313327542|0.308710447598|0.302304308131|0.334203497718|0.301789131306|0.325614676415|0.317004504998|0.0869599427135|1|1|1|1|1|1|1|1|1|1|1|1|1|1|1|1|1|1|1|1|1|1|1|1|1|1|1|1|1|1|1|1|1|1|0.995606014742|1|1|1|1|1|1|1|1|1|1|1|1|1|1|1|1|1|1|1|1|1|1|1|1|1|1|1|1|1|0.61636782077|0.676726011311|0.678510254407|0.687698083978|0.796234506774|0.792395665801|0.78625891396|0.838740476361|0.827626333921|0.819800002876|0.779960904661|0.774386325631|0.767465218121|0.803762174754|0.792757829052|0.785867634733|0.836030468845|0.820891666217|0.807589761487|0.783102017144|0.77237860891|0.871558991006|0.862037249799|0.783055557027|0.785687115446|0.86000918345|0.811089054227|0.795795158496|0.782669057229|0.755415487771|0.773626215794|0.758062868829|0.746062560138|0.714499463027|0.733604991995|0.600564164607|0.629163248514|0.621312245483|0.552126092091|0.570678426137|0.585023876379|0.542510255824|0.529186544836|0.517482845079|0.459092669946|0.510085154564|0.49577204166|0.484974569877|0.42414330551|0.417564696684|0.495859560002|0.481921829011|0.509685757641|0.406324937855|0.398722701324|0.371577829621|0.350014029124|0.337101172887|0.338128936274|0.242372145551|0.214091778822|0.188944662491|0.176197155161|0.103620388463
0,5,3,tree_robustness,back_loaded_decisions,optimal,0|5|10|15|50|100|150|200|225,adjoint_lbfgsb,adjoint_lbfgsb,1,structured_sigmoid,,7.569023821490239,7.668288578886888,0.0992647573966492,True,True,False,False,value_and_gradient,7.668288578886888,677,677,490,73.92362523078918,CONVERGENCE: REL_REDUCTION_OF_F_<=_FACTR*EPSMCH,0.611895349756|0.727840743484|0.548158030289|0.865971382483|0.663884552859|0.684890834448|0.474507845156|0.972795585018|0.769998180074|0.781658676096|0.782947227846|0.566730302845|0.567363438868|0.577803961554|0.378301282917|1|0.912679049502|0.917121922691|0.916992629842|0.931829616162|0.628591162413|0.62319165289|0.617479345636|0.652479169504|0.651282664375|0.662317065969|0.392687124043|0.390969244305|0.3930159891|0.413769870006|0.229655124321|1|1|1|1|1|1|0.928911940035|0.955027951977|0.952797535107|0.947607940902|0.95822392389|0.962686530536|0.950912773566|0.943857378704|0.93708780028|0.937088526845|0.567793414643|0.57960370018|0.587365037876|0.587675630743|0.597586872527|0.61051084068|0.61806412364|0.611366899684|0.605966384074|0.622617580571|0.345742236311|0.336171671149|0.347107269895|0.34723236446|0.374456882368|0.167460869488|1|1|1|1|1|1|1|1|1|1|1|1|1|1|1|1|1|1|1|1|1|1|0.811884829193|0.863985681706|0.858601167289|0.848655072495|0.916596978493|0.916011647222|0.906708253675|0.927029451734|0.917893261471|0.907380781626|0.923074775528|0.916876727102|0.912947543766|0.926301820387|0.918969670218|0.916264785862|0.941381195159|0.931217348824|0.921962497331|0.909131220205|0.529923052419|0.601387322471|0.600407394156|0.555482734443|0.58489777529|0.61644899951|0.589549943319|0.584737645072|0.580386560694|0.586745369068|0.578590840422|0.571067153687|0.564915849366|0.570474168566|0.594579501017|0.315574348681|0.311161607907|0.340332739567|0.30286650772|0.317050298282|0.306975123856|0.104831687192|1|1|1|1|1|1|1|1|1|1|1|1|1|1|1|1|1|1|1|1|1|1|1|1|1|1|1|1|1|1|1|1|1|1|1|1|1|1|1|1|1|1|1|1|1|1|1|1|1|1|1|1|1|1|1|1|1|1|1|1|1|1|1|1|0.694681476383|0.745625400464|0.744956522178|0.747513254909|0.828862698912|0.82402246232|0.816507442905|0.846127345043|0.834907224357|0.826898485162|0.808294738412|0.802121402336|0.794145174609|0.810324530526|0.799106658872|0.792261716059|0.829427654387|0.814137030642|0.800176647185|0.761447583677|0.799626145265|0.878660059133|0.870801031527|0.790952320612|0.799321460186|0.856878394248|0.807603315825|0.792084967254|0.778562232693|0.736391872506|0.769587565209|0.753463405131|0.740505629476|0.690926709552|0.70065478914|0.660110762493|0.678785045687|0.671100522266|0.596944932058|0.605912262482|0.622262358757|0.576351993636|0.561898287141|0.54888593351|0.470706861234|0.541071833183|0.525168243704|0.512707394129|0.429865563913|0.40775253193|0.527435379315|0.513860193009|0.529043689333|0.409801424221|0.385467342339|0.349101195065|0.404438521059|0.390296847753|0.385952248183|0.269191890076|0.225607523039|0.190949394712|0.176328139944|0.115294843436
0,5,3,tree_robustness,back_loaded_decisions,optimal,0|5|10|15|50|100|150|200|225,adjoint_lbfgsb,adjoint_lbfgsb,2,structured_constant,,7.646917833314282,7.668288633023161,0.021370799708879673,True,True,False,False,value_and_gradient,7.668288633023161,917,917,637,100.22547245025635,CONVERGENCE: REL_REDUCTION_OF_F_<=_FACTR*EPSMCH,0.611905434785|0.72774785227|0.548201688626|0.866112041515|0.663818241832|0.684752380691|0.474664913153|0.972792551733|0.769989155468|0.781615707898|0.782913180946|0.566744034679|0.567317238382|0.577835454761|0.378365728701|1|0.912564459494|0.917121602052|0.916988534764|0.931859771807|0.628373202991|0.623100813388|0.617481964898|0.652639770883|0.65143618351|0.662583361961|0.392432274501|0.39091876254|0.393119483713|0.413357431977|0.229984624514|1|1|1|1|1|1|0.927971927408|0.955174854345|0.953095055367|0.946743134932|0.958242959618|0.961839528192|0.950503217558|0.944040735877|0.936598562098|0.936950097859|0.567430620651|0.580098198777|0.587483792727|0.585462239107|0.597470986591|0.609320862648|0.619100229174|0.612277887772|0.607140279783|0.622967818556|0.343435993449|0.339099630608|0.346559690505|0.348652521797|0.374943652816|0.165020813205|1|1|1|1|1|1|1|1|1|1|1|1|1|1|1|1|1|1|1|1|1|1|0.813242447018|0.868759657978|0.864079258605|0.851858505773|0.920288279589|0.919469756957|0.910122468201|0.926147537772|0.91717855989|0.906715598132|0.924666462209|0.918741851677|0.913159507288|0.925406958698|0.918462906389|0.915588962666|0.941314358483|0.930068072784|0.921436630263|0.910999718993|0.533852437728|0.60381556583|0.600767480366|0.557215526759|0.583837794671|0.616204987156|0.588810612776|0.583803784111|0.579119072102|0.582313334445|0.577151401598|0.569251740726|0.56243043476|0.564887604897|0.592416303598|0.314587783227|0.309472479574|0.34490134465|0.308638339651|0.324168824222|0.313766950264|0.10076906133|1|1|1|1|1|1|1|1|1|1|1|1|1|1|1|1|1|1|1|1|1|1|1|1|1|1|1|1|1|0.968300970085|1|1|1|1|1|1|1|1|1|1|1|1|1|1|1|1|1|1|1|1|1|1|1|1|1|1|1|1|1|1|1|1|1|1|0.54362157124|0.610185898637|0.614016743846|0.630770150281|0.723416687319|0.722485044909|0.72086808278|0.787212863031|0.781069153714|0.776816310344|0.719288017732|0.717193932416|0.725726228552|0.768966066964|0.763100924965|0.759283013726|0.813627414852|0.804667038327|0.796916285533|0.79761254841|0.723991463386|0.804079391859|0.799643258244|0.758266828697|0.770037848793|0.828209622914|0.799478388633|0.790480525074|0.782281771064|0.781312249057|0.777453205742|0.768116024185|0.760584791067|0.754782873163|0.776414196272|0.584569921533|0.593023110134|0.590071214237|0.55937865823|0.589252348233|0.591198847753|0.56942824015|0.562503211717|0.556239263732|0.533482049564|0.552582227683|0.545120037572|0.539177827829|0.51315874731|0.517365246167|0.545369162464|0.538583914822|0.562899504114|0.50377542563|0.5071485384|0.489944850036|0.419764574211|0.41356373197|0.416618406127|0.364983718166|0.352159176646|0.3375366711|0.330843252389|0.269214022228
0,5,3,tree_robustness,back_loaded_decisions,optimal,0|5|10|15|50|100|150|200|225,adjoint_lbfgsb,adjoint_lbfgsb,3,sobol,,7.634103434442503,7.668289081502197,0.034185647059693736,False,True,False,False,value_and_gradient,7.668289081502197,1552,1552,1000,169.04465460777283,STOP: TOTAL NO. of ITERATIONS REACHED LIMIT,0.611940797089|0.72776451768|0.548179216296|0.866087722135|0.663908400245|0.684683431981|0.474414234574|0.972813399977|0.769950743371|0.781642494606|0.782957719123|0.566714551216|0.567266735064|0.577837336091|0.378348409178|1|0.912512918893|0.917188833783|0.917000295741|0.93193659799|0.628294691929|0.622995794349|0.617328795025|0.652788862337|0.651577335404|0.662482458941|0.392566855005|0.391258962876|0.392856417936|0.413664262216|0.22972366876|1|1|1|1|1|1|0.928861089698|0.955018253274|0.953134070633|0.947370586862|0.958246252421|0.962185486712|0.950781692374|0.943922082489|0.937014418315|0.936866777349|0.567238723935|0.580109310772|0.589712193152|0.585676299227|0.597364919275|0.609724919576|0.618933257815|0.612526539831|0.60706392896|0.622118324791|0.342847018377|0.337229292346|0.345926683329|0.346547779714|0.374587341142|0.164442240202|1|1|1|1|1|1|1|1|1|1|1|1|1|1|1|1|1|1|1|1|1|1|0.816553140119|0.864242281306|0.859465012549|0.853030370324|0.920733574617|0.92034819348|0.909904452476|0.926547533221|0.915386628005|0.906103062257|0.926223305547|0.919493271911|0.909041319686|0.926481068933|0.917232304822|0.911277015122|0.941002844658|0.931192900153|0.923188903315|0.912576209432|0.534631560964|0.600592281011|0.597596602275|0.557916563358|0.579810458351|0.616547890374|0.590023535941|0.585525408342|0.580171086346|0.583594828533|0.577972588564|0.570497844431|0.565671911642|0.567093140458|0.593348951968|0.305217955679|0.291503716941|0.332128101807|0.30374753999|0.323644975234|0.31608068363|0.0983452922629|1|1|1|1|1|1|1|1|1|1|1|1|1|1|1|1|1|1|1|1|1|1|1|1|1|1|1|1|1|1|1|1|1|1|1|1|1|1|1|1|1|1|1|1|1|1|1|1|1|1|1|1|1|1|1|1|1|1|1|1|1|1|1|1|0.239225662409|0.358955250029|0.573853099646|0.569233282849|0.779141963372|0.777835653188|0.691421379482|0.861948878894|0.827075269197|0.834519704596|0.729454421986|0.760820068212|0.753391918556|0.837013407599|0.804617203891|0.795975230342|0.841835404068|0.831568031174|0.862678490305|0.80761865764|0.753439181397|0.888672181282|0.861903865669|0.823501800086|0.780058885961|0.871791649681|0.875964662932|0.846028665586|0.801412553614|0.790721461964|0.803565164987|0.788536895313|0.774011539382|0.805178972174|0.790910900688|0.557616691599|0.568701476188|0.563813216369|0.508437650503|0.520067134982|0.551768309069|0.526791633103|0.517457742869|0.474515986484|0.497070670666|0.502589584059|0.486599458296|0.485098510351|0.477336575105|0.509384664016|0.492929933302|0.482951681859|0.52566276587|0.46171933673|0.494157065126|0.453860444783|0.135772191024|0.27670723773|0.284194202695|0.217603629494|0.220878371889|0.192686726297|0.199855180511|0.0785638930554
0,5,3,tree_robustness,back_loaded_decisions,optimal,0|5|10|15|50|100|150|200|225,adjoint_lbfgsb,adjoint_lbfgsb,4,structured_constant,,7.646530803867237,7.668289080609433,0.021758276742195548,True,True,False,False,value_and_gradient,7.668289080609433,1491,1491,920,161.03248739242554,CONVERGENCE: REL_REDUCTION_OF_F_<=_FACTR*EPSMCH,0.611917408776|0.727778496887|0.548228211078|0.866070936062|0.663790388737|0.684601829855|0.474617281218|0.97282117782|0.769962920075|0.781602642123|0.782953698392|0.566659010991|0.567398069429|0.577779591369|0.378371715487|1|0.91253278172|0.917172869408|0.916988562501|0.931854943323|0.628385960682|0.622991271975|0.617276096709|0.652640932899|0.651532124622|0.662593119898|0.392332571912|0.390748997989|0.393298785731|0.413796526811|0.229790154343|1|1|1|1|1|1|0.927947517708|0.955105399904|0.952830904671|0.94772160768|0.958312985805|0.962155790875|0.951061019987|0.94388905093|0.937431278197|0.93692275468|0.567558248984|0.580379837993|0.588064925229|0.585670768654|0.597021205103|0.609290319879|0.619144771477|0.612374063277|0.60726102069|0.622861554233|0.342902757332|0.338467498741|0.345231462729|0.348275359201|0.37496853044|0.166929685509|1|1|1|1|1|1|1|1|1|1|1|1|1|1|1|1|1|1|1|1|1|1|0.815087912468|0.863401657848|0.858452003528|0.854238202666|0.921049878844|0.920285684206|0.910652014108|0.925635929581|0.916209601939|0.905719355739|0.926358993804|0.91999606375|0.912667931467|0.924707296402|0.917345525055|0.914488307931|0.941240903993|0.931233182539|0.922141622312|0.912284796697|0.543193246513|0.603952003932|0.602293062164|0.557650722195|0.578614777283|0.616852135886|0.590319643683|0.585470879139|0.580963963397|0.58239807651|0.579149596706|0.571521064086|0.565088199412|0.564716913275|0.588049785602|0.319660935529|0.313182797076|0.346680387409|0.309101750914|0.322523738015|0.312592150852|0.0991266803071|1|1|1|1|1|1|1|1|1|1|1|1|1|1|1|1|1|1|1|1|1|1|1|1|1|1|1|1|1|1|1|1|1|1|1|1|1|1|1|1|1|1|1|1|1|1|1|1|1|1|1|1|1|1|1|1|1|1|1|1|1|1|1|1|0.545594353798|0.625397036413|0.628312258458|0.630427713661|0.783372168799|0.779445800118|0.773493879547|0.843143600869|0.831825829079|0.824114778995|0.767457514405|0.761698626003|0.754207766201|0.809073049952|0.798691946195|0.792130233645|0.849769043206|0.835619230586|0.823511231129|0.806325262063|0.758494342228|0.877219903603|0.867483139286|0.790912845405|0.784590910663|0.876016357531|0.829431007354|0.815467879838|0.803552553667|0.786308336901|0.796132497963|0.782208049498|0.77159424069|0.752232111524|0.773193932698|0.558204079412|0.57902085008|0.572674674752|0.515997099664|0.564717956689|0.561500305031|0.525583827196|0.514451949606|0.504841595225|0.470414530173|0.49917242951|0.487581884773|0.478894336314|0.442757242754|0.451987351146|0.487854890286|0.47639425593|0.515243175594|0.429992015877|0.438645211946|0.417519240809|0.301458436004|0.291706736906|0.29793076355|0.225868639216|0.212681564872|0.194847229846|0.186194282623|0.0907186051435
0,5,3,tree_robustness,back_loaded_decisions,optimal,0|5|10|15|50|100|150|200|225,adjoint_lbfgsb,adjoint_lbfgsb,5,structured_constant,,7.631481165012918,7.668289058383424,0.03680789337050605,False,True,False,False,value_and_gradient,7.668289058383424,1681,1681,1000,183.67027759552002,STOP: TOTAL NO. of ITERATIONS REACHED LIMIT,0.611986155093|0.727787239178|0.548184883563|0.866096032506|0.663730816918|0.684663471892|0.474687761942|0.972877204256|0.770041406069|0.781695554441|0.782911417579|0.566743837758|0.567377075739|0.577771749696|0.378347661502|1|0.912492936897|0.916979827726|0.916939185433|0.93184073424|0.628469393863|0.622892110813|0.617253407616|0.652597000331|0.651552867205|0.662571482182|0.392443294011|0.390918770242|0.39314181699|0.413721028646|0.22864047039|1|1|1|1|1|1|0.928756543598|0.955246261092|0.95309830649|0.947583388885|0.958199718151|0.962295013199|0.950838896859|0.943878825763|0.936986018261|0.936355407358|0.567521383178|0.580176518656|0.587954523247|0.585482726276|0.597001964549|0.609104713908|0.619112785042|0.612329113492|0.607229741822|0.622209446763|0.342852821387|0.33870399356|0.345969548657|0.348563770867|0.373631184293|0.164860319217|1|1|1|1|1|1|1|1|1|1|1|1|1|1|1|1|1|1|1|1|1|1|0.814289631777|0.863457149262|0.85838038086|0.851745445721|0.920622719577|0.919733889033|0.910166504798|0.925738492891|0.916193309188|0.905984132364|0.926281684041|0.919402510304|0.913126866557|0.924862645693|0.917304737279|0.914908181175|0.94148024361|0.931534196216|0.922296502156|0.914089245112|0.534935350527|0.605864590607|0.604627968893|0.557311544362|0.59459229314|0.612827882321|0.586204075954|0.58141494248|0.576883115951|0.585394947506|0.575072330362|0.567545191841|0.561100062857|0.56850283665|0.590238314227|0.320038789792|0.315359908225|0.353658976407|0.314870346494|0.323852688133|0.31247022909|0.0945845209537|1|1|1|1|1|1|1|1|1|1|1|1|1|1|1|1|1|1|1|1|1|1|1|1|1|1|1|1|1|1|1|1|1|1|1|1|1|1|1|1|1|1|1|1|1|1|1|1|1|1|1|1|1|1|1|1|1|1|1|1|1|1|1|1|0.563649267992|0.639994228684|0.641939384698|0.642733243471|0.788782882248|0.784117180637|0.777182317302|0.837286893062|0.826443728856|0.819027201266|0.770135743661|0.763977310995|0.756039458075|0.804774986595|0.79518192269|0.789016013078|0.841953364033|0.829871488506|0.819609084121|0.813137487529|0.761463668338|0.870836950334|0.861180077831|0.787921416239|0.784794624529|0.864649871049|0.824402223526|0.812562476821|0.802378743684|0.797064659044|0.796244314514|0.784705076935|0.775836936239|0.77199058546|0.798670258725|0.570193625217|0.584381208656|0.577435614356|0.518341917303|0.561758299913|0.564513441466|0.529177305302|0.518372954214|0.509051156321|0.481100103909|0.503602136028|0.492534500327|0.48419823639|0.455534580353|0.472066344416|0.492473272561|0.481624114929|0.521677324344|0.443665958435|0.459976778794|0.441615773308|0.296506161556|0.286470618037|0.293252985937|0.220336649346|0.209162681986|0.191533410009|0.182732256758|0.0744101797666
0,5,3,tree_robustness,back_loaded_decisions,optimal,0|5|10|15|50|100|150|200|225,adjoint_lbfgsb,adjoint_lbfgsb,6,sobol,,7.6309694907802434,7.66828825381668,0.037318763036436664,True,True,False,False,value_and_gradient,7.66828825381668,736,736,639,83.09757542610168,CONVERGENCE: REL_REDUCTION_OF_F_<=_FACTR*EPSMCH,0.611847063384|0.727673593882|0.548140794102|0.86618404038|0.663761336064|0.684695830763|0.474684516296|0.972840939181|0.769982707314|0.781597333191|0.782749162393|0.566670782335|0.567437826778|0.577838392761|0.378388620783|1|0.912608095152|0.917152288253|0.91702586868|0.931933643196|0.628540233226|0.623233586089|0.616875101858|0.652728012278|0.651844819785|0.662556809545|0.392647993385|0.390902135677|0.393134040466|0.414318045123|0.229270885216|1|1|1|1|1|1|0.930582025872|0.954791231455|0.953504045801|0.947420989518|0.957892725593|0.962184156733|0.951040442336|0.944132131441|0.936741154858|0.937205007274|0.56716034933|0.580006572008|0.586033960608|0.585363149371|0.595335580139|0.609002048479|0.618573664745|0.612242316087|0.606303021767|0.622330222399|0.342595698902|0.338704846938|0.342380108902|0.349135299716|0.377229940509|0.163169960629|1|1|1|1|1|1|1|1|1|1|1|1|1|1|1|1|1|1|1|1|1|1|0.808538805557|0.860987704921|0.855508320916|0.855922716048|0.922013470075|0.920884153343|0.910610921889|0.925843522701|0.91649285905|0.906768264529|0.926441867055|0.919381225874|0.92097972857|0.924814426515|0.913522820509|0.915317068122|0.940468357091|0.930841678335|0.920865446715|0.912597926098|0.532951933274|0.606266431992|0.59512229813|0.554540710698|0.580222138042|0.610848877649|0.590218189836|0.587424137384|0.584617058985|0.583785887239|0.58259943249|0.574998469898|0.564755521182|0.566682028796|0.593504093444|0.31797320145|0.308321879818|0.338436981598|0.29651379441|0.324843589374|0.302751159323|0.106209879345|1|1|1|1|1|1|1|1|1|1|1|1|1|1|1|1|1|1|1|1|1|1|1|1|1|1|1|1|1|0.908906735392|1|1|1|1|0.994303710719|1|1|1|1|1|1|1|1|1|1|1|1|1|1|1|1|1|1|1|1|1|1|1|1|1|1|1|1|1|0.498830159216|0.395329281617|0.203057495758|0.524972113905|0.817707462004|0.787088708884|0.551801809271|0.845863779162|0.828266440155|0.819278498778|0.478309640099|0.567017041022|0.724780977814|0.62361826288|0.784794646034|0.797493964702|0.813031409707|0.797154518993|0.809839731395|0.813635314229|0.71998391912|0.863837889693|0.856320956739|0.796152499588|0.780951364015|0.833480874766|0.771464640146|0.804338928652|0.73103068038|0.79176028111|0.726045183844|0.785003850674|0.775750122247|0.75765143707|0.784707493485|0.608683691991|0.305542393107|0.629090159025|0.560486230007|0.523319869302|0.573286667086|0.558669084513|0.560589481858|0.346957084406|0.5107862893|0.387111857383|0.504344118868|0.444090534846|0.48918244279|0.499088574854|0.327013735669|0.322751146351|0.432626569484|0.470844789555|0.478020796775|0.467720582903|0.395397480241|0.359931863864|0.378817510614|0.25649938175|0.13710832303|0.27502708796|0.185935667409|0.148985652059
0,5,3,tree_robustness,back_loaded_decisions,optimal,0|5|10|15|50|100|150|200|225,adjoint_lbfgsb,adjoint_lbfgsb,7,sobol,,7.6302834126656265,7.668288956454266,0.03800554378863907,True,True,False,False,value_and_gradient,7.668288956454266,921,921,725,102.1107702255249,CONVERGENCE: REL_REDUCTION_OF_F_<=_FACTR*EPSMCH,0.611919883009|0.727780057845|0.548286306966|0.866053620392|0.663855171918|0.68480567766|0.474668657848|0.972843048108|0.77003611108|0.781537199329|0.78289541693|0.566688566253|0.56739669069|0.577824794395|0.378373965251|1|0.912588430132|0.917033206577|0.916944881191|0.93191064272|0.628479287843|0.622813942215|0.61710313605|0.652642028292|0.65148466931|0.662533532584|0.392703734175|0.390378159046|0.393480876489|0.413489400217|0.230019856539|1|1|1|1|1|1|0.928142786665|0.954780452774|0.952508114257|0.947431740207|0.958288458158|0.962251970823|0.950836726924|0.943807834904|0.937526181404|0.937949863396|0.567365266021|0.581064861377|0.587874345904|0.585432779229|0.596920395568|0.609415123769|0.619661132143|0.613246744183|0.607355837658|0.621402418703|0.342804179504|0.338786659633|0.344695596437|0.347665683316|0.374396904751|0.165375125548|1|1|1|1|1|1|1|1|1|1|1|1|1|1|1|1|1|1|1|1|1|1|0.806664639139|0.863590831166|0.861643746492|0.850643453985|0.912755952185|0.917376596805|0.90716712994|0.924753979264|0.917245191403|0.906031365162|0.92364656161|0.919640025572|0.913623055863|0.924653234881|0.918052028768|0.914833446727|0.941648379383|0.931865730867|0.922282179136|0.912499786545|0.533904470169|0.601469830286|0.602732002513|0.558416344286|0.580252072442|0.617588819344|0.590498961474|0.584876954598|0.581251275576|0.579412062026|0.579068933784|0.57140739833|0.565221509625|0.574294414463|0.592981763068|0.321476104605|0.310450377315|0.345796260513|0.30242966787|0.321559739852|0.307773524249|0.100149150617|1|1|1|1|1|1|1|1|1|1|1|1|1|1|1|1|1|1|1|1|1|1|1|1|1|1|1|1|1|1|1|1|1|1|1|1|1|1|1|1|1|1|1|1|1|1|1|1|1|1|1|1|1|1|1|1|1|1|1|1|1|1|1|1|0.103271004767|0.393621300439|0.636061197308|0.642868430873|0.620360503175|0.78451530199|0.777338300258|0.835737795704|0.813138247378|0.831202573064|0.678036148354|0.758849151052|0.755895075757|0.81910999033|0.811156678671|0.802953233275|0.890750949422|0.829803846324|0.874346375867|0.808994236685|0.760386245095|0.830415549832|0.86737177815|0.797099478618|0.791226289959|0.887200610588|0.843075195117|0.817139667669|0.849359172526|0.79266570384|0.796670756883|0.818310727885|0.828787558088|0.764875016919|0.813659294917|0.57229416945|0.538415253543|0.44671871184|0.46089526126|0.433001663628|0.508713729894|0.532284817875|0.510240478077|0.424156306907|0.494385846073|0.505022453335|0.499491662684|0.423416938413|0.459190126856|0.489319132977|0.444544650427|0.434603460746|0.502933502961|0.45788389462|0.483352252853|0.454650592526|0.157668315225|0.294922185099|0.300167524148|0.185067022002|0.231508449885|0.208876255904|0.184235296278|0.0962295208797
0,15,14,tree_robustness,higher_fragility_weight,delayed,0|5|10|15|35|75|125|175|225,adjoint_lbfgsb,adjoint_lbfgsb,0,warm_start,,7.447170379555204,7.4495018739030145,0.0023314943478105477,True,True,False,False,value_and_gradient,7.4495018739030145,243,243,156,26.79452157020569,CONVERGENCE: REL_REDUCTION_OF_F_<=_FACTR*EPSMCH,0|0|0|0|0|0|0|1|1|1|1|1|1|1|0.841900907631|1|1|1|1|1|1|1|1|1|1|1|0.919456463401|0.919362338719|0.930525596924|0.948863773956|0.721191599217|1|1|1|1|1|1|1|1|1|1|1|1|1|1|1|1|1|1|1|1|1|1|1|1|1|1|0.6990735215|0.697352179081|0.70341139016|0.72658830493|0.779390986998|0.53453069119|1|1|1|1|1|1|1|1|1|1|1|1|1|1|1|1|1|1|1|1|1|1|1|1|1|1|1|1|1|1|1|1|1|1|1|1|1|1|1|1|1|1|1|1|1|1|1|1|1|1|1|1|1|1|1|1|1|0.830435820095|0.828327095457|0.824394620475|0.877829157446|0.887747353128|0.892120085677|0.571570999956|1|1|1|1|1|1|1|1|1|1|1|1|1|1|1|1|1|1|1|1|1|1|1|1|1|1|1|1|1|1|1|1|1|1|1|1|1|1|1|1|1|1|1|1|1|1|1|1|1|1|1|1|1|1|1|1|1|1|1|1|1|1|1|1|1|1|1|1|1|1|1|1|1|1|1|1|1|1|1|1|1|1|1|1|1|1|1|1|1|1|1|1|1|1|1|1|1|1|1|1|1|1|1|1|1|1|1|1|1|1|1|1|1|1|1|1|1|1|1|1|0.929658728949|0.929503123203|0.93202485426|0.99994967248|0.967891507057|0.935738939281|1|0.433776731391
0,15,14,tree_robustness,higher_fragility_weight,delayed,0|5|10|15|35|75|125|175|225,adjoint_lbfgsb,adjoint_lbfgsb,1,structured_ramp,,6.905061487180975,7.449501869051232,0.544440381870257,True,True,False,False,value_and_gradient,7.449501869051232,310,310,134,33.25166368484497,CONVERGENCE: REL_REDUCTION_OF_F_<=_FACTR*EPSMCH,0|0|0|0|0|0|0|1|1|1|1|1|1|1|0.841862930299|1|1|1|1|1|1|1|1|1|1|1|0.91947056495|0.919377776562|0.930505809853|0.948754913293|0.721177986571|1|1|1|1|1|1|1|1|1|1|1|1|1|1|1|1|1|1|1|1|1|1|1|1|1|1|0.699029354024|0.697322892849|0.703391125688|0.72679189984|0.77916753839|0.533778482609|1|1|1|1|1|1|1|1|1|1|1|1|1|1|1|1|1|1|1|1|1|1|1|1|1|1|1|1|1|1|1|1|1|1|1|1|1|1|1|1|1|1|1|1|1|1|1|1|1|1|1|1|1|1|1|1|1|0.830807908381|0.828738262678|0.824600688247|0.878088976609|0.889071174012|0.892226609037|0.571214706275|1|1|1|1|1|1|1|1|1|1|1|1|1|1|1|1|1|1|1|1|1|1|1|1|1|1|1|1|1|1|1|1|1|1|1|1|1|1|1|1|1|1|1|1|1|1|1|1|1|1|1|1|1|1|1|1|1|1|1|1|1|1|1|1|1|1|1|1|1|1|1|1|1|1|1|1|1|1|1|1|1|1|1|1|1|1|1|1|1|1|1|1|1|1|1|1|1|1|1|1|1|1|1|1|1|1|1|1|1|1|1|1|1|1|1|1|1|1|1|1|0.923060964305|0.922263637033|0.925304892464|0.999943900504|0.967244021094|0.924680743763|0.990536140301|0.422682859703
0,15,14,tree_robustness,higher_fragility_weight,delayed,0|5|10|15|35|75|125|175|225,adjoint_lbfgsb,adjoint_lbfgsb,2,structured_sigmoid,,6.812443816158366,7.449501876407269,0.6370580602489033,False,True,False,False,value_and_gradient,7.449501876407269,454,454,222,48.8030059337616,ABNORMAL_TERMINATION_IN_LNSRCH,0|0|0|0|0|0|0|1|1|1|1|1|1|1|0.841900654321|1|1|1|1|1|1|1|1|1|1|1|0.91948644416|0.919395058649|0.930526795944|0.948831842063|0.721215853957|1|1|1|1|1|1|1|1|1|1|1|1|1|1|1|1|1|1|1|1|1|1|1|1|1|1|0.69898886788|0.697274558944|0.703354305687|0.726907015021|0.779360218475|0.534226433584|1|1|1|1|1|1|1|1|1|1|1|1|1|1|1|1|1|1|1|1|1|1|1|1|1|1|1|1|1|1|1|1|1|1|1|1|1|1|1|1|1|1|1|1|1|1|1|1|1|1|1|1|1|1|1|1|1|0.830634305054|0.828544913177|0.824608165906|0.877435183772|0.887702588855|0.892194404132|0.571893944821|1|1|1|1|1|1|1|1|1|1|1|1|1|1|1|1|1|1|1|1|1|1|1|1|1|1|1|1|1|1|1|1|1|1|1|1|1|1|1|1|1|1|1|1|1|1|1|1|1|1|1|1|1|1|1|1|1|1|1|1|1|1|1|1|1|1|1|1|1|1|1|1|1|1|1|1|1|1|1|1|1|1|1|1|1|1|1|1|1|1|1|1|1|1|1|1|1|1|1|1|1|1|1|1|1|1|1|1|1|1|1|1|1|1|1|1|1|1|1|1|0.928992943909|0.929169010817|0.931036883249|0.9999949959|0.968936208194|0.941339268458|1|0.409672512953
0,15,14,tree_robustness,higher_fragility_weight,delayed,0|5|10|15|35|75|125|175|225,adjoint_lbfgsb,adjoint_lbfgsb,3,structured_constant,,7.438261516153987,7.44950186774198,0.011240351587993302,True,True,False,False,value_and_gradient,7.44950186774198,161,161,96,17.85660171508789,CONVERGENCE: REL_REDUCTION_OF_F_<=_FACTR*EPSMCH,0|0|0|0|0|0|0|1|1|1|1|1|1|1|0.841878546282|1|1|1|1|1|1|1|1|1|1|1|0.919461364958|0.919367826966|0.930529421343|0.948793250249|0.721100199511|1|1|1|1|1|1|1|1|1|1|1|1|1|1|1|1|1|1|1|1|1|1|1|1|1|1|0.698949633305|0.697210218517|0.703239083006|0.727577453203|0.779612978984|0.534284312227|1|1|1|1|1|1|1|1|1|1|1|1|1|1|1|1|1|1|1|1|1|1|1|1|1|1|1|1|1|1|1|1|1|1|1|1|1|1|1|1|1|1|1|1|1|1|1|1|1|1|1|1|1|1|1|1|1|0.830732166698|0.828622946856|0.824666988314|0.876560787991|0.888107559278|0.892262062926|0.572357919274|1|1|1|1|1|1|1|1|1|1|1|1|1|1|1|1|1|1|1|1|1|1|1|1|1|1|1|1|1|1|1|1|1|1|1|1|1|1|1|1|1|1|1|1|1|1|1|1|1|1|1|1|1|1|1|1|1|1|1|1|1|1|1|1|1|1|1|1|1|1|1|1|1|1|1|1|1|1|1|1|1|1|1|1|1|1|1|1|1|1|1|1|1|1|1|1|1|1|1|1|1|1|1|1|1|1|1|1|1|1|1|1|1|1|1|1|1|1|1|1|0.921082130075|0.920754339156|0.924010112742|0.997113770477|0.964526566432|0.925538599067|1|0.430588362939
0,15,14,tree_robustness,higher_fragility_weight,delayed,0|5|10|15|35|75|125|175|225,adjoint_lbfgsb,adjoint_lbfgsb,4,anchor_upper,,7.446979124844015,7.449501875830967,0.0025227509869516496,True,True,False,False,value_and_gradient,7.449501875830967,411,411,182,43.979954957962036,CONVERGENCE: REL_REDUCTION_OF_F_<=_FACTR*EPSMCH,0|0|0|0|0|0|0|1|1|1|1|1|1|1|0.841891276715|1|1|1|1|1|1|1|1|1|1|1|0.919482511649|0.919400692606|0.930533611682|0.948828770113|0.721197671718|1|1|1|1|1|1|1|1|1|1|1|1|1|1|1|1|1|1|1|1|1|1|1|1|1|1|0.699120287892|0.697375479381|0.703497611324|0.726971242959|0.77930296749|0.534290075507|1|1|1|1|1|1|1|1|1|1|1|1|1|1|1|1|1|1|1|1|1|1|1|1|1|1|1|1|1|1|1|1|1|1|1|1|1|1|1|1|1|1|1|1|1|1|1|1|1|1|1|1|1|1|1|1|1|0.830017569857|0.8280031363|0.824404421584|0.877374445306|0.887987254178|0.892114591034|0.571943129671|1|1|1|1|1|1|1|1|1|1|1|1|1|1|1|1|1|1|1|1|1|1|1|1|1|1|1|1|1|1|1|1|1|1|1|1|1|1|1|1|1|1|1|1|1|1|1|1|1|1|1|1|1|1|1|1|1|1|1|1|1|1|1|1|1|1|1|1|1|1|1|1|1|1|1|1|1|1|1|1|1|1|1|1|1|1|1|1|1|1|1|1|1|1|1|1|1|1|1|1|1|1|1|1|1|1|1|1|1|1|1|1|1|1|1|1|1|1|1|1|0.925888678592|0.925599552177|0.928511259068|0.999945867518|0.969819792273|0.94136240096|1|0.408813139109
0,15,14,tree_robustness,higher_fragility_weight,delayed,0|5|10|15|35|75|125|175|225,adjoint_lbfgsb,adjoint_lbfgsb,5,warm_start_perturbed,,7.440677758421044,7.449501873508183,0.008824115087138651,True,True,False,False,value_and_gradient,7.449501873508183,204,204,128,22.5642511844635,CONVERGENCE: REL_REDUCTION_OF_F_<=_FACTR*EPSMCH,0|0|0|0|0|0|0|1|1|1|1|1|1|1|0.841881012482|1|1|1|1|1|1|1|1|1|1|1|0.919508582222|0.919402767969|0.930516703646|0.948732075737|0.721142506096|1|1|1|1|1|1|1|1|1|1|1|1|1|1|1|1|1|1|1|1|1|1|1|1|1|1|0.698800334231|0.697259201622|0.703334682571|0.727119425146|0.77906577326|0.534128420477|1|1|1|1|1|1|1|1|1|1|1|1|1|1|1|1|1|1|1|1|1|1|1|1|1|1|1|1|1|1|1|1|1|1|1|1|1|1|1|1|1|1|1|1|1|1|1|1|1|1|1|1|1|1|1|1|1|0.831078405905|0.829080272594|0.824698946672|0.877803107957|0.887888519085|0.891594433324|0.572598092636|1|1|1|1|1|1|1|1|1|1|1|1|1|1|1|1|1|1|1|1|1|1|1|1|1|1|1|1|1|1|1|1|1|1|1|1|1|1|1|1|1|1|1|1|1|1|1|1|1|1|1|1|1|1|1|1|1|1|1|1|1|1|1|1|1|1|1|1|1|1|1|1|1|1|1|1|1|1|1|1|1|1|1|1|1|1|1|1|1|1|1|1|1|1|1|1|1|1|1|1|1|1|1|1|1|1|1|1|1|1|1|1|1|1|1|1|1|1|1|1|0.931213656008|0.93285899053|0.930558604999|0.999320432933|0.965951011122|0.933574591808|1|0.429710211078
0,15,14,tree_robustness,higher_fragility_weight,delayed,0|5|10|15|35|75|125|175|225,adjoint_lbfgsb,adjoint_lbfgsb,6,warm_start_perturbed,,7.4396620381554035,7.449501864846183,0.009839826690779319,True,True,False,False,value_and_gradient,7.4495018648475755,405,405,155,42.98798990249634,CONVERGENCE: REL_REDUCTION_OF_F_<=_FACTR*EPSMCH,0|0|0|0|0|0|0|1|1|1|1|1|1|1|0.841920533657|1|1|1|1|1|1|1|1|1|1|1|0.919487822373|0.919368505332|0.930505801554|0.94881872415|0.721215282191|1|1|1|1|1|1|1|1|1|1|1|1|1|1|1|1|1|1|1|1|1|1|1|1|1|1|0.699108624748|0.697296012569|0.703256230675|0.726879850205|0.779268771568|0.534063827344|1|1|1|1|1|1|1|1|1|1|1|1|1|1|1|1|1|1|1|1|1|1|1|1|1|1|1|1|1|1|1|1|1|1|1|1|1|1|1|1|1|1|1|1|1|1|1|1|1|1|1|1|1|1|1|1|1|0.83049581852|0.828613301428|0.823517694147|0.877466090492|0.887603480319|0.894090617982|0.573436361447|1|1|1|1|1|1|1|1|1|1|1|1|1|1|1|1|1|1|1|1|1|1|1|1|1|1|1|1|1|1|1|1|1|1|1|1|1|1|1|1|1|1|1|1|1|1|1|1|1|1|1|1|1|1|1|1|1|1|1|1|1|1|1|1|1|1|1|1|1|1|1|1|1|1|1|1|1|1|1|1|1|1|1|1|1|1|1|1|1|1|1|1|1|1|1|1|1|1|1|1|1|1|1|1|1|1|1|1|1|1|1|1|1|1|1|1|1|1|1|1|0.936718479969|0.932262418916|0.938128180446|0.999936425745|0.969074610063|0.941813136173|1|0.464534185798
0,15,14,tree_robustness,higher_fragility_weight,delayed,0|5|10|15|35|75|125|175|225,adjoint_lbfgsb,adjoint_lbfgsb,7,warm_start_perturbed,,7.4396220916400555,7.449501873618364,0.009879781978308522,True,True,False,False,value_and_gradient,7.449501873618364,295,295,140,31.76774501800537,CONVERGENCE: REL_REDUCTION_OF_F_<=_FACTR*EPSMCH,0|0|0|0|0|0|0|1|1|1|1|1|1|1|0.841906551864|1|1|1|1|1|1|1|1|1|1|1|0.919487625559|0.919400308642|0.930531166244|0.948855303733|0.721210511257|1|1|1|1|1|1|1|1|1|1|1|1|1|1|1|1|1|1|1|1|1|1|1|1|1|1|0.69904132051|0.697314170197|0.703397021943|0.726920592459|0.779411342556|0.534156331193|1|1|1|1|1|1|1|1|1|1|1|1|1|1|1|1|1|1|1|1|1|1|1|1|1|1|1|1|1|1|1|1|1|1|1|1|1|1|1|1|1|1|1|1|1|1|1|1|1|1|1|1|1|1|1|1|1|0.831120631781|0.828672822786|0.824994642376|0.877291536952|0.887812109746|0.892383981557|0.573089324326|1|1|1|1|1|1|1|1|1|1|1|1|1|1|1|1|1|1|1|1|1|1|1|1|1|1|1|1|1|1|1|1|1|1|1|1|1|1|1|1|1|1|1|1|1|1|1|1|1|1|1|1|1|1|1|1|1|1|1|1|1|1|1|1|1|1|1|1|1|1|1|1|1|1|1|1|1|1|1|1|1|1|1|1|1|1|1|1|1|1|1|1|1|1|1|1|1|1|1|1|1|1|1|1|1|1|1|1|1|1|1|1|1|1|1|1|1|1|1|1|0.930487291531|0.929989066743|0.933217321809|0.999979800699|0.96575208592|0.935385734077|1|0.386222410527
0,10,9,tree_robustness,higher_fragility_weight,delayed,0|5|10|15|35|75|125|175|225,adjoint_lbfgsb,adjoint_lbfgsb,0,warm_start,,7.515700780604649,7.517034465131643,0.0013336845269940056,False,True,False,False,value_and_gradient,7.517034465131643,265,265,148,29.77688956260681,ABNORMAL_TERMINATION_IN_LNSRCH,0|0|0|1|1|1|0.912110528318|1|1|1|1|1|1|1|0.822393081072|1|1|1|1|1|1|1|1|1|1|1|0.89351049811|0.893696198944|0.901520717532|0.936693309588|0.709465761517|1|1|1|1|1|1|1|1|1|1|1|1|1|1|1|1|1|1|1|1|0.996545566205|1|1|1|0.999998726402|1|0.719822712456|0.718624506834|0.721389028693|0.70937246793|0.79639095732|0.515136660515|1|1|1|1|1|1|1|1|1|1|1|1|1|1|1|1|1|1|1|1|1|1|1|1|1|1|1|1|1|1|1|1|1|1|1|1|1|1|1|1|1|1|1|1|1|1|1|1|0.996434400715|0.996531045508|0.998118742024|1|1|1|1|1|1|0.864340066064|0.862382919532|0.855460431498|0.854046654834|0.923622430991|0.905332120002|0.537413802619|1|1|1|1|1|1|1|1|1|1|1|1|1|1|1|1|1|1|1|1|1|1|1|1|1|1|1|1|1|1|1|1|1|1|1|1|1|1|1|1|1|1|1|1|1|1|1|1|1|1|1|1|1|1|1|1|1|1|1|1|1|1|1|1|1|1|1|1|1|1|1|1|1|1|1|1|1|1|1|1|1|1|1|1|1|1|1|1|1|1|1|1|1|1|1|1|1|1|1|1|1|1|1|1|1|1|1|1|1|1|1|1|1|1|1|1|1|1|1|1|0.962508506985|0.962558897906|0.962882294105|0.944838163169|1|0.988793481203|0.967382155796|0.432743568316
0,10,9,tree_robustness,higher_fragility_weight,delayed,0|5|10|15|35|75|125|175|225,adjoint_lbfgsb,adjoint_lbfgsb,1,structured_ramp,,6.966808405692465,7.517034484188756,0.5502260784962916,True,True,False,False,value_and_gradient,7.517034484188756,193,193,126,22.029119729995728,CONVERGENCE: REL_REDUCTION_OF_F_<=_FACTR*EPSMCH,0|0|0|1|1|1|0.912112695567|1|1|1|1|1|1|1|0.822392523929|1|1|1|1|1|1|1|1|1|1|1|0.893624416346|0.893722144773|0.901612507809|0.936743309497|0.709490744517|1|1|1|1|1|1|1|1|1|1|1|1|1|1|1|1|1|1|1|1|0.996456575484|1|1|1|0.998368682248|1|0.719762399315|0.718463728792|0.721371822211|0.709148115905|0.7965483341|0.515054323301|1|1|1|1|1|1|1|1|1|1|1|1|1|1|1|1|1|1|1|1|1|1|1|1|1|1|1|1|1|1|1|1|1|1|1|1|1|1|1|1|1|1|1|1|1|1|1|1|0.992998417333|0.993088104247|0.996378897421|1|1|1|1|1|1|0.866642213481|0.864615183328|0.857737197327|0.855325013619|0.922308289162|0.903924546996|0.536515782477|1|1|1|1|1|1|1|1|1|1|1|1|1|1|1|1|1|1|1|1|1|1|1|1|1|1|1|1|1|1|1|1|1|1|1|1|1|1|1|1|1|1|1|1|1|1|1|1|1|1|1|1|1|1|1|1|1|1|1|1|1|1|1|1|1|1|1|1|1|1|1|1|1|1|1|1|1|1|1|1|1|1|1|1|1|1|1|1|1|1|1|1|1|1|1|1|1|1|1|1|1|1|1|1|1|1|1|1|1|1|1|1|1|1|1|1|1|1|1|1|0.968059000597|0.967480630501|0.96487240611|0.937235732237|1|0.996644368436|0.956307520029|0.388222778816
0,10,9,tree_robustness,higher_fragility_weight,delayed,0|5|10|15|35|75|125|175|225,adjoint_lbfgsb,adjoint_lbfgsb,2,structured_sigmoid,,6.867159678391974,7.517034347465225,0.6498746690732515,True,True,False,False,value_and_gradient,7.517034347465225,271,271,151,30.4433856010437,CONVERGENCE: REL_REDUCTION_OF_F_<=_FACTR*EPSMCH,0|0|0|1|1|1|0.912428754974|1|1|1|1|1|1|1|0.822311267831|1|1|1|1|1|1|1|1|1|1|1|0.893640408279|0.893565594196|0.901990458651|0.936701233089|0.709142068218|1|1|1|1|1|1|1|1|1|1|1|1|1|1|1|1|1|1|1|1|0.995026184328|1|1|1|0.996656899374|1|0.720899958391|0.716683926459|0.724568901496|0.710258379339|0.799233840716|0.513688168837|1|1|1|1|1|1|1|1|1|1|1|1|1|1|1|1|1|1|1|1|1|1|1|1|1|1|1|1|1|1|1|1|1|1|1|1|1|1|1|1|1|1|1|1|1|1|1|1|0.990491691358|0.990782360057|0.996883398783|1|1|1|1|1|1|0.868203252145|0.866054406932|0.858205839181|0.855026494042|0.926548772699|0.906644978763|0.527504951297|1|1|1|1|1|1|1|1|1|1|1|1|1|1|1|1|1|1|1|1|1|1|1|1|1|1|1|1|1|1|1|1|1|1|1|1|1|1|1|1|1|1|1|1|1|1|1|1|1|1|1|1|1|1|1|1|1|1|1|1|1|1|1|1|1|1|1|1|1|1|1|1|1|1|1|1|1|1|1|1|1|1|1|1|1|1|1|1|1|1|1|1|1|1|1|1|1|1|1|1|1|1|1|1|1|1|1|1|1|1|1|1|1|1|1|1|1|1|1|1|0.967610898136|0.967518150804|0.965970340552|0.945681374312|1|0.984595202228|0.962551303611|0.544873888158
0,10,9,tree_robustness,higher_fragility_weight,delayed,0|5|10|15|35|75|125|175|225,adjoint_lbfgsb,adjoint_lbfgsb,3,structured_constant,,7.505545879078437,7.517034486765575,0.011488607687137886,True,True,False,False,value_and_gradient,7.517034486765575,367,367,250,41.62760400772095,CONVERGENCE: REL_REDUCTION_OF_F_<=_FACTR*EPSMCH,0|0|0|1|1|1|0.912167213316|1|1|1|1|1|1|1|0.822378504679|1|1|1|1|1|1|1|1|1|1|1|0.89365172446|0.893765493109|0.901643316785|0.936729051673|0.709477072464|1|1|1|1|1|1|1|1|1|1|1|1|1|1|1|1|1|1|1|1|0.996567074016|1|1|1|0.998204509011|1|0.719905313369|0.71864672236|0.721594838636|0.709274247254|0.796503147889|0.515093788332|1|1|1|1|1|1|1|1|1|1|1|1|1|1|1|1|1|1|1|1|1|1|1|1|1|1|1|1|1|1|1|1|1|1|1|1|1|1|1|1|1|1|1|1|1|1|1|1|0.99299490225|0.993206843422|0.996817368938|1|1|1|1|1|1|0.866682937207|0.864612970682|0.857420702661|0.854324533925|0.922959543497|0.903913666094|0.536165912632|1|1|1|1|1|1|1|1|1|1|1|1|1|1|1|1|1|1|1|1|1|1|1|1|1|1|1|1|1|1|1|1|1|1|1|1|1|1|1|1|1|1|1|1|1|1|1|1|1|1|1|1|1|1|1|1|1|1|1|1|1|1|1|1|1|1|1|1|1|1|1|1|1|1|1|1|1|1|1|1|1|1|1|1|1|1|1|1|1|1|1|1|1|1|1|1|1|1|1|1|1|1|1|1|1|1|1|1|1|1|1|1|1|1|1|1|1|1|1|1|0.967195041077|0.967108421137|0.965468745727|0.94395772567|1|0.988403742187|0.961479794157|0.37965219543
0,10,9,tree_robustness,higher_fragility_weight,delayed,0|5|10|15|35|75|125|175|225,adjoint_lbfgsb,adjoint_lbfgsb,4,anchor_upper,,7.513171191804192,7.517034487041183,0.0038632952369912488,True,True,False,False,value_and_gradient,7.517034487041183,483,483,304,54.11151957511902,CONVERGENCE: REL_REDUCTION_OF_F_<=_FACTR*EPSMCH,0|0|0|1|1|1|0.912156006243|1|1|1|1|1|1|1|0.822381389114|1|1|1|1|1|1|1|1|1|1|1|0.893651558478|0.893768114742|0.901639275204|0.936720281176|0.709469296745|1|1|1|1|1|1|1|1|1|1|1|1|1|1|1|1|1|1|1|1|0.996574204604|1|1|1|0.998201211185|1|0.719922036012|0.718667831198|0.721565419869|0.709345483073|0.796440698352|0.515051488284|1|1|1|1|1|1|1|1|1|1|1|1|1|1|1|1|1|1|1|1|1|1|1|1|1|1|1|1|1|1|1|1|1|1|1|1|1|1|1|1|1|1|1|1|1|1|1|1|0.992832343227|0.993024772239|0.99665743151|1|1|1|1|1|1|0.866575426502|0.864508902183|0.857357150129|0.854424155448|0.922794615823|0.904240833369|0.535374988674|1|1|1|1|1|1|1|1|1|1|1|1|1|1|1|1|1|1|1|1|1|1|1|1|1|1|1|1|1|1|1|1|1|1|1|1|1|1|1|1|1|1|1|1|1|1|1|1|1|1|1|1|1|1|1|1|1|1|1|1|1|1|1|1|1|1|1|1|1|1|1|1|1|1|1|1|1|1|1|1|1|1|1|1|1|1|1|1|1|1|1|1|1|1|1|1|1|1|1|1|1|1|1|1|1|1|1|1|1|1|1|1|1|1|1|1|1|1|1|1|0.967620148875|0.967508609191|0.96554586895|0.944874060445|1|0.98838662081|0.964703520423|0.383270519713
0,10,9,tree_robustness,higher_fragility_weight,delayed,0|5|10|15|35|75|125|175|225,adjoint_lbfgsb,adjoint_lbfgsb,5,warm_start_perturbed,,7.510969473994973,7.517034479871602,0.006065005876628504,True,True,False,False,value_and_gradient,7.517034479871602,375,375,217,41.77155542373657,CONVERGENCE: REL_REDUCTION_OF_F_<=_FACTR*EPSMCH,0|0|0|1|1|1|0.912155327959|1|1|1|1|1|1|1|0.822381563503|1|1|1|1|1|1|1|1|1|1|1|0.893641327266|0.893782527824|0.901647325121|0.936736174583|0.709444796945|1|1|1|1|1|1|1|1|1|1|1|1|1|1|1|1|1|1|1|1|0.996567097841|1|1|1|0.998099445037|1|0.719995761518|0.718636728959|0.721510807304|0.709314739725|0.796431653547|0.515026270051|1|1|1|1|1|1|1|1|1|1|1|1|1|1|1|1|1|1|1|1|1|1|1|1|1|1|1|1|1|1|1|1|1|1|1|1|1|1|1|1|1|1|1|1|1|1|1|1|0.992842044944|0.992714929594|0.9967631531|1|1|1|1|1|1|0.866325025318|0.864193503703|0.856868243375|0.854056136262|0.922816040433|0.904305504958|0.535025396702|1|1|1|1|1|1|1|1|1|1|1|1|1|1|1|1|1|1|1|1|1|1|1|1|1|1|1|1|1|1|1|1|1|1|1|1|1|1|1|1|1|1|1|1|1|1|1|1|1|1|1|1|1|1|1|1|1|1|1|1|1|1|1|1|1|1|1|1|1|1|1|1|1|1|1|1|1|1|1|1|1|1|1|1|1|1|1|1|1|1|1|1|1|1|1|1|1|1|1|1|1|1|1|1|1|1|1|1|1|1|1|1|1|1|1|1|1|1|1|1|0.973881553454|0.975754234741|0.95173914363|0.94455505771|1|0.989933978819|0.967140234255|0.42126368894
0,10,9,tree_robustness,higher_fragility_weight,delayed,0|5|10|15|35|75|125|175|225,adjoint_lbfgsb,adjoint_lbfgsb,6,warm_start_perturbed,,7.510649494252754,7.517034486720683,0.006384992467928896,True,True,False,False,value_and_gradient,7.517034486720683,394,394,253,44.25713300704956,CONVERGENCE: REL_REDUCTION_OF_F_<=_FACTR*EPSMCH,0|0|0|1|1|1|0.912160867244|1|1|1|1|1|1|1|0.822380139389|1|1|1|1|1|1|1|1|1|1|1|0.893651274341|0.89378027736|0.901640067095|0.936712795617|0.709473768951|1|1|1|1|1|1|1|1|1|1|1|1|1|1|1|1|1|1|1|1|0.996570176708|1|1|1|0.998199087583|1|0.719933496262|0.718688541834|0.721571262388|0.709322515525|0.796392772512|0.515046948588|1|1|1|1|1|1|1|1|1|1|1|1|1|1|1|1|1|1|1|1|1|1|1|1|1|1|1|1|1|1|1|1|1|1|1|1|1|1|1|1|1|1|1|1|1|1|1|1|0.992899600396|0.993067501137|0.996759064894|1|1|1|1|1|1|0.866878711536|0.864776673868|0.857599880128|0.854408564137|0.922870970507|0.90409302596|0.535142475808|1|1|1|1|1|1|1|1|1|1|1|1|1|1|1|1|1|1|1|1|1|1|1|1|1|1|1|1|1|1|1|1|1|1|1|1|1|1|1|1|1|1|1|1|1|1|1|1|1|1|1|1|1|1|1|1|1|1|1|1|1|1|1|1|1|1|1|1|1|1|1|1|1|1|1|1|1|1|1|1|1|1|1|1|1|1|1|1|1|1|1|1|1|1|1|1|1|1|1|1|1|1|1|1|1|1|1|1|1|1|1|1|1|1|1|1|1|1|1|1|0.967626843842|0.965991601052|0.965654484071|0.945502930211|1|0.98818524743|0.963492897019|0.392256311149
0,10,9,tree_robustness,higher_fragility_weight,delayed,0|5|10|15|35|75|125|175|225,adjoint_lbfgsb,adjoint_lbfgsb,7,warm_start_perturbed,,7.5097155924386625,7.517034461896764,0.007318869458101673,True,True,False,False,value_and_gradient,7.517034461896808,328,328,215,36.94273257255554,CONVERGENCE: REL_REDUCTION_OF_F_<=_FACTR*EPSMCH,0|0|0|1|1|1|0.912195181074|1|1|1|1|1|1|1|0.822371317167|1|1|1|1|1|1|1|1|1|1|1|0.893598047404|0.893757434041|0.901623409634|0.936634501768|0.709532261063|1|1|1|1|1|1|1|1|1|1|1|1|1|1|1|1|1|1|1|1|0.996475771743|1|1|1|0.998240678114|1|0.719634982346|0.718623995004|0.721490077036|0.709422391571|0.796078065381|0.514429028934|1|1|1|1|1|1|1|1|1|1|1|1|1|1|1|1|1|1|1|1|1|1|1|1|1|1|1|1|1|1|1|1|1|1|1|1|1|1|1|1|1|1|1|1|1|1|1|1|0.993417594458|0.991252792367|0.994179913193|1|1|1|1|1|1|0.866342857514|0.864468983727|0.857077018874|0.854396180635|0.922281027946|0.908569586847|0.547007069494|1|1|1|1|1|1|1|1|1|1|1|1|1|1|1|1|1|1|1|1|1|1|1|1|1|1|1|1|1|1|1|1|1|1|1|1|1|1|1|1|1|1|1|1|1|1|1|1|1|1|1|1|1|1|1|1|1|1|1|1|1|1|1|1|1|1|1|1|1|1|1|1|1|1|1|1|1|1|1|1|1|1|1|1|1|1|1|1|1|1|1|1|1|1|1|1|1|1|1|1|1|1|1|1|1|1|1|1|1|1|1|1|1|1|1|1|1|1|1|1|0.948526159144|0.946781643324|0.944003845583|0.946188041257|1|0.98869422767|0.964755146933|0.389218178113
0,5,4,tree_robustness,higher_fragility_weight,delayed,0|5|10|15|35|75|125|175|225,adjoint_lbfgsb,adjoint_lbfgsb,0,warm_start,,7.574537679212545,7.574988238380191,0.00045055916764624726,True,True,False,False,value_and_gradient,7.574988238380201,386,386,253,42.38455557823181,CONVERGENCE: REL_REDUCTION_OF_F_<=_FACTR*EPSMCH,0|1|0.944717556366|1|1|1|0.868789020015|1|1|1|1|0.982912785124|0.985864813386|0.998406806581|0.782364939513|1|1|1|1|1|1|1|1|1|1|1|0.854348961687|0.853515470724|0.860815244841|0.904277692779|0.678203198875|1|1|1|1|1|1|1|1|1|1|1|1|1|1|1|1|0.922489590139|0.920942034174|0.924587493381|0.923229597039|0.92316029613|0.935345524778|1|1|1|1|0.591905019282|0.589845529578|0.59508089512|0.718510508054|0.727319163716|0.528129056319|1|1|1|1|1|1|1|1|1|1|1|1|1|1|1|1|1|1|1|1|1|1|1|1|1|1|1|1|1|1|1|1|1|1|1|1|1|1|1|1|1|1|0.727942721227|0.730489555436|0.748328948312|0.754755448895|0.787500256425|0.834525994415|1|1|1|0.999901575291|1|1|1|1|1|0.727014514584|0.723308261486|0.714983913317|0.894709768016|0.835655961322|0.931917287822|0.557334019114|1|1|1|1|1|1|1|1|1|1|1|1|1|1|1|1|1|1|1|1|1|1|1|1|1|1|1|1|1|1|1|1|1|1|1|1|1|1|1|1|1|1|1|1|1|1|1|1|1|1|1|1|1|1|1|1|1|1|1|1|1|1|1|1|0.992440950389|0.992441068754|0.992443006045|0.983580780266|0.992419006855|0.992418782554|0.983333843984|1|1|1|0.988524365414|0.986724979868|1|1|1|1|1|1|1|1|1|1|1|1|1|1|1|1|1|1|1|1|1|1|1|0.803150238434|0.802787485658|0.880860743468|0.902020284704|0.932172006501|0.94338020901|1|1|1|1|1|1|1|1|1|1|1|1|1|1|1|0.774611086544|0.774965858474|0.777861235361|0.959108821504|0.945212615439|1|0.990794057837|0.449621176366
0,5,4,tree_robustness,higher_fragility_weight,delayed,0|5|10|15|35|75|125|175|225,adjoint_lbfgsb,adjoint_lbfgsb,1,structured_ramp,,7.015592981183899,7.57498454786093,0.5593915666770304,True,True,False,False,value_and_gradient,7.57498454786093,420,420,284,46.119362115859985,CONVERGENCE: REL_REDUCTION_OF_F_<=_FACTR*EPSMCH,0|1|0.944942165289|1|1|1|0.868901352907|1|1|1|1|0.982729676359|0.985402818946|0.998327989271|0.782366609517|1|1|1|1|1|1|1|1|1|1|1|0.854614425829|0.85409127872|0.862199550937|0.905175951759|0.678780869974|1|1|1|1|1|1|1|1|1|1|1|1|1|1|1|1|0.921329063907|0.921995124495|0.923309757708|0.922715308654|0.922887482164|0.93118355144|1|1|1|1|0.599426546328|0.597182398374|0.602666740187|0.71602331896|0.72562634435|0.52770007207|1|1|1|1|1|1|1|1|1|1|1|1|1|1|1|1|1|1|1|1|1|1|1|1|1|1|1|1|1|1|1|1|1|1|1|1|1|1|1|1|1|1|0.702061881151|0.703060661116|0.744151998715|0.756355103031|0.796229253266|0.839326503261|1|1|1|0.999958059116|1|1|1|1|1|0.726211135419|0.722932256545|0.717390641052|0.879908667546|0.837566753037|0.928177010038|0.554811649775|1|1|1|1|1|1|1|1|1|1|1|1|1|1|1|1|1|1|1|1|1|1|1|1|1|1|1|1|1|1|1|1|1|1|1|1|1|1|1|1|1|1|1|1|1|1|1|1|1|1|1|1|1|1|1|1|1|1|1|1|1|1|1|1|0.902468137499|0.904229071247|0.905985778611|0.908985593237|0.909494911554|0.911780898822|0.914756356774|0.916765820435|0.918885657469|0.926724077322|0.927723765598|0.929436272104|0.932348621251|0.934332328932|0.936316134044|0.942268729467|1|1|1|1|0.958313890804|0.959373113861|0.965349970773|0.96975521581|0.980357908707|0.988922780684|1|1|1|1|1|1|1|1|1|0.896349735144|0.895010994738|0.899151534076|0.899885292414|0.912719099687|0.949725550762|1|1|1|1|1|1|1|1|1|1|1|0.994172394479|1|1|1|0.928669896035|0.929928340486|0.93170992588|0.969874243221|0.959874162481|0.992748241005|0.988020663904|0.86157623272
0,5,4,tree_robustness,higher_fragility_weight,delayed,0|5|10|15|35|75|125|175|225,adjoint_lbfgsb,adjoint_lbfgsb,2,structured_sigmoid,,6.909586307465686,7.574987464377298,0.6654011569116118,True,True,False,False,value_and_gradient,7.574987464377298,738,738,438,80.3900945186615,CONVERGENCE: REL_REDUCTION_OF_F_<=_FACTR*EPSMCH,0|1|0.94481652858|1|1|1|0.869203441199|1|1|1|1|0.982825676196|0.986040733991|0.998399001318|0.782723913398|1|1|1|1|1|1|1|1|1|1|1|0.854640439842|0.853736762077|0.860606829363|0.904671923643|0.678757636047|1|1|1|1|1|1|1|1|1|1|1|1|1|1|1|1|0.922708936406|0.923092894187|0.924436933074|0.923924533174|0.921901797989|0.934598245055|1|1|1|1|0.592076940107|0.589942722427|0.593894136668|0.716458498364|0.724857163054|0.52695264044|1|1|1|1|1|1|1|1|1|1|1|1|1|1|1|1|1|1|1|1|1|1|1|1|1|1|1|1|1|1|1|1|1|1|1|1|1|1|1|1|1|1|0.696082886513|0.696852713482|0.743870780122|0.75418569575|0.795664997848|0.829077179477|1|1|1|0.999968966179|1|1|1|1|1|0.711256491915|0.707740570632|0.702231155825|0.876337654546|0.837179666993|0.920553242842|0.518713532258|1|1|1|1|1|1|1|1|1|1|1|1|1|1|1|1|1|1|1|1|1|1|1|1|1|1|1|1|1|1|1|1|1|1|1|1|1|1|1|1|1|1|1|1|1|1|1|1|1|1|1|1|1|1|1|1|1|1|1|1|1|1|1|1|0.995455140696|0.995974859063|0.99647249311|0.998626704698|0.997460653896|0.99792744822|0.999085713193|1|1|0.996612818173|1|1|1|1|1|1|1|1|1|1|1|1|1|1|1|1|1|1|1|1|1|1|1|1|1|0.897168050485|0.896678722846|0.897686371449|0.899159282218|0.90003301595|0.96215648957|1|1|1|1|1|1|1|1|1|1|1|1|1|1|1|0.911488532831|0.911199948041|0.910704491339|0.969489766203|0.950112325284|1|0.990929241626|0.797038893493
0,5,4,tree_robustness,higher_fragility_weight,delayed,0|5|10|15|35|75|125|175|225,adjoint_lbfgsb,adjoint_lbfgsb,3,structured_constant,,7.563133582534505,7.574986770604428,0.011853188069923526,True,True,False,False,value_and_gradient,7.574986770604428,519,519,317,56.9278450012207,CONVERGENCE: REL_REDUCTION_OF_F_<=_FACTR*EPSMCH,0|1|0.944840058325|1|1|1|0.869126626268|1|1|1|1|0.982834726771|0.985360252826|0.998693026058|0.782594353857|1|1|1|1|1|1|1|1|1|1|1|0.854888858848|0.853787826733|0.860688210984|0.904437119207|0.679166916664|1|1|1|1|1|1|1|1|1|1|1|1|1|1|1|1|0.922269005645|0.92222596657|0.919728361229|0.920203890498|0.922731565005|0.9408942577|1|1|1|1|0.595159133163|0.593163192198|0.597232343759|0.717364279421|0.724112513017|0.525401998941|1|1|1|1|1|1|1|1|1|1|1|1|1|1|1|1|1|1|1|1|1|1|1|1|1|1|1|1|1|1|1|1|1|1|1|1|1|1|1|1|1|1|0.695864556619|0.695950219282|0.750066626681|0.760074490347|0.796676664201|0.816631308452|1|1|1|0.999945283275|1|1|1|1|1|0.714061428522|0.711023703377|0.706421158765|0.875801713074|0.839392495866|0.930121145792|0.540454889504|1|1|1|1|1|1|1|1|1|1|1|1|1|1|1|1|1|1|1|1|1|1|1|1|1|1|1|1|1|1|1|1|1|1|1|1|1|1|1|1|1|1|1|1|1|1|1|1|1|1|1|1|1|1|1|1|1|1|1|1|1|1|1|1|0.999456368352|0.999456368693|0.999456529942|0.996725503839|0.999453684937|0.999453617654|0.996656182163|0.995258591405|0.994833709763|1|1|1|1|1|1|1|1|1|1|1|1|1|1|1|1|1|1|1|1|1|1|1|1|1|1|0.927248083958|0.926318876231|0.926543594096|0.926488125335|0.932684198638|0.965031266921|1|1|1|1|1|1|1|1|1|1|1|1|1|1|1|0.936757761683|0.936470764959|0.936062560929|0.975623200645|0.962609385277|0.994940913077|0.990115358448|0.857634344385
0,5,4,tree_robustness,higher_fragility_weight,delayed,0|5|10|15|35|75|125|175|225,adjoint_lbfgsb,adjoint_lbfgsb,4,anchor_upper,,7.569292946218405,7.57498549119712,0.005692544978715297,True,True,False,False,value_and_gradient,7.57498549119712,219,219,115,24.086046934127808,CONVERGENCE: REL_REDUCTION_OF_F_<=_FACTR*EPSMCH,0|1|0.944841337026|1|1|1|0.868966916792|1|1|1|1|0.983490100841|0.985827244814|0.997992391997|0.782842554492|1|1|1|1|1|1|1|1|1|1|1|0.854666925554|0.85363994603|0.86056530048|0.904871577211|0.677893560572|1|1|1|1|1|1|1|1|1|1|1|1|1|1|1|1|0.920629456163|0.920151561898|0.927394970339|0.925191773488|0.921849204725|0.92948268728|1|1|1|1|0.598240320206|0.596086792467|0.599742491323|0.715810863899|0.726926137681|0.526821993958|1|1|1|1|1|1|1|1|1|1|1|1|1|1|1|1|1|1|1|1|1|1|1|1|1|1|1|1|1|1|1|1|1|1|1|1|1|1|1|1|1|1|0.698698067395|0.69953475677|0.734063663142|0.747393724745|0.776290914789|0.829914327816|1|1|1|0.999771955755|1|1|1|1|1|0.727384737651|0.723478903559|0.717254112021|0.867379468881|0.823751621293|0.920779248538|0.561743219926|1|1|1|1|1|1|1|1|1|1|1|1|1|1|1|1|1|1|1|1|1|1|1|1|1|1|1|1|1|1|1|1|1|1|1|1|1|1|1|1|1|1|1|1|1|1|1|1|1|1|1|1|1|1|1|1|1|1|1|1|1|1|1|1|1|1|1|1|1|1|1|1|1|1|1|1|1|1|1|1|1|1|1|1|1|1|1|1|1|1|1|1|1|1|1|1|1|1|1|0.970363568367|0.969811913778|0.970125438949|0.970151348298|0.974936869038|0.990911188957|1|1|1|1|1|1|1|1|1|1|1|1|1|1|1|0.975435033909|0.975288996714|0.975073480464|0.993829986951|0.987627773863|0.999691593527|1|0.934610269558
0,5,4,tree_robustness,higher_fragility_weight,delayed,0|5|10|15|35|75|125|175|225,adjoint_lbfgsb,adjoint_lbfgsb,5,warm_start_perturbed,,7.569068852218236,7.574988255094294,0.0059194028760582995,True,True,False,False,value_and_gradient,7.574988255094294,517,517,320,56.78297710418701,CONVERGENCE: REL_REDUCTION_OF_F_<=_FACTR*EPSMCH,0|1|0.944930133042|1|1|1|0.86882250042|1|1|1|1|0.983130236434|0.985171852217|0.998342150541|0.782560279888|1|1|1|1|1|1|1|1|1|1|1|0.85477979303|0.85335139218|0.860586601625|0.904727572083|0.678681145047|1|1|1|1|1|1|1|1|1|1|1|1|1|1|1|1|0.919875376765|0.925238636984|0.923653875482|0.92352854207|0.919773016329|0.936071424711|1|1|1|1|0.594989586361|0.592238812284|0.596001747374|0.716810013534|0.725547091642|0.526813418708|1|1|1|1|1|1|1|1|1|1|1|1|1|1|1|1|1|1|1|1|1|1|1|1|1|1|1|1|1|1|1|1|1|1|1|1|1|1|1|1|1|1|0.73374515485|0.716523886412|0.753766943762|0.75980251351|0.802194041648|0.834697183313|1|1|1|0.999956356591|1|1|1|1|1|0.722438585033|0.732277317551|0.721107720346|0.875673225971|0.836856116945|0.923613775376|0.546590500269|1|1|1|1|1|1|1|1|1|1|1|1|1|1|1|1|1|1|1|1|1|1|1|1|1|1|1|1|1|1|1|1|1|1|1|1|1|1|1|1|1|1|1|1|1|1|1|1|1|1|1|1|1|1|1|1|1|1|1|1|1|1|1|1|1|1|1|1|1|0.948430182561|1|1|1|1|1|1|1|1|1|1|1|1|1|1|1|1|1|1|1|1|1|1|1|1|1|1|1|1|1|0.799938353581|0.823216892995|0.868412247574|0.881054596673|0.902582659633|0.939266449446|1|1|1|1|1|1|1|1|1|1|1|1|1|1|1|0.855823364082|0.796703114808|0.732101746284|0.955032270885|0.947066941484|1|0.987844193481|0.435691211943
0,5,4,tree_robustness,higher_fragility_weight,delayed,0|5|10|15|35|75|125|175|225,adjoint_lbfgsb,adjoint_lbfgsb,6,warm_start_perturbed,,7.5689196395215275,7.574988275173768,0.00606863565224014,True,True,False,False,value_and_gradient,7.574988275173768,645,645,416,70.36939287185669,CONVERGENCE: REL_REDUCTION_OF_F_<=_FACTR*EPSMCH,0|1|0.945084207611|1|1|1|0.86858832689|1|1|1|1|0.98300764457|0.985879557402|0.998320053725|0.782834306817|1|1|1|1|1|1|1|1|1|1|1|0.854667528026|0.853745020141|0.860604474915|0.904926516353|0.679085235413|1|1|1|1|1|1|1|1|1|1|1|1|1|1|1|1|0.923087662599|0.923247540951|0.923669450344|0.922645685204|0.921538900412|0.936921989267|1|1|1|1|0.591910808543|0.595268758852|0.594677805893|0.715762937471|0.723979052359|0.527344954773|1|1|1|1|1|1|1|1|1|1|1|1|1|1|1|1|1|1|1|1|1|1|1|1|1|1|1|1|1|1|1|1|1|1|1|1|1|1|1|1|1|1|0.721517625605|0.730020705388|0.745002566577|0.755768702574|0.792275543553|0.825959101573|1|1|1|0.999813447748|1|1|1|1|1|0.737160393804|0.713449363208|0.719704911665|0.874883072975|0.837324609049|0.923500845698|0.542764099814|1|1|1|1|1|1|1|1|1|1|1|1|1|1|1|1|1|1|1|1|1|1|1|1|1|1|1|1|1|1|1|1|1|1|1|1|1|1|1|1|1|1|1|1|1|1|1|1|1|1|1|1|1|1|1|1|1|1|1|1|1|1|1|1|1|1|0.991679327555|1|0.984209757418|0.927395635612|1|1|1|1|1|1|1|1|1|1|1|1|1|1|1|1|1|1|1|1|1|1|1|1|1|1|1|1|1|0.819010110673|0.79556396325|0.8946523767|0.898813211941|0.925183759969|0.961577362588|1|1|1|1|1|1|1|1|1|1|1|1|1|1|1|0.738536281278|0.785590438794|0.803272715843|0.962766351293|0.927985142787|1|0.984366141343|0.378766264499
0,5,4,tree_robustness,higher_fragility_weight,delayed,0|5|10|15|35|75|125|175|225,adjoint_lbfgsb,adjoint_lbfgsb,7,warm_start_perturbed,,7.568781244215176,7.5749883547715715,0.0062071105563958895,True,True,False,False,value_and_gradient,7.5749883547715715,553,553,358,60.453617095947266,CONVERGENCE: REL_REDUCTION_OF_F_<=_FACTR*EPSMCH,0|1|0.944762121401|1|1|1|0.869074570035|1|1|1|1|0.982860295302|0.986060626645|0.998029476155|0.782742907306|1|1|1|1|1|1|1|1|1|1|1|0.854647847623|0.853231124042|0.860887010747|0.905201289884|0.678146690829|1|1|1|1|1|1|1|1|1|1|1|1|1|1|1|1|0.921802299562|0.922153636483|0.924401979715|0.922201340084|0.921424471539|0.931806199343|1|1|1|1|0.591957990973|0.590506526798|0.594874323451|0.715162083666|0.726481509067|0.524770959638|1|1|1|1|1|1|1|1|1|1|1|1|1|1|1|1|1|1|1|1|1|1|1|1|1|1|1|1|1|1|1|1|1|1|1|1|1|1|1|1|1|1|0.721568451285|0.721710068588|0.742059182377|0.757991729572|0.796209745009|0.83635111263|1|1|1|0.99876871339|1|1|1|1|1|0.728503809197|0.719086466446|0.718544730621|0.873416268225|0.840501720885|0.924050537078|0.556227018676|1|1|1|1|1|1|1|1|1|1|1|1|1|1|1|1|1|1|1|1|1|1|1|1|1|1|1|1|1|1|1|1|1|1|1|1|1|1|1|1|1|1|1|1|1|1|1|1|1|1|1|1|1|1|1|1|1|1|1|1|1|1|1|1|1|0.962938561634|1|1|0.995027359197|0.999416875674|1|1|1|1|1|1|1|1|0.996950289436|1|1|1|1|1|1|1|1|1|1|1|1|1|1|1|1|1|1|1|1|0.827992150009|0.825489531956|0.914914360752|0.895986129574|0.920812272695|0.962748655219|1|1|1|1|1|1|1|1|1|1|1|1|1|1|1|0.857355920261|0.807597741841|0.793275185421|0.977313096006|0.932309091854|0.994355015442|0.972495039623|0.410426733604
0,10,6,tree_robustness,default,delayed,0|5|10|15|35|75|125|175|225,adjoint_lbfgsb,adjoint_lbfgsb,0,warm_start,,7.649049672556729,7.649111360917728,6.168836099895714e-05,True,True,False,False,value_and_gradient,7.649111360917728,790,790,522,86.61497807502747,CONVERGENCE: REL_REDUCTION_OF_F_<=_FACTR*EPSMCH,0|0|0|0.899308102402|0.700260461133|0.720339981823|0.500875043982|1|0.816926212131|0.836238582155|0.837148211968|0.60873725441|0.609036773177|0.619730509895|0.406600632429|1|0.964670175399|0.964731010073|0.969125805261|0.984990814175|0.708721128351|0.702588557994|0.696015679163|0.72814884968|0.725061809961|0.728597045952|0.468447483643|0.469180700651|0.4794730749|0.489032411608|0.282639991205|1|1|1|1|1|1|0.759378646667|0.796946682357|0.796014114998|0.786280046274|0.801890904549|0.809318294418|0.801833271808|0.788303788014|0.786275147482|0.786757106641|0.474176664848|0.474690523557|0.474338523395|0.497973037963|0.494407569821|0.497721066567|0.506412170342|0.503361030988|0.517567586827|0.513651109766|0.278948199106|0.279079042514|0.27874506079|0.294691722183|0.294145212197|0.130447506545|1|1|1|1|1|1|1|1|1|1|1|1|1|1|1|1|1|1|1|1|1|1|0.794746753014|0.824685089957|0.817896938136|0.818141716967|0.845333609865|0.841877104803|0.840092553549|0.806283355481|0.802327731838|0.805701462327|0.84773786225|0.841212472411|0.838140916776|0.860823261276|0.860981913222|0.855100694665|0.827324675365|0.818889482891|0.854756809154|0.819133106673|0.492737834168|0.514690734608|0.521842735573|0.53071052002|0.526470712084|0.519999726578|0.536094176093|0.539101918979|0.538497985647|0.508198651947|0.527944323827|0.528408483756|0.523217436649|0.540270974934|0.50348839166|0.278049058698|0.277807560717|0.273447713554|0.284639059647|0.286812509094|0.27984662769|0.0879995763166|1|1|1|1|1|1|1|1|1|1|1|1|1|1|1|1|1|1|1|1|1|1|1|1|1|1|1|1|1|1|1|1|1|1|1|1|1|1|1|1|1|1|1|1|1|1|1|1|1|1|1|1|1|1|1|1|1|1|1|1|1|1|1|1|0.786611945986|0.795676031618|0.797333931995|0.798704559698|0.897183950567|0.889710339085|0.888335559726|0.839751907259|0.839835929545|0.830704261261|0.865360673195|0.856302937608|0.85400348236|0.900499655414|0.900444935553|0.890301991346|0.866723526897|0.839894827145|0.886688626405|0.833335030495|0.841022603267|0.833152068457|0.833514206427|0.878336149434|0.878050198707|0.867730989571|0.871020890357|0.871233479105|0.86429897459|0.818508534592|0.8432180834|0.843830810664|0.835353374156|0.846828864259|0.79439453698|0.542294706739|0.599631727919|0.599996978211|0.568007884164|0.567263906941|0.55929036721|0.567199328239|0.568304546888|0.562640930844|0.518088636692|0.544696903881|0.546027094714|0.538703291432|0.543533777905|0.488702244897|0.530353380737|0.530987917247|0.523621455503|0.528372181696|0.517376413747|0.501723003163|0.242750504351|0.239760673157|0.236185358259|0.227830755903|0.226479555962|0.217319851057|0.21104343458|0.0274125603367
0,10,6,tree_robustness,default,delayed,0|5|10|15|35|75|125|175|225,adjoint_lbfgsb,adjoint_lbfgsb,1,structured_ramp,,7.566523694976206,7.649111354447818,0.08258765947161262,True,True,False,False,value_and_gradient,7.649111354447818,867,867,603,94.69657707214355,CONVERGENCE: REL_REDUCTION_OF_F_<=_FACTR*EPSMCH,0|0|0|0.899328445124|0.700266376666|0.720421609034|0.500972454679|1|0.816916422171|0.836360871038|0.837213838039|0.608846315303|0.609008421678|0.619777038475|0.406768447211|1|0.964621027847|0.964758839183|0.969146060185|0.985085314661|0.708764679079|0.702533623439|0.695992829703|0.728103091528|0.725088740501|0.728594430033|0.468611499374|0.469099220737|0.479547187473|0.489003807087|0.282182079002|1|1|1|1|1|1|0.759388675455|0.796879558287|0.795951249834|0.786258995532|0.801893753128|0.809405190133|0.801926205613|0.788284014518|0.786263637068|0.786718439713|0.47409164156|0.474536839355|0.473872106751|0.498104659056|0.494545788819|0.497875011359|0.507171736982|0.503505493179|0.517859286012|0.513959018336|0.279329185612|0.279332164703|0.278612295327|0.295596654161|0.293750126646|0.130952138576|1|1|1|1|1|1|1|1|1|1|1|1|1|1|1|1|1|1|1|1|1|1|0.794920682861|0.822966368635|0.816200323733|0.816354605703|0.846235874477|0.842563282174|0.840901533599|0.806757287437|0.802606944285|0.80569900842|0.848592074808|0.84164013035|0.838680419053|0.860357716271|0.860373152493|0.854470992429|0.826808941998|0.821578599059|0.854331403214|0.819457010769|0.492803939432|0.514742065445|0.52241107857|0.531258800347|0.52718227181|0.520633174031|0.536285411157|0.539472082126|0.538875852501|0.508195288435|0.528211021946|0.528809910872|0.523440531931|0.540317312913|0.504512735027|0.279432068985|0.279443525839|0.275242689943|0.285717955311|0.285851715253|0.278929150609|0.0880352531459|1|1|1|1|1|1|1|1|1|1|1|1|1|1|1|1|1|1|1|1|1|1|1|1|1|1|1|1|1|1|1|1|1|1|1|1|1|1|1|1|1|1|1|1|1|1|1|1|1|1|1|1|1|1|1|1|1|1|1|1|1|1|1|1|0.798279702181|0.817172893665|0.814118079064|0.816238523972|0.89663814134|0.888810607773|0.887572618618|0.840815172552|0.840692008757|0.831167950591|0.863776190363|0.854558179105|0.853881335912|0.900590768309|0.900606736266|0.890574266743|0.86119727644|0.832226871996|0.887764628162|0.836660489107|0.841409220941|0.833809104137|0.833764787788|0.878709459562|0.878406383198|0.868353569255|0.872237775474|0.873419090269|0.86733047996|0.817173893594|0.846548995229|0.848048646679|0.840014003996|0.850531823744|0.791175998398|0.548150996873|0.585739942853|0.589052041464|0.565777353752|0.565511634489|0.557226290508|0.558903938719|0.559982016403|0.554112495901|0.5096563577|0.53556799835|0.536829232158|0.529370173029|0.537068180569|0.485718588684|0.520470324011|0.521681158692|0.514344110033|0.522065900418|0.519719152524|0.504450703921|0.257818954189|0.258884199526|0.251957566221|0.229342325272|0.211640632996|0.200418457246|0.192032104256|0.0411625145118
0,10,6,tree_robustness,default,delayed,0|5|10|15|35|75|125|175|225,adjoint_lbfgsb,adjoint_lbfgsb,2,structured_sigmoid,,7.54406677542179,7.649111356714552,0.10504458129276184,True,True,False,False,value_and_gradient,7.649111356714555,973,973,690,105.95541906356812,CONVERGENCE: REL_REDUCTION_OF_F_<=_FACTR*EPSMCH,0|0|0|0.899280408401|0.700234929178|0.720438312831|0.500743667216|1|0.816946609149|0.836340669411|0.837094970632|0.608892848399|0.609098669912|0.619849718789|0.406744505547|1|0.964555447932|0.964723295953|0.969106168406|0.985036818011|0.708716680696|0.702468519031|0.696172686926|0.728127539718|0.725059934418|0.728604084544|0.468660136922|0.469125609003|0.479676975927|0.489153335645|0.282167608607|1|1|1|1|1|1|0.76002146598|0.797003236009|0.796099497261|0.786390396892|0.801890530601|0.80936704244|0.801810667747|0.788342224799|0.786339979099|0.786672607829|0.473994239691|0.474288086039|0.473651822724|0.49815156901|0.494572936299|0.497869975688|0.507597838936|0.503550170536|0.51758927877|0.513744958405|0.279415803582|0.279406085849|0.278599953519|0.295710057029|0.294006958949|0.130200073882|1|1|1|1|1|1|1|1|1|1|1|1|1|1|1|1|1|1|1|1|1|1|0.794196848544|0.823607303733|0.816846068532|0.817031710154|0.845329842017|0.841843810867|0.840082965621|0.805876091076|0.801806957501|0.805129294716|0.847651307576|0.841115004768|0.837964350899|0.859980504777|0.859984683778|0.854255879714|0.826473098805|0.821154890615|0.854866953084|0.820304844722|0.494836692243|0.515546815227|0.522418279396|0.531577714897|0.527537135685|0.521033293123|0.537062729013|0.540238579233|0.539541528977|0.50880113797|0.528891357141|0.52949617283|0.524129885182|0.539279940817|0.502882506213|0.280346002415|0.280327170933|0.276278752271|0.286762127337|0.284189939713|0.279317733424|0.0880204134777|1|1|1|1|1|1|1|1|1|1|1|1|1|1|1|1|1|1|1|1|1|1|1|1|1|1|1|1|1|1|1|1|1|1|1|1|1|1|1|1|1|1|1|1|1|1|1|1|1|1|1|1|1|1|1|1|1|1|1|1|1|1|1|1|0.7996948776|0.814823124454|0.811627345367|0.813782525787|0.894343727867|0.886691260369|0.885538404608|0.839905007474|0.839785700553|0.830737073814|0.862411622298|0.85344077874|0.852848664522|0.90132493768|0.901333458769|0.891549868645|0.859075505515|0.831932701511|0.890236668463|0.838672661544|0.840875277247|0.833487052363|0.83345544297|0.879733427355|0.879301972101|0.869467515886|0.873828251728|0.875018174046|0.868956741987|0.818217849992|0.847691775993|0.849147520687|0.841089516787|0.850520029669|0.786662933253|0.542470814116|0.578455346782|0.583162017299|0.564168337537|0.563963595586|0.55593034862|0.561735230237|0.562736426999|0.557370648486|0.515558177377|0.539886387705|0.541126971545|0.534264035082|0.544285874539|0.496268312183|0.525691976374|0.526847232537|0.52014663944|0.530222604766|0.53011024144|0.515072122577|0.254575436796|0.255615319293|0.249504625274|0.231175246536|0.22038328967|0.210250022952|0.203405844068|0.044114123415
0,10,6,tree_robustness,default,delayed,0|5|10|15|35|75|125|175|225,adjoint_lbfgsb,adjoint_lbfgsb,3,structured_constant,,7.629110268112698,7.649111349886651,0.020001081773952656,True,True,False,False,value_and_gradient,7.649111349886651,740,740,536,80.951016664505,CONVERGENCE: REL_REDUCTION_OF_F_<=_FACTR*EPSMCH,0|0|0|0.89930160952|0.7003052222|0.72036594963|0.500966061335|1|0.816877432233|0.83637655985|0.837197917158|0.608917375749|0.609088759333|0.619720892838|0.406513712146|1|0.964686451714|0.964776386758|0.969112392325|0.98506098512|0.708724712363|0.702553414033|0.696120664357|0.728127469746|0.725024471663|0.728612180457|0.468902780206|0.469337697134|0.479424000054|0.488980266419|0.282253818496|1|1|1|1|1|1|0.759633036302|0.796917241791|0.796024555751|0.786343730246|0.80184183508|0.809538264225|0.801796428537|0.787940370836|0.785966595961|0.786695306637|0.474342686812|0.474718215392|0.473936412849|0.498177265636|0.494630015299|0.497924686875|0.507704871436|0.504016695419|0.517577193541|0.513669704377|0.279821414509|0.279789122353|0.279030414881|0.294494746745|0.293734766236|0.130833548827|1|1|1|1|1|1|1|1|1|1|1|1|1|1|1|1|1|1|1|1|1|1|0.794258752353|0.82364864823|0.816827685674|0.816991275639|0.846489586877|0.842787198621|0.841048147343|0.806332488994|0.802124868424|0.805729579264|0.848919211874|0.841931156241|0.83875078206|0.862146051019|0.86215666839|0.856006346079|0.828759761038|0.823035701898|0.853151198625|0.819383738592|0.493238977257|0.514256941009|0.521469848378|0.531596882436|0.527549591439|0.521006792094|0.536841185813|0.540001643666|0.539279442378|0.509224543839|0.528750853363|0.529335458932|0.523913621448|0.541059908478|0.504816544292|0.279721160009|0.27967177066|0.27554343512|0.287157732021|0.287541807819|0.280962559151|0.0879905602951|1|1|1|1|1|1|1|1|1|1|1|1|1|1|1|1|1|1|1|1|1|1|1|1|1|1|1|1|1|1|1|1|1|1|1|1|1|1|1|1|1|1|1|1|1|1|1|1|1|1|1|1|1|1|1|1|1|1|1|1|1|1|1|1|0.798286654602|0.817029575869|0.814121008598|0.816139739248|0.897939429928|0.890136925657|0.888941347178|0.841905513893|0.84185343973|0.832558327287|0.865158831275|0.855941495479|0.85527653072|0.898053178128|0.898090575574|0.888018320136|0.848088400367|0.821544170315|0.879243841558|0.830012642816|0.843082737215|0.835500342191|0.835454091894|0.876203880611|0.876289314052|0.866152836766|0.864101409968|0.865227936372|0.859472249493|0.810745482348|0.838776230151|0.840137825971|0.832448149961|0.838079799848|0.784209988891|0.5478551616|0.594377955302|0.595615084865|0.567785903562|0.567585984698|0.559413201189|0.561535052543|0.562681069039|0.556931933447|0.512255529015|0.538355654245|0.53968373216|0.532258936404|0.539319760438|0.487473387774|0.5235093815|0.524794403914|0.517481713612|0.524333626538|0.523087966946|0.505411488151|0.261978437897|0.263119552145|0.256544899293|0.234660730494|0.215730730979|0.206091048619|0.198070540024|0.0500830968462
0,10,6,tree_robustness,default,delayed,0|5|10|15|35|75|125|175|225,adjoint_lbfgsb,adjoint_lbfgsb,4,warm_start_perturbed,,7.648213570340888,7.649111350740737,0.0008977803998497791,True,True,False,False,value_and_gradient,7.649111350740737,414,414,327,45.695685148239136,CONVERGENCE: REL_REDUCTION_OF_F_<=_FACTR*EPSMCH,0|0|0|0.899325572253|0.700366171639|0.720328853838|0.500991799225|1|0.81691702327|0.836287345939|0.837129209388|0.608900397708|0.609025594258|0.619724857502|0.406585945201|1|0.964601092668|0.964723491486|0.969147525982|0.985014749837|0.708724317876|0.702535912101|0.696175303261|0.728163453556|0.725062261828|0.728604298091|0.468796990231|0.468874980421|0.479641466774|0.488972544267|0.282435562807|1|1|1|1|1|1|0.759989974413|0.79697107936|0.795868875301|0.786095956143|0.801821129538|0.809598757452|0.80184325652|0.788444277697|0.786365552254|0.786714662031|0.474155270353|0.474411119288|0.47428267072|0.498154323935|0.494460086374|0.497898407527|0.507187093158|0.503053515227|0.517858268295|0.513557172189|0.279496307089|0.280211224541|0.278991067148|0.295270484878|0.293971948497|0.130465535581|1|1|1|1|1|1|1|1|1|1|1|1|1|1|1|1|1|1|1|1|1|1|0.794045567796|0.823767552502|0.816765626168|0.816749770024|0.84551897923|0.841917323334|0.839905248916|0.806185678413|0.802289229514|0.806684160049|0.847893493683|0.841225406865|0.837924707492|0.860170583071|0.860014629955|0.854192216206|0.827491737456|0.820121195339|0.854537346014|0.821170201029|0.494311364573|0.515112046437|0.521242877769|0.530568243407|0.529279312418|0.521857676614|0.536288276196|0.539168856122|0.538882705792|0.507919454941|0.528027236723|0.528467850425|0.523503097562|0.540014958839|0.504256711763|0.275385716499|0.277977755978|0.273181797372|0.284272206505|0.287779748246|0.278330118182|0.0865135057572|1|1|1|1|1|1|1|1|1|1|1|1|1|1|1|1|1|1|1|1|1|1|1|1|1|1|1|1|1|1|1|1|1|1|1|1|1|1|1|1|1|1|1|1|1|1|1|1|1|1|1|1|1|1|1|1|1|1|1|1|1|1|1|1|0.793361953173|0.802465540719|0.795777571438|0.809543733362|0.904399578766|0.893316809544|0.884959410025|0.833410875597|0.841840911225|0.823446106433|0.875962646766|0.853853766028|0.849259153316|0.895590459604|0.90340501634|0.892049495702|0.855850423416|0.845318280537|0.887824005629|0.834247472889|0.842851057412|0.820426270718|0.828187924145|0.87658279019|0.875788516419|0.873860450105|0.870526680169|0.873646376333|0.865756065817|0.812962115236|0.843146960983|0.845152102534|0.83587896852|0.845075248631|0.793441932749|0.542282905587|0.583989441114|0.600038182924|0.569188517076|0.567954092294|0.550280858586|0.569778144334|0.570954472813|0.562799214129|0.515532024246|0.54655731918|0.544023605709|0.539910503207|0.54654580095|0.478155703033|0.529933302465|0.520778810641|0.521363113149|0.529702692226|0.513674880185|0.503158231544|0.247658219455|0.257106650215|0.235781848716|0.228214544263|0.224297159132|0.210687828252|0.212282383338|0.0344435724514
0,10,6,tree_robustness,default,delayed,0|5|10|15|35|75|125|175|225,adjoint_lbfgsb,adjoint_lbfgsb,5,warm_start_perturbed,,7.648199275307966,7.649111341827144,0.0009120665191781896,True,True,False,False,value_and_gradient,7.649111341827144,422,422,318,46.00698113441467,CONVERGENCE: REL_REDUCTION_OF_F_<=_FACTR*EPSMCH,0|0|0|0.899311471477|0.700301297097|0.720415969114|0.501130220471|1|0.816957301484|0.836384425284|0.837206666829|0.608780043453|0.609073259449|0.619814850916|0.406713063866|1|0.964658704954|0.964748202568|0.969143672103|0.98503424096|0.708724129065|0.702643343115|0.696110588193|0.728114886645|0.72513322198|0.728613836306|0.46864606559|0.469134775446|0.47962677682|0.489022703904|0.28232984319|1|1|1|1|1|1|0.759984512748|0.797115261493|0.795983527444|0.786452047712|0.801906587134|0.809490403831|0.801861758804|0.788321709478|0.786296967607|0.786625703245|0.474128468052|0.474577398939|0.473870273743|0.498365839243|0.495109983432|0.498292567662|0.506741605675|0.503122169209|0.517558495911|0.513954054101|0.279341967485|0.279415550751|0.278701794598|0.296111352519|0.29429371159|0.130156782011|1|1|1|1|1|1|1|1|1|1|1|1|1|1|1|1|1|1|1|1|1|1|0.793790974233|0.824100476614|0.816999373664|0.817357928462|0.845772954384|0.843087759448|0.840079274621|0.805639168234|0.801232453564|0.805909814519|0.848480775371|0.841600460998|0.838432422468|0.860501429519|0.860749664315|0.854877639507|0.826691772944|0.821318637694|0.854240878489|0.819570805283|0.490254940143|0.514078682151|0.520466590968|0.534525256028|0.527881389693|0.521552515469|0.536330990907|0.540260586499|0.538969016665|0.507998856163|0.528173545826|0.528711903099|0.523308127078|0.540221514492|0.503468399725|0.278428723166|0.278181470245|0.272467593645|0.286355138056|0.287092955495|0.278087239161|0.0851897386125|1|1|1|1|1|1|1|1|1|1|1|1|1|1|1|1|1|1|1|1|1|1|1|1|1|1|1|1|1|1|1|1|1|1|1|1|1|1|1|1|1|1|1|1|1|1|1|1|1|1|1|1|1|1|1|1|1|1|1|1|1|1|1|1|0.776281115341|0.799336168371|0.793626715852|0.78251295787|0.901245482047|0.894398779088|0.894635254085|0.827460394028|0.839382280399|0.828441470217|0.869952348903|0.857167107949|0.848238162048|0.902721692736|0.904018723519|0.887534354167|0.86385869602|0.833794913294|0.88789010581|0.833946546869|0.830886362144|0.824869993276|0.824690499932|0.875783794623|0.880210226199|0.865803040211|0.871713244953|0.873796497492|0.864730111658|0.811764971734|0.843565992421|0.844616823043|0.836086003481|0.848938096061|0.791479165294|0.537614012089|0.59565680385|0.59415174855|0.559345542535|0.565618431641|0.56348215674|0.566780015966|0.568558964459|0.562906324213|0.519517651297|0.545295664071|0.546527811549|0.539540689263|0.542798234176|0.483509516469|0.526943308671|0.531209838391|0.516474909714|0.533326429382|0.515188769074|0.499250294282|0.229911302457|0.23362269406|0.234187460692|0.233023521515|0.233964241743|0.21235387206|0.214664346626|0.0401666854956
0,10,6,tree_robustness,default,delayed,0|5|10|15|35|75|125|175|225,adjoint_lbfgsb,adjoint_lbfgsb,6,warm_start_perturbed,,7.6481800365714445,7.649111344964394,0.0009313083929498589,True,True,False,False,value_and_gradient,7.649111344964394,519,519,381,56.75550866127014,CONVERGENCE: REL_REDUCTION_OF_F_<=_FACTR*EPSMCH,0|0|0|0.899291598561|0.70023838342|0.720219310356|0.501085184235|1|0.816862226959|0.836361557554|0.837171366832|0.608749214033|0.60898102299|0.61973365095|0.406709218898|1|0.964603794498|0.964750056704|0.969107254914|0.985057467887|0.708730530564|0.702639692575|0.696083179436|0.728089336117|0.72503935713|0.728622139725|0.468288654013|0.468852657381|0.479625137255|0.489079796829|0.282388470654|1|1|1|1|1|1|0.759999908177|0.796897436539|0.796031441559|0.786282891234|0.801800917201|0.809385063564|0.801807184297|0.788363057697|0.786306580383|0.786523521824|0.474130446795|0.474376027175|0.47393589918|0.498139826437|0.494567948788|0.497894738722|0.5067014427|0.503166955506|0.517563311466|0.513542655564|0.27911196034|0.279234184256|0.278577592709|0.295234555657|0.29414836096|0.131028419232|1|1|1|1|1|1|1|1|1|1|1|1|1|1|1|1|1|1|1|1|1|1|0.79400932337|0.822228830054|0.816710730425|0.816981197753|0.844967487153|0.842157912229|0.840168479392|0.806003846476|0.801674012551|0.805788411392|0.848325085458|0.840929255292|0.838106567738|0.861557137817|0.860949999621|0.854834292812|0.82572131512|0.820780093837|0.8539514724|0.819283915559|0.491257571193|0.514580794272|0.522244680605|0.532532805145|0.528696311035|0.521230234816|0.536766695297|0.538431855514|0.538996757541|0.509091846526|0.526523435295|0.528144726491|0.522966688515|0.540333919228|0.504565754357|0.28053540032|0.279694576316|0.273718287313|0.284894817636|0.287623586341|0.280735337295|0.0857414110544|1|1|1|1|1|1|1|1|1|1|1|1|1|1|1|1|1|1|1|1|1|1|1|1|1|1|1|1|1|1|1|1|1|1|1|1|1|1|1|1|1|1|1|1|1|1|1|1|1|1|1|1|1|1|1|1|1|1|1|1|1|1|1|1|0.779610135414|0.782171499003|0.787906156435|0.795267861658|0.896647094839|0.889210045863|0.887352081159|0.840350773133|0.833950100927|0.827407561294|0.865506859877|0.85898596857|0.855538770438|0.901431782093|0.901446891412|0.889007212348|0.872054550577|0.840350502889|0.888670787502|0.837893183637|0.841045194108|0.836747116603|0.835027114064|0.878833748387|0.881031827273|0.870287251274|0.871968139654|0.870710306874|0.864381260922|0.811959991987|0.844127511075|0.842415035551|0.832066374447|0.846075372675|0.787679068266|0.543056571568|0.594465791831|0.592066090422|0.569690084839|0.569288539224|0.564119044989|0.562928786642|0.568343063344|0.562276223773|0.517260410403|0.544704244587|0.544347247862|0.538743899095|0.543706766049|0.489666220605|0.530406056287|0.529553769568|0.5229703541|0.530133401726|0.516569403299|0.498070919811|0.247129556041|0.237147043309|0.215867757203|0.239076054997|0.231599901327|0.222907348555|0.217994509136|0.0170029432118
0,10,6,tree_robustness,default,delayed,0|5|10|15|35|75|125|175|225,adjoint_lbfgsb,adjoint_lbfgsb,7,warm_start_perturbed,,7.648177424405968,7.649111359096582,0.0009339346906145352,True,True,False,False,value_and_gradient,7.649111359096582,1053,1053,661,113.17141366004944,CONVERGENCE: REL_REDUCTION_OF_F_<=_FACTR*EPSMCH,0|0|0|0.899304521645|0.700248135552|0.720366632362|0.500928783156|1|0.8169722416|0.836279179125|0.837164170895|0.608787903894|0.609077224268|0.619750561821|0.406665092634|1|0.964702241706|0.964765303074|0.969125581569|0.985052347527|0.70871872507|0.702478054346|0.696101540121|0.728142026309|0.725079177215|0.728616827085|0.46853842014|0.469216522102|0.479492428614|0.488973582758|0.28230464891|1|1|1|1|1|1|0.760492808463|0.796919504205|0.796009168996|0.786344942873|0.801891837677|0.809383968534|0.801707536982|0.788393584511|0.786309226716|0.787045745168|0.474234905542|0.475091136328|0.47418827129|0.498189906358|0.494557625693|0.497861949354|0.507131520147|0.50344823723|0.517486863613|0.513518311047|0.279420865105|0.279414709885|0.278617811043|0.295317733384|0.293984215328|0.129839587027|1|1|1|1|1|1|1|1|1|1|1|1|1|1|1|1|1|1|1|1|1|1|0.792755833047|0.823709030333|0.816886258865|0.81704602701|0.845433412338|0.841651396808|0.840245127383|0.805939034965|0.802033660893|0.805561150791|0.84795429797|0.841057181395|0.838486383478|0.860939167866|0.860826247082|0.855007700871|0.828420514965|0.822036177225|0.853695629001|0.819645910192|0.490972475473|0.514362186115|0.521645646014|0.531581471337|0.527750517009|0.521732399663|0.536363717805|0.539565238524|0.538889768212|0.507897226673|0.528084635139|0.528686798092|0.523292759038|0.540068224105|0.504097628081|0.280296056849|0.278107839413|0.270782581361|0.284713915659|0.28708998011|0.280738621407|0.0887982142896|1|1|1|1|1|1|1|1|1|1|1|1|1|1|1|1|1|1|1|1|1|1|1|1|1|1|1|1|1|1|1|1|1|1|1|1|1|1|1|1|1|1|1|1|1|1|1|1|1|1|1|1|1|1|1|1|1|1|1|1|1|1|1|1|0.798612964393|0.795071905185|0.791745056878|0.79764903105|0.896194901669|0.891397862266|0.897763522474|0.836352433436|0.838334613348|0.82537574887|0.872804794205|0.859208110696|0.866702582492|0.904922976145|0.908623961569|0.897509617747|0.858170207956|0.829057642453|0.885899547539|0.83257372727|0.841272428611|0.834606018946|0.839147407389|0.880981119999|0.882118832011|0.877159889165|0.873232004186|0.878485422049|0.866833992751|0.807787723583|0.837347312811|0.842377779043|0.835748037961|0.844388683997|0.778375847526|0.539513623854|0.599737136024|0.599094576796|0.570453501786|0.566038195358|0.560628648979|0.567854011875|0.568722313533|0.56379409532|0.515087851582|0.545519108446|0.545123070203|0.538346700974|0.541201211192|0.47717377257|0.530914691495|0.524935118095|0.518304163632|0.533402036027|0.519997036981|0.503138658083|0.236933537649|0.243484968388|0.244845591412|0.240663920196|0.224338084586|0.217002625007|0.209978578726|0.0318321343207
0,15,11,tree_robustness,default,delayed,0|5|10|15|35|75|125|175|225,adjoint_lbfgsb,adjoint_lbfgsb,0,warm_start,,7.634253537524565,7.6343520194253145,9.84819007499027e-05,True,True,False,False,value_and_gradient,7.6343520194253145,584,584,382,64.1408417224884,CONVERGENCE: REL_REDUCTION_OF_F_<=_FACTR*EPSMCH,0|0|0|0|0|0|0|1|0.81994893678|0.84018714266|0.842618834837|0.614483895345|0.61555281987|0.622693701177|0.410735628296|1|0.957990901783|0.958148107598|0.965853594627|0.982448577176|0.712534753739|0.705591221353|0.701461145258|0.726644789486|0.725004177059|0.728315502577|0.47471854312|0.473830911089|0.477035418809|0.488047895492|0.284665937369|1|1|1|1|1|1|0.758669000067|0.791759105994|0.788779674686|0.775196125564|0.784214714991|0.792069966516|0.788971326983|0.786103667683|0.783610862999|0.786098048584|0.500948965492|0.500723169495|0.499593570408|0.4849727165|0.486908049465|0.486151451049|0.506567255876|0.504865372121|0.504684994849|0.515751560389|0.287333878584|0.287359524702|0.286783906886|0.286103263138|0.300514380059|0.125275292956|1|1|1|1|1|1|1|1|1|1|1|1|1|1|1|1|1|1|1|1|1|1|0.803812304523|0.828791862839|0.806665688045|0.791080417168|0.80663235001|0.809700525956|0.807627108099|0.826292894209|0.822293870236|0.821978540765|0.864398306678|0.865683885157|0.86336549033|0.829630828916|0.829823077748|0.832257379121|0.832478084074|0.831303519779|0.830258483466|0.808923208344|0.530472934242|0.531611563269|0.533762304949|0.504659452294|0.502356362444|0.49885501133|0.514254947952|0.515039777034|0.517813154887|0.537420564975|0.521716295377|0.518918387355|0.51876824487|0.523362640775|0.527985690325|0.288427835016|0.285627187813|0.285907372632|0.27041674788|0.276012621478|0.268310183587|0.0822897197369|1|1|1|1|1|1|1|1|1|1|1|1|1|1|1|1|1|1|1|1|1|1|1|1|1|1|1|1|1|1|1|1|1|1|1|1|1|1|1|1|1|1|1|1|1|1|1|1|1|1|1|1|1|1|1|1|1|1|1|1|1|1|1|1|0.701800323704|0.837697493361|0.819396953453|0.737059131238|0.844058267937|0.847999935539|0.846889179671|0.883518899686|0.884257881242|0.889552298496|0.918911461323|0.922357609102|0.91392396354|0.847461211938|0.849513388276|0.854929905531|0.829030724684|0.833195445675|0.841940830393|0.790353132081|0.877604845566|0.879148400199|0.882524029777|0.823798828681|0.827334530473|0.832979226275|0.808190535127|0.813742283505|0.820653757908|0.819722898309|0.785125341313|0.789284044256|0.793237879577|0.790511661985|0.759460645002|0.573281316999|0.572682576542|0.572596691168|0.536734404655|0.534749375077|0.534151591126|0.535330151004|0.534799172039|0.536442042991|0.538831564745|0.554320805537|0.552205019931|0.516523007054|0.515280561493|0.50243016572|0.540738909598|0.541553950053|0.543765196548|0.500406223417|0.487659352056|0.470506235847|0.250064907564|0.243005189362|0.242924662296|0.222354334159|0.217054282301|0.207476598107|0.201135448967|0.0291619484905
0,15,11,tree_robustness,default,delayed,0|5|10|15|35|75|125|175|225,adjoint_lbfgsb,adjoint_lbfgsb,1,structured_ramp,,7.552272953002926,7.634352217889953,0.08207926488702721,True,True,False,False,value_and_gradient,7.634352217889953,949,949,620,103.72620797157288,CONVERGENCE: REL_REDUCTION_OF_F_<=_FACTR*EPSMCH,0|0|0|0|0|0|0|1|0.819949839375|0.840311999315|0.842631676182|0.614720946138|0.615760593467|0.622925760385|0.410941182958|1|0.957915035202|0.95806954085|0.965770936793|0.982265204041|0.712554474519|0.705669783379|0.70132559369|0.726656556026|0.724909894546|0.728348554701|0.474525182983|0.47365862688|0.476845652002|0.488603876793|0.285303791713|1|1|1|1|1|1|0.758499797893|0.791438061728|0.788427830202|0.775095047428|0.784192508443|0.791443656932|0.788988285367|0.786148495072|0.783542644379|0.785934406075|0.50285510617|0.50225820471|0.500964511688|0.484438961725|0.486663462946|0.486170060865|0.506469860126|0.504790565108|0.504653525516|0.515603144144|0.288183497086|0.287847555324|0.287397953071|0.286222374869|0.300440652925|0.126352627196|1|1|1|1|1|1|1|1|1|1|1|1|1|1|1|1|1|1|1|1|1|1|0.810485252179|0.828557681256|0.806535477307|0.78768783771|0.80579881956|0.809998776155|0.808389844499|0.825750596508|0.821516679029|0.82116986105|0.865743644777|0.86745015455|0.863897669083|0.828867164089|0.829094420223|0.831554032684|0.832132354947|0.831088554282|0.830260325819|0.810404053727|0.530467399713|0.532742431086|0.535782470736|0.505530977651|0.501211208049|0.500814029869|0.511073247804|0.51376262978|0.518836535015|0.534760627365|0.524398316213|0.524593119766|0.515336233924|0.521077492457|0.523922372408|0.288882764474|0.288182355709|0.288046850396|0.270259905405|0.2752410365|0.267663324563|0.0817768919799|1|1|1|1|1|1|1|1|1|1|1|1|1|1|1|1|1|1|1|1|1|1|1|1|1|1|1|1|1|1|1|1|1|1|1|1|1|1|1|1|1|1|1|1|1|1|1|1|1|1|1|1|1|1|1|1|1|1|1|1|1|1|1|1|0.810598544005|0.90918902558|0.791733624056|0.793619782401|0.843083009971|0.846932291428|0.845838900244|0.888632456437|0.887804641774|0.890782055787|0.905180205833|0.908171631162|0.907048109473|0.853997825921|0.85407485449|0.856902852844|0.851145554729|0.850799742634|0.853607251435|0.808582504097|0.881885971519|0.884929886361|0.884314425476|0.831817057099|0.831676269755|0.834207169069|0.831238146576|0.831152319253|0.83418548092|0.848289643749|0.809833977055|0.810085012807|0.812347072651|0.826443451848|0.823249527103|0.583248866898|0.584639734759|0.583974591835|0.537201463314|0.536930362904|0.540160968063|0.523837436854|0.523857509117|0.526361717421|0.528936165496|0.54271904558|0.542789583156|0.510283122966|0.504497590286|0.500836458493|0.5307193774|0.53063680464|0.532807803481|0.488981098186|0.486025931964|0.469777528073|0.264462920232|0.264346961962|0.266178774353|0.228840723335|0.203788946708|0.187492634578|0.178408924188|0.0322749234018
0,15,11,tree_robustness,default,delayed,0|5|10|15|35|75|125|175|225,adjoint_lbfgsb,adjoint_lbfgsb,2,structured_sigmoid,,7.531403210104171,7.6343520915125085,0.10294888140833791,True,True,False,False,value_and_gradient,7.6343520915125085,617,617,388,67.42313647270203,CONVERGENCE: REL_REDUCTION_OF_F_<=_FACTR*EPSMCH,0|0|0|0|0|0|0|1|0.81992045705|0.840355491353|0.842650576862|0.614604208424|0.615685213976|0.622780389931|0.41107437532|1|0.957901327611|0.958096826329|0.965849002304|0.982266142562|0.712446119389|0.705616467517|0.701467140558|0.726655502006|0.724881227295|0.728464031666|0.474617446327|0.473721130971|0.476968377996|0.48853663125|0.285611187327|1|1|1|1|1|1|0.758662936986|0.791596353134|0.788955237624|0.775226223731|0.784175303939|0.791762846872|0.789015331823|0.785986280796|0.783811010021|0.78609373456|0.502731244143|0.502142891491|0.500642833325|0.48469374163|0.486938388802|0.486918580347|0.506133813165|0.504548698361|0.50446098651|0.51563906405|0.288203091391|0.287907727454|0.286818303437|0.286625653658|0.300188039257|0.125698583974|1|1|1|1|1|1|1|1|1|1|1|1|1|1|1|1|1|1|1|1|1|1|0.8111003147|0.828014129231|0.806846678493|0.789619854679|0.807301007743|0.811343000476|0.809821327053|0.82700571713|0.822708059476|0.822363858142|0.867063604476|0.868803193752|0.865108399422|0.829851105585|0.83007550867|0.832607386462|0.832108494778|0.831074659232|0.830277683376|0.808941581445|0.529941459875|0.532219761538|0.535266100562|0.507616014464|0.502507670178|0.500447505041|0.510038274447|0.512725976198|0.517879228235|0.531523946079|0.523119927202|0.522543444096|0.514822373678|0.517708148541|0.517727284092|0.292150246871|0.29129017855|0.291045318212|0.272217211319|0.272210624351|0.264468597764|0.0785501441194|1|1|1|1|1|1|1|1|1|1|1|1|1|1|1|1|1|1|1|1|1|1|1|1|1|1|1|1|1|1|1|1|1|1|1|1|1|1|1|1|1|1|1|1|1|1|1|1|1|1|1|1|1|1|1|1|1|1|1|1|1|1|1|1|0.82094006731|0.895070217145|0.800394952875|0.802027407789|0.841781172826|0.845762872084|0.844540612139|0.886243892843|0.885341759674|0.888390376239|0.902955022988|0.906051680862|0.904861346467|0.850585526342|0.850465267572|0.853539216853|0.847803910137|0.847484660323|0.850124665146|0.800280207987|0.879214935145|0.882413027207|0.881678762903|0.827024592345|0.826804084322|0.829422089113|0.824068546972|0.824047363251|0.826995677363|0.842235190957|0.799179262614|0.799127684618|0.80143023441|0.815421533268|0.810484212363|0.596495165003|0.597480484285|0.596695404091|0.546048299062|0.545721595925|0.549955425001|0.521702079394|0.521854328176|0.524780765591|0.518622002276|0.52703517596|0.526670302694|0.504833376805|0.490695756127|0.473973349678|0.521500518179|0.521508691215|0.524051205085|0.473200042259|0.457306139978|0.436907943572|0.287872976479|0.287930424098|0.290377093319|0.241245446188|0.203884894812|0.183586000022|0.173807492545|0.0650638264204
0,15,11,tree_robustness,default,delayed,0|5|10|15|35|75|125|175|225,adjoint_lbfgsb,adjoint_lbfgsb,3,structured_constant,,7.615075926824912,7.634352116776629,0.019276189951717093,True,True,False,False,value_and_gradient,7.634352116776629,936,936,565,102.6818175315857,CONVERGENCE: REL_REDUCTION_OF_F_<=_FACTR*EPSMCH,0|0|0|0|0|0|0|1|0.819988046688|0.840226592355|0.842626023578|0.614494665268|0.615580767613|0.62279742233|0.410953044793|1|0.957909385522|0.958036830469|0.96590003751|0.98227602004|0.712455550708|0.705745332285|0.701408113394|0.726612544668|0.72480445842|0.728349926074|0.474708323867|0.473807758776|0.476718324375|0.48873808639|0.285187132445|1|1|1|1|1|1|0.758753456507|0.791449366993|0.78836934868|0.775270815735|0.78392606991|0.791965983488|0.789018049803|0.785793299876|0.783467504809|0.78588980434|0.502354734516|0.501778596784|0.500362435738|0.485032266355|0.487331135083|0.486531103442|0.506785784047|0.505054446492|0.505026088666|0.515400811785|0.288510866745|0.288380765022|0.287190117315|0.286224186715|0.300875288011|0.127981045244|1|1|1|1|1|1|1|1|1|1|1|1|1|1|1|1|1|1|1|1|1|1|0.811672073206|0.828934675028|0.807099000724|0.787979354386|0.805130290704|0.809182125294|0.807627052|0.82610648527|0.821969399451|0.82160613686|0.864102138861|0.865597998478|0.862194195094|0.829339842957|0.829533356367|0.831920990556|0.831438030882|0.830392406521|0.829481213732|0.808188242108|0.530790196413|0.533106190867|0.536153273601|0.504682879079|0.500612777335|0.501445147573|0.510034965599|0.512725253475|0.517884971492|0.533361514865|0.520026708329|0.520869119106|0.514991221309|0.51923071978|0.520219340561|0.283787571819|0.28312150962|0.283087624036|0.268582854942|0.278365652266|0.272089042271|0.082971306058|1|1|1|1|1|1|1|1|1|1|1|1|1|1|1|1|1|1|1|1|1|1|1|1|1|1|1|1|1|1|1|1|1|1|1|1|1|1|1|1|1|1|1|1|1|1|1|1|1|1|1|1|1|1|1|1|1|1|1|1|1|1|1|1|0.807315338368|0.901082906368|0.790675713274|0.792282458596|0.842823681239|0.846453340371|0.84544103209|0.887049207033|0.8862573659|0.889121643659|0.902686744444|0.905573512175|0.904505236711|0.85385132189|0.853799936942|0.856627765068|0.847935387093|0.847650990391|0.850067496201|0.801677754377|0.880872677035|0.883848370624|0.883203121048|0.832209284674|0.831998377314|0.834602963737|0.826460780942|0.826432169136|0.829286005719|0.837175778178|0.802154708373|0.801766871907|0.804117386478|0.811798770204|0.797408080383|0.597351913125|0.598521477924|0.597830658969|0.551311901748|0.550980612605|0.554297092049|0.535888757986|0.536064867616|0.538580884394|0.536959534342|0.5441693492|0.544029844926|0.518466306448|0.51201821097|0.500028962735|0.539572161926|0.539630923799|0.5418700575|0.496235592684|0.484187282301|0.464193453692|0.304809923683|0.304908351268|0.306796913622|0.265939040823|0.238528047218|0.221984024914|0.213043710988|0.104792093016
0,15,11,tree_robustness,default,delayed,0|5|10|15|35|75|125|175|225,adjoint_lbfgsb,adjoint_lbfgsb,4,warm_start_perturbed,,7.633569446152512,7.634352057726979,0.0007826115744666851,True,True,False,False,value_and_gradient,7.634352057726979,535,535,345,59.2702522277832,CONVERGENCE: REL_REDUCTION_OF_F_<=_FACTR*EPSMCH,0|0|0|0|0|0|0|1|0.819995143893|0.840246397553|0.842662043916|0.614512256555|0.615541866103|0.622763626564|0.410946172965|1|0.957892497284|0.958072286395|0.965770772067|0.982340590813|0.712446943452|0.70575398387|0.701374771195|0.726676592709|0.724870142565|0.728272449975|0.474693737524|0.4738399946|0.47658105413|0.488857399291|0.284608648806|1|1|1|1|1|1|0.758681165367|0.791430597122|0.787662338099|0.775073873422|0.784766104918|0.791395214648|0.789045939761|0.786263089665|0.783593141397|0.786479201488|0.502385368227|0.501817967562|0.50034980059|0.48483088383|0.487271086505|0.486628365394|0.506732874104|0.50464414969|0.503426425745|0.514838854792|0.28813443398|0.287895969377|0.285901201295|0.286185669126|0.300498468295|0.125635625945|1|1|1|1|1|1|1|1|1|1|1|1|1|1|1|1|1|1|1|1|1|1|0.811825186135|0.828026767253|0.806057707387|0.787344958356|0.805177682845|0.808037673286|0.808019762288|0.825926514409|0.82224828317|0.82157949326|0.865752194118|0.867301343117|0.861215368043|0.828993440785|0.830030818826|0.832397771896|0.83173078143|0.831590708718|0.832834770895|0.811821111986|0.530313972166|0.532818799873|0.535953220033|0.504363450671|0.501954874703|0.501049715429|0.509262712883|0.511794853793|0.517237740451|0.533610669316|0.524206365489|0.523999392673|0.516052154393|0.520337409141|0.524250607217|0.287422845804|0.28806404725|0.290688186705|0.271176867271|0.274771815358|0.266584562932|0.0830265977467|1|1|1|1|1|1|1|1|1|1|1|1|1|1|1|1|1|1|1|1|1|1|1|1|1|1|1|1|1|1|1|1|1|1|1|1|1|1|1|1|1|1|1|1|1|1|1|1|1|1|1|1|1|1|1|1|1|1|1|1|1|1|1|1|0.722206679437|0.830649374428|0.826430173172|0.733538504268|0.84241590135|0.84654639824|0.846683917179|0.871916950484|0.884489567543|0.883044336922|0.917679627641|0.909350533127|0.913620983829|0.82979751822|0.856677003125|0.840823264034|0.836307316578|0.858357423369|0.839256633369|0.806925588512|0.877480729388|0.878886728501|0.882244318814|0.834022719678|0.841986135735|0.832171763956|0.820893144383|0.804858166972|0.834973992981|0.854652529535|0.795928413702|0.801825687964|0.78100876146|0.812247742087|0.775505283851|0.570633673191|0.576283288388|0.5803614162|0.534286367338|0.530428668772|0.516555850729|0.535160682967|0.513411820521|0.530038415672|0.53572919843|0.553326044404|0.552277047477|0.523593842317|0.515783684588|0.500900983089|0.541788464555|0.540738802658|0.544521988336|0.50094289868|0.495492608055|0.47409888966|0.263419332474|0.221600640628|0.280288619061|0.227865006725|0.200396268672|0.205552330356|0.192005267783|0.0171283666973
0,15,11,tree_robustness,default,delayed,0|5|10|15|35|75|125|175|225,adjoint_lbfgsb,adjoint_lbfgsb,5,warm_start_perturbed,,7.633553132477759,7.634352194508925,0.0007990620311666419,True,True,False,False,value_and_gradient,7.634352194508925,1377,1377,744,149.2172360420227,CONVERGENCE: REL_REDUCTION_OF_F_<=_FACTR*EPSMCH,0|0|0|0|0|0|0|1|0.819922739314|0.840219818221|0.842599994008|0.614550917588|0.615723598076|0.622688442202|0.410876698929|1|0.957891065359|0.958037316726|0.965843351935|0.982272090338|0.712443498624|0.705653264371|0.701368697422|0.726757972491|0.725056145183|0.728322088062|0.474661195235|0.473689303293|0.47655770475|0.48838250994|0.28452994787|1|1|1|1|1|1|0.758619119433|0.791571647441|0.78831795228|0.775216212273|0.784126670375|0.79185431009|0.789003235248|0.786393656094|0.783626531394|0.786070164875|0.502180469845|0.501847085844|0.500251579899|0.484542410521|0.486408051772|0.486370601635|0.506490348365|0.505291468341|0.504494545168|0.51562869697|0.288415652792|0.287296995463|0.286437923518|0.285969611878|0.300658913843|0.126575910527|1|1|1|1|1|1|1|1|1|1|1|1|1|1|1|1|1|1|1|1|1|1|0.813022847861|0.82834948411|0.808386791628|0.788072380879|0.804612016347|0.808034154587|0.808085853878|0.827089407949|0.821717326735|0.82152077517|0.867594202307|0.868200440652|0.864063013249|0.830524906631|0.829579013636|0.832012186962|0.834931359925|0.830393528461|0.828787664135|0.807827692615|0.533022384622|0.535649488242|0.53677432658|0.503496950767|0.50071489169|0.501043874618|0.509426066682|0.513405378114|0.51739813158|0.535021256593|0.523471879534|0.524317978825|0.516070012107|0.521997502162|0.524935967758|0.288763846545|0.286633157099|0.287083632984|0.27109328969|0.274381574388|0.265897989745|0.0822112862726|1|1|1|1|1|1|1|1|1|1|1|1|1|1|1|1|1|1|1|1|1|1|1|1|1|1|1|1|1|1|1|1|1|1|1|1|1|1|1|1|1|1|1|1|1|1|1|1|1|1|1|1|1|1|1|1|1|1|1|1|1|1|1|1|0.733212151778|0.856074056869|0.787178747337|0.753258400982|0.840806985716|0.847016965636|0.845491643285|0.889012182511|0.88679498717|0.891037627622|0.904988429274|0.908033773037|0.906988954188|0.853356032113|0.853925604859|0.856841905649|0.848823861447|0.84907993562|0.851771162133|0.801717747872|0.882003761777|0.884853325119|0.883019980774|0.831920673502|0.830476049132|0.832724275641|0.82619717933|0.824890039244|0.829661715435|0.841004572482|0.801650793669|0.801384550843|0.803354706334|0.811347984846|0.805997346002|0.578471751738|0.566400685952|0.582604151358|0.534946018509|0.531252897893|0.537434848202|0.532466386443|0.532323476983|0.528579025296|0.537322327619|0.552545025668|0.551047674543|0.517832408512|0.513985176706|0.507080828866|0.542866996485|0.543814959503|0.545012626759|0.502810290122|0.493072654981|0.475898203116|0.265696407989|0.235629880618|0.248456143333|0.197160712703|0.222938260743|0.201715865632|0.21075343864|0.032188616708
0,15,11,tree_robustness,default,delayed,0|5|10|15|35|75|125|175|225,adjoint_lbfgsb,adjoint_lbfgsb,6,warm_start_perturbed,,7.633479706269137,7.6343520582117925,0.0008723519426556692,True,True,False,False,value_and_gradient,7.6343520582117925,446,446,292,49.5642409324646,CONVERGENCE: REL_REDUCTION_OF_F_<=_FACTR*EPSMCH,0|0|0|0|0|0|0|1|0.819905762238|0.840255657789|0.842624109023|0.614452071915|0.615795998589|0.622744590381|0.410986843623|1|0.9579462943|0.957999804849|0.965837162098|0.98233141067|0.712443951622|0.705887173216|0.701183152551|0.72666953458|0.725186832206|0.72826371036|0.474743642068|0.47362927809|0.47639951234|0.48839439949|0.285142338656|1|1|1|1|1|1|0.759240188292|0.791730081244|0.788348916551|0.775394747679|0.784096501429|0.791867294818|0.788795279176|0.785903405703|0.78374990002|0.786122383757|0.502867050446|0.50199492377|0.500423439179|0.484976780043|0.485920191191|0.48636743255|0.506716450537|0.504675116229|0.504553762913|0.516208445297|0.287976727293|0.287235623042|0.286506934104|0.286714422382|0.300156052856|0.124768854819|1|1|1|1|1|1|1|1|1|1|1|1|1|1|1|1|1|1|1|1|1|1|0.812192103329|0.830269974769|0.805199319333|0.790638325678|0.80450211481|0.807152320471|0.808157335278|0.826052152514|0.822824675162|0.821910719139|0.865573086464|0.867592012427|0.863871557025|0.829208105783|0.830679240366|0.831726337047|0.834459101476|0.832972215265|0.83225332653|0.808878900595|0.530379596256|0.531984686261|0.535054893871|0.504168587467|0.499707177774|0.500804612688|0.508101678097|0.512052969787|0.517049257881|0.534517412152|0.524983874614|0.524823453761|0.514028108421|0.519744159034|0.522904246067|0.291168009659|0.284519746844|0.283065241157|0.271493862584|0.274691948138|0.26730375444|0.0855550773867|1|1|1|1|1|1|1|1|1|1|1|1|1|1|1|1|1|1|1|1|1|1|1|1|1|1|1|1|1|1|1|1|1|1|1|1|1|1|1|1|1|1|1|1|1|1|1|1|1|1|1|1|1|1|1|1|1|1|1|1|1|1|1|1|0.689563710956|0.851208729556|0.774447951783|0.743224629108|0.839267172115|0.840290815963|0.844908568382|0.886404215756|0.873845669655|0.892381892328|0.906820813296|0.907822391274|0.908963157986|0.842464195267|0.854380161753|0.861702761551|0.831770571745|0.83926708363|0.825032560987|0.797394237056|0.87817231334|0.886554900826|0.886967032695|0.818886643602|0.826572776018|0.833078874412|0.81300499937|0.813826591201|0.811990499902|0.847744396462|0.7887192193|0.810927970741|0.807824648123|0.825047961875|0.783082722111|0.568532844769|0.554263081438|0.576444817016|0.540746585305|0.534261001965|0.547329940679|0.534656662771|0.549221357215|0.537843626345|0.544582194384|0.549479845177|0.54844363072|0.527543495218|0.520522369017|0.506620231715|0.541361470883|0.547816610592|0.542687791267|0.506249157268|0.491838257376|0.476281257658|0.254630735233|0.241604890409|0.227738005693|0.233549640965|0.185482851074|0.240572711359|0.20043446836|0.0306143106351
0,15,11,tree_robustness,default,delayed,0|5|10|15|35|75|125|175|225,adjoint_lbfgsb,adjoint_lbfgsb,7,warm_start_perturbed,,7.633410476214055,7.634351994997261,0.0009415187832058081,True,True,False,False,value_and_gradient,7.634351994997261,536,536,344,59.33370494842529,CONVERGENCE: REL_REDUCTION_OF_F_<=_FACTR*EPSMCH,0|0|0|0|0|0|0|1|0.820003783213|0.840179969671|0.842629685926|0.614488716562|0.615664231938|0.622605954057|0.410786685445|1|0.957890355295|0.958074969563|0.965816147539|0.98227131849|0.712434008282|0.705690238878|0.701353337249|0.726772764549|0.725093386911|0.728310573296|0.47471325473|0.47373852971|0.476507553716|0.488333213539|0.284846460061|1|1|1|1|1|1|0.758696845401|0.791390306095|0.788472158076|0.775705305202|0.784083642458|0.791925007776|0.788750915291|0.785958308411|0.783523403722|0.786169933824|0.501432438528|0.500470787561|0.501538793302|0.484634542926|0.486439396426|0.485125589571|0.506394973874|0.504799055778|0.504366482626|0.515540195878|0.287577802381|0.287490959297|0.286434242968|0.284926880955|0.300060773159|0.125725742434|1|1|1|1|1|1|1|1|1|1|1|1|1|1|1|1|1|1|1|1|1|1|0.811831823309|0.82899277055|0.807983842185|0.793232013371|0.806346094489|0.806640904926|0.80824209817|0.826428418452|0.822476025416|0.822085249627|0.86578848756|0.869508864009|0.864292890652|0.829537179976|0.829749158429|0.832205322172|0.830500664988|0.831312764141|0.829931345104|0.80916228465|0.530322689091|0.531456491102|0.534166673242|0.506826655246|0.500084182459|0.499756807887|0.507788292478|0.509039089272|0.517107872787|0.53393305502|0.52368520238|0.523652168472|0.515334909946|0.519051301471|0.523217473766|0.288646520846|0.287467393913|0.285697125317|0.271011562812|0.273326463298|0.271802042437|0.0838345036883|1|1|1|1|1|1|1|1|1|1|1|1|1|1|1|1|1|1|1|1|1|1|1|1|1|1|1|1|1|1|1|1|1|1|1|1|1|1|1|1|1|1|1|1|1|1|1|1|1|1|1|1|1|1|1|1|1|1|1|1|1|1|1|1|0.696363397747|0.834105330514|0.807388623454|0.730659853001|0.841549872396|0.848329466039|0.839064136016|0.877195141317|0.89009478264|0.889479740611|0.90735440005|0.910403158374|0.908736755187|0.850667802885|0.850061862944|0.847185862688|0.856311897421|0.828420280638|0.831912986406|0.793674399388|0.885132206804|0.886353309187|0.885918145699|0.82174719876|0.830744309589|0.823877891518|0.80743222456|0.80844332204|0.806205379395|0.816586375073|0.773505180411|0.810285483118|0.805251718575|0.808939864954|0.755123120254|0.568450476239|0.587452281701|0.564116786259|0.527150838398|0.554310941115|0.521053719533|0.545466506663|0.535406657346|0.5320916576|0.544222690322|0.553889192206|0.55012755475|0.517232691708|0.519877325629|0.503576068206|0.541225757753|0.548227843192|0.536886886193|0.50372697965|0.491102139869|0.476034478807|0.215883874974|0.24314317216|0.256888986555|0.226782541138|0.226592093835|0.189462817375|0.198769001567|0.0104236626596
0,10,8,tree_robustness,back_loaded_decisions,delayed,0|5|10|15|50|100|150|200|225,adjoint_lbfgsb,adjoint_lbfgsb,0,warm_start,,7.647062520535459,7.647120743724726,5.82231892671814e-05,True,True,False,False,value_and_gradient,7.647120743724726,912,912,496,95.45274043083191,CONVERGENCE: REL_REDUCTION_OF_F_<=_FACTR*EPSMCH,0|0|0|0.876788826278|0.685117093043|0.70620920257|0.496262664295|0.970848690113|0.776938804775|0.792449071523|0.793081255392|0.586572172561|0.586318502652|0.59374337123|0.390960394717|1|0.904426833427|0.90568656483|0.910419957684|0.927889994715|0.639547352753|0.631623734502|0.625285634787|0.662600592571|0.660028313267|0.662739108238|0.410411379314|0.409674154064|0.415190381238|0.424573693225|0.226284964019|1|1|1|1|1|1|0.917223074707|0.948103909695|0.946383018903|0.936716443668|0.944239324172|0.951311315133|0.944229164403|0.928574599229|0.927295811404|0.926212518826|0.59358719134|0.588357974722|0.586435502466|0.602381054098|0.599849923404|0.602709960174|0.624463085551|0.618639243171|0.624729325914|0.613353562078|0.356195433581|0.356156297798|0.355014262025|0.361652549296|0.347532184729|0.16528879362|1|1|1|1|1|1|1|1|1|1|1|1|1|1|1|1|1|1|1|1|1|1|0.853993214404|0.91256663205|0.907383405853|0.906663771382|0.930823777694|0.930236650483|0.929606548414|0.921249437481|0.921139851764|0.907481811668|0.937768517256|0.930670916565|0.927834064356|0.923379221541|0.924704890625|0.918630137072|0.91956644889|0.907877031257|0.92404379702|0.863520349169|0.564132496502|0.554498417516|0.557006711904|0.577790976199|0.576098601531|0.572751036532|0.595328495366|0.598300801277|0.594401108427|0.584733125625|0.585087858979|0.585252392276|0.577797483909|0.569285950878|0.538865584113|0.318123746315|0.322726633897|0.300390238363|0.308498582221|0.290333565269|0.304030803745|0.0926191284198|1|1|1|1|1|1|1|1|1|1|1|1|1|1|1|1|1|1|1|1|1|1|1|1|1|1|1|1|1|1|1|1|1|1|1|1|1|1|1|1|1|1|1|1|1|1|1|1|1|1|1|1|1|1|1|1|1|1|1|1|1|1|1|1|0.317666391942|0.547021850735|0.680882968039|0.678603502224|0.839664400667|0.834651180015|0.813849361602|0.850186911251|0.85524834861|0.84189750545|0.808626311133|0.807570529921|0.806676072093|0.816154958516|0.822117057953|0.811200530105|0.830598119898|0.834338495029|0.809673353433|0.693585818198|0.799824815568|0.794290639381|0.796695658173|0.798355580174|0.80556727016|0.773021163373|0.793408581781|0.80709515003|0.809599902384|0.761520284083|0.782490250489|0.789779638681|0.780297568457|0.708050941964|0.633254959778|0.525952419466|0.526656892861|0.524772545607|0.50769269683|0.511731757217|0.515703218392|0.519738912709|0.51803367454|0.501138756487|0.486632053244|0.49678783437|0.494039008005|0.487132189764|0.464950818867|0.423413125129|0.486099605181|0.484677504328|0.485531213898|0.454000858151|0.413531020415|0.435913612538|0.161542552024|0.240945726652|0.241814318903|0.201341094406|0.19286698628|0.182825142661|0.182228411389|0.04806362123
0,10,8,tree_robustness,back_loaded_decisions,delayed,0|5|10|15|50|100|150|200|225,adjoint_lbfgsb,adjoint_lbfgsb,1,structured_ramp,,7.5742439426624735,7.647120730662884,0.07287678800041064,True,True,False,False,value_and_gradient,7.647120730662884,888,888,581,94.5386757850647,CONVERGENCE: REL_REDUCTION_OF_F_<=_FACTR*EPSMCH,0|0|0|0.876805837225|0.685114405373|0.706380109782|0.496192807402|0.970863136304|0.776845873771|0.792384338894|0.793089826933|0.586644145709|0.58640297681|0.593856820854|0.390875011513|1|0.90437347448|0.905767798867|0.910554310086|0.927855276955|0.639605283902|0.63167158932|0.625339117519|0.662614832699|0.659901310704|0.662683358756|0.410587381219|0.409923711522|0.415736636615|0.424621651565|0.226297939733|1|1|1|1|1|1|0.918345031087|0.948314996292|0.946612959403|0.937071977685|0.943884275838|0.951253221679|0.944169778437|0.929014095651|0.927836877087|0.926308294896|0.593954589693|0.588907427507|0.587048152717|0.602796949486|0.599509070682|0.601794141061|0.624383249469|0.617860445795|0.625545633779|0.612925564727|0.357023520981|0.356948267165|0.355992527409|0.360418639213|0.346937669539|0.161561814793|1|1|1|1|1|1|1|1|1|1|1|1|1|1|1|1|1|1|1|1|1|1|0.859171996311|0.912908544756|0.907841673985|0.907022758601|0.930292084225|0.929747940377|0.928580154907|0.920333205629|0.918692751156|0.904415378587|0.937343134126|0.929715080621|0.927052189914|0.921731970397|0.922217908505|0.912812975969|0.918331448347|0.907366964653|0.924660668939|0.867975739241|0.5612907769|0.556514052858|0.558956336748|0.579045005726|0.574983572966|0.567808693549|0.596136715899|0.599627178475|0.595905821227|0.584740136121|0.586082131354|0.58683837783|0.579289981473|0.5690595927|0.540028040137|0.314265655057|0.313735550279|0.307848494541|0.302923345065|0.283625755329|0.295860868314|0.0967046287878|1|1|1|1|1|1|1|1|1|1|1|1|1|1|1|1|1|1|1|1|1|1|1|1|1|1|1|1|1|1|1|1|1|1|1|1|1|1|1|1|1|1|1|1|1|1|1|1|1|1|1|1|1|1|1|1|1|1|1|1|1|1|1|1|0.68282614898|0.783989237209|0.781360900716|0.78404107443|0.850410347266|0.844411543194|0.844190147776|0.851048210473|0.851555842487|0.839068573578|0.821898780971|0.813542696313|0.813469193283|0.814120236326|0.814473790177|0.802019229972|0.825982368703|0.823101700078|0.815121935687|0.70192123037|0.805110347451|0.796192327699|0.796469169752|0.792337657531|0.792831710104|0.780027174311|0.803033007681|0.803777696166|0.791625557396|0.745171526482|0.76756579998|0.768818499157|0.755434017665|0.710752613364|0.65328162944|0.589292761035|0.578216742922|0.578544936487|0.541084604924|0.541241961778|0.532385993533|0.521716255966|0.522556454579|0.511643513053|0.449453111099|0.490554368321|0.491255885695|0.479188116823|0.419529585892|0.3669996569|0.476461332393|0.477603817793|0.46533076921|0.403499435737|0.351834681923|0.363303813003|0.317034536876|0.318159241482|0.306945949888|0.22870858023|0.182919312331|0.172155162626|0.161466845773|0.0429644264511
0,10,8,tree_robustness,back_loaded_decisions,delayed,0|5|10|15|50|100|150|200|225,adjoint_lbfgsb,adjoint_lbfgsb,2,structured_sigmoid,,7.551497800509803,7.647120834343451,0.09562303383364856,True,True,False,False,value_and_gradient,7.647120834343451,914,914,602,97.46897029876709,CONVERGENCE: REL_REDUCTION_OF_F_<=_FACTR*EPSMCH,0|0|0|0.876799335089|0.685015284087|0.706244357306|0.496231942673|0.970822768804|0.776938183657|0.792406413174|0.793055308542|0.586563214208|0.586241626863|0.593825273965|0.39086553363|1|0.904513250447|0.905714546403|0.910523268522|0.927755224148|0.639501956215|0.631610706807|0.625270683291|0.662656771191|0.660058753268|0.662741459842|0.410451371691|0.409837342953|0.415342231439|0.424738889939|0.226995726493|1|1|1|1|1|1|0.916424625727|0.948207447052|0.946524125666|0.936891756758|0.9441651116|0.951211358944|0.944195943652|0.928865408631|0.927422671489|0.926754306575|0.59317667939|0.588693817599|0.586463842679|0.603661673857|0.60036931632|0.602873616006|0.624381700415|0.617841154628|0.623546699422|0.613673963232|0.357617279934|0.357634111944|0.35674138019|0.359890884286|0.349399530675|0.163515113464|1|1|1|1|1|1|1|1|1|1|1|1|1|1|1|1|1|1|1|1|1|1|0.857013796445|0.91187367545|0.906427450059|0.905741110182|0.928816718405|0.928295775564|0.926875927906|0.92209602843|0.921140834874|0.907847135177|0.935862536523|0.928901590187|0.925410094212|0.924034641201|0.924594705079|0.918574591081|0.919757979802|0.909371581498|0.92692463409|0.866717200883|0.560050012045|0.555795079842|0.558151400513|0.579393828479|0.575461980997|0.568261000879|0.594322718458|0.597803059613|0.593978370639|0.585714021424|0.583889471932|0.584568224033|0.576809701312|0.570768340492|0.543483769784|0.303145745473|0.302681151798|0.297812162781|0.307623035631|0.288352758159|0.302038072659|0.0835384174039|1|1|1|1|1|1|1|1|1|1|1|1|1|1|1|1|1|1|1|1|1|1|1|1|1|1|1|1|1|1|1|1|1|1|1|1|1|1|1|1|1|1|1|1|1|1|1|1|1|1|1|1|1|1|1|1|1|1|1|1|1|1|1|1|0.668594327592|0.779482345544|0.775911775528|0.778715743219|0.847095323261|0.840245727139|0.839809135091|0.845886174464|0.846419294084|0.834549594303|0.815438203254|0.806663324924|0.806582429636|0.812160805494|0.812586588318|0.801570960909|0.835601725478|0.836713489593|0.823414009033|0.740236799815|0.797967364383|0.78906289612|0.789361027982|0.794316711249|0.794303285378|0.783275957297|0.81503286967|0.815696434488|0.806125102717|0.788837605399|0.788315790502|0.789455329128|0.77953256523|0.768465190662|0.735440395807|0.552264592631|0.541624526499|0.541885860749|0.516486720237|0.516713503674|0.508107712522|0.509524255862|0.510310425126|0.501018634744|0.463695479893|0.483242925318|0.484190111084|0.474154765559|0.44021736852|0.400055371128|0.471357168946|0.472476417274|0.462450499075|0.428527791263|0.38917867435|0.414658264755|0.271391423296|0.272504734499|0.262758386019|0.200839606283|0.164858554694|0.157552932478|0.149758626951|0.0427606331065
0,10,8,tree_robustness,back_loaded_decisions,delayed,0|5|10|15|50|100|150|200|225,adjoint_lbfgsb,adjoint_lbfgsb,3,structured_constant,,7.628683315566727,7.647120813854851,0.018437498288124132,True,True,False,False,value_and_gradient,7.647120813854851,630,630,507,68.33302021026611,CONVERGENCE: REL_REDUCTION_OF_F_<=_FACTR*EPSMCH,0|0|0|0.876865480657|0.685004969757|0.706271719571|0.496130699517|0.97084591332|0.776831820206|0.792379066407|0.793083364597|0.5864672857|0.586190064029|0.59381404516|0.39096088169|1|0.904382658461|0.905740264105|0.910520454958|0.927837378525|0.639608034819|0.631696027112|0.625353154008|0.662527722632|0.659890269939|0.662593287884|0.410162805062|0.409821170318|0.415297426593|0.424700031392|0.226265664921|1|1|1|1|1|1|0.917159695628|0.94806731198|0.946418940773|0.937051029234|0.9446022099|0.951366559411|0.944223262184|0.928428597523|0.927126019018|0.925938579893|0.593836864625|0.588953237829|0.586936737297|0.60298693706|0.599635089559|0.602196134141|0.624730692861|0.617159635467|0.624033062148|0.612378871077|0.356217321583|0.35614666862|0.355107115811|0.361272196453|0.347653515734|0.165253669529|1|1|1|1|1|1|1|1|1|1|1|1|1|1|1|1|1|1|1|1|1|1|0.857544119083|0.911782769628|0.906500883369|0.905780353655|0.932629768237|0.931993322817|0.930570469388|0.921442056105|0.920425490164|0.906990520027|0.939402007804|0.932190469681|0.928686257632|0.923221499633|0.923761751228|0.917653544073|0.921191368697|0.911215886015|0.926103743769|0.866902464748|0.561811314029|0.557234496937|0.559662048193|0.579820293628|0.575826191442|0.568761059332|0.597955018432|0.601404153169|0.59764210797|0.585687936936|0.588063096028|0.588786191132|0.581276033896|0.56978113853|0.53989565181|0.310576175288|0.310121532446|0.305660817362|0.308761343661|0.287173476598|0.302335129586|0.0879702579944|1|1|1|1|1|1|1|1|1|1|1|1|1|1|1|1|1|1|1|1|1|1|1|1|1|1|1|1|1|1|1|1|1|1|1|1|1|1|1|1|1|1|1|1|1|1|1|1|1|1|1|1|1|1|1|1|1|1|1|1|1|1|1|1|0.654333923816|0.772750425403|0.77008163476|0.772118742414|0.848434493282|0.842491341756|0.842275383212|0.855689768697|0.856240655867|0.844223776105|0.820614038182|0.812604056624|0.812645119281|0.821059245703|0.821582546062|0.809927499769|0.83827844272|0.838385419133|0.827680574682|0.721593006197|0.804721680987|0.796416129079|0.796699751926|0.802438981147|0.802722504106|0.790917523452|0.818717118609|0.819687294493|0.808392235621|0.768314734543|0.786572473206|0.788118868189|0.775848982481|0.737770173416|0.685101752753|0.565930473915|0.557039661228|0.557269456856|0.535840095237|0.536093599515|0.528022286802|0.527072872509|0.527968736574|0.518603179076|0.472281514246|0.500740334045|0.501709364574|0.491428634319|0.446979498614|0.401440773318|0.489229173126|0.490458917043|0.480109425841|0.434512102772|0.389733316032|0.405520400577|0.313751234079|0.314841752277|0.30578668884|0.245447343399|0.207259801108|0.20127133558|0.192958064939|0.108688311291
0,10,8,tree_robustness,back_loaded_decisions,delayed,0|5|10|15|50|100|150|200|225,adjoint_lbfgsb,adjoint_lbfgsb,4,warm_start_perturbed,,7.6463090535045,7.647120748259838,0.0008116947553382658,True,True,False,False,value_and_gradient,7.647120748259838,860,860,510,90.68164896965027,CONVERGENCE: REL_REDUCTION_OF_F_<=_FACTR*EPSMCH,0|0|0|0.876814445156|0.685017639787|0.706374756954|0.496228663351|0.970825592329|0.776824022156|0.792379819261|0.793094831719|0.586529718485|0.586385453737|0.593763530385|0.39092627173|1|0.904410401548|0.905799370343|0.910566921765|0.927839685059|0.639529798495|0.631630180299|0.625257520674|0.662668336691|0.659899625946|0.662689147319|0.410496793737|0.409641381234|0.415257802595|0.424750872355|0.22642122575|1|1|1|1|1|1|0.917407557287|0.948275858741|0.946696312286|0.936878649277|0.944094820764|0.951318399852|0.944225280306|0.928958641531|0.928114576331|0.926530519333|0.593742170845|0.588945576669|0.586779646104|0.603366191482|0.600257214368|0.60221604213|0.623547771836|0.617948422972|0.623933694168|0.614414525841|0.355860708272|0.356702433108|0.354860947314|0.361077346647|0.347738839081|0.165965026925|1|1|1|1|1|1|1|1|1|1|1|1|1|1|1|1|1|1|1|1|1|1|0.86153623931|0.911980093749|0.906815385175|0.906438058456|0.929789606663|0.928914212881|0.927777063774|0.921303325714|0.921156073506|0.907528929913|0.936555102336|0.929588577431|0.92572890949|0.922087216968|0.923709111199|0.918933783422|0.921523963481|0.908596215068|0.924037634051|0.864860098186|0.560916383017|0.55810325091|0.559497779325|0.580711240952|0.574593695938|0.566689387838|0.595279851222|0.598698170893|0.59413278063|0.584481421793|0.584050080733|0.586613340475|0.578091534808|0.569236184987|0.541298944167|0.315610602431|0.313781029699|0.308543857552|0.306469105201|0.288921500469|0.303614077097|0.093184814253|1|1|1|1|1|1|1|1|1|1|1|1|1|1|1|1|1|1|1|1|1|1|1|1|1|1|1|1|1|1|1|1|1|1|1|1|1|1|1|1|1|1|1|1|1|1|1|1|1|1|1|1|1|1|1|1|1|1|1|1|1|1|1|1|0.354845267996|0.595869801849|0.594487467768|0.689935974597|0.838471619795|0.840186553377|0.793222984022|0.853498981203|0.851870763666|0.834375926169|0.805281560121|0.814577687015|0.804636441258|0.812527580086|0.821021492558|0.808533315835|0.833207382538|0.828258505186|0.813681150132|0.68659072427|0.803093530724|0.798173018299|0.799776540858|0.793086569317|0.802208644185|0.775522391371|0.792039115511|0.828431829263|0.802395741574|0.749113766181|0.788164445464|0.799836571287|0.763185770225|0.723885462796|0.632705829427|0.541545841509|0.491927518763|0.519296325061|0.489414455524|0.488017267208|0.525090687359|0.52943628127|0.511321760834|0.51123643745|0.485981462046|0.507537672395|0.471636400356|0.491894462067|0.448533728871|0.427280368251|0.501809403506|0.485462777926|0.493796676499|0.456444234588|0.418291225955|0.437164631786|0.210671839107|0.236236292579|0.213005194134|0.211971203434|0.200014133149|0.214049192059|0.16482083214|0.0614434005657
0,10,8,tree_robustness,back_loaded_decisions,delayed,0|5|10|15|50|100|150|200|225,adjoint_lbfgsb,adjoint_lbfgsb,5,warm_start_perturbed,,7.646230232604767,7.647120719238262,0.0008904866334953354,True,True,False,False,value_and_gradient,7.647120719238282,504,504,353,54.089611768722534,CONVERGENCE: REL_REDUCTION_OF_F_<=_FACTR*EPSMCH,0|0|0|0.876806507873|0.685147089365|0.706307104213|0.49628557992|0.970869356716|0.776855121021|0.792409001945|0.793063190347|0.586582305837|0.586373758615|0.593703352746|0.390769438217|1|0.904372359389|0.905705860749|0.910571772066|0.927847586556|0.639623277522|0.631749667246|0.625306364163|0.662414615384|0.660093504932|0.662742666498|0.410608956036|0.409941068719|0.415226976052|0.424290609643|0.226181445835|1|1|1|1|1|1|0.917440126773|0.948251015104|0.94650223864|0.936916839045|0.944211788737|0.951367032302|0.944261881781|0.928612822782|0.927695096051|0.926200472172|0.592460975126|0.587895834701|0.587537112825|0.603269116419|0.600273771497|0.602324888236|0.624663830372|0.618430635238|0.623636417762|0.613444033719|0.35781935517|0.357288465357|0.355806176993|0.358832948506|0.348366339628|0.164428958787|1|1|1|1|1|1|1|1|1|1|1|1|1|1|1|1|1|1|1|1|1|1|0.858261022745|0.915299205192|0.906688883286|0.906249049416|0.929710721458|0.930361845531|0.928947900856|0.922500176086|0.920333814137|0.907304586246|0.93776408592|0.929470032727|0.925829200357|0.921030958602|0.920625852279|0.918779790898|0.918163904931|0.906502620149|0.924343605295|0.864613820883|0.562135785931|0.557363827416|0.559571560199|0.580122203354|0.57563344213|0.569460273234|0.596466251469|0.600451076569|0.596672727812|0.584262232238|0.584482167257|0.587592891853|0.57994931944|0.571727729562|0.539244556604|0.307792892024|0.31716976983|0.303673929554|0.308133960086|0.287497320884|0.303870422502|0.111479633853|1|1|1|1|1|1|1|1|1|1|1|1|1|1|1|1|1|1|1|1|1|1|1|1|1|1|1|1|1|1|1|1|1|1|1|1|1|1|1|1|1|1|1|1|1|1|1|1|1|1|1|1|1|1|1|1|1|1|1|1|1|1|1|1|0.318674940898|0.532184767288|0.663499459451|0.678537811941|0.814799246055|0.837979133122|0.818460334672|0.852702428011|0.846318541383|0.840044022741|0.794571675787|0.799137154613|0.782399493372|0.815001211324|0.821255878166|0.778262977273|0.834470525059|0.832768788792|0.818240778387|0.708541685275|0.789237385852|0.820772852332|0.806331174576|0.799335319585|0.801799721721|0.792386512896|0.810485718011|0.817814919895|0.808568206012|0.766187347135|0.782458591086|0.790776597016|0.779675520079|0.717559016836|0.660550788514|0.546975965053|0.535999834205|0.507549952448|0.527734488647|0.50109800682|0.528815343281|0.485399268779|0.528168302908|0.484981587819|0.496464548823|0.503867983975|0.485492305073|0.497551375619|0.457233399693|0.434850780163|0.466302875715|0.468782446461|0.496669879657|0.473939924274|0.430021772634|0.442970887057|0.176611037436|0.279341903189|0.232696882861|0.179296470656|0.220850813949|0.167386681204|0.179717100096|0.00583344291193
0,10,8,tree_robustness,back_loaded_decisions,delayed,0|5|10|15|50|100|150|200|225,adjoint_lbfgsb,adjoint_lbfgsb,6,warm_start_perturbed,,7.646076281553078,7.6471207314081955,0.0010444498551178683,True,True,False,False,value_and_gradient,7.6471207314081955,999,999,653,106.69786834716797,CONVERGENCE: REL_REDUCTION_OF_F_<=_FACTR*EPSMCH,0|0|0|0.876806140607|0.685083625408|0.706370876635|0.496467440262|0.970804756428|0.776887497717|0.792388914102|0.793114929001|0.586515261647|0.586400377864|0.593806000333|0.390823558436|1|0.904407308163|0.905800461006|0.910595860153|0.927879197876|0.639544673986|0.63165424176|0.625273279556|0.662757516413|0.659857988718|0.66275436428|0.410592314833|0.410032106277|0.415630578251|0.42476623496|0.226750549958|1|1|1|1|1|1|0.91740920793|0.94841428969|0.946690622959|0.936732479266|0.944577692581|0.951380914239|0.944207257377|0.92959129911|0.927662884473|0.92650020078|0.592175763685|0.588135583529|0.586233093357|0.603349705481|0.599651134835|0.60245158422|0.624594789357|0.618014493169|0.623766384824|0.614363583657|0.356089050506|0.356140890349|0.354440761344|0.360588470298|0.347759987732|0.165419780429|1|1|1|1|1|1|1|1|1|1|1|1|1|1|1|1|1|1|1|1|1|1|0.85799977094|0.907899675307|0.905721591344|0.899575821182|0.930004879344|0.929893769765|0.927199941039|0.92103370523|0.921883744997|0.908357494583|0.937546892988|0.930410407523|0.927137835834|0.922691127665|0.924533922957|0.916032951352|0.919045247458|0.906615492817|0.923077572272|0.864148103013|0.562347688246|0.555364696135|0.558433957834|0.580553571153|0.569463907966|0.571107741169|0.595846102506|0.599172022033|0.595910652513|0.579780895035|0.585972874978|0.586550042742|0.57882305972|0.569089703158|0.543529576962|0.316029599415|0.314542651636|0.301050424829|0.309008944525|0.28893839436|0.302921412306|0.0874327829315|1|1|1|1|1|1|1|1|1|1|1|1|1|1|1|1|1|1|1|1|1|1|1|1|1|1|1|1|1|1|1|1|1|1|1|1|1|1|1|1|1|1|1|1|1|1|1|1|1|1|1|1|1|1|1|1|1|1|1|1|1|1|1|1|0.316094982884|0.586139103753|0.715789429893|0.714914564976|0.856222739193|0.850782839562|0.843533921088|0.852686411945|0.858884937941|0.823836212485|0.829440024521|0.821904102403|0.821325937135|0.823900985413|0.813918773458|0.82154618144|0.799199380391|0.806517768585|0.827504357559|0.649763098911|0.812524927043|0.789874064768|0.779880609516|0.81291346023|0.817778170087|0.789603329578|0.811783261703|0.801394542764|0.807766419179|0.798890104474|0.818349787852|0.794911930236|0.770366172965|0.724966939768|0.612579788182|0.522268766935|0.515925690354|0.498429101984|0.511538044913|0.512855429326|0.505674642592|0.515940125447|0.51737527088|0.510360989005|0.490293932188|0.493650156408|0.494698311327|0.482430863707|0.446160273258|0.412649231902|0.480948524928|0.484927851595|0.476553921049|0.459252364883|0.388917764931|0.432977224809|0.169952376533|0.222023209481|0.24563228379|0.195409617804|0.18559314544|0.163168790489|0.171003288744|0.0595621525029
0,10,8,tree_robustness,back_loaded_decisions,delayed,0|5|10|15|50|100|150|200|225,adjoint_lbfgsb,adjoint_lbfgsb,7,warm_start_perturbed,,7.646042535241819,7.647120802373655,0.001078267131835453,True,True,False,False,value_and_gradient,7.647120802373655,1140,1140,683,120.84135413169861,CONVERGENCE: REL_REDUCTION_OF_F_<=_FACTR*EPSMCH,0|0|0|0.876820526989|0.685084003934|0.706323626824|0.496246296118|0.970826158008|0.776833223003|0.792381192191|0.793085062064|0.586595125399|0.586302936856|0.593796108344|0.390939091986|1|0.904440807737|0.905782556386|0.910574521011|0.927891170387|0.639571248314|0.631677821436|0.625322684658|0.662652504334|0.659917342529|0.662645852802|0.410557582527|0.409784122002|0.415335619499|0.425000879411|0.226583573899|1|1|1|1|1|1|0.917412837409|0.948379971416|0.946516666524|0.936792241874|0.944207331191|0.951279982677|0.944163732672|0.929101045819|0.927251164786|0.926703117496|0.593453520031|0.588434561653|0.586411878162|0.603228293403|0.599967686366|0.602384480942|0.623880883241|0.618151771676|0.623969228725|0.613495116259|0.356210148848|0.35612351786|0.355055979615|0.360513469931|0.348135163208|0.165451099798|1|1|1|1|1|1|1|1|1|1|1|1|1|1|1|1|1|1|1|1|1|1|0.857652148467|0.911461097803|0.906625472854|0.908761703533|0.929627576305|0.930063485456|0.927731107148|0.922072953828|0.919688569803|0.906847329268|0.936488264274|0.931167903776|0.927819065993|0.923706070729|0.924216176535|0.917725637882|0.919931512699|0.908345431684|0.922318155113|0.866622896769|0.561624059477|0.556949487885|0.559451384865|0.579371066649|0.576152530002|0.569132257317|0.595748272844|0.599545699564|0.596175447399|0.584779856002|0.585355921247|0.586715283737|0.578936455761|0.569180791694|0.539800528529|0.313278540774|0.31637376713|0.308702155035|0.308008152195|0.289739698716|0.303640296312|0.0966005218024|1|1|1|1|1|1|1|1|1|1|1|1|1|1|1|1|1|1|1|1|1|1|1|1|1|1|1|1|1|1|1|1|1|1|1|1|1|1|1|1|1|1|1|1|1|1|1|1|1|1|1|1|1|1|1|1|1|1|1|1|1|1|1|1|0.315578721473|0.582586653956|0.686803623313|0.739925450469|0.847385835437|0.843502798557|0.841360894883|0.860786717822|0.86211997873|0.822588961957|0.796026244205|0.814549841937|0.808589004103|0.810718898835|0.834792905571|0.824192450564|0.849877123818|0.842849133554|0.836970203531|0.722289019956|0.806215532351|0.777532622503|0.791705416885|0.810581353406|0.808879642688|0.79628569872|0.811541088654|0.832922521715|0.827553250568|0.761206243507|0.796578493457|0.795710262|0.781881537903|0.720625184437|0.656286051351|0.512013239783|0.506136590093|0.509780816301|0.513269811412|0.512010501975|0.493871432039|0.521756615317|0.52102423951|0.512378223056|0.486209534625|0.496526791466|0.498988306637|0.488686478829|0.465407243687|0.400577416172|0.486767753176|0.486086751192|0.479320364481|0.453972435335|0.402184046679|0.435476636183|0.173753507422|0.233562173544|0.234780396279|0.174243089451|0.181517212966|0.185064587781|0.1669712016|0.0239875780736
0,15,13,tree_robustness,back_loaded_decisions,delayed,0|5|10|15|50|100|150|200|225,adjoint_lbfgsb,adjoint_lbfgsb,0,warm_start,,7.633319203982354,7.633433173021412,0.00011396903905858125,True,True,False,False,value_and_gradient,7.633433173021412,654,654,618,74.1518337726593,CONVERGENCE: NORM_OF_PROJECTED_GRADIENT_<=_PGTOL,0|0|0|0|0|0|0|0.969920385966|0.782479295739|0.800029597466|0.801076841155|0.587924483639|0.588483662191|0.59580760625|0.398398006367|1|0.896910222145|0.898815873192|0.908944745358|0.925922507382|0.644334089142|0.637062206125|0.630501556716|0.663126174974|0.660126224325|0.666560922111|0.405792694412|0.406551493439|0.408850573071|0.424452353131|0.233800964259|1|1|1|1|1|1|0.920391993897|0.948512830439|0.950799353636|0.94083046951|0.919893360197|0.928483909696|0.920344578054|0.90388699849|0.901999225265|0.908295078115|0.623176235305|0.624195238438|0.621819902371|0.604974293655|0.601089014183|0.611164443497|0.607287405019|0.605579558092|0.605877048574|0.614446847768|0.355512070786|0.355238677541|0.350440202201|0.348385507|0.366747053502|0.158967639451|1|1|1|1|1|1|1|1|1|1|1|1|1|1|1|1|1|1|1|1|1|1|0.92205694281|0.940724624662|0.945017247527|0.943629829928|0.88323741136|0.893178042862|0.890503422495|0.881154377616|0.878916870423|0.878922504916|0.955003506816|0.959092338478|0.954525841243|0.887557550604|0.887257600024|0.893423265867|0.89452286715|0.89325310528|0.894335172068|0.875750267039|0.601085272489|0.605491823036|0.607311994622|0.606172481211|0.601602137602|0.604610868045|0.560465218151|0.564083313389|0.569460591637|0.562285006509|0.552146977788|0.55226457539|0.554462728931|0.54727755839|0.56308925552|0.328608992192|0.327789534439|0.32849148644|0.292540280471|0.298448268439|0.289396549092|0.0893166704112|1|1|1|1|1|1|1|1|1|1|1|1|1|1|1|1|1|1|1|1|1|1|1|1|1|1|1|1|1|1|1|1|1|1|1|1|1|1|1|1|1|1|1|1|1|1|1|1|1|1|1|1|1|1|1|1|1|1|1|1|1|1|1|1|0.774126410231|0.849158957791|0.857338451392|0.859850759215|0.795692586834|0.802412034842|0.800509363739|0.800585750067|0.799884176559|0.805171834665|0.85737727309|0.8636956964|0.862260111474|0.77081415938|0.770004025653|0.775999075814|0.781045701656|0.781210232057|0.785189026325|0.755094727125|0.840090817473|0.84645628507|0.845318595023|0.825142111983|0.824015605819|0.830143501474|0.763910844034|0.764294631464|0.768338060871|0.73892774582|0.737508658361|0.737876072774|0.741247444213|0.711008934934|0.716433088627|0.535390744925|0.54010912799|0.539277336184|0.524062570366|0.523240253805|0.528051553853|0.476016317869|0.476322869217|0.479424989798|0.459487688112|0.455476727222|0.455731833881|0.458378796337|0.437424203056|0.440417284289|0.493288428163|0.493547910368|0.496414462337|0.427348000923|0.429838700039|0.413106309072|0.208742258073|0.20985076477|0.211333797585|0.175122295702|0.173412280397|0.164951457079|0.161097548646|0.0155122701603
0,15,13,tree_robustness,back_loaded_decisions,delayed,0|5|10|15|50|100|150|200|225,adjoint_lbfgsb,adjoint_lbfgsb,1,structured_ramp,,7.5601639346992595,7.633433173024131,0.07326923832487164,True,True,False,False,value_and_gradient,7.633433173024131,955,955,899,108.65424108505249,CONVERGENCE: NORM_OF_PROJECTED_GRADIENT_<=_PGTOL,0|0|0|0|0|0|0|0.969920340876|0.782479199763|0.800029593554|0.801076668811|0.587924354501|0.588483552449|0.595807463645|0.39839816894|1|0.896909894198|0.8988157621|0.908944675233|0.925922418233|0.644333165575|0.63706237006|0.630501634944|0.663125959417|0.660125866046|0.666560631174|0.405792647975|0.406551206652|0.408851195966|0.424453285381|0.233802668811|1|1|1|1|1|1|0.92038895612|0.94851246252|0.950799219423|0.94082982542|0.919897882133|0.928483523806|0.920344433318|0.903884412319|0.901999079321|0.908295520588|0.623172521683|0.624192685765|0.621818011709|0.604977917158|0.601090935377|0.611161778413|0.6072829238|0.605576025748|0.605876112595|0.614449705358|0.35551202336|0.355238004411|0.350435050145|0.348391292336|0.366756613845|0.15896504028|1|1|1|1|1|1|1|1|1|1|1|1|1|1|1|1|1|1|1|1|1|1|0.922067864652|0.940718959048|0.945001711673|0.943611058948|0.88323392757|0.893178520033|0.890506217777|0.881140630637|0.878905755435|0.878912773026|0.955001304832|0.959087432002|0.954519763274|0.887548098509|0.88724864399|0.89341559527|0.894518272003|0.893249516439|0.894332980798|0.875758467008|0.601032336819|0.605492199402|0.607308021884|0.606169410572|0.601598426442|0.60458638044|0.560478722971|0.564092709308|0.569464852164|0.562272296863|0.552160121816|0.552273881518|0.554468203219|0.547264416076|0.563115467983|0.328623965113|0.327808331771|0.32847880474|0.292586526692|0.298396690154|0.28938397343|0.0894432354975|1|1|1|1|1|1|1|1|1|1|1|1|1|1|1|1|1|1|1|1|1|1|1|1|1|1|1|1|1|1|1|1|1|1|1|1|1|1|1|1|1|1|1|1|1|1|1|1|1|1|1|1|1|1|1|1|1|1|1|1|1|1|1|1|0.774482900228|0.849423647138|0.857790244826|0.860300355073|0.795712724351|0.802452190315|0.800711960356|0.800642975537|0.799920594949|0.805208475163|0.85733242188|0.863661442041|0.862221703306|0.770882498805|0.770052675808|0.776038827813|0.780895335911|0.781078736388|0.785004313146|0.75496479317|0.840071389561|0.846488359749|0.845341251227|0.825128051292|0.824045950995|0.83009385576|0.763669850303|0.764103639096|0.768236765416|0.738778085729|0.737303213131|0.737701195505|0.741109611927|0.710775778468|0.716527908818|0.535593702665|0.540312508335|0.539480022481|0.524039838118|0.523189976901|0.52797207406|0.475729796202|0.476069552968|0.479312865269|0.45933799468|0.455167292784|0.455476946152|0.458139934212|0.437319985346|0.44052205646|0.493170020988|0.493459308159|0.496204773093|0.427281231964|0.429966734372|0.413270708983|0.20939292395|0.209544572179|0.21096642989|0.175446011549|0.173604638013|0.16502839337|0.161112076283|0.0153601198884
0,15,13,tree_robustness,back_loaded_decisions,delayed,0|5|10|15|50|100|150|200|225,adjoint_lbfgsb,adjoint_lbfgsb,2,structured_sigmoid,,7.539327989631003,7.633433173022104,0.0941051833911013,True,True,False,False,value_and_gradient,7.633433173022104,893,893,846,102.21372365951538,CONVERGENCE: NORM_OF_PROJECTED_GRADIENT_<=_PGTOL,0|0|0|0|0|0|0|0.96992042644|0.782479249433|0.800029592931|0.801076641228|0.587924370828|0.588483548708|0.595807611148|0.398397937146|1|0.896910393504|0.898815907033|0.908944768911|0.925922509113|0.644333845406|0.637061909224|0.630501526357|0.663126133968|0.660126039546|0.666560507853|0.405791913845|0.406550846803|0.408851330977|0.424452281763|0.233801274468|1|1|1|1|1|1|0.920387866343|0.94851252047|0.950799204981|0.940828605804|0.919893706139|0.928483420293|0.920344589716|0.903886348093|0.901998355386|0.908298522401|0.623172946466|0.62419324398|0.62181846722|0.60497664046|0.601089561755|0.611165422239|0.607279547413|0.605574020543|0.605877256672|0.614444300353|0.3555090764|0.355229911055|0.35044083667|0.348389772771|0.366757237605|0.158974218314|1|1|1|1|1|1|1|1|1|1|1|1|1|1|1|1|1|1|1|1|1|1|0.922087032994|0.940715591612|0.945001122623|0.943611450399|0.883235137886|0.893175735228|0.890503358505|0.881145879114|0.878910430482|0.878917565302|0.955002478179|0.959090221815|0.95452199885|0.887551168955|0.887252604877|0.893419841521|0.894517866132|0.893249151627|0.894332556811|0.875749871331|0.601048457013|0.605508516446|0.607325003646|0.60616937061|0.601601109668|0.604608744616|0.560475295019|0.564088998254|0.569460486842|0.562269078514|0.552160031266|0.552274263164|0.554468312122|0.5472630505|0.563100624394|0.328621925199|0.327807243681|0.328495696255|0.292558313868|0.298426567957|0.289409079226|0.0893619531408|1|1|1|1|1|1|1|1|1|1|1|1|1|1|1|1|1|1|1|1|1|1|1|1|1|1|1|1|1|1|1|1|1|1|1|1|1|1|1|1|1|1|1|1|1|1|1|1|1|1|1|1|1|1|1|1|1|1|1|1|1|1|1|1|0.77445496413|0.849426946725|0.857795346674|0.860306512376|0.795708497152|0.802450740815|0.800709076931|0.800659589302|0.799935155257|0.805221108379|0.857337676712|0.863665785042|0.862226428279|0.770910598159|0.770080182083|0.776062990264|0.780905080934|0.781089241743|0.785013737189|0.754808591086|0.840069279049|0.846484813966|0.845336743104|0.8251550398|0.824078179892|0.830126366867|0.763697725756|0.764132488794|0.768270587821|0.738597342238|0.737321972158|0.737721089206|0.741129633379|0.710561375325|0.716737647287|0.535489845842|0.540229057696|0.53939982039|0.524290152541|0.523441336249|0.528219176193|0.475970601987|0.476311862417|0.479559194535|0.459281768575|0.455380474484|0.455687170796|0.4583555782|0.437223219172|0.440437761185|0.493220331044|0.493509982584|0.496241832372|0.427166798662|0.429890340696|0.413241814954|0.208956201612|0.209106109828|0.210534479963|0.17540116345|0.173911691286|0.165447108331|0.161570856196|0.0152784022038
0,15,13,tree_robustness,back_loaded_decisions,delayed,0|5|10|15|50|100|150|200|225,adjoint_lbfgsb,adjoint_lbfgsb,3,structured_constant,,7.61597497330381,7.633433173022386,0.017458199718576317,True,True,False,False,value_and_gradient,7.633433173022386,807,807,764,91.98977422714233,CONVERGENCE: NORM_OF_PROJECTED_GRADIENT_<=_PGTOL,0|0|0|0|0|0|0|0.969920398631|0.782479164789|0.800029480702|0.801076757437|0.587924422841|0.588483560977|0.595807581995|0.398398110281|1|0.896910134227|0.898815721387|0.908944659285|0.925922275493|0.644333679474|0.637062169055|0.630502004478|0.663126289699|0.660126185862|0.666561087657|0.405793917472|0.406550881828|0.408851538664|0.424454570952|0.233803803998|1|1|1|1|1|1|0.920389676014|0.948513125882|0.950799616902|0.940830242511|0.919891295547|0.928483748221|0.920344780144|0.903884877326|0.901996906902|0.908295478225|0.623170533088|0.624191175716|0.62181721352|0.604976994513|0.601085935848|0.611164152243|0.607282906242|0.605576815873|0.605878393834|0.614452699352|0.355511229288|0.355239919757|0.350439991965|0.348389547056|0.366751614282|0.158960073573|1|1|1|1|1|1|1|1|1|1|1|1|1|1|1|1|1|1|1|1|1|1|0.922068754941|0.940715164994|0.945001958249|0.943611666022|0.88322531808|0.893167593586|0.890495116862|0.881144530615|0.878909126192|0.878916194817|0.955001372704|0.959088900435|0.954520273071|0.887549479173|0.887250814883|0.893418544507|0.894514509474|0.893245840943|0.894329860234|0.875763932221|0.60102931512|0.605489063955|0.607304709163|0.60617150385|0.601603135958|0.604610259455|0.560471961419|0.564086659457|0.56946081688|0.562268053995|0.552153329575|0.552267328546|0.554459547715|0.547273780549|0.563106488019|0.328611144316|0.327798495939|0.328472979985|0.292554259153|0.298422401324|0.289376845091|0.0893653657774|1|1|1|1|1|1|1|1|1|1|1|1|1|1|1|1|1|1|1|1|1|1|1|1|1|1|1|1|1|1|1|1|1|1|1|1|1|1|1|1|1|1|1|1|1|1|1|1|1|1|1|1|1|1|1|1|1|1|1|1|1|1|1|1|0.77439964928|0.849454555164|0.857818909814|0.860328785259|0.795726860386|0.802472524245|0.800731040659|0.800623124307|0.799899799574|0.805188354292|0.857374957909|0.863716088336|0.862269991606|0.770880529354|0.770050712419|0.776028167915|0.781004361975|0.781187630279|0.785097860023|0.755007690356|0.840079042136|0.846505509897|0.845356605508|0.825054523077|0.823980616892|0.830005276298|0.763864828615|0.764297221828|0.768409787626|0.738881367807|0.737634932591|0.738030040396|0.741424321184|0.710825549609|0.716355534559|0.535221757065|0.539955111128|0.539124366749|0.524150578264|0.523303417392|0.528058594426|0.47589533777|0.476236045031|0.479479482458|0.459131987634|0.455326223749|0.455633505503|0.458300628124|0.437039684059|0.440230990505|0.493131960354|0.493422270861|0.496169955969|0.426968545839|0.429681556129|0.413066117258|0.209363850517|0.209518244659|0.210980494834|0.175159733809|0.173728048817|0.165349165175|0.161520088241|0.0151958674394
0,15,13,tree_robustness,back_loaded_decisions,delayed,0|5|10|15|50|100|150|200|225,adjoint_lbfgsb,adjoint_lbfgsb,4,warm_start_perturbed,,7.632760668119331,7.633433173023019,0.0006725049036884201,True,True,False,False,value_and_gradient,7.633433173023019,818,818,779,93.58390545845032,CONVERGENCE: NORM_OF_PROJECTED_GRADIENT_<=_PGTOL,0|0|0|0|0|0|0|0.969920337725|0.782479111258|0.800029620676|0.801076747733|0.58792438431|0.588483582953|0.595807518082|0.398397893551|1|0.896910359286|0.898815857598|0.908944763645|0.925922485264|0.644333636223|0.637062633026|0.63050185012|0.663125750292|0.66012589618|0.666560251208|0.40579227559|0.406551382547|0.408850459299|0.424453063839|0.233800290978|1|1|1|1|1|1|0.920388465411|0.948510116957|0.950800162686|0.940829775296|0.91989264931|0.928483502974|0.920344573503|0.903886648321|0.901998953643|0.908297690704|0.623172746201|0.624194279322|0.621816498406|0.604971740954|0.601089334209|0.611163167944|0.607284236553|0.605578278697|0.605875408866|0.614447042435|0.355515073539|0.355237523362|0.350436882983|0.348390514367|0.366754685659|0.158965067823|1|1|1|1|1|1|1|1|1|1|1|1|1|1|1|1|1|1|1|1|1|1|0.922091010866|0.940715102373|0.9449952607|0.94360738689|0.883232280795|0.893168959888|0.890490513795|0.881142257913|0.878911002411|0.878911351429|0.955001272445|0.959088418201|0.954516860901|0.887542867703|0.887248662519|0.893414764979|0.894525232957|0.893252919792|0.894329938181|0.875762555435|0.601030054726|0.605489145291|0.607304369879|0.606168868167|0.601600739811|0.60460989202|0.560480812561|0.564088435735|0.569458344396|0.562272112213|0.55215004836|0.552266714586|0.554466179325|0.547261984284|0.56309622088|0.328629760851|0.327799450952|0.32850761673|0.292546122607|0.298433605902|0.289379358401|0.0893875134893|1|1|1|1|1|1|1|1|1|1|1|1|1|1|1|1|1|1|1|1|1|1|1|1|1|1|1|1|1|1|1|1|1|1|1|1|1|1|1|1|1|1|1|1|1|1|1|1|1|1|1|1|1|1|1|1|1|1|1|1|1|1|1|1|0.774078319412|0.849217722707|0.857563137456|0.86008765692|0.795709211024|0.802432432788|0.800700526901|0.800597582654|0.799919030202|0.805201744745|0.857104645703|0.863533150356|0.861931075287|0.770783391564|0.770058200068|0.776088995514|0.780961170505|0.781140860705|0.785065569742|0.754971538858|0.83996035719|0.846452542093|0.845410686477|0.82511372743|0.823971600872|0.830207683579|0.763791919579|0.764155851536|0.768225093766|0.738419485351|0.737395602235|0.737784892377|0.741184166393|0.710426186182|0.716402597126|0.535386217775|0.540172139822|0.539364683857|0.524087009237|0.523200200062|0.528025691375|0.475872540032|0.476146981864|0.479399808835|0.459405306611|0.455383359794|0.455628966678|0.45828541502|0.43740840179|0.440531740956|0.493280638086|0.493509540999|0.496332786608|0.427373509075|0.429807533979|0.413212307654|0.209324711668|0.20954856376|0.210994335209|0.175133266816|0.173502141347|0.165083105691|0.161146400028|0.0151989012157
0,15,13,tree_robustness,back_loaded_decisions,delayed,0|5|10|15|50|100|150|200|225,adjoint_lbfgsb,adjoint_lbfgsb,5,warm_start_perturbed,,7.632446521637227,7.633433173022033,0.0009866513848066916,True,True,False,False,value_and_gradient,7.633433173022033,915,915,862,104.73037052154541,CONVERGENCE: NORM_OF_PROJECTED_GRADIENT_<=_PGTOL,0|0|0|0|0|0|0|0.969920325354|0.782479158652|0.800029514173|0.801076833724|0.587924376802|0.588483548526|0.595807530296|0.398397887916|1|0.896910012819|0.898815827681|0.908944699429|0.925922448558|0.644333316297|0.637062260876|0.630501578285|0.663125949967|0.660126111019|0.666560357252|0.405793030857|0.406551327863|0.408851523195|0.42445418365|0.23380089587|1|1|1|1|1|1|0.920387852626|0.948513451764|0.950798411209|0.940828733289|0.919896715962|0.928483317664|0.920344738014|0.903884280654|0.90199453549|0.908294348092|0.623174705898|0.624190537083|0.621819061777|0.604976297268|0.601088752024|0.61116382806|0.607281875732|0.605577807409|0.605878216369|0.614446680474|0.355513209676|0.355236170495|0.350436487008|0.348390266214|0.366757452438|0.158961681608|1|1|1|1|1|1|1|1|1|1|1|1|1|1|1|1|1|1|1|1|1|1|0.922064826161|0.940711890013|0.944996879878|0.943603884188|0.883227761027|0.893170482342|0.890497530771|0.881145787078|0.878910579962|0.878917678542|0.955005981401|0.959092359748|0.954532591617|0.887551055409|0.88725314586|0.893420156297|0.89451220606|0.893246530753|0.894332765497|0.875753177728|0.60103305724|0.605484005308|0.60729929594|0.606172773037|0.601602431791|0.604611182889|0.560476444179|0.564093463159|0.569463120051|0.562274079609|0.55215737764|0.552276886565|0.554455859185|0.547258234511|0.563091365963|0.328644114589|0.327804276476|0.328471728347|0.292555229768|0.298403645881|0.289360383417|0.0893984645153|1|1|1|1|1|1|1|1|1|1|1|1|1|1|1|1|1|1|1|1|1|1|1|1|1|1|1|1|1|1|1|1|1|1|1|1|1|1|1|1|1|1|1|1|1|1|1|1|1|1|1|1|1|1|1|1|1|1|1|1|1|1|1|1|0.773131803301|0.849494500209|0.857972382627|0.860467333602|0.795737748207|0.802504616567|0.800878145557|0.80072441936|0.799893782878|0.805185669651|0.857275895387|0.863613636616|0.862173632124|0.770919595607|0.770095734112|0.776099216927|0.780942913281|0.78112208044|0.785054016368|0.754947097551|0.840010545205|0.846484514911|0.845313389776|0.82515601601|0.824017281792|0.830096075693|0.763755925465|0.764177990672|0.76831129088|0.738646554149|0.73738134926|0.73777882697|0.741183414916|0.71069277968|0.716402176342|0.535434766318|0.540149129938|0.539327043144|0.524017682085|0.523309421561|0.52808600785|0.475845397306|0.476201622113|0.479383964463|0.459308819409|0.455292959413|0.455637782501|0.458295979898|0.437229802392|0.440371769728|0.493237848852|0.493524012409|0.496398141109|0.427161869949|0.429817179373|0.413127435813|0.209415603409|0.209685296904|0.211109422478|0.175353316762|0.173702196286|0.164861882378|0.16101084098|0.0151975406503
0,15,13,tree_robustness,back_loaded_decisions,delayed,0|5|10|15|50|100|150|200|225,adjoint_lbfgsb,adjoint_lbfgsb,6,warm_start_perturbed,,7.63239830291553,7.633433173022002,0.0010348701064719634,True,True,False,False,value_and_gradient,7.633433173022002,780,780,736,89.3462302684784,CONVERGENCE: NORM_OF_PROJECTED_GRADIENT_<=_PGTOL,0|0|0|0|0|0|0|0.969920425512|0.78247920349|0.800029477108|0.801076728568|0.58792438402|0.588483636256|0.595807559137|0.398398081239|1|0.896910125513|0.898815831499|0.908944727444|0.92592247841|0.644333546594|0.637062507053|0.630501578443|0.663126126867|0.660126386049|0.666560420623|0.405792318516|0.406551828375|0.408850949385|0.424454711227|0.233801744715|1|1|1|1|1|1|0.920388772681|0.94851269753|0.95079965709|0.940833565224|0.919892915869|0.928483746646|0.920345496113|0.903883501799|0.901995385167|0.908296170383|0.623175006466|0.62419485989|0.62181799425|0.60497599314|0.601090181718|0.611165046409|0.60728308277|0.605578996922|0.605878970795|0.614449414055|0.355512458721|0.355239267287|0.350439039243|0.348390088302|0.366755273765|0.158978811675|1|1|1|1|1|1|1|1|1|1|1|1|1|1|1|1|1|1|1|1|1|1|0.922065420008|0.940712571197|0.944993308103|0.943604994737|0.883229535886|0.893173081285|0.890495154751|0.881146832762|0.878911285011|0.878917700439|0.955008648263|0.95909102366|0.95451872303|0.887542649982|0.887250501231|0.893414072465|0.894518313149|0.893248797898|0.894332265011|0.875752330955|0.601011393562|0.605503803678|0.60730002364|0.606168457408|0.601604014212|0.604614515772|0.560474386522|0.564092285544|0.569462587073|0.562273119345|0.552158713719|0.552274490208|0.554466970517|0.547262039563|0.563105408121|0.328634436907|0.327831651047|0.328482702157|0.292561969625|0.298408604081|0.289372179525|0.0894061578079|1|1|1|1|1|1|1|1|1|1|1|1|1|1|1|1|1|1|1|1|1|1|1|1|1|1|1|1|1|1|1|1|1|1|1|1|1|1|1|1|1|1|1|1|1|1|1|1|1|1|1|1|1|1|1|1|1|1|1|1|1|1|1|1|0.775155981392|0.849108344053|0.857650002942|0.860103326223|0.795740712144|0.802468507381|0.800788413881|0.800510341945|0.79992145116|0.804972317274|0.857800290057|0.863972969908|0.862430483089|0.770837015999|0.769957946062|0.775970669744|0.780983078806|0.781301017469|0.78523889868|0.754975642719|0.840091263358|0.846379296615|0.845154437433|0.825221052067|0.824010786537|0.830118847916|0.763854790904|0.764237612704|0.768268197259|0.738843392981|0.737535972468|0.737921121203|0.741272667353|0.710773821774|0.716463655617|0.535367687615|0.540126928545|0.539197301282|0.52409077294|0.52322864064|0.528050196369|0.475899330504|0.47619094261|0.479439793772|0.459382806136|0.455357740671|0.45567348638|0.458309918967|0.437296523628|0.440262518479|0.493294618092|0.493583770467|0.496324582544|0.427257790051|0.429740752185|0.413177414539|0.209395652375|0.209413172098|0.2107277059|0.175020134796|0.173355148177|0.164965993463|0.161062102089|0.0151280312566
0,15,13,tree_robustness,back_loaded_decisions,delayed,0|5|10|15|50|100|150|200|225,adjoint_lbfgsb,adjoint_lbfgsb,7,warm_start_perturbed,,7.632374302972505,7.633433173023457,0.0010588700509517324,True,True,False,False,value_and_gradient,7.633433173023457,775,775,723,88.68458652496338,CONVERGENCE: NORM_OF_PROJECTED_GRADIENT_<=_PGTOL,0|0|0|0|0|0|0|0.969920351353|0.782479156437|0.800029458662|0.801076826659|0.587924409209|0.588483584276|0.595807537532|0.398397886859|1|0.89691057387|0.898815927264|0.908944807038|0.925922537887|0.644333524068|0.637062137716|0.63050149653|0.663126527543|0.660126328989|0.666560597102|0.405792362688|0.406550541604|0.408851389807|0.424453569473|0.233800659675|1|1|1|1|1|1|0.920386104462|0.948510421719|0.95079878112|0.940829893313|0.919895059831|0.928484577559|0.920346337419|0.903887000605|0.901997627248|0.908295606722|0.623169884696|0.624193350881|0.621817813845|0.604979946132|0.60109088259|0.611164873904|0.607283570472|0.605577242285|0.605876675993|0.614449085393|0.355512472908|0.355244511385|0.350439109974|0.3483869889|0.36675973023|0.158975301467|1|1|1|1|1|1|1|1|1|1|1|1|1|1|1|1|1|1|1|1|1|1|0.922061902247|0.940715986579|0.94500134432|0.943611231787|0.883228900337|0.893172890803|0.89049872162|0.881146362464|0.878913770661|0.878917086472|0.955001743521|0.959089647115|0.954520501755|0.887551874449|0.887252892676|0.893421109518|0.894502288781|0.893236513369|0.894318710465|0.875744452655|0.601029606721|0.605489205869|0.607304966681|0.606166552162|0.601606687879|0.604611130094|0.560476180274|0.564090289904|0.569463408973|0.56226817066|0.552161458349|0.552273445284|0.554470224126|0.547261606761|0.563096248742|0.328622335166|0.327790291472|0.328480221337|0.292526253808|0.298423854517|0.28938204656|0.0893288682158|1|1|1|1|1|1|1|1|1|1|1|1|1|1|1|1|1|1|1|1|1|1|1|1|1|1|1|1|1|1|1|1|1|1|1|1|1|1|1|1|1|1|1|1|1|1|1|1|1|1|1|1|1|1|1|1|1|1|1|1|1|1|1|1|0.773846666002|0.849297618709|0.857621356454|0.860139629205|0.795710674829|0.802408413591|0.800668607789|0.80061682267|0.799913095126|0.805200412237|0.857400553604|0.8636754379|0.86228290468|0.7708633806|0.770002730885|0.775947528502|0.780928532863|0.781113555308|0.785039182454|0.754902396336|0.84008196386|0.846443787398|0.845309459342|0.825144615567|0.824063630106|0.830072659724|0.763712825471|0.764151101279|0.768284326301|0.738724068093|0.73737379074|0.737773735692|0.741181929357|0.710662361955|0.716356561469|0.535360802444|0.540075753088|0.539263295503|0.524052626121|0.523361175704|0.528139799392|0.475859404195|0.476206686019|0.479491437254|0.459444080796|0.455525823297|0.455627372605|0.458246165747|0.437427226138|0.440374092894|0.493303081415|0.493572416519|0.496433308796|0.427234056603|0.429800928045|0.413096982874|0.208642018769|0.209689217787|0.211287587291|0.175123857683|0.173394945831|0.164939826557|0.1610814987|0.0151626327702
0,5,3,tree_robustness,back_loaded_decisions,delayed,0|5|10|15|50|100|150|200|225,adjoint_lbfgsb,adjoint_lbfgsb,0,warm_start,,7.658728431673453,7.65877477994365,4.634827019689425e-05,True,True,False,False,value_and_gradient,7.65877477994365,581,581,343,62.64813590049744,CONVERGENCE: REL_REDUCTION_OF_F_<=_FACTR*EPSMCH,0|0.745214371943|0.568466090475|0.872695410571|0.676424064264|0.699095384056|0.485699118289|0.973797384038|0.775507888078|0.792352552169|0.792847619542|0.574054464585|0.576570555657|0.584420496521|0.387359849852|1|0.915098668628|0.917598399041|0.91931314823|0.933390879248|0.639199624953|0.630701532784|0.62523606667|0.661998201588|0.659117646269|0.662889720301|0.394133754075|0.401648097554|0.407639121639|0.422726219344|0.223443328555|1|1|1|1|1|1|0.940832538677|0.973036017002|0.971649869776|0.957184546575|0.940886718705|0.946720151822|0.94180451877|0.926642189046|0.922339715028|0.924800128174|0.616792815291|0.611934105489|0.604778945868|0.621273303236|0.617959407368|0.619966651001|0.601329783669|0.596148575817|0.603983617626|0.606105239365|0.374119747349|0.370904888094|0.368880349213|0.374039146394|0.360501912589|0.157436770285|1|1|1|1|1|1|1|1|1|1|1|1|1|1|1|1|1|1|1|1|1|1|0.880956942431|0.943707339196|0.941389302696|0.937505886895|0.894262835989|0.895613537166|0.885526349983|0.898207056824|0.888691152739|0.876183674561|0.977131225646|0.970465367786|0.958592772154|0.953030786224|0.952295345643|0.946888927076|0.913026614729|0.905282576533|0.896741055102|0.885974028219|0.594119339909|0.586976478036|0.582764154272|0.61582962358|0.601464283288|0.591532305264|0.563143090262|0.560550946744|0.559994489758|0.558521038833|0.618576088251|0.613039005417|0.605054424121|0.596451141748|0.565647138185|0.334487500623|0.329632499773|0.324710427179|0.327379785936|0.302560714093|0.293299243395|0.0942225232588|1|1|1|1|1|1|1|1|1|1|1|1|1|1|1|1|1|1|1|1|1|1|1|1|1|1|1|1|1|1|1|1|1|1|1|1|1|1|1|1|1|1|1|1|1|1|1|1|1|1|1|1|1|1|1|1|1|1|1|1|1|1|1|1|0.244044708265|0.38267405071|0.588442336635|0.584307276727|0.777659967127|0.776021794012|0.697249156402|0.853584236643|0.822579593417|0.827233234489|0.745469017164|0.77291272046|0.765304354806|0.84218928015|0.813421260494|0.804561399503|0.834592700469|0.824595945643|0.847041742969|0.798315223214|0.765582407027|0.882474905117|0.858006269673|0.828052555105|0.78992556912|0.86391957296|0.858105585435|0.832686392455|0.795203421705|0.781626163999|0.809823138478|0.796107080015|0.782355934984|0.798924243919|0.77567388279|0.555393420333|0.565365116263|0.560330880145|0.511417809707|0.521408943376|0.549519334911|0.523740808569|0.514671971409|0.476102620602|0.493310505027|0.505637998318|0.490625291064|0.488422273202|0.479778339721|0.501639103006|0.495786021339|0.486141812365|0.523269856284|0.464747036394|0.487096312939|0.450368878895|0.139889105422|0.27280572465|0.27947064582|0.216656281267|0.217962465987|0.191366403503|0.197517135311|0.0747481542313
0,5,3,tree_robustness,back_loaded_decisions,delayed,0|5|10|15|50|100|150|200|225,adjoint_lbfgsb,adjoint_lbfgsb,1,structured_ramp,,7.585088597374542,7.658775046668421,0.07368644929387891,True,True,False,False,value_and_gradient,7.658775046668421,755,755,558,83.27311897277832,CONVERGENCE: REL_REDUCTION_OF_F_<=_FACTR*EPSMCH,0|0.745125140182|0.568533677476|0.872694518771|0.67642373678|0.698989585447|0.485626989109|0.973781333675|0.775548786364|0.792318146087|0.79286952467|0.574004950892|0.576450692823|0.584325276799|0.387167404671|1|0.9150733076|0.917584479713|0.919322977409|0.933385479669|0.639173045297|0.630608017698|0.625340755915|0.662175958993|0.658872233424|0.662775072239|0.393945236299|0.401747451791|0.407168419836|0.422773791418|0.223652407119|1|1|1|1|1|1|0.940912051845|0.973160607911|0.971855465667|0.957350095671|0.940911011053|0.946620695876|0.941847546373|0.925932046126|0.923427709231|0.924539489622|0.616448506684|0.610792926762|0.603377309768|0.621589567297|0.616556912973|0.61880973984|0.602033510908|0.597098155263|0.604105878629|0.606287793717|0.371746957153|0.368960441831|0.367485812349|0.374314235659|0.358893596982|0.157064634721|1|1|1|1|1|1|1|1|1|1|1|1|1|1|1|1|1|1|1|1|1|1|0.876413379369|0.947829775927|0.942391378457|0.933693325168|0.89607277861|0.897217136754|0.88653853738|0.897287814986|0.887927064632|0.876013628968|0.977466663592|0.970378014186|0.958463059991|0.952149495202|0.951631688201|0.946285261699|0.915659206574|0.908056585252|0.899361132003|0.886371962439|0.589332214811|0.585001173917|0.580793046189|0.611557331827|0.600448828891|0.593860991851|0.566018984402|0.563495623813|0.559719992825|0.559737482119|0.615077706014|0.609971925768|0.602147304593|0.595538649214|0.565872691615|0.319737813075|0.314857963735|0.30983550767|0.327293620444|0.309271680821|0.302576796648|0.0976580947274|1|1|1|1|1|1|1|1|1|1|1|1|1|1|1|1|1|1|1|1|1|1|1|1|1|1|1|1|1|1|1|1|1|1|1|1|1|1|1|1|1|1|1|1|1|1|1|1|1|1|1|1|1|1|1|1|1|1|1|1|1|1|1|1|0.667601714826|0.803563725926|0.802964696891|0.8014790841|0.78349816032|0.779586173383|0.773493126748|0.807684893377|0.797548749344|0.786983558216|0.867586007399|0.860956899785|0.850828986134|0.866592859406|0.85543793098|0.84380110862|0.795203572929|0.785050020135|0.773092976244|0.745094357734|0.855186333974|0.847674322925|0.836672255938|0.846892811164|0.834699491256|0.822510686823|0.772519031543|0.762361064726|0.750929629225|0.720265054146|0.816120324683|0.810853371577|0.797042085506|0.74881715493|0.694064260886|0.637131026527|0.627737419593|0.618113275334|0.591874819101|0.580702476271|0.57218412848|0.526755836092|0.517580748479|0.507742301614|0.445040180405|0.53730373962|0.528229406096|0.515661403|0.454026248428|0.398336091127|0.522841340074|0.513199248357|0.50030128637|0.43744532356|0.380389824375|0.35450287917|0.361460490454|0.352524399378|0.340601071421|0.259506978883|0.207120419322|0.18262145747|0.169806527566|0.101813490125
0,5,3,tree_robustness,back_loaded_decisions,delayed,0|5|10|15|50|100|150|200|225,adjoint_lbfgsb,adjoint_lbfgsb,2,structured_sigmoid,,7.561047545561764,7.658774724546216,0.09772717898445205,True,True,False,False,value_and_gradient,7.658774724546216,385,385,312,43.321544885635376,CONVERGENCE: REL_REDUCTION_OF_F_<=_FACTR*EPSMCH,0|0.745135609896|0.568291960322|0.872762965702|0.676483223376|0.698975250638|0.485847097839|0.97379452803|0.775486968636|0.792337433417|0.792835575263|0.574105668122|0.576437090082|0.58445174877|0.387289030401|1|0.915157078141|0.917603025191|0.919327734735|0.933404355478|0.639156767868|0.630577954671|0.625215912535|0.662116935137|0.65881621144|0.662928224836|0.393850670354|0.401366402634|0.407579740988|0.422734368435|0.223481294654|1|1|1|1|1|1|0.940410725966|0.973193113797|0.97186963056|0.957265270747|0.940878320688|0.946671107577|0.941706088216|0.926813394801|0.923819283612|0.924836845689|0.616783533528|0.611891436923|0.604767746841|0.622947869881|0.617763775252|0.620010167647|0.602434898276|0.5971354108|0.603378613|0.605747824994|0.374793365381|0.369012670456|0.367519791033|0.374026886096|0.360575269071|0.154844345449|1|1|1|1|1|1|1|1|1|1|1|1|1|1|1|1|1|1|1|1|1|1|0.876804536812|0.94808969998|0.942359525845|0.933203016941|0.894611329347|0.895781756007|0.884734370001|0.897287915623|0.888388028726|0.877693774489|0.974412881832|0.968083076071|0.956595379342|0.948751461806|0.955363511878|0.949921691442|0.913944462657|0.906246697791|0.897627471261|0.882671628555|0.593530701728|0.589045741306|0.584890711077|0.608841932296|0.597253632175|0.590451772105|0.561231108621|0.558429088527|0.558445555306|0.558419957235|0.615402779623|0.607945732216|0.599876652522|0.596918853564|0.5678555787|0.337162074598|0.332576597003|0.327419924421|0.325144871847|0.300118871035|0.289747031755|0.0987327045447|1|1|1|1|1|1|1|1|1|1|1|1|1|1|1|1|1|1|1|1|1|1|1|1|1|1|1|1|1|1|1|1|1|1|1|1|1|1|1|1|1|1|1|1|1|1|1|1|1|1|1|1|1|1|1|1|1|1|1|1|1|1|1|1|0.752453805493|0.844556512293|0.842857796387|0.839974774331|0.816060822182|0.811358228314|0.803719009067|0.816155906513|0.805421268265|0.794160080236|0.880125174858|0.87301565435|0.862121165406|0.859282248823|0.851444277366|0.839129444741|0.785658702787|0.774682408849|0.761285221953|0.711379808319|0.866321584381|0.858501879582|0.847094111927|0.84371032271|0.831707191593|0.818834488855|0.76351737601|0.752537037822|0.740249868636|0.68663759369|0.793039623266|0.795197611202|0.779744072381|0.696395036397|0.636980130193|0.685602944913|0.67496672503|0.664384559951|0.624218804332|0.612035375699|0.603299759661|0.55166014159|0.54150680813|0.529617729908|0.442845662755|0.550536691381|0.543847981926|0.529532107871|0.440192239989|0.36990611575|0.539470565962|0.52911813387|0.514325470525|0.422977673938|0.3482983961|0.312827351416|0.406671276895|0.396896083716|0.383042996254|0.275819351679|0.206785859321|0.173002678634|0.158626492542|0.105329814293
0,5,3,tree_robustness,back_loaded_decisions,delayed,0|5|10|15|50|100|150|200|225,adjoint_lbfgsb,adjoint_lbfgsb,3,structured_constant,,7.638918843690184,7.658775162311469,0.019856318621284785,True,True,False,False,value_and_gradient,7.658775162311469,668,668,505,74.06087732315063,CONVERGENCE: REL_REDUCTION_OF_F_<=_FACTR*EPSMCH,0|0.745188588088|0.568443477063|0.872686386683|0.676448100699|0.698979729254|0.485651372005|0.97378760197|0.775496531711|0.792369447767|0.79287123336|0.57400943601|0.576507740733|0.584491105042|0.387407357251|1|0.915037122397|0.91757412984|0.919309005227|0.933381324022|0.639147329595|0.630538176289|0.625128156641|0.662068472014|0.658951754872|0.66289147389|0.39406808556|0.401909549565|0.407576771825|0.422716472077|0.223760914374|1|1|1|1|1|1|0.940695795046|0.973121560184|0.971792715787|0.95728973043|0.940900753397|0.946644094069|0.941694486016|0.926728130379|0.923072536408|0.924437958791|0.616967262158|0.61221458255|0.605056956495|0.622442071464|0.617311760523|0.620128461057|0.602194574117|0.597035816212|0.60413976856|0.606357204771|0.370784050601|0.368752528249|0.367391963435|0.374840813026|0.361226015705|0.159259159102|1|1|1|1|1|1|1|1|1|1|1|1|1|1|1|1|1|1|1|1|1|1|0.874610349408|0.948049365811|0.942562359927|0.93383073347|0.895959407773|0.897094376181|0.887108081964|0.896244449334|0.886874579704|0.874132008153|0.976820601434|0.968828643943|0.956214501361|0.950787921066|0.954044401488|0.948288031745|0.912585925687|0.904848540982|0.896225206492|0.884939702613|0.591693001289|0.587365866707|0.583352674645|0.612104718271|0.600873198445|0.594202032541|0.565392503169|0.562727941628|0.55720310223|0.555364750627|0.61196262274|0.60686147757|0.59921621788|0.598092855029|0.563159467307|0.334792021818|0.330247675848|0.324423074617|0.330356822799|0.309405336587|0.301052253136|0.0893542379792|1|1|1|1|1|1|1|1|1|1|1|1|1|1|1|1|1|1|1|1|1|1|1|1|1|1|1|1|1|1|1|1|1|1|1|1|1|1|1|1|1|1|1|1|1|1|1|1|1|1|1|1|1|1|1|1|1|1|1|1|1|1|1|1|0.633255583852|0.788011242037|0.787244291921|0.785801655559|0.769980260603|0.765976355318|0.759033369936|0.806877855267|0.796466463917|0.785700335175|0.866132522245|0.859576285804|0.849659592791|0.877612324899|0.866195553564|0.854391381085|0.804499056874|0.794256611028|0.782369408974|0.758892145629|0.852969851166|0.84575338369|0.83508202484|0.858921412196|0.846088356068|0.833954272581|0.783558671073|0.773488915182|0.761884394029|0.737109509031|0.837695807816|0.832928900858|0.818720615832|0.77092633464|0.714624832471|0.602044293148|0.594187402841|0.585726201127|0.571891170515|0.561669517889|0.553547330404|0.511856755024|0.503474590191|0.493925908707|0.441526194857|0.529286139393|0.52074390667|0.509233882462|0.458040520409|0.403762791891|0.516841512224|0.507994744483|0.496314492874|0.44353241471|0.389362654427|0.365266361244|0.339094243574|0.331350276291|0.321134561904|0.252445741318|0.205732458066|0.184274435417|0.174197971779|0.101568866705
0,5,3,tree_robustness,back_loaded_decisions,delayed,0|5|10|15|50|100|150|200|225,adjoint_lbfgsb,adjoint_lbfgsb,4,warm_start_perturbed,,7.6581425703339985,7.658775184555274,0.0006326142212751407,False,True,False,False,value_and_gradient,7.658775184555274,1642,1642,1000,177.54992771148682,STOP: TOTAL NO. of ITERATIONS REACHED LIMIT,0|0.745193031141|0.568494189519|0.872669204264|0.676413811118|0.69900116538|0.485613393398|0.973793763213|0.77555750964|0.792347176579|0.792827753913|0.573898590686|0.576465972565|0.584352938926|0.387454632669|1|0.915093931487|0.91758393455|0.919306963413|0.933389213392|0.639214659372|0.630657851106|0.625250588547|0.661842281186|0.658948254733|0.662871867831|0.394021218111|0.401867063312|0.407403485715|0.422580310547|0.223956889589|1|1|1|1|1|1|0.940967527902|0.973228073846|0.971865173727|0.957214950148|0.940725074377|0.946528347593|0.94182631571|0.92601376398|0.923212477003|0.924419837999|0.616640389367|0.611782028825|0.604713969856|0.621767867487|0.617715264677|0.619927214117|0.601730837058|0.596531320612|0.603642758571|0.606912041757|0.371999266338|0.368154303823|0.366709832391|0.375082600807|0.360065111853|0.158516502213|1|1|1|1|1|1|1|1|1|1|1|1|1|1|1|1|1|1|1|1|1|1|0.876707502854|0.946419033789|0.942263809191|0.933482720089|0.895090934501|0.897608420666|0.88392032993|0.897298583366|0.888134133311|0.875990059232|0.976268650256|0.971136964319|0.958932913254|0.954130089494|0.953167907677|0.947712581374|0.911991604408|0.904455413953|0.89564365265|0.885369471408|0.595796032304|0.585762733114|0.582692485496|0.612598547867|0.6003962685|0.592598417058|0.564782354046|0.56326469089|0.561572386237|0.559941892463|0.615399986514|0.609450529416|0.602074061678|0.594351816401|0.565789182451|0.335546460388|0.330995310596|0.32415707458|0.328305514962|0.301196230359|0.293481661037|0.0946853037583|1|1|1|1|1|1|1|1|1|1|1|1|1|1|1|1|1|1|1|1|1|1|1|1|1|1|1|1|1|1|1|1|1|1|1|1|1|1|1|1|1|1|1|1|1|1|1|1|1|1|1|1|1|1|1|1|1|1|1|1|1|1|1|1|0.259408661095|0.59217050178|0.712492155386|0.691232933685|0.760996161606|0.765835060977|0.71178982454|0.80143232878|0.795535094276|0.786915960269|0.865152011979|0.852586996751|0.848163463662|0.861481437878|0.86230087405|0.854036631631|0.785421905828|0.764875206963|0.758778032126|0.737723175097|0.850937585665|0.837829684392|0.833505971705|0.861775619475|0.848640112928|0.816107155194|0.747540529603|0.773662768084|0.764088755149|0.72006714538|0.83679370315|0.831585198266|0.816019359926|0.798131677473|0.676017691412|0.523840331705|0.555317650113|0.540662805232|0.552502354917|0.535604039015|0.540516310172|0.509753015655|0.49943363219|0.485615780456|0.46721766423|0.528789109739|0.525242657057|0.518005561456|0.496145952163|0.456894050231|0.517795800137|0.521765665072|0.510412683345|0.483290430211|0.441771538102|0.425082640189|0.136031802814|0.195996669694|0.237707367963|0.14349768179|0.185450068878|0.163339485501|0.191448740163|0.0124611094796
0,5,3,tree_robustness,back_loaded_decisions,delayed,0|5|10|15|50|100|150|200|225,adjoint_lbfgsb,adjoint_lbfgsb,5,warm_start_perturbed,,7.658033445885769,7.658775181365753,0.0007417354799841291,True,True,False,False,value_and_gradient,7.658775181365753,1395,1395,879,151.60859560966492,CONVERGENCE: REL_REDUCTION_OF_F_<=_FACTR*EPSMCH,0|0.745194829726|0.568474890728|0.872711333262|0.676422084356|0.699050452954|0.485548651204|0.973803509309|0.775499131785|0.792354161094|0.792862344043|0.573916422537|0.576514550707|0.584342015084|0.387368215122|1|0.915090013788|0.917582637515|0.919312398431|0.933360995954|0.639139961372|0.63063271035|0.625266793623|0.661977877874|0.658979397218|0.662860060715|0.394048700674|0.401969166955|0.407393657584|0.422698530192|0.223436035233|1|1|1|1|1|1|0.940951534993|0.973145623393|0.971776736062|0.957188165523|0.940832040786|0.946599805224|0.94172988227|0.926544087093|0.922912473955|0.924483656512|0.616618438248|0.611754649868|0.604746074063|0.622003783937|0.617273988037|0.61960559149|0.602322787423|0.596370054474|0.603788925583|0.60594928336|0.372191543981|0.369847584987|0.367492243415|0.375122687619|0.360739549754|0.156704731184|1|1|1|1|1|1|1|1|1|1|1|1|1|1|1|1|1|1|1|1|1|1|0.875776627597|0.945859458345|0.940093537324|0.931917501601|0.895028536881|0.896655483809|0.886098827956|0.897779225591|0.888382694027|0.8757306219|0.976478703587|0.969920152115|0.958137311256|0.952898235784|0.953272454272|0.9477750132|0.912038840838|0.904388500529|0.895714203551|0.88505015811|0.589868769312|0.585714400588|0.586425062646|0.611755817603|0.600005022398|0.592934689966|0.56405928556|0.562191578605|0.560615801319|0.560013106187|0.615587141823|0.609917599674|0.602062538263|0.594782466046|0.565709645155|0.33351944016|0.330119373141|0.323526067454|0.328091441715|0.301660175535|0.293360802383|0.0986036198758|1|1|1|1|1|1|1|1|1|1|1|1|1|1|1|1|1|1|1|1|1|1|1|1|1|1|1|1|1|1|1|1|1|1|1|1|1|1|1|1|1|1|1|1|1|1|1|1|1|1|1|1|1|1|1|1|1|1|1|1|1|1|1|1|0.300410202701|0.558112140435|0.667653629627|0.710905846984|0.754173676358|0.737332249645|0.736144701676|0.805303533215|0.786492676562|0.776045521231|0.839357894061|0.851632480859|0.848558416099|0.879896459013|0.860160283763|0.850100386326|0.789167014587|0.750206313367|0.756718642326|0.769670289339|0.84800039763|0.845309867476|0.831332420228|0.865814089258|0.852989866041|0.802816530653|0.746004944265|0.771641201702|0.751084624314|0.73385137321|0.814305284899|0.835606960825|0.818316860394|0.759971000431|0.724357012655|0.54033580863|0.537921737341|0.537974169578|0.518190614911|0.532198471052|0.522324192964|0.482610194355|0.503474546602|0.489828958697|0.465492803854|0.51638586481|0.516091044192|0.516449861242|0.495033190879|0.457398722499|0.514962432477|0.50503776364|0.508711642238|0.479683632344|0.445904815652|0.431057695091|0.188732798466|0.257592616964|0.273434115989|0.199956211256|0.194904802121|0.191309179841|0.156675172436|0.0537659570695
0,5,3,tree_robustness,back_loaded_decisions,delayed,0|5|10|15|50|100|150|200|225,adjoint_lbfgsb,adjoint_lbfgsb,6,warm_start_perturbed,,7.65796014923148,7.658775158521653,0.0008150092901733075,False,True,False,False,value_and_gradient,7.658775158521653,1512,1512,1000,164.91599225997925,STOP: TOTAL NO. of ITERATIONS REACHED LIMIT,0|0.745147715911|0.568450827994|0.872713000285|0.676336890987|0.699024577695|0.485641486892|0.973784940393|0.775574157298|0.79233104877|0.792859075281|0.57376973143|0.576451663883|0.584365770615|0.38737812135|1|0.915087126477|0.917576459276|0.919321439525|0.93338874273|0.639168243488|0.630644513329|0.625236492264|0.661659755609|0.658874349198|0.662707241334|0.394068300455|0.402146135334|0.40740557389|0.422780792605|0.223758927877|1|1|1|1|1|1|0.940880746542|0.973186685546|0.971829337943|0.957278122182|0.940838807537|0.946621810044|0.941761089146|0.926314178632|0.923447341786|0.924945083131|0.616601097338|0.612032966895|0.604779109031|0.62234537797|0.617120225541|0.620029507113|0.601796037791|0.59660698646|0.604364819751|0.606915780092|0.372165467384|0.367967745867|0.368274059541|0.374910649854|0.360038536583|0.157935580084|1|1|1|1|1|1|1|1|1|1|1|1|1|1|1|1|1|1|1|1|1|1|0.875884261115|0.947212212911|0.941554092714|0.932979324429|0.895091003791|0.896184100967|0.885438381324|0.897062335581|0.888247160395|0.875333848359|0.977498003523|0.969340781794|0.958461863547|0.95506177867|0.95318384441|0.947847374106|0.912695214651|0.904112215125|0.895789295533|0.886024826766|0.58850952447|0.588093015368|0.580308504163|0.606076001981|0.599607777583|0.594465530107|0.564100291718|0.562570458852|0.561408850519|0.559962301625|0.615379981158|0.609964874961|0.602049545615|0.595168136712|0.566510380835|0.339724897309|0.333055101276|0.325350064348|0.327155333242|0.306423753218|0.295356523617|0.0922827187225|1|1|1|1|1|1|1|1|1|1|1|1|1|1|1|1|1|1|1|1|1|1|1|1|1|1|1|1|1|1|1|1|1|1|1|1|1|1|1|1|1|1|1|1|1|1|1|1|1|1|1|1|1|1|1|1|1|1|1|1|1|1|1|1|0.255041451351|0.540207151555|0.684053361091|0.684882153552|0.733591086286|0.775394464434|0.704933893292|0.771695341153|0.796684641043|0.782314878192|0.842156605016|0.857499961756|0.839432393598|0.871824396042|0.863337575121|0.855698266468|0.773126711661|0.782868812417|0.790985223521|0.777612179948|0.847637616688|0.846087450959|0.834867304654|0.827285108089|0.846163053036|0.835043584486|0.779075590576|0.752418920857|0.767030953752|0.762341858069|0.822908226709|0.842314468724|0.83091338283|0.743825585075|0.697556472014|0.554727969605|0.545797480361|0.528181245478|0.533350531517|0.529000927789|0.539222971628|0.471377828428|0.48309044438|0.471011835501|0.473949857877|0.50915199922|0.53254980259|0.511118007442|0.496742963569|0.45725967499|0.524349030275|0.497746388992|0.507673919523|0.484688840719|0.444244728059|0.430078948003|0.242649722528|0.210374416665|0.252377571052|0.213658673547|0.189832058535|0.152041074007|0.153240853895|0.0382767108823
0,5,3,tree_robustness,back_loaded_decisions,delayed,0|5|10|15|50|100|150|200|225,adjoint_lbfgsb,adjoint_lbfgsb,7,warm_start_perturbed,,7.6579470151011995,7.658775117233964,0.0008281021327647409,True,True,False,False,value_and_gradient,7.658775117233964,982,982,651,107.55473947525024,CONVERGENCE: REL_REDUCTION_OF_F_<=_FACTR*EPSMCH,0|0.745190499454|0.568504561866|0.872753544821|0.676421082839|0.698971262047|0.485523795776|0.973756138419|0.775521000265|0.792362755522|0.792880041377|0.573937024942|0.576513307019|0.584390359406|0.387378199964|1|0.915093731268|0.917581944004|0.91934715072|0.933430501304|0.639143755973|0.630591369749|0.625190082803|0.661808957505|0.658968677475|0.662798987829|0.394025605639|0.401957701028|0.407674157914|0.422842120998|0.223697129957|1|1|1|1|1|1|0.940736035098|0.973248707409|0.972125905694|0.957230149291|0.940858004952|0.946680267907|0.94165766167|0.926149587617|0.922975425933|0.924497482871|0.615522165416|0.61145640806|0.605195071839|0.622559437549|0.617352265391|0.619571486676|0.602008345288|0.596351883921|0.603492809315|0.606995736326|0.372711635864|0.370768842615|0.367910038671|0.374432313552|0.360504615761|0.158969112669|1|1|1|1|1|1|1|1|1|1|1|1|1|1|1|1|1|1|1|1|1|1|0.874106565331|0.946871066086|0.94126595742|0.932601448492|0.895275355794|0.89648631104|0.886409672281|0.898639066086|0.888893516396|0.875858745068|0.975713311702|0.968844299673|0.95835746162|0.952361188426|0.952602688599|0.947616316215|0.912100434922|0.904348130437|0.895860702464|0.88562517816|0.593434479136|0.589702046641|0.583393584946|0.609374596215|0.599454728565|0.595034970375|0.564639981541|0.564694043548|0.561665410703|0.560495650384|0.614229044459|0.609134945453|0.600039702223|0.595605617136|0.566348686556|0.338706503288|0.330641245396|0.316021052349|0.330865115285|0.30390949305|0.294806801971|0.104445290571|1|1|1|1|1|1|1|1|1|1|1|1|1|1|1|1|1|1|1|1|1|1|1|1|1|1|1|1|1|1|1|1|1|1|1|1|1|1|1|1|1|1|1|1|1|1|1|1|1|1|1|1|1|1|1|1|1|1|1|1|1|1|1|1|0.254524619851|0.544691263764|0.673329212711|0.663312766788|0.790456874962|0.768507029337|0.747065863596|0.801275197508|0.79525902559|0.780226416753|0.844990383515|0.847848960736|0.844848427468|0.874568208171|0.867820710924|0.848597769197|0.769413511828|0.787678428028|0.743566988707|0.746068494059|0.843735075027|0.845814033877|0.832168255256|0.850604151439|0.848850839152|0.816417829645|0.75692230517|0.784855797842|0.775823496788|0.759164281257|0.839780121533|0.823657163437|0.825258718228|0.742029654174|0.649451086038|0.528311255213|0.534586920261|0.544700429153|0.519799861682|0.538481558589|0.540035070762|0.524005878815|0.497964366381|0.48676367415|0.470892776351|0.515100915662|0.5206045865|0.50088304492|0.487521395391|0.456044203666|0.520436938189|0.515750631887|0.512027620804|0.484621335086|0.445741322926|0.41849019625|0.208607986466|0.257352834782|0.247732320011|0.144626973878|0.223207195869|0.17045734683|0.188484311756|0.0342349527705
0,5,1,tree_robustness,default,delayed,0|5|10|15|35|75|125|175|225,adjoint_lbfgsb,adjoint_lbfgsb,0,warm_start,,7.661636206997448,7.6616722694492205,3.606245177234513e-05,True,True,False,False,value_and_gradient,7.6616722694492205,1609,1609,885,175.3425784111023,CONVERGENCE: REL_REDUCTION_OF_F_<=_FACTR*EPSMCH,0|0.761501734141|0.577062541122|0.892403568623|0.68804148018|0.710941687604|0.48937746306|1|0.809558215406|0.830078867561|0.83292717036|0.596175586745|0.598863716547|0.612467875246|0.395365789101|1|0.972627354661|0.967847512208|0.97261043701|0.987658941414|0.700000000153|0.695361156301|0.692374883538|0.722288460293|0.720603636194|0.728805269142|0.454577842914|0.460240441517|0.471766290796|0.47798424196|0.270710578311|1|1|1|1|1|1|0.772281138471|0.786267570613|0.798456838345|0.789687447263|0.786869270052|0.792954007934|0.793828186556|0.799924805754|0.793679050042|0.791445691575|0.490061115259|0.48547557039|0.480555435185|0.477443878486|0.484079971727|0.493101894404|0.491127245562|0.497530863328|0.499727053247|0.516369546406|0.289092614877|0.286902545034|0.287196601193|0.279076385237|0.289220819064|0.121867124485|1|1|1|1|1|1|1|1|1|1|1|1|1|1|1|1|1|1|1|1|1|1|0.778535192|0.765778885179|0.801339811917|0.821724506038|0.798820460844|0.796374994499|0.806605707498|0.835927203906|0.825601125676|0.816522289374|0.875926202011|0.86958745867|0.862117257467|0.836203773396|0.829608039869|0.835527439846|0.832099437068|0.826629862433|0.819618713371|0.843974058636|0.510864718648|0.506284215353|0.504684490343|0.523628773149|0.553611100962|0.548875194224|0.50290861838|0.507747959869|0.528419363507|0.527444598202|0.553116202327|0.547487582153|0.542701683781|0.512195891825|0.523684107835|0.303576070818|0.284224770864|0.278935927176|0.30179872842|0.264350212437|0.259277219536|0.0979509318802|1|1|1|1|1|1|1|1|1|1|1|1|1|1|1|1|1|1|1|1|1|1|1|1|1|1|1|1|1|1|1|1|1|1|1|1|1|1|1|1|1|1|1|1|1|1|1|1|1|1|1|1|1|1|1|1|1|1|1|1|1|1|1|1|0.543422409341|0.715968019093|0.801601707598|0.803116812718|0.806077288622|0.799893623614|0.795814826727|0.879997555561|0.869711820365|0.861306916737|0.901910512463|0.891214737229|0.886627890155|0.846507374433|0.837332017978|0.830825002124|0.850659893396|0.844006905194|0.837522198418|0.886978783215|0.883273564243|0.872970955254|0.863625761787|0.829569650279|0.917288920867|0.91096721912|0.82937461114|0.823963908594|0.818614939809|0.827285540243|0.875295837124|0.884977653184|0.891377487658|0.796764846942|0.782467967095|0.569898122184|0.563179134604|0.559731860318|0.583062556392|0.576373549126|0.569743738134|0.546699912813|0.540533072386|0.582254618931|0.548493722278|0.574597678442|0.567367368052|0.562301322215|0.523887315297|0.513910983898|0.559939262025|0.561988715282|0.555817423999|0.552668588471|0.499188191272|0.482566707|0.26353686354|0.253083610898|0.250470040696|0.239156231612|0.216924152296|0.208620616425|0.219492528765|0.0312280013849
0,5,1,tree_robustness,default,delayed,0|5|10|15|35|75|125|175|225,adjoint_lbfgsb,adjoint_lbfgsb,1,structured_ramp,,7.577898227818592,7.661671775762255,0.08377354794366365,True,True,False,False,value_and_gradient,7.661671775762255,764,764,519,84.83392930030823,CONVERGENCE: REL_REDUCTION_OF_F_<=_FACTR*EPSMCH,0|0.761442070242|0.577231006136|0.892438763906|0.688210580625|0.710845995009|0.489939692306|1|0.809564361826|0.830165658932|0.832844233142|0.59628388945|0.599016205871|0.61224891985|0.395872898902|1|0.972702709368|0.967955556346|0.972517733754|0.987953325227|0.699998849793|0.695570574757|0.692366520304|0.722615187948|0.720354704244|0.728582679994|0.454818502109|0.460098787317|0.471654509712|0.477763182294|0.270520246316|1|1|1|1|1|1|0.772087599148|0.785573776105|0.798150771505|0.788657436342|0.78688130302|0.792903019383|0.793812618639|0.800117080074|0.79381732022|0.792088823238|0.48947431545|0.48501560698|0.480341040604|0.4763192142|0.483940138242|0.491279486283|0.491852401707|0.497296300535|0.500509434956|0.51741352981|0.293188116293|0.290309971165|0.28945025011|0.278093152034|0.288358102301|0.118873191824|1|1|1|1|1|1|1|1|1|1|1|1|1|1|1|1|1|1|1|1|1|1|0.781003663061|0.762614956478|0.802565170371|0.822442230446|0.794778955805|0.791472026627|0.803188943817|0.832812755897|0.822621979138|0.813933761571|0.874311594865|0.868164107479|0.859044558389|0.833804457394|0.827426718005|0.838870139737|0.835352499932|0.829859056783|0.822583365268|0.843600182741|0.516115505396|0.511618519335|0.509816494703|0.523666926275|0.544365277064|0.539681951207|0.501950096292|0.505291829606|0.525684469211|0.525303364753|0.552730830169|0.547448501754|0.542139860094|0.509994188712|0.523057340057|0.29735759338|0.2931508647|0.288808651748|0.294247167255|0.265527913933|0.256595240056|0.0966621585248|1|1|1|1|1|1|1|1|1|1|1|1|1|1|1|1|1|1|1|1|1|1|1|1|1|1|1|1|1|1|1|1|1|1|1|1|1|1|1|1|1|1|1|1|1|1|1|1|1|1|1|1|1|1|1|1|1|1|1|1|1|1|1|1|0.691519704843|0.713617798606|0.795562369678|0.830701831746|0.808570521741|0.804547699511|0.80239576483|0.882052396801|0.872040527619|0.863553983025|0.904046168706|0.895813499875|0.886201815331|0.847994884963|0.838398361585|0.830670468533|0.858527832973|0.84941112086|0.839896086392|0.861781042441|0.883973124166|0.874601052714|0.86431699671|0.839982498868|0.911552881799|0.902274631855|0.8282123001|0.819512757342|0.811591017719|0.829524989138|0.877940192472|0.872473536574|0.861348479572|0.791228603624|0.785214400303|0.636612400432|0.626266204218|0.617288740593|0.619292245965|0.619963130868|0.61388915222|0.54765543557|0.539945098456|0.555327528862|0.520390934058|0.567603227947|0.558887986113|0.549000338792|0.485993478451|0.452174457636|0.548003458389|0.538125878642|0.527926423108|0.492323598052|0.427624282973|0.402581445669|0.362334792865|0.353294724699|0.343857532661|0.291658935303|0.224158297445|0.200703673974|0.198273812997|0.110301202146
0,5,1,tree_robustness,default,delayed,0|5|10|15|35|75|125|175|225,adjoint_lbfgsb,adjoint_lbfgsb,2,structured_sigmoid,,7.554061908709928,7.661672064830945,0.10761015612101765,False,True,False,False,value_and_gradient,7.661672064830945,1548,1548,1000,172.0599970817566,STOP: TOTAL NO. of ITERATIONS REACHED LIMIT,0|0.761390896287|0.57708294714|0.892467130905|0.688188019673|0.710792529058|0.488746401505|1|0.809570051|0.830105844337|0.832923872565|0.596011829607|0.59895747624|0.612417744557|0.395190350531|1|0.972779167231|0.968393869687|0.972577839948|0.987674719908|0.699998609376|0.695460170676|0.692437833477|0.722253843434|0.720632269422|0.72877693483|0.455337317006|0.460335043121|0.471833792608|0.478384238917|0.270441389031|1|1|1|1|1|1|0.771146761594|0.78742215685|0.798295728662|0.790356594849|0.786709755282|0.792726669671|0.793776888745|0.799662235374|0.79350362713|0.791320258552|0.489576737699|0.48527044202|0.480373422775|0.477860267581|0.483925761597|0.492304330131|0.490790798756|0.498393088923|0.500285016518|0.51647566693|0.290086393856|0.28794146434|0.287303444332|0.278588631695|0.287417970139|0.122342181479|1|1|1|1|1|1|1|1|1|1|1|1|1|1|1|1|1|1|1|1|1|1|0.7760763606|0.762710744434|0.801378725337|0.820652756597|0.797381239206|0.795163369687|0.805628791423|0.834539995673|0.823888864976|0.814880658631|0.877835445387|0.870983052801|0.861249131213|0.834543033679|0.827901072159|0.837706272236|0.832845291771|0.827367029646|0.820455412133|0.845422423334|0.514008842642|0.509894357396|0.508230433946|0.524390846278|0.5503877527|0.545184571298|0.509521582766|0.501944898217|0.530825900163|0.529052524288|0.55512419641|0.551153086517|0.546056474678|0.513383557233|0.521829469508|0.28806397352|0.283789067791|0.279394722769|0.289791835358|0.267941909322|0.270931042556|0.0878985343413|1|1|1|1|1|1|1|1|1|1|1|1|1|1|1|1|1|1|1|1|1|1|1|1|1|1|1|1|1|1|1|1|1|1|1|1|1|1|1|1|1|1|1|1|1|1|1|1|1|1|1|1|1|1|1|1|1|1|1|1|1|1|1|1|0.675117495742|0.688754507167|0.801849936272|0.830558209211|0.804217248625|0.798219928576|0.791856755746|0.878387721736|0.867857411874|0.859071848845|0.902001331087|0.893081640625|0.88270978061|0.843529436504|0.833991067692|0.826836357796|0.856207656615|0.848397502386|0.840382061748|0.863510589079|0.880487444226|0.871024386015|0.860487411525|0.832731661997|0.907231857442|0.898723455268|0.831508373385|0.824253057079|0.818546560326|0.839991307947|0.885079006872|0.875840868735|0.867557523611|0.810587211003|0.813847377912|0.604076881234|0.594217362077|0.585386663298|0.598617782849|0.598020125215|0.592437630049|0.531422350987|0.524620820302|0.562758862671|0.520621434927|0.563135652521|0.554919141012|0.546893548914|0.491961849513|0.47686502205|0.54582854521|0.537411409269|0.529358567719|0.517123363136|0.459039314702|0.43970220881|0.314176238726|0.305910203598|0.297985427715|0.260108064827|0.20379640621|0.189819701468|0.194041363529|0.171887891378
0,5,1,tree_robustness,default,delayed,0|5|10|15|35|75|125|175|225,adjoint_lbfgsb,adjoint_lbfgsb,3,structured_constant,,7.640459156052357,7.6616719710079995,0.021212814955642756,True,True,False,False,value_and_gradient,7.6616719710079995,826,826,537,91.62889432907104,CONVERGENCE: REL_REDUCTION_OF_F_<=_FACTR*EPSMCH,0|0.761296677558|0.577141616098|0.89246136357|0.688214241971|0.710859165111|0.489511264813|1|0.809595820577|0.830181122201|0.833068518737|0.596188910082|0.599013790371|0.612283484653|0.39524119661|1|0.972726296545|0.967936608113|0.972479905136|0.987951615333|0.699999824348|0.695439455788|0.692433816931|0.722296394296|0.720438835545|0.728365418156|0.455075948559|0.460116942428|0.471790442718|0.478140832338|0.271126286757|1|1|1|1|1|1|0.772518317012|0.78675265994|0.797734055177|0.789208219331|0.78750381804|0.79293820217|0.793378081065|0.799985394102|0.793791440235|0.791859634847|0.488946468572|0.484742422646|0.480074395634|0.477411817317|0.484183838672|0.493001763924|0.490618541074|0.496443390124|0.498824650691|0.518495155167|0.293208884684|0.289669042906|0.288828509757|0.27966557772|0.287414375257|0.119925402201|1|1|1|1|1|1|1|1|1|1|1|1|1|1|1|1|1|1|1|1|1|1|0.778194326054|0.766543114804|0.801779522733|0.820777358621|0.796649096467|0.794557783554|0.806190669946|0.836565874955|0.825864107008|0.816892717452|0.879469374838|0.87299988962|0.863408190852|0.83663253389|0.830204615418|0.838070516734|0.835626765802|0.82970516098|0.822161089635|0.842118820376|0.514701466098|0.510155130287|0.508330274039|0.523476884427|0.545081406294|0.540446815254|0.504051913965|0.508378190179|0.533566988281|0.529685385921|0.556562806852|0.551141989151|0.546095756657|0.514850817382|0.52674924261|0.295440452735|0.291121786866|0.286635708704|0.292564193609|0.264327011259|0.257283011604|0.0965067040569|1|1|1|1|1|1|1|1|1|1|1|1|1|1|1|1|1|1|1|1|1|1|1|1|1|1|1|1|1|1|1|1|1|1|1|1|1|1|1|1|1|1|1|1|1|1|1|1|1|1|1|1|1|1|1|1|1|1|1|1|1|1|1|1|0.668250952574|0.686442534637|0.806660207228|0.821292591632|0.801642326389|0.796756320399|0.798196927759|0.885105287775|0.875361595297|0.86720520018|0.906220086369|0.898376071121|0.889348065674|0.852967115573|0.843641165089|0.836139545981|0.872286044586|0.863671727541|0.854919901566|0.881545328727|0.887422336616|0.878738642859|0.869063048891|0.861700409513|0.925924015579|0.916988559265|0.84550555608|0.837483643551|0.836484347906|0.853387360539|0.908468083653|0.896883918193|0.886104710105|0.817548248238|0.814365192859|0.616343207282|0.607999326464|0.60041625299|0.610622766405|0.613344896202|0.607697748559|0.549371534654|0.5429619952|0.56830357138|0.53306019223|0.577863059214|0.568895250168|0.560398830622|0.503270909132|0.478360444767|0.560460157711|0.551552418669|0.542928379814|0.506203466457|0.458422958277|0.436242823614|0.35987194647|0.352321309835|0.344781253722|0.303428366161|0.244444713242|0.22523658423|0.227457271635|0.131471754959
0,5,1,tree_robustness,default,delayed,0|5|10|15|35|75|125|175|225,adjoint_lbfgsb,adjoint_lbfgsb,4,warm_start_perturbed,,7.660678101351558,7.661672237014517,0.000994135662958584,True,True,False,False,value_and_gradient,7.661672237014517,1429,1429,861,158.26055002212524,CONVERGENCE: REL_REDUCTION_OF_F_<=_FACTR*EPSMCH,0|0.761422938387|0.577040128487|0.892426209111|0.688158849876|0.710742462982|0.48926602342|1|0.809572472046|0.830101602028|0.832875651932|0.596152055108|0.59882060483|0.612350353403|0.395229670691|1|0.972713106461|0.967968896444|0.972583214522|0.987627007944|0.699999994146|0.695366179589|0.692462666743|0.722318633278|0.720435326489|0.728567950766|0.454644202406|0.460323380928|0.471694984738|0.478135352023|0.27046365725|1|1|1|1|1|1|0.772297978844|0.786310065758|0.797947750937|0.789295453875|0.786728856657|0.792646982472|0.793577632811|0.800149948162|0.794400350697|0.791534715196|0.488071877295|0.48282438657|0.479608973159|0.477395132057|0.483409623099|0.492542746797|0.490976370673|0.497657177873|0.499193748492|0.516145277673|0.290675209758|0.287773530168|0.286221917665|0.281419884086|0.289156741607|0.120802425405|1|1|1|1|1|1|1|1|1|1|1|1|1|1|1|1|1|1|1|1|1|1|0.777063833396|0.766952679553|0.802509643667|0.822898073681|0.796734382799|0.795102149402|0.806215958354|0.83622354681|0.825191502589|0.81682159567|0.877039225395|0.872017492312|0.861673471228|0.836330973681|0.828716450734|0.838049504046|0.834462844254|0.829944339493|0.823588871527|0.842146772133|0.51613291741|0.511724543368|0.510385861474|0.52171084288|0.54329616059|0.53887504417|0.503082329103|0.504018146865|0.528793514297|0.525548608973|0.552553024926|0.543047948875|0.542208172867|0.510992859414|0.521478278433|0.29178218719|0.293537482307|0.291965528858|0.296431341466|0.270316507476|0.263374283316|0.103364231326|1|1|1|1|1|1|1|1|1|1|1|1|1|1|1|1|1|1|1|1|1|1|1|1|1|1|1|1|1|1|1|1|1|1|1|1|1|1|1|1|1|1|1|1|1|1|1|1|1|1|1|1|1|1|1|1|1|1|1|1|1|1|1|1|0.56317492825|0.687291174169|0.746822670256|0.733626635393|0.812673048889|0.804515226117|0.800758511312|0.881771732549|0.872025537092|0.86407686678|0.900712135582|0.892435737233|0.885003121428|0.845597079077|0.841409435113|0.829972789041|0.858488100196|0.854336962245|0.848955233617|0.867760672633|0.882323844249|0.874845765757|0.864014557323|0.837750855026|0.907280146341|0.908552572031|0.835285813643|0.831807392202|0.829521286002|0.816732636775|0.896220811415|0.892767980405|0.879140809292|0.811916497816|0.781587625946|0.556411876486|0.570647115067|0.565902985815|0.595918735496|0.590825686702|0.572081182649|0.550747860568|0.546974101862|0.586008608983|0.539485706783|0.55245945819|0.568206168176|0.554545357591|0.52182699734|0.514870063886|0.548205104977|0.565862308717|0.550735236711|0.549281788365|0.500207951057|0.484166134408|0.256198855976|0.238961016207|0.25299411753|0.232626217005|0.198796239901|0.221428729352|0.219594602352|0.0348300081643
0,5,1,tree_robustness,default,delayed,0|5|10|15|35|75|125|175|225,adjoint_lbfgsb,adjoint_lbfgsb,5,warm_start_perturbed,,7.6606200088526855,7.661672081956845,0.0010520731041596676,True,True,False,False,value_and_gradient,7.661672081956845,1029,1029,665,114.6470000743866,CONVERGENCE: REL_REDUCTION_OF_F_<=_FACTR*EPSMCH,0|0.761496553268|0.577212087821|0.892443485205|0.688097805566|0.710956809382|0.489138046488|1|0.809549272808|0.830115097465|0.832890730394|0.596041356856|0.599017299478|0.612458457086|0.395247483661|1|0.972700320978|0.96831030381|0.972559450877|0.987981489169|0.700000144993|0.695379793727|0.692448610718|0.722072247484|0.720356732992|0.728653217071|0.45460268349|0.460101767719|0.471850634431|0.477906608521|0.270997821492|1|1|1|1|1|1|0.772306277682|0.786096186953|0.798677998553|0.78977061829|0.787022175574|0.793328686739|0.794551529684|0.799548997364|0.792917607038|0.791037127844|0.489439765463|0.485240604035|0.480472478878|0.478255014441|0.483984156953|0.4922999857|0.490310346355|0.49738870792|0.500448424929|0.514776858183|0.290937144793|0.287998177422|0.287101462995|0.278887054381|0.289101936128|0.123073436394|1|1|1|1|1|1|1|1|1|1|1|1|1|1|1|1|1|1|1|1|1|1|0.778596349284|0.767900971659|0.801900274196|0.820188962865|0.797376342437|0.794632041573|0.805875440734|0.83583619848|0.824760074608|0.816111725151|0.878605613695|0.87217053836|0.862832266697|0.835385255682|0.829603567329|0.836830834082|0.834547064196|0.828862432607|0.822049419509|0.844434161104|0.52665883156|0.512064690521|0.509770072591|0.52315579267|0.546459912698|0.544969501962|0.503948402621|0.5049882903|0.535061378586|0.526135834949|0.551523910501|0.549722548816|0.539659268694|0.512730396678|0.520953478334|0.286661976432|0.285344894994|0.271861629255|0.299478112401|0.265641360904|0.26125326193|0.105326431859|1|1|1|1|1|1|1|1|1|1|1|1|1|1|1|1|1|1|1|1|1|1|1|1|1|1|1|1|1|1|1|1|1|1|1|1|1|1|1|1|1|1|1|1|1|1|1|1|1|1|1|1|1|1|1|1|1|1|1|1|1|1|1|1|0.544493214377|0.680736591537|0.741614811803|0.693186235509|0.79471592001|0.800602221994|0.788983595544|0.884208129498|0.871925681156|0.865527966473|0.902965074568|0.893861409598|0.886811802751|0.848519498468|0.840573284363|0.833981254703|0.858134388097|0.843561359633|0.842612953685|0.874274471004|0.885022460405|0.874734067801|0.865645116101|0.835780761737|0.891718458902|0.90673938994|0.835701271955|0.831126941529|0.828123350183|0.826709942939|0.894029903433|0.892155071763|0.876248342587|0.805538611381|0.76707256386|0.576466619127|0.575979666196|0.5614598351|0.54829510526|0.563209252965|0.539344918533|0.570195914403|0.523565331703|0.599782692028|0.546945423399|0.585838587552|0.584886574226|0.558356303191|0.529082255465|0.516290434882|0.565075201353|0.563486613784|0.558755388595|0.556843003739|0.502634774973|0.485107417952|0.283493524729|0.23749643784|0.263908109756|0.19822419159|0.208083441824|0.221046631647|0.238126167001|0.0502263858173
0,5,1,tree_robustness,default,delayed,0|5|10|15|35|75|125|175|225,adjoint_lbfgsb,adjoint_lbfgsb,6,warm_start_perturbed,,7.660612078881857,7.661672109140659,0.0010600302588024135,True,True,False,False,value_and_gradient,7.661672109140659,721,721,483,80.79551386833191,CONVERGENCE: REL_REDUCTION_OF_F_<=_FACTR*EPSMCH,0|0.761268495055|0.577216192966|0.892468982453|0.68813761239|0.71096175757|0.489234703861|1|0.809607399782|0.830033065595|0.833182043344|0.596110972873|0.598943487748|0.612421276094|0.395149862732|1|0.972798502837|0.968224863326|0.972665868621|0.987787863481|0.699994589211|0.695333088895|0.692467101815|0.722196574565|0.720392628881|0.728644987688|0.454320903692|0.460140237013|0.471666740501|0.477946474826|0.270526155641|1|1|1|1|1|1|0.772133278437|0.789016334876|0.798673562932|0.789948632356|0.786845642302|0.792585757694|0.793590677649|0.800743615541|0.793052589187|0.791788021823|0.489253962195|0.483724833198|0.482869771111|0.477886862469|0.484207851825|0.492734394242|0.491552932784|0.497603700272|0.499631994317|0.516255564554|0.29221376317|0.287674102856|0.287798705304|0.280987645834|0.289414189176|0.121725394949|1|1|1|1|1|1|1|1|1|1|1|1|1|1|1|1|1|1|1|1|1|1|0.77981898724|0.769109690762|0.800555414771|0.819679799536|0.797032226649|0.79389033315|0.806861280065|0.83630746228|0.824286265138|0.815731160633|0.879057849442|0.872915714058|0.862239000613|0.83517255365|0.829031776073|0.836993068336|0.834469499219|0.829004926722|0.821672216218|0.84417372902|0.506761047007|0.49991633313|0.513741454361|0.527094399277|0.548292783683|0.548918577618|0.50511022538|0.505768659243|0.528120172785|0.525992146668|0.558096304157|0.548059968155|0.542712611621|0.510840625029|0.52080290285|0.292069321817|0.290904125247|0.2758300769|0.294457280181|0.271848384481|0.263606330251|0.0735770551672|1|1|1|1|1|1|1|1|1|1|1|1|1|1|1|1|1|1|1|1|1|1|1|1|1|1|1|1|1|1|1|1|1|1|1|1|1|1|1|1|1|1|1|1|1|1|1|1|1|1|1|1|1|1|1|1|1|1|1|1|1|1|1|1|0.566058125781|0.663701178025|0.730474096727|0.731770939153|0.815736362713|0.792603623943|0.815005929097|0.886840819925|0.872677326922|0.86628716538|0.881389656022|0.871614746119|0.879280400791|0.847857024137|0.830538050927|0.827091608749|0.852142187592|0.855724480353|0.843217300399|0.863488991366|0.879257072111|0.872569650558|0.86887380098|0.842610559716|0.909058692285|0.902725228379|0.839587093298|0.820971872089|0.811742813725|0.82332313259|0.885996153392|0.893370793976|0.86827694314|0.808047309971|0.794797426894|0.535500725814|0.56071210507|0.564259360282|0.554140796532|0.550074324623|0.551455517018|0.581738144705|0.560196989349|0.572807227377|0.539561217004|0.575575090832|0.569899306408|0.575967606143|0.522236859573|0.517102593008|0.559388393475|0.557869339489|0.55117807628|0.533525561743|0.502838896926|0.488211200894|0.251383556425|0.236695446373|0.289928536785|0.224543609621|0.186483118206|0.202461204463|0.231857341684|0.0290350627072
0,5,1,tree_robustness,default,delayed,0|5|10|15|35|75|125|175|225,adjoint_lbfgsb,adjoint_lbfgsb,7,warm_start_perturbed,,7.660577678280209,7.661672084710696,0.0010944064304867496,False,True,False,False,value_and_gradient,7.661672084710696,1600,1600,1000,177.24263644218445,STOP: TOTAL NO. of ITERATIONS REACHED LIMIT,0|0.761485343191|0.577109465788|0.892558610149|0.68811824368|0.710909199888|0.489220978794|1|0.809528576665|0.830157754472|0.833047867076|0.596166555924|0.599102500657|0.612309102809|0.395208591424|1|0.972767510185|0.968362805667|0.972532137788|0.987820626724|0.699994654863|0.695352547952|0.692395352141|0.722149975087|0.720420606664|0.728362040802|0.454843373845|0.460210473775|0.471695555253|0.478116429159|0.270122834604|1|1|1|1|1|1|0.77243165521|0.789385457463|0.797577445121|0.788647667661|0.786678110794|0.79274465493|0.794044012081|0.799864602231|0.793658672657|0.79170455187|0.488886029571|0.485419901997|0.480010205733|0.477786459804|0.484393089749|0.492821762927|0.490555108061|0.497661475014|0.500054128578|0.516255044866|0.290767264124|0.288568142423|0.287545148655|0.279113741747|0.289305621627|0.121211095122|1|1|1|1|1|1|1|1|1|1|1|1|1|1|1|1|1|1|1|1|1|1|0.775668913671|0.782142602655|0.801571746652|0.82235595291|0.796106775449|0.793587445147|0.805772409116|0.837057466783|0.825589179124|0.817570994557|0.878207594606|0.871613700245|0.862162531349|0.838371070858|0.830513777309|0.838393462318|0.835766752158|0.828588484455|0.823696233269|0.842454921678|0.510440752271|0.507976997599|0.501518422642|0.521300328225|0.537342280038|0.534464785455|0.508878730924|0.50308585706|0.529689343475|0.526928778747|0.551485888124|0.547203445414|0.542281221295|0.511063258595|0.521761319285|0.295864028928|0.293203650373|0.28961928732|0.296208460526|0.271667374173|0.268082852931|0.0910092253285|1|1|1|1|1|1|1|1|1|1|1|1|1|1|1|1|1|1|1|1|1|1|1|1|1|1|1|1|1|1|1|1|1|1|1|1|1|1|1|1|1|1|1|1|1|1|1|1|1|1|1|1|1|1|1|1|1|1|1|1|1|1|1|1|0.464281403545|0.621529274355|0.760358863341|0.689532103503|0.805331680155|0.801028598727|0.796898755363|0.888897692838|0.871608903746|0.85754807474|0.884313295022|0.876113320503|0.883018563424|0.853539747557|0.848904851407|0.839590024041|0.856553683833|0.850794526286|0.846468668252|0.868342115039|0.889711602446|0.878234202307|0.865270420347|0.839205567933|0.908793110843|0.884260481062|0.838793054839|0.829994834357|0.824650865882|0.839284799678|0.886455764944|0.879144119148|0.871733315284|0.802826710744|0.804053872888|0.571802651407|0.563406282133|0.575227286854|0.607493043612|0.604115037242|0.611473369108|0.562779341308|0.54502715629|0.587188193247|0.536566517338|0.582349338293|0.566023609701|0.548452138196|0.523382744914|0.516691769539|0.536739144358|0.570623499615|0.563930672166|0.538449431998|0.503035867943|0.49145365018|0.277506185515|0.298857225725|0.212453107053|0.24195025367|0.209299537985|0.196776228264|0.252616171438|0.0901660305176
