sample_index,delay_year,task_id,run_type,tree_spec,scenario,decision_times,optimizer_arm,local_solver,local_start_index,start_source,removal_active_set_stage,initial_utility,final_utility,utility_gain_from_polish,success_scipy,success_diagnostics,guarded_start_kept,best_eval_retained,best_eval_source,best_eval_utility,nfev,ngev,nit,runtime_seconds,message,mitigation
no_endogenous_learning,15,12,delay_frontier,default,optimal,0|5|10|15|35|75|125|175|225,adjoint_lbfgsb,adjoint_lbfgsb,0,structured_ramp,,7.582144542813424,7.648959469851411,0.06681492703798675,True,True,False,False,value_and_gradient,7.648959469851411,681,681,442,74.74330639839172,CONVERGENCE: REL_REDUCTION_OF_F_<=_FACTR*EPSMCH,0.598620659983|0.711977164178|0.534830830242|0.832069886198|0.635014413765|0.659618526708|0.448700911081|0.961737321438|0.751486288288|0.774387916972|0.778826043344|0.552225038284|0.55714292727|0.571739041811|0.360018502033|1|0.83630952324|0.84618768954|0.854974116804|0.873949867407|0.601172700754|0.597406973902|0.594523916595|0.635699601045|0.636883305507|0.646744561077|0.391047112097|0.398590362381|0.409978573686|0.422279764958|0.231283245878|0.935397093904|0.738834504947|0.772483443506|0.780482457101|0.7920869701|0.78711547976|0.492533214792|0.524806533697|0.525472032114|0.518045336294|0.559894501115|0.570249619497|0.565613459916|0.578170727116|0.581341977819|0.584549215321|0.301025367498|0.30291001423|0.308784332344|0.329497834903|0.327332177575|0.332693108964|0.365254135885|0.373845920636|0.373756071743|0.381096977757|0.186287357909|0.186173417375|0.187339425633|0.211621050217|0.21537750031|0.088719255653|1|0.957298988633|0.960544624776|0.95586941582|1|1|0.997432477406|0.703441232916|0.71562710478|0.73466858594|0.733066385476|0.729680662576|0.729181623692|0.729975718548|0.749121520913|0.778774472584|0.80591555815|0.794752297413|0.794083048018|0.796974283455|0.806208542704|0.820562950366|0.382362071373|0.387339855149|0.385128808321|0.392115901435|0.443647674858|0.445928334459|0.445964694099|0.488974129355|0.48836456853|0.486213528761|0.466965813|0.467329650903|0.481487282749|0.512246068364|0.512780749092|0.51407811088|0.538764884268|0.561878114919|0.56074087906|0.564619459052|0.256026819736|0.266700979405|0.269238841983|0.269743773598|0.26750654023|0.267448910559|0.307332865006|0.309441848224|0.312066374804|0.313564790115|0.313704698205|0.313716988179|0.31381169435|0.349625858591|0.353249140197|0.147911679615|0.14757878531|0.147065547647|0.167781069234|0.168457274119|0.170770921717|0.0534651670014|1|1|1|1|1|1|1|1|0.964587240851|0.972995738435|0.982857107055|0.98976757548|0.990663621272|0.991234294747|0.977586243543|0.986078827899|0.99254009538|0.993118463256|0.993823062805|0.991087183615|0.992141863556|0.99538655981|0.996916872848|1|1|1|1|1|1|0.499269782103|0.514302690016|0.579220617565|0.579431829658|0.579964775574|0.576876262782|0.583934485834|0.584242542523|0.584341225784|0.649387356075|0.64994129825|0.650900769579|0.652959669122|0.653315003053|0.653551286837|0.582214150099|0.587839297687|0.588257150512|0.5885582197|0.651772508495|0.652152549787|0.652743483531|0.693680465953|0.694980085616|0.695273511653|0.653366912525|0.653739104622|0.653917640638|0.695801469552|0.696103679193|0.696301330529|0.698909876535|0.747406847387|0.748464570341|0.750113161888|0.253517647365|0.263417613455|0.264170371032|0.294505639712|0.343055796212|0.343706797801|0.344660468407|0.406944978653|0.407273361025|0.407525293296|0.346017705079|0.346636765804|0.407957845461|0.408615018481|0.409065422099|0.409401499503|0.463465939593|0.462937009356|0.462849763463|0.464233379524|0.408058349784|0.407790389267|0.408183083109|0.409830569413|0.410023923925|0.410321092742|0.463259411813|0.463377822272|0.463556889315|0.464829945967|0.463949493882|0.464145195801|0.464340632582|0.511188145612|0.511798617371|0.213073642796|0.213386478788|0.213986115365|0.215953649028|0.216401932253|0.216831045401|0.252205651171|0.25235227296|0.252541788432|0.25378284299|0.252906998457|0.253075829774|0.253241846724|0.283181267294|0.284071889583|0.25333636258|0.253489035428|0.253637518262|0.283455739364|0.284299270129|0.284186668735|0.102517505198|0.102627392578|0.102697539785|0.110260690879|0.111250695936|0.121533107292|0.125965312327|0.0381031407858
no_endogenous_learning,15,12,delay_frontier,default,optimal,0|5|10|15|35|75|125|175|225,adjoint_lbfgsb,adjoint_lbfgsb,1,structured_sigmoid,,7.557522660502639,7.648959468883521,0.09143680838088208,True,True,False,False,value_and_gradient,7.648959468883521,978,978,547,105.46887230873108,CONVERGENCE: REL_REDUCTION_OF_F_<=_FACTR*EPSMCH,0.598574204303|0.711953327087|0.534793479844|0.832073386699|0.635127874265|0.659591407901|0.448739239968|0.961749547864|0.751508875443|0.774347811169|0.778767872285|0.55225754956|0.557181589532|0.57182459936|0.360024600408|1|0.836310661451|0.846257727915|0.854916812835|0.873953804564|0.601176798714|0.59741343348|0.594438129817|0.635757119865|0.636874182581|0.646712307178|0.391104557601|0.398559587849|0.410043637253|0.422302610926|0.231429634892|0.935435586004|0.738922400756|0.772414246475|0.780438718469|0.792063811197|0.787053725169|0.492509777458|0.524765042196|0.525470811577|0.518003882073|0.559940079136|0.570157615576|0.565467138073|0.577776946383|0.58133364772|0.58437299123|0.301083252242|0.302776323311|0.308723073749|0.329226480631|0.3270214382|0.332372646284|0.364453746551|0.373977792989|0.373929585456|0.381210661446|0.186486607791|0.186367113097|0.187534128354|0.211788446688|0.2154566983|0.0884929788571|1|0.957284402907|0.960569106945|0.955948801865|1|1|0.997175709517|0.703657934008|0.715791896799|0.734734853451|0.733104016592|0.729686527602|0.729225522145|0.729936571169|0.749095616178|0.778782526045|0.806049593574|0.794761234982|0.794086926133|0.797047009772|0.806332289336|0.820943354882|0.383233426914|0.388247722822|0.386071758958|0.391399092822|0.443712418626|0.446001478805|0.446008021079|0.489358843727|0.487635990315|0.485684765788|0.467064875161|0.467421369494|0.482260181423|0.511866224631|0.512395450432|0.513679068041|0.538802590082|0.561633511833|0.560453267616|0.564400826185|0.256443586848|0.266077550187|0.268629953828|0.26910770293|0.266854204813|0.266791373127|0.307287283343|0.309350686314|0.311910138349|0.313434390868|0.313551260263|0.313571819138|0.313667031587|0.350343563163|0.353762370867|0.146833294909|0.146665113764|0.146314431582|0.16933618732|0.169972877183|0.170550296703|0.0529570031686|1|1|1|1|1|1|1|1|0.962105229063|0.972218650181|0.983577502218|0.989317463388|0.990214048361|0.990792807931|0.977841242447|0.986762953408|0.992576109354|0.993001268682|0.993572872578|0.99079609385|0.996894730781|0.997017246274|0.997195329102|1|1|1|1|1|1|0.501631163108|0.516842713708|0.581639765844|0.581921605997|0.58248365356|0.579410294417|0.586469879297|0.586802973031|0.586921502176|0.651449337194|0.65203915015|0.652973967102|0.655077824517|0.655468690546|0.655750614698|0.584761627277|0.590413088781|0.590854769788|0.591165954629|0.654052512475|0.654466447636|0.655087368104|0.696229518306|0.696998623688|0.697330486464|0.655864049627|0.656274528598|0.656612933875|0.698041420933|0.698405564334|0.698663923711|0.700230609222|0.749851175127|0.750335090547|0.75213520535|0.254350777547|0.26425626662|0.265002465229|0.297732879364|0.34415540986|0.34479368398|0.345734600189|0.408112993845|0.408532166373|0.408903700494|0.347021878767|0.347625511871|0.409110583462|0.409903139818|0.410346174972|0.410654804426|0.464801605104|0.464327528597|0.464458166817|0.465852265927|0.408919344405|0.40872380927|0.409189105772|0.410839943382|0.410990441351|0.411264894586|0.464493542227|0.464652296425|0.464801157196|0.466085401561|0.465139668473|0.465312786869|0.46548065874|0.51266315886|0.513478445943|0.213805754898|0.214115368002|0.214713414432|0.21666438768|0.217106433655|0.217573978346|0.252713471507|0.252863808788|0.253041650388|0.25425760811|0.253389047437|0.253540091215|0.25369320655|0.283418513503|0.284314672696|0.253821709275|0.253963881831|0.254096916137|0.283653439321|0.284488682095|0.284649873403|0.104947948156|0.105091164452|0.105192781919|0.112641684927|0.113659498327|0.123882358662|0.128214061649|0.0487713778999
no_endogenous_learning,15,12,delay_frontier,default,optimal,0|5|10|15|35|75|125|175|225,adjoint_lbfgsb,adjoint_lbfgsb,2,structured_constant,,7.627984444927759,7.648959409451838,0.0209749645240791,True,True,False,False,value_and_gradient,7.648959409451838,404,404,280,44.67505621910095,CONVERGENCE: REL_REDUCTION_OF_F_<=_FACTR*EPSMCH,0.598614989953|0.712084024282|0.534849044958|0.832075125362|0.634991261777|0.659480460267|0.448802472221|0.961762160167|0.751525370956|0.774346385151|0.778647581539|0.552177711879|0.557146108656|0.571752664801|0.360143738134|1|0.836298229641|0.846197970698|0.854969259361|0.874019960936|0.601152772004|0.597433857821|0.594532648602|0.635717549354|0.636907073613|0.646735037481|0.391147544949|0.39841152075|0.409673041543|0.422266108723|0.231448402151|0.935308353463|0.7388208918|0.772488189907|0.780431655178|0.792060977465|0.787257149583|0.492563194779|0.524809340469|0.525490944481|0.518240654088|0.560029245758|0.570252133874|0.565562064567|0.578077137786|0.581718352111|0.584666229407|0.300925522317|0.302744847141|0.309005788957|0.328625575741|0.326498987907|0.331904449428|0.36507205145|0.374108228894|0.374991942748|0.382305466408|0.186121876859|0.185983394217|0.18714169029|0.210709486525|0.214738219232|0.088511649091|1|0.957209013058|0.960476021802|0.955968430489|1|1|0.996990478293|0.703919155644|0.715910033399|0.734758044248|0.733121409188|0.729693779506|0.729230186723|0.72995270777|0.749118265698|0.778854611405|0.806103441819|0.794842903409|0.794161234948|0.797139206918|0.806382418185|0.820843678336|0.380681354704|0.385905306294|0.383800785155|0.391365535229|0.443855247193|0.446121913404|0.446207773999|0.487777935574|0.488102371935|0.486110397687|0.467120357027|0.467493623341|0.482133254476|0.51225636432|0.51279024177|0.514058264892|0.539191077388|0.561710056347|0.560488748875|0.564364282826|0.259469968362|0.269570913085|0.272245349507|0.272559937969|0.270428531215|0.270438991841|0.306971941061|0.309154497502|0.311967135396|0.313260462294|0.313642507758|0.313595629111|0.313647949325|0.348076942977|0.351593742792|0.14786799897|0.147794941238|0.147665086089|0.16936732022|0.169563835976|0.177372797417|0.0497550103236|1|1|1|1|1|1|1|1|0.961053457608|0.973734361225|0.984378097572|0.989877705949|0.990375856881|0.99069433602|0.978493463001|0.985516872247|0.992585476867|0.990361398534|0.993611528344|0.990007619225|0.99577693856|0.996881476209|0.996005440083|1|1|1|1|1|1|0.500490042626|0.51686185054|0.583095836826|0.583803333133|0.584357136331|0.5811970115|0.588405497729|0.588683649181|0.588779960113|0.65182346074|0.652402346747|0.653127679795|0.655201965022|0.655712926421|0.65610387797|0.585640482692|0.591466569895|0.591916840619|0.592178160818|0.653965015744|0.654376941013|0.654981373889|0.696065363347|0.69488347721|0.695328864048|0.655787385588|0.656197407172|0.655410127108|0.696001531612|0.696422850924|0.696675975606|0.696363415282|0.746311452249|0.746156277719|0.748158297993|0.246898190481|0.256628597002|0.257364960712|0.297103181479|0.336818319029|0.337453554781|0.338376484045|0.402482975441|0.402878729512|0.403262770841|0.339655950876|0.340256241643|0.402509380102|0.404292551942|0.404723511984|0.405038039441|0.461232629588|0.460939653678|0.461110411894|0.462641178506|0.402694372595|0.403082218039|0.403515906346|0.405178889411|0.405300509277|0.405577895187|0.460837797547|0.460993969112|0.46113398814|0.462518771841|0.461495312824|0.461673642669|0.461852656901|0.511319484821|0.512078244787|0.208219045186|0.208147205013|0.20869874446|0.210473325552|0.210871815326|0.211675828649|0.245844462909|0.245990886114|0.246142850986|0.247282546024|0.246509205451|0.246597919537|0.246723567864|0.276149115392|0.276915500245|0.247244912527|0.24737142637|0.247453864304|0.276525801004|0.277242991337|0.277757725344|0.105510297914|0.10564279267|0.105708475641|0.11265860244|0.113725939743|0.121017177682|0.126705808594|0.0480563128019
no_endogenous_learning,15,12,delay_frontier,default,optimal,0|5|10|15|35|75|125|175|225,adjoint_lbfgsb,adjoint_lbfgsb,3,sobol,,7.613654221533786,7.648959449561969,0.035305228028182256,True,True,False,False,value_and_gradient,7.648959449561969,801,801,465,86.76187872886658,CONVERGENCE: REL_REDUCTION_OF_F_<=_FACTR*EPSMCH,0.598560928759|0.71199087125|0.534848688338|0.832094666061|0.635069380851|0.659552052623|0.448745474148|0.961751379613|0.751514910404|0.774323131111|0.778789156147|0.552126889899|0.557173912364|0.571750488107|0.360151111772|1|0.836294352801|0.846191707531|0.854947889946|0.873907580443|0.601147764448|0.597397131396|0.594521886319|0.63571153153|0.636880019787|0.64672346689|0.391080876316|0.398522238191|0.409921582395|0.422279184857|0.231402911425|0.935428537743|0.738906898456|0.772530523012|0.780443645304|0.792017356024|0.787233795238|0.49246129012|0.524741670816|0.525517882095|0.517649304228|0.560078026485|0.570227007276|0.565676039594|0.578023523516|0.581351820846|0.584428145667|0.300811147655|0.302937896531|0.308699841967|0.329519247413|0.327272388868|0.33267634206|0.364937956054|0.373572739593|0.373864068835|0.381495975319|0.18658407667|0.186443641514|0.187642344788|0.211653530331|0.215383148446|0.0883282191708|1|0.957168397276|0.960494159631|0.955805500051|1|1|0.997253904885|0.704159809509|0.715795950837|0.734050144926|0.733171425174|0.729407406511|0.728984052111|0.729774788173|0.74896424022|0.778747688982|0.805990677444|0.794783702232|0.794149852184|0.797208237933|0.806083989233|0.820828307474|0.382671311143|0.389390820084|0.385789072997|0.391000354422|0.444197190503|0.446492602846|0.446503195688|0.489119593807|0.487526688775|0.48657098326|0.467693364375|0.467928189677|0.48186296433|0.51195114509|0.51245818421|0.513794963708|0.539027447193|0.561643197961|0.559508525262|0.564629684635|0.25632542419|0.266609944714|0.269198860388|0.26980759389|0.2675197207|0.267812991353|0.306932903296|0.309263369725|0.311531581208|0.3132381872|0.31355642775|0.313542319081|0.313332653776|0.349955277449|0.353246300669|0.146808184965|0.146587908282|0.146235656027|0.16636617755|0.166950588347|0.171686770235|0.0547311758797|1|1|1|1|1|1|1|1|0.963915321852|0.973310973424|0.982744678769|0.989658210021|0.989877729639|0.990277177452|0.978089374537|0.985825027894|0.992395828366|0.993201524181|0.992536547583|0.99104054651|0.996104342583|0.996800487001|0.996958237317|1|1|1|1|1|1|0.501742154412|0.517903588799|0.580061147289|0.584454571353|0.581241712479|0.581727906575|0.584903232645|0.588971652712|0.588404554188|0.650267709819|0.653172167207|0.653157513384|0.65439770157|0.654324083507|0.657610259258|0.584343682688|0.59094604784|0.589123756338|0.5913716801|0.655651623877|0.655231240486|0.654304782829|0.696695386477|0.696107480557|0.698326734461|0.656709580747|0.656672821823|0.65484108925|0.699234909182|0.697202804046|0.699463550361|0.701333928168|0.750609208384|0.750396288378|0.75320329073|0.254749380332|0.266772937108|0.260301174425|0.301057165639|0.345160168411|0.343289287935|0.346855211906|0.406511471723|0.409527331152|0.40557612554|0.345470664455|0.349644526057|0.410073386524|0.407392793349|0.407043299945|0.408018920737|0.46181105565|0.461994959521|0.463716956368|0.466870144646|0.409801660147|0.410901711712|0.406891522031|0.407561412245|0.412144326829|0.412738546533|0.461774423152|0.46287928987|0.461925371159|0.463196598196|0.463262277832|0.463992846274|0.463294796532|0.516010873917|0.511537915124|0.216308540752|0.209490590692|0.218779927658|0.220833966006|0.221338019982|0.221302265975|0.254421931248|0.247618639183|0.254300049542|0.248753532961|0.256343558853|0.250326761935|0.248608761055|0.285451148639|0.282711445906|0.252179164701|0.255222962778|0.247736231333|0.281710245048|0.281925624428|0.283535598078|0.113952720756|0.115063850986|0.113774974914|0.12086146903|0.116868200738|0.118468270651|0.136350591626|0.0540880132219
no_endogenous_learning,15,12,delay_frontier,default,optimal,0|5|10|15|35|75|125|175|225,adjoint_lbfgsb,adjoint_lbfgsb,4,structured_constant,,7.6155986400488995,7.648959364079277,0.03336072403037704,True,True,False,False,value_and_gradient,7.648959364079277,339,339,252,37.765722036361694,CONVERGENCE: REL_REDUCTION_OF_F_<=_FACTR*EPSMCH,0.59857794711|0.711977290148|0.534949951185|0.832064077226|0.63506221439|0.659674853454|0.448505530081|0.961735541574|0.751491650308|0.774300791242|0.77884025589|0.552219038327|0.557168049851|0.571721886927|0.360208063162|1|0.8363396696|0.846243509585|0.854983577508|0.874182712667|0.60121104214|0.597386729885|0.594430423061|0.635686305305|0.636833784045|0.64671853717|0.391146188374|0.398657745048|0.410040791194|0.422000228389|0.231738680719|0.935932862029|0.739136882992|0.772702735765|0.780544699578|0.792223009718|0.787040769572|0.49221496058|0.524462660878|0.525260805617|0.519370882324|0.559908687014|0.569879400126|0.56525016955|0.577974222098|0.581947648018|0.584861082924|0.301077619116|0.302901085706|0.308585599604|0.329417670812|0.327236780143|0.332563068253|0.365137870989|0.374053973393|0.37410643408|0.381532251748|0.186667145314|0.186548168517|0.187722961296|0.211134647659|0.215076704408|0.0875972747174|1|0.95728817941|0.96052133693|0.955944821267|1|1|0.997215708926|0.706637187044|0.717149458767|0.734811993124|0.732904655144|0.728944625718|0.729002298036|0.728934621281|0.748616780682|0.778857364449|0.806712537249|0.794953516091|0.794146695524|0.797301101706|0.806653296781|0.821765134616|0.383384535039|0.388789450254|0.386797392266|0.387934455585|0.446053536341|0.448281270663|0.448385232479|0.48905961219|0.48793104087|0.486021468131|0.469243463397|0.469611133304|0.482536155868|0.512645795607|0.513172001778|0.514417643608|0.53831535769|0.559997443042|0.55966559074|0.563571967551|0.257817286396|0.267739293516|0.270870215622|0.271779220137|0.269629389323|0.269633322095|0.306753372142|0.309034576985|0.311980069769|0.313334697496|0.313671609609|0.313637439224|0.31368818021|0.349375852954|0.352642114542|0.142968718511|0.142922232859|0.142848247019|0.165137738108|0.165623886923|0.175492186549|0.0543804144922|1|1|1|1|1|1|1|1|0.963735397428|0.970948924022|0.982228544412|0.988866186856|0.990022891602|0.989427395735|0.97148568951|0.98562696654|0.991703637675|0.992258513683|0.99316725124|0.989256038748|0.995656940499|0.995652877313|0.996954262496|1|1|1|1|1|1|0.50282337429|0.519284569886|0.586147405962|0.58696420008|0.587540303987|0.584240465878|0.591658830793|0.591934380518|0.592054533569|0.656260911153|0.656845789011|0.657658234117|0.65979140963|0.660180571883|0.660481596241|0.588562069249|0.59459717122|0.595060306668|0.595373298182|0.658498790936|0.658923526878|0.659561110612|0.698212278771|0.700421178424|0.700665071793|0.660368810585|0.660809273311|0.660390983983|0.701366796296|0.701734966609|0.701980885482|0.702802237435|0.751635947923|0.751495932793|0.753087282051|0.256588074487|0.265840780497|0.26654430948|0.296318073708|0.342738044982|0.343347366361|0.344224590317|0.406270848133|0.406687104926|0.407096122065|0.345458436482|0.346031336209|0.406672193104|0.408084819261|0.408516974828|0.40882389828|0.463919669496|0.463625416447|0.463812635426|0.465341883992|0.406629693857|0.406805242943|0.407279693032|0.408962906895|0.409123058212|0.409393056837|0.463508560054|0.463670957508|0.463810891388|0.465188513282|0.4641630718|0.464341834846|0.464523765008|0.514046379044|0.514415491181|0.219446549323|0.219795734912|0.220353232816|0.222048790218|0.222430348135|0.223319826288|0.255764652386|0.255908527666|0.256062182114|0.257114982528|0.256400056757|0.256466245845|0.256595066926|0.284439384031|0.285383964035|0.257214842357|0.257332896701|0.257412095682|0.285055856503|0.285756256481|0.286072347965|0.12319222794|0.123316492951|0.123372542114|0.129896425332|0.130959707139|0.137562069216|0.143292782171|0.0693630822204
no_endogenous_learning,15,12,delay_frontier,default,optimal,0|5|10|15|35|75|125|175|225,adjoint_lbfgsb,adjoint_lbfgsb,5,structured_constant,,7.61297694194512,7.648959363485848,0.03598242154072828,True,True,False,False,value_and_gradient,7.648959363485848,289,289,211,32.452404499053955,CONVERGENCE: REL_REDUCTION_OF_F_<=_FACTR*EPSMCH,0.598546038815|0.711931793868|0.53479921985|0.832045188279|0.635076313822|0.659465180894|0.448720063121|0.961758708955|0.751559430126|0.774335649247|0.778802254282|0.55216314528|0.557439178234|0.571766614178|0.360051323458|1|0.836302394347|0.846188844669|0.85495995448|0.873943046659|0.601010008072|0.597383647778|0.594474541569|0.635767391627|0.636692116577|0.64667427066|0.391068846667|0.398662621632|0.409893950129|0.42243551348|0.230879701737|0.935360019967|0.738858740056|0.77248319748|0.780431385591|0.792027899139|0.787090264704|0.492318365873|0.52460491607|0.525313715761|0.516670817548|0.559690084313|0.569767593075|0.565155217897|0.577016380292|0.581358400451|0.58438005395|0.301147939692|0.302491897826|0.308710381091|0.329516553255|0.327352841342|0.332643368123|0.364887555082|0.373798604644|0.373875524897|0.381177000769|0.186804260433|0.186691603987|0.187889368227|0.210171808415|0.21510375214|0.0878393444418|1|0.957010902472|0.960439948655|0.955604065392|1|1|0.99716939968|0.704378801328|0.715979413688|0.734645405264|0.733000758712|0.729568823748|0.729027087927|0.729830323109|0.748994989191|0.778875138682|0.807122288765|0.795392010373|0.794775581044|0.798169411364|0.807423241498|0.82264817609|0.382445191308|0.387581674745|0.385437970084|0.39629272866|0.444104748598|0.446387270032|0.446426638666|0.490174071766|0.487807267118|0.485859124312|0.467553067231|0.467889958519|0.482384395742|0.511936701135|0.512477376412|0.513747154023|0.539844310016|0.561387554079|0.560056130264|0.564178048269|0.259669073419|0.2696830372|0.272303902975|0.272854299503|0.270689802975|0.270667359043|0.308469276342|0.310569638305|0.313264127841|0.314713492268|0.314894163506|0.314897309767|0.314965146687|0.350061610189|0.353515608859|0.147394144117|0.147236615626|0.146984128622|0.167984710083|0.168606043203|0.175197841987|0.0539390101503|1|1|1|1|1|1|1|1|0.965456339704|0.978767267697|0.982948733683|0.989967693587|0.991112618623|0.991653217983|0.982741977419|0.98596753304|0.992213904886|0.992821136136|0.993403588979|0.993007478616|0.996698595864|0.996980532584|0.997051678461|1|1|1|1|1|1|0.49954001999|0.51519618292|0.582932660967|0.583122766979|0.583683673018|0.580534153464|0.587754845546|0.588101150801|0.588201388734|0.652572284578|0.653118218872|0.654421474273|0.65629609799|0.656594347579|0.656841080245|0.586172219992|0.591946725917|0.592391343519|0.592685108548|0.655901253434|0.656281292282|0.656876436983|0.691960442548|0.696847459704|0.697100316282|0.657516480174|0.657836596847|0.656941950512|0.697754701051|0.698043463033|0.698240575637|0.698133856825|0.74562519233|0.745848565217|0.747157215324|0.254259017831|0.263373387537|0.26406547583|0.289849377872|0.339224914512|0.33982259999|0.340653269605|0.402532839959|0.402881110572|0.403277572512|0.341868211628|0.34234717741|0.402699211878|0.404160513274|0.404568448591|0.404862564346|0.459960853949|0.459798442014|0.459978368046|0.461245449084|0.403292132129|0.403384647679|0.403761572693|0.405256052416|0.405707462873|0.40596477015|0.460322199811|0.460460183655|0.460608485808|0.461732082832|0.460944397|0.461072974648|0.461228574784|0.510516830046|0.511187719085|0.219004380364|0.218586653909|0.219103560948|0.220752661723|0.221122019138|0.222079919793|0.253821326537|0.253961110197|0.254105049049|0.255107122067|0.254447767145|0.254483232578|0.254606595503|0.282183870167|0.282882254383|0.255355689019|0.255462481881|0.255529012188|0.28269233891|0.283334828071|0.283918469087|0.124899079751|0.125020584727|0.125077490302|0.131377056711|0.132414487941|0.137962457388|0.144844944879|0.0731001310699
no_endogenous_learning,15,12,delay_frontier,default,optimal,0|5|10|15|35|75|125|175|225,adjoint_lbfgsb,adjoint_lbfgsb,6,sobol,,7.611989289350735,7.648959444394498,0.03697015504376289,False,True,False,False,value_and_gradient,7.648959444394498,671,671,406,72.94964456558228,ABNORMAL_TERMINATION_IN_LNSRCH,0.598550500413|0.711994096978|0.534887714225|0.832083740672|0.635057764872|0.659569810588|0.448748141554|0.961683205286|0.751580801454|0.774311482124|0.77875467099|0.552226750211|0.557158076261|0.57168727718|0.360164931216|1|0.83627794771|0.846202150747|0.854944524911|0.87386952962|0.601146883825|0.597377242022|0.594579446861|0.635652010796|0.636883277205|0.646720367079|0.39123626589|0.398558539237|0.40996975732|0.422235370317|0.231444991909|0.935408274423|0.73882165521|0.772482330544|0.780477679048|0.79208527513|0.787105027942|0.493051691733|0.524835012404|0.525572509717|0.517703289921|0.560120031785|0.570227524419|0.565446679085|0.577828545823|0.581586273037|0.584313758768|0.301203994163|0.302863125583|0.308323283983|0.329372507403|0.327189935323|0.33252321669|0.363998525036|0.373516046827|0.373730850943|0.381253479099|0.186838155309|0.186660183786|0.187883273943|0.212024428912|0.215380104881|0.0885117823359|1|0.957104453054|0.960535124514|0.955826420671|1|1|0.99725662744|0.704766702856|0.716554208623|0.73544423247|0.733597397573|0.729868505346|0.729460061914|0.73018598525|0.749717138161|0.7799460446|0.806337118672|0.794607204303|0.794382510659|0.797160060975|0.806069923206|0.820808141879|0.383693049245|0.388961588058|0.386934714523|0.39277943604|0.444239579934|0.446505485638|0.446592896666|0.489051635344|0.487356370166|0.486088006674|0.467241791828|0.468002075282|0.483399410594|0.511430986845|0.511909636848|0.514010436809|0.539558746318|0.561857437337|0.56175804188|0.565604149264|0.255974191118|0.266591860012|0.269455151751|0.270060565741|0.267853408699|0.267802807616|0.306922247863|0.309074108438|0.311848713453|0.313257379926|0.313206587991|0.313411452885|0.313206802014|0.349916318574|0.353561387023|0.146912174575|0.146776502674|0.148581009824|0.167643241068|0.168652058431|0.17143798444|0.055301180203|1|1|1|1|1|1|1|1|0.965488219272|0.975039287312|0.983723230165|0.98922457954|0.99070160589|0.990648117515|0.978162054541|0.98770121992|0.993251587351|0.992858655283|0.993368678266|0.990990008279|0.998154516247|0.997293602213|0.997134128692|1|1|1|1|1|1|0.49936874726|0.514469243433|0.580606686837|0.581348030584|0.581890385611|0.578338731409|0.585725940062|0.585750965997|0.585864417526|0.652139627784|0.65006571877|0.650915119536|0.655399236424|0.655652077519|0.656444965386|0.583998203584|0.589107998068|0.590012885959|0.589871624887|0.653939939444|0.652829229155|0.655041234187|0.698895547322|0.698803652837|0.695729713757|0.655040726831|0.655415418324|0.657331737012|0.697096778761|0.699636815765|0.697491426402|0.706000516331|0.751298121891|0.754617854189|0.755691219445|0.256856751865|0.262116745792|0.2590345119|0.296769124904|0.344192378598|0.338163683969|0.346349240499|0.401717853667|0.407371431563|0.404895960789|0.347865676508|0.347709629709|0.402913636755|0.408485182563|0.405230945969|0.409242723907|0.460508880546|0.463208916628|0.463279633257|0.464809270003|0.406899825219|0.401508299851|0.406994875526|0.40668535354|0.409947846919|0.410461075759|0.459820774094|0.463270911997|0.461088596617|0.464560574048|0.462113283991|0.464313000896|0.464269136031|0.508823054714|0.512417505339|0.199064761484|0.213417510887|0.219163683815|0.219779400261|0.225369375605|0.202555171216|0.250167527468|0.254511759994|0.252037907431|0.254776219772|0.254978895788|0.24664944093|0.24666605256|0.287227072153|0.281568595649|0.245262512375|0.259364929426|0.260055925513|0.278254287579|0.275706964698|0.288852041571|0.11806327415|0.0923512542377|0.113535740942|0.111331729948|0.119573604121|0.138279966212|0.137048861461|0.0264100195078
no_endogenous_learning,15,12,delay_frontier,default,optimal,0|5|10|15|35|75|125|175|225,adjoint_lbfgsb,adjoint_lbfgsb,7,sobol,,7.609467512760894,7.6489593631394985,0.03949185037860481,True,True,False,False,value_and_gradient,7.6489593631394985,361,361,254,40.01032471656799,CONVERGENCE: REL_REDUCTION_OF_F_<=_FACTR*EPSMCH,0.598567264756|0.712023864379|0.534907844743|0.832083110819|0.634990472952|0.659399287475|0.448645923406|0.961835943721|0.751484254821|0.774363988245|0.778751349009|0.55200276357|0.557072198751|0.571731292623|0.35981950052|1|0.836333696771|0.846222625416|0.854937212402|0.873899543765|0.601146019171|0.597379833608|0.594636133104|0.635541546614|0.636983115144|0.646734867119|0.39108739772|0.398483418895|0.409918158244|0.422260448111|0.231175009237|0.935256049758|0.738766714976|0.77244104559|0.780584874511|0.792043504259|0.787057560053|0.492826679632|0.52476237476|0.525067052381|0.518013092123|0.560163404208|0.570156872953|0.565689014275|0.577281351261|0.581358911696|0.584579250511|0.3010640465|0.303027970302|0.309496692219|0.329749634376|0.327639699258|0.332510029163|0.364772477781|0.373913116909|0.373993018808|0.381361300818|0.18664451166|0.186335002885|0.186677565903|0.211142626016|0.215715324471|0.0883860617064|1|0.956977147296|0.959943514615|0.956254514753|1|1|0.997250489718|0.704381042826|0.715948357177|0.734857904386|0.733177155495|0.729777500908|0.729187552891|0.729950563346|0.749080392979|0.77887834648|0.806073403563|0.794798877083|0.794184241606|0.797097304768|0.806290296978|0.820924137753|0.383500171076|0.388327676908|0.387292951261|0.390481649401|0.444984971597|0.444971328814|0.448133086331|0.489201459014|0.484379810049|0.486070092128|0.469596365284|0.468108978706|0.48028441791|0.512202943605|0.511583284746|0.514507187169|0.53856012088|0.56121709173|0.561313800485|0.565427704186|0.255921291412|0.266462711711|0.269162338244|0.269781835991|0.267577473824|0.26728947901|0.306291819145|0.307688449583|0.310680681335|0.313201326415|0.312556972806|0.311864711958|0.311722627161|0.348842535621|0.35329041927|0.147261379551|0.148957774077|0.148674365777|0.166155703341|0.166508534677|0.174048748791|0.0573576358317|1|1|1|1|1|1|1|1|0.966034068209|0.974566424607|0.984089471636|0.990811673711|0.989806220492|0.991273107442|0.979010149737|0.985845013002|0.993120212073|0.992837226088|0.991658713207|0.991199329841|0.996397515007|0.99672959408|0.995480005687|1|1|1|1|1|1|0.494468864907|0.511541242986|0.588345527324|0.592441083471|0.581639146651|0.578119405764|0.585509383994|0.586929456608|0.586465008898|0.650481400919|0.650905672725|0.652385030635|0.654294446273|0.657348851097|0.659959949608|0.58761828919|0.58901054311|0.589599008661|0.592333356279|0.65726649897|0.654199018759|0.658521264964|0.694112081684|0.695656361554|0.694388461085|0.656013984109|0.655498064461|0.65449179851|0.694985688405|0.696254129701|0.695348239655|0.701190655096|0.740143627873|0.744425542547|0.753515300597|0.251010065301|0.26482710318|0.269206273159|0.301591576764|0.344754649757|0.343086266161|0.335203688705|0.409156720518|0.406466719606|0.410296090548|0.33590640018|0.351106388204|0.405341948889|0.41194104425|0.406755745123|0.412287089349|0.454911861864|0.469764060322|0.460930404819|0.458987392612|0.409754140118|0.403982844291|0.408003360172|0.403989863305|0.40183949098|0.407816802893|0.467931441556|0.454617974108|0.460223397864|0.470903715554|0.457470801164|0.469464425529|0.456774783595|0.506152884748|0.510133885407|0.220628809726|0.196166985308|0.204432707808|0.224567623193|0.200244074765|0.225563496501|0.253915589943|0.258381715168|0.258021665941|0.252121340725|0.249212702691|0.250892657728|0.257228888778|0.285797086923|0.276035390076|0.259340455727|0.256077804684|0.249774392527|0.285618698325|0.287822497784|0.277974898367|0.12960307505|0.122102499609|0.127934497051|0.108047390521|0.136156253941|0.138409862703|0.142384969266|0.0585575355381
no_endogenous_learning,10,11,delay_frontier,default,optimal,0|5|10|15|35|75|125|175|225,adjoint_lbfgsb,adjoint_lbfgsb,0,structured_ramp,,7.582144542813424,7.648959469851411,0.06681492703798675,True,True,False,False,value_and_gradient,7.648959469851411,681,681,442,75.28559827804565,CONVERGENCE: REL_REDUCTION_OF_F_<=_FACTR*EPSMCH,0.598620659983|0.711977164178|0.534830830242|0.832069886198|0.635014413765|0.659618526708|0.448700911081|0.961737321438|0.751486288288|0.774387916972|0.778826043344|0.552225038284|0.55714292727|0.571739041811|0.360018502033|1|0.83630952324|0.84618768954|0.854974116804|0.873949867407|0.601172700754|0.597406973902|0.594523916595|0.635699601045|0.636883305507|0.646744561077|0.391047112097|0.398590362381|0.409978573686|0.422279764958|0.231283245878|0.935397093904|0.738834504947|0.772483443506|0.780482457101|0.7920869701|0.78711547976|0.492533214792|0.524806533697|0.525472032114|0.518045336294|0.559894501115|0.570249619497|0.565613459916|0.578170727116|0.581341977819|0.584549215321|0.301025367498|0.30291001423|0.308784332344|0.329497834903|0.327332177575|0.332693108964|0.365254135885|0.373845920636|0.373756071743|0.381096977757|0.186287357909|0.186173417375|0.187339425633|0.211621050217|0.21537750031|0.088719255653|1|0.957298988633|0.960544624776|0.95586941582|1|1|0.997432477406|0.703441232916|0.71562710478|0.73466858594|0.733066385476|0.729680662576|0.729181623692|0.729975718548|0.749121520913|0.778774472584|0.80591555815|0.794752297413|0.794083048018|0.796974283455|0.806208542704|0.820562950366|0.382362071373|0.387339855149|0.385128808321|0.392115901435|0.443647674858|0.445928334459|0.445964694099|0.488974129355|0.48836456853|0.486213528761|0.466965813|0.467329650903|0.481487282749|0.512246068364|0.512780749092|0.51407811088|0.538764884268|0.561878114919|0.56074087906|0.564619459052|0.256026819736|0.266700979405|0.269238841983|0.269743773598|0.26750654023|0.267448910559|0.307332865006|0.309441848224|0.312066374804|0.313564790115|0.313704698205|0.313716988179|0.31381169435|0.349625858591|0.353249140197|0.147911679615|0.14757878531|0.147065547647|0.167781069234|0.168457274119|0.170770921717|0.0534651670014|1|1|1|1|1|1|1|1|0.964587240851|0.972995738435|0.982857107055|0.98976757548|0.990663621272|0.991234294747|0.977586243543|0.986078827899|0.99254009538|0.993118463256|0.993823062805|0.991087183615|0.992141863556|0.99538655981|0.996916872848|1|1|1|1|1|1|0.499269782103|0.514302690016|0.579220617565|0.579431829658|0.579964775574|0.576876262782|0.583934485834|0.584242542523|0.584341225784|0.649387356075|0.64994129825|0.650900769579|0.652959669122|0.653315003053|0.653551286837|0.582214150099|0.587839297687|0.588257150512|0.5885582197|0.651772508495|0.652152549787|0.652743483531|0.693680465953|0.694980085616|0.695273511653|0.653366912525|0.653739104622|0.653917640638|0.695801469552|0.696103679193|0.696301330529|0.698909876535|0.747406847387|0.748464570341|0.750113161888|0.253517647365|0.263417613455|0.264170371032|0.294505639712|0.343055796212|0.343706797801|0.344660468407|0.406944978653|0.407273361025|0.407525293296|0.346017705079|0.346636765804|0.407957845461|0.408615018481|0.409065422099|0.409401499503|0.463465939593|0.462937009356|0.462849763463|0.464233379524|0.408058349784|0.407790389267|0.408183083109|0.409830569413|0.410023923925|0.410321092742|0.463259411813|0.463377822272|0.463556889315|0.464829945967|0.463949493882|0.464145195801|0.464340632582|0.511188145612|0.511798617371|0.213073642796|0.213386478788|0.213986115365|0.215953649028|0.216401932253|0.216831045401|0.252205651171|0.25235227296|0.252541788432|0.25378284299|0.252906998457|0.253075829774|0.253241846724|0.283181267294|0.284071889583|0.25333636258|0.253489035428|0.253637518262|0.283455739364|0.284299270129|0.284186668735|0.102517505198|0.102627392578|0.102697539785|0.110260690879|0.111250695936|0.121533107292|0.125965312327|0.0381031407858
no_endogenous_learning,10,11,delay_frontier,default,optimal,0|5|10|15|35|75|125|175|225,adjoint_lbfgsb,adjoint_lbfgsb,1,structured_sigmoid,,7.557522660502639,7.648959468883521,0.09143680838088208,True,True,False,False,value_and_gradient,7.648959468883521,978,978,547,105.88882493972778,CONVERGENCE: REL_REDUCTION_OF_F_<=_FACTR*EPSMCH,0.598574204303|0.711953327087|0.534793479844|0.832073386699|0.635127874265|0.659591407901|0.448739239968|0.961749547864|0.751508875443|0.774347811169|0.778767872285|0.55225754956|0.557181589532|0.57182459936|0.360024600408|1|0.836310661451|0.846257727915|0.854916812835|0.873953804564|0.601176798714|0.59741343348|0.594438129817|0.635757119865|0.636874182581|0.646712307178|0.391104557601|0.398559587849|0.410043637253|0.422302610926|0.231429634892|0.935435586004|0.738922400756|0.772414246475|0.780438718469|0.792063811197|0.787053725169|0.492509777458|0.524765042196|0.525470811577|0.518003882073|0.559940079136|0.570157615576|0.565467138073|0.577776946383|0.58133364772|0.58437299123|0.301083252242|0.302776323311|0.308723073749|0.329226480631|0.3270214382|0.332372646284|0.364453746551|0.373977792989|0.373929585456|0.381210661446|0.186486607791|0.186367113097|0.187534128354|0.211788446688|0.2154566983|0.0884929788571|1|0.957284402907|0.960569106945|0.955948801865|1|1|0.997175709517|0.703657934008|0.715791896799|0.734734853451|0.733104016592|0.729686527602|0.729225522145|0.729936571169|0.749095616178|0.778782526045|0.806049593574|0.794761234982|0.794086926133|0.797047009772|0.806332289336|0.820943354882|0.383233426914|0.388247722822|0.386071758958|0.391399092822|0.443712418626|0.446001478805|0.446008021079|0.489358843727|0.487635990315|0.485684765788|0.467064875161|0.467421369494|0.482260181423|0.511866224631|0.512395450432|0.513679068041|0.538802590082|0.561633511833|0.560453267616|0.564400826185|0.256443586848|0.266077550187|0.268629953828|0.26910770293|0.266854204813|0.266791373127|0.307287283343|0.309350686314|0.311910138349|0.313434390868|0.313551260263|0.313571819138|0.313667031587|0.350343563163|0.353762370867|0.146833294909|0.146665113764|0.146314431582|0.16933618732|0.169972877183|0.170550296703|0.0529570031686|1|1|1|1|1|1|1|1|0.962105229063|0.972218650181|0.983577502218|0.989317463388|0.990214048361|0.990792807931|0.977841242447|0.986762953408|0.992576109354|0.993001268682|0.993572872578|0.99079609385|0.996894730781|0.997017246274|0.997195329102|1|1|1|1|1|1|0.501631163108|0.516842713708|0.581639765844|0.581921605997|0.58248365356|0.579410294417|0.586469879297|0.586802973031|0.586921502176|0.651449337194|0.65203915015|0.652973967102|0.655077824517|0.655468690546|0.655750614698|0.584761627277|0.590413088781|0.590854769788|0.591165954629|0.654052512475|0.654466447636|0.655087368104|0.696229518306|0.696998623688|0.697330486464|0.655864049627|0.656274528598|0.656612933875|0.698041420933|0.698405564334|0.698663923711|0.700230609222|0.749851175127|0.750335090547|0.75213520535|0.254350777547|0.26425626662|0.265002465229|0.297732879364|0.34415540986|0.34479368398|0.345734600189|0.408112993845|0.408532166373|0.408903700494|0.347021878767|0.347625511871|0.409110583462|0.409903139818|0.410346174972|0.410654804426|0.464801605104|0.464327528597|0.464458166817|0.465852265927|0.408919344405|0.40872380927|0.409189105772|0.410839943382|0.410990441351|0.411264894586|0.464493542227|0.464652296425|0.464801157196|0.466085401561|0.465139668473|0.465312786869|0.46548065874|0.51266315886|0.513478445943|0.213805754898|0.214115368002|0.214713414432|0.21666438768|0.217106433655|0.217573978346|0.252713471507|0.252863808788|0.253041650388|0.25425760811|0.253389047437|0.253540091215|0.25369320655|0.283418513503|0.284314672696|0.253821709275|0.253963881831|0.254096916137|0.283653439321|0.284488682095|0.284649873403|0.104947948156|0.105091164452|0.105192781919|0.112641684927|0.113659498327|0.123882358662|0.128214061649|0.0487713778999
no_endogenous_learning,10,11,delay_frontier,default,optimal,0|5|10|15|35|75|125|175|225,adjoint_lbfgsb,adjoint_lbfgsb,2,structured_constant,,7.627984444927759,7.648959409451838,0.0209749645240791,True,True,False,False,value_and_gradient,7.648959409451838,404,404,280,44.7920138835907,CONVERGENCE: REL_REDUCTION_OF_F_<=_FACTR*EPSMCH,0.598614989953|0.712084024282|0.534849044958|0.832075125362|0.634991261777|0.659480460267|0.448802472221|0.961762160167|0.751525370956|0.774346385151|0.778647581539|0.552177711879|0.557146108656|0.571752664801|0.360143738134|1|0.836298229641|0.846197970698|0.854969259361|0.874019960936|0.601152772004|0.597433857821|0.594532648602|0.635717549354|0.636907073613|0.646735037481|0.391147544949|0.39841152075|0.409673041543|0.422266108723|0.231448402151|0.935308353463|0.7388208918|0.772488189907|0.780431655178|0.792060977465|0.787257149583|0.492563194779|0.524809340469|0.525490944481|0.518240654088|0.560029245758|0.570252133874|0.565562064567|0.578077137786|0.581718352111|0.584666229407|0.300925522317|0.302744847141|0.309005788957|0.328625575741|0.326498987907|0.331904449428|0.36507205145|0.374108228894|0.374991942748|0.382305466408|0.186121876859|0.185983394217|0.18714169029|0.210709486525|0.214738219232|0.088511649091|1|0.957209013058|0.960476021802|0.955968430489|1|1|0.996990478293|0.703919155644|0.715910033399|0.734758044248|0.733121409188|0.729693779506|0.729230186723|0.72995270777|0.749118265698|0.778854611405|0.806103441819|0.794842903409|0.794161234948|0.797139206918|0.806382418185|0.820843678336|0.380681354704|0.385905306294|0.383800785155|0.391365535229|0.443855247193|0.446121913404|0.446207773999|0.487777935574|0.488102371935|0.486110397687|0.467120357027|0.467493623341|0.482133254476|0.51225636432|0.51279024177|0.514058264892|0.539191077388|0.561710056347|0.560488748875|0.564364282826|0.259469968362|0.269570913085|0.272245349507|0.272559937969|0.270428531215|0.270438991841|0.306971941061|0.309154497502|0.311967135396|0.313260462294|0.313642507758|0.313595629111|0.313647949325|0.348076942977|0.351593742792|0.14786799897|0.147794941238|0.147665086089|0.16936732022|0.169563835976|0.177372797417|0.0497550103236|1|1|1|1|1|1|1|1|0.961053457608|0.973734361225|0.984378097572|0.989877705949|0.990375856881|0.99069433602|0.978493463001|0.985516872247|0.992585476867|0.990361398534|0.993611528344|0.990007619225|0.99577693856|0.996881476209|0.996005440083|1|1|1|1|1|1|0.500490042626|0.51686185054|0.583095836826|0.583803333133|0.584357136331|0.5811970115|0.588405497729|0.588683649181|0.588779960113|0.65182346074|0.652402346747|0.653127679795|0.655201965022|0.655712926421|0.65610387797|0.585640482692|0.591466569895|0.591916840619|0.592178160818|0.653965015744|0.654376941013|0.654981373889|0.696065363347|0.69488347721|0.695328864048|0.655787385588|0.656197407172|0.655410127108|0.696001531612|0.696422850924|0.696675975606|0.696363415282|0.746311452249|0.746156277719|0.748158297993|0.246898190481|0.256628597002|0.257364960712|0.297103181479|0.336818319029|0.337453554781|0.338376484045|0.402482975441|0.402878729512|0.403262770841|0.339655950876|0.340256241643|0.402509380102|0.404292551942|0.404723511984|0.405038039441|0.461232629588|0.460939653678|0.461110411894|0.462641178506|0.402694372595|0.403082218039|0.403515906346|0.405178889411|0.405300509277|0.405577895187|0.460837797547|0.460993969112|0.46113398814|0.462518771841|0.461495312824|0.461673642669|0.461852656901|0.511319484821|0.512078244787|0.208219045186|0.208147205013|0.20869874446|0.210473325552|0.210871815326|0.211675828649|0.245844462909|0.245990886114|0.246142850986|0.247282546024|0.246509205451|0.246597919537|0.246723567864|0.276149115392|0.276915500245|0.247244912527|0.24737142637|0.247453864304|0.276525801004|0.277242991337|0.277757725344|0.105510297914|0.10564279267|0.105708475641|0.11265860244|0.113725939743|0.121017177682|0.126705808594|0.0480563128019
no_endogenous_learning,10,11,delay_frontier,default,optimal,0|5|10|15|35|75|125|175|225,adjoint_lbfgsb,adjoint_lbfgsb,3,sobol,,7.613654221533786,7.648959449561969,0.035305228028182256,True,True,False,False,value_and_gradient,7.648959449561969,801,801,465,87.03964424133301,CONVERGENCE: REL_REDUCTION_OF_F_<=_FACTR*EPSMCH,0.598560928759|0.71199087125|0.534848688338|0.832094666061|0.635069380851|0.659552052623|0.448745474148|0.961751379613|0.751514910404|0.774323131111|0.778789156147|0.552126889899|0.557173912364|0.571750488107|0.360151111772|1|0.836294352801|0.846191707531|0.854947889946|0.873907580443|0.601147764448|0.597397131396|0.594521886319|0.63571153153|0.636880019787|0.64672346689|0.391080876316|0.398522238191|0.409921582395|0.422279184857|0.231402911425|0.935428537743|0.738906898456|0.772530523012|0.780443645304|0.792017356024|0.787233795238|0.49246129012|0.524741670816|0.525517882095|0.517649304228|0.560078026485|0.570227007276|0.565676039594|0.578023523516|0.581351820846|0.584428145667|0.300811147655|0.302937896531|0.308699841967|0.329519247413|0.327272388868|0.33267634206|0.364937956054|0.373572739593|0.373864068835|0.381495975319|0.18658407667|0.186443641514|0.187642344788|0.211653530331|0.215383148446|0.0883282191708|1|0.957168397276|0.960494159631|0.955805500051|1|1|0.997253904885|0.704159809509|0.715795950837|0.734050144926|0.733171425174|0.729407406511|0.728984052111|0.729774788173|0.74896424022|0.778747688982|0.805990677444|0.794783702232|0.794149852184|0.797208237933|0.806083989233|0.820828307474|0.382671311143|0.389390820084|0.385789072997|0.391000354422|0.444197190503|0.446492602846|0.446503195688|0.489119593807|0.487526688775|0.48657098326|0.467693364375|0.467928189677|0.48186296433|0.51195114509|0.51245818421|0.513794963708|0.539027447193|0.561643197961|0.559508525262|0.564629684635|0.25632542419|0.266609944714|0.269198860388|0.26980759389|0.2675197207|0.267812991353|0.306932903296|0.309263369725|0.311531581208|0.3132381872|0.31355642775|0.313542319081|0.313332653776|0.349955277449|0.353246300669|0.146808184965|0.146587908282|0.146235656027|0.16636617755|0.166950588347|0.171686770235|0.0547311758797|1|1|1|1|1|1|1|1|0.963915321852|0.973310973424|0.982744678769|0.989658210021|0.989877729639|0.990277177452|0.978089374537|0.985825027894|0.992395828366|0.993201524181|0.992536547583|0.99104054651|0.996104342583|0.996800487001|0.996958237317|1|1|1|1|1|1|0.501742154412|0.517903588799|0.580061147289|0.584454571353|0.581241712479|0.581727906575|0.584903232645|0.588971652712|0.588404554188|0.650267709819|0.653172167207|0.653157513384|0.65439770157|0.654324083507|0.657610259258|0.584343682688|0.59094604784|0.589123756338|0.5913716801|0.655651623877|0.655231240486|0.654304782829|0.696695386477|0.696107480557|0.698326734461|0.656709580747|0.656672821823|0.65484108925|0.699234909182|0.697202804046|0.699463550361|0.701333928168|0.750609208384|0.750396288378|0.75320329073|0.254749380332|0.266772937108|0.260301174425|0.301057165639|0.345160168411|0.343289287935|0.346855211906|0.406511471723|0.409527331152|0.40557612554|0.345470664455|0.349644526057|0.410073386524|0.407392793349|0.407043299945|0.408018920737|0.46181105565|0.461994959521|0.463716956368|0.466870144646|0.409801660147|0.410901711712|0.406891522031|0.407561412245|0.412144326829|0.412738546533|0.461774423152|0.46287928987|0.461925371159|0.463196598196|0.463262277832|0.463992846274|0.463294796532|0.516010873917|0.511537915124|0.216308540752|0.209490590692|0.218779927658|0.220833966006|0.221338019982|0.221302265975|0.254421931248|0.247618639183|0.254300049542|0.248753532961|0.256343558853|0.250326761935|0.248608761055|0.285451148639|0.282711445906|0.252179164701|0.255222962778|0.247736231333|0.281710245048|0.281925624428|0.283535598078|0.113952720756|0.115063850986|0.113774974914|0.12086146903|0.116868200738|0.118468270651|0.136350591626|0.0540880132219
no_endogenous_learning,10,11,delay_frontier,default,optimal,0|5|10|15|35|75|125|175|225,adjoint_lbfgsb,adjoint_lbfgsb,4,structured_constant,,7.6155986400488995,7.648959364079277,0.03336072403037704,True,True,False,False,value_and_gradient,7.648959364079277,339,339,252,37.891127824783325,CONVERGENCE: REL_REDUCTION_OF_F_<=_FACTR*EPSMCH,0.59857794711|0.711977290148|0.534949951185|0.832064077226|0.63506221439|0.659674853454|0.448505530081|0.961735541574|0.751491650308|0.774300791242|0.77884025589|0.552219038327|0.557168049851|0.571721886927|0.360208063162|1|0.8363396696|0.846243509585|0.854983577508|0.874182712667|0.60121104214|0.597386729885|0.594430423061|0.635686305305|0.636833784045|0.64671853717|0.391146188374|0.398657745048|0.410040791194|0.422000228389|0.231738680719|0.935932862029|0.739136882992|0.772702735765|0.780544699578|0.792223009718|0.787040769572|0.49221496058|0.524462660878|0.525260805617|0.519370882324|0.559908687014|0.569879400126|0.56525016955|0.577974222098|0.581947648018|0.584861082924|0.301077619116|0.302901085706|0.308585599604|0.329417670812|0.327236780143|0.332563068253|0.365137870989|0.374053973393|0.37410643408|0.381532251748|0.186667145314|0.186548168517|0.187722961296|0.211134647659|0.215076704408|0.0875972747174|1|0.95728817941|0.96052133693|0.955944821267|1|1|0.997215708926|0.706637187044|0.717149458767|0.734811993124|0.732904655144|0.728944625718|0.729002298036|0.728934621281|0.748616780682|0.778857364449|0.806712537249|0.794953516091|0.794146695524|0.797301101706|0.806653296781|0.821765134616|0.383384535039|0.388789450254|0.386797392266|0.387934455585|0.446053536341|0.448281270663|0.448385232479|0.48905961219|0.48793104087|0.486021468131|0.469243463397|0.469611133304|0.482536155868|0.512645795607|0.513172001778|0.514417643608|0.53831535769|0.559997443042|0.55966559074|0.563571967551|0.257817286396|0.267739293516|0.270870215622|0.271779220137|0.269629389323|0.269633322095|0.306753372142|0.309034576985|0.311980069769|0.313334697496|0.313671609609|0.313637439224|0.31368818021|0.349375852954|0.352642114542|0.142968718511|0.142922232859|0.142848247019|0.165137738108|0.165623886923|0.175492186549|0.0543804144922|1|1|1|1|1|1|1|1|0.963735397428|0.970948924022|0.982228544412|0.988866186856|0.990022891602|0.989427395735|0.97148568951|0.98562696654|0.991703637675|0.992258513683|0.99316725124|0.989256038748|0.995656940499|0.995652877313|0.996954262496|1|1|1|1|1|1|0.50282337429|0.519284569886|0.586147405962|0.58696420008|0.587540303987|0.584240465878|0.591658830793|0.591934380518|0.592054533569|0.656260911153|0.656845789011|0.657658234117|0.65979140963|0.660180571883|0.660481596241|0.588562069249|0.59459717122|0.595060306668|0.595373298182|0.658498790936|0.658923526878|0.659561110612|0.698212278771|0.700421178424|0.700665071793|0.660368810585|0.660809273311|0.660390983983|0.701366796296|0.701734966609|0.701980885482|0.702802237435|0.751635947923|0.751495932793|0.753087282051|0.256588074487|0.265840780497|0.26654430948|0.296318073708|0.342738044982|0.343347366361|0.344224590317|0.406270848133|0.406687104926|0.407096122065|0.345458436482|0.346031336209|0.406672193104|0.408084819261|0.408516974828|0.40882389828|0.463919669496|0.463625416447|0.463812635426|0.465341883992|0.406629693857|0.406805242943|0.407279693032|0.408962906895|0.409123058212|0.409393056837|0.463508560054|0.463670957508|0.463810891388|0.465188513282|0.4641630718|0.464341834846|0.464523765008|0.514046379044|0.514415491181|0.219446549323|0.219795734912|0.220353232816|0.222048790218|0.222430348135|0.223319826288|0.255764652386|0.255908527666|0.256062182114|0.257114982528|0.256400056757|0.256466245845|0.256595066926|0.284439384031|0.285383964035|0.257214842357|0.257332896701|0.257412095682|0.285055856503|0.285756256481|0.286072347965|0.12319222794|0.123316492951|0.123372542114|0.129896425332|0.130959707139|0.137562069216|0.143292782171|0.0693630822204
no_endogenous_learning,10,11,delay_frontier,default,optimal,0|5|10|15|35|75|125|175|225,adjoint_lbfgsb,adjoint_lbfgsb,5,structured_constant,,7.61297694194512,7.648959363485848,0.03598242154072828,True,True,False,False,value_and_gradient,7.648959363485848,289,289,211,32.58905744552612,CONVERGENCE: REL_REDUCTION_OF_F_<=_FACTR*EPSMCH,0.598546038815|0.711931793868|0.53479921985|0.832045188279|0.635076313822|0.659465180894|0.448720063121|0.961758708955|0.751559430126|0.774335649247|0.778802254282|0.55216314528|0.557439178234|0.571766614178|0.360051323458|1|0.836302394347|0.846188844669|0.85495995448|0.873943046659|0.601010008072|0.597383647778|0.594474541569|0.635767391627|0.636692116577|0.64667427066|0.391068846667|0.398662621632|0.409893950129|0.42243551348|0.230879701737|0.935360019967|0.738858740056|0.77248319748|0.780431385591|0.792027899139|0.787090264704|0.492318365873|0.52460491607|0.525313715761|0.516670817548|0.559690084313|0.569767593075|0.565155217897|0.577016380292|0.581358400451|0.58438005395|0.301147939692|0.302491897826|0.308710381091|0.329516553255|0.327352841342|0.332643368123|0.364887555082|0.373798604644|0.373875524897|0.381177000769|0.186804260433|0.186691603987|0.187889368227|0.210171808415|0.21510375214|0.0878393444418|1|0.957010902472|0.960439948655|0.955604065392|1|1|0.99716939968|0.704378801328|0.715979413688|0.734645405264|0.733000758712|0.729568823748|0.729027087927|0.729830323109|0.748994989191|0.778875138682|0.807122288765|0.795392010373|0.794775581044|0.798169411364|0.807423241498|0.82264817609|0.382445191308|0.387581674745|0.385437970084|0.39629272866|0.444104748598|0.446387270032|0.446426638666|0.490174071766|0.487807267118|0.485859124312|0.467553067231|0.467889958519|0.482384395742|0.511936701135|0.512477376412|0.513747154023|0.539844310016|0.561387554079|0.560056130264|0.564178048269|0.259669073419|0.2696830372|0.272303902975|0.272854299503|0.270689802975|0.270667359043|0.308469276342|0.310569638305|0.313264127841|0.314713492268|0.314894163506|0.314897309767|0.314965146687|0.350061610189|0.353515608859|0.147394144117|0.147236615626|0.146984128622|0.167984710083|0.168606043203|0.175197841987|0.0539390101503|1|1|1|1|1|1|1|1|0.965456339704|0.978767267697|0.982948733683|0.989967693587|0.991112618623|0.991653217983|0.982741977419|0.98596753304|0.992213904886|0.992821136136|0.993403588979|0.993007478616|0.996698595864|0.996980532584|0.997051678461|1|1|1|1|1|1|0.49954001999|0.51519618292|0.582932660967|0.583122766979|0.583683673018|0.580534153464|0.587754845546|0.588101150801|0.588201388734|0.652572284578|0.653118218872|0.654421474273|0.65629609799|0.656594347579|0.656841080245|0.586172219992|0.591946725917|0.592391343519|0.592685108548|0.655901253434|0.656281292282|0.656876436983|0.691960442548|0.696847459704|0.697100316282|0.657516480174|0.657836596847|0.656941950512|0.697754701051|0.698043463033|0.698240575637|0.698133856825|0.74562519233|0.745848565217|0.747157215324|0.254259017831|0.263373387537|0.26406547583|0.289849377872|0.339224914512|0.33982259999|0.340653269605|0.402532839959|0.402881110572|0.403277572512|0.341868211628|0.34234717741|0.402699211878|0.404160513274|0.404568448591|0.404862564346|0.459960853949|0.459798442014|0.459978368046|0.461245449084|0.403292132129|0.403384647679|0.403761572693|0.405256052416|0.405707462873|0.40596477015|0.460322199811|0.460460183655|0.460608485808|0.461732082832|0.460944397|0.461072974648|0.461228574784|0.510516830046|0.511187719085|0.219004380364|0.218586653909|0.219103560948|0.220752661723|0.221122019138|0.222079919793|0.253821326537|0.253961110197|0.254105049049|0.255107122067|0.254447767145|0.254483232578|0.254606595503|0.282183870167|0.282882254383|0.255355689019|0.255462481881|0.255529012188|0.28269233891|0.283334828071|0.283918469087|0.124899079751|0.125020584727|0.125077490302|0.131377056711|0.132414487941|0.137962457388|0.144844944879|0.0731001310699
no_endogenous_learning,10,11,delay_frontier,default,optimal,0|5|10|15|35|75|125|175|225,adjoint_lbfgsb,adjoint_lbfgsb,6,sobol,,7.611989289350735,7.648959444394498,0.03697015504376289,False,True,False,False,value_and_gradient,7.648959444394498,671,671,406,73.20508599281311,ABNORMAL_TERMINATION_IN_LNSRCH,0.598550500413|0.711994096978|0.534887714225|0.832083740672|0.635057764872|0.659569810588|0.448748141554|0.961683205286|0.751580801454|0.774311482124|0.77875467099|0.552226750211|0.557158076261|0.57168727718|0.360164931216|1|0.83627794771|0.846202150747|0.854944524911|0.87386952962|0.601146883825|0.597377242022|0.594579446861|0.635652010796|0.636883277205|0.646720367079|0.39123626589|0.398558539237|0.40996975732|0.422235370317|0.231444991909|0.935408274423|0.73882165521|0.772482330544|0.780477679048|0.79208527513|0.787105027942|0.493051691733|0.524835012404|0.525572509717|0.517703289921|0.560120031785|0.570227524419|0.565446679085|0.577828545823|0.581586273037|0.584313758768|0.301203994163|0.302863125583|0.308323283983|0.329372507403|0.327189935323|0.33252321669|0.363998525036|0.373516046827|0.373730850943|0.381253479099|0.186838155309|0.186660183786|0.187883273943|0.212024428912|0.215380104881|0.0885117823359|1|0.957104453054|0.960535124514|0.955826420671|1|1|0.99725662744|0.704766702856|0.716554208623|0.73544423247|0.733597397573|0.729868505346|0.729460061914|0.73018598525|0.749717138161|0.7799460446|0.806337118672|0.794607204303|0.794382510659|0.797160060975|0.806069923206|0.820808141879|0.383693049245|0.388961588058|0.386934714523|0.39277943604|0.444239579934|0.446505485638|0.446592896666|0.489051635344|0.487356370166|0.486088006674|0.467241791828|0.468002075282|0.483399410594|0.511430986845|0.511909636848|0.514010436809|0.539558746318|0.561857437337|0.56175804188|0.565604149264|0.255974191118|0.266591860012|0.269455151751|0.270060565741|0.267853408699|0.267802807616|0.306922247863|0.309074108438|0.311848713453|0.313257379926|0.313206587991|0.313411452885|0.313206802014|0.349916318574|0.353561387023|0.146912174575|0.146776502674|0.148581009824|0.167643241068|0.168652058431|0.17143798444|0.055301180203|1|1|1|1|1|1|1|1|0.965488219272|0.975039287312|0.983723230165|0.98922457954|0.99070160589|0.990648117515|0.978162054541|0.98770121992|0.993251587351|0.992858655283|0.993368678266|0.990990008279|0.998154516247|0.997293602213|0.997134128692|1|1|1|1|1|1|0.49936874726|0.514469243433|0.580606686837|0.581348030584|0.581890385611|0.578338731409|0.585725940062|0.585750965997|0.585864417526|0.652139627784|0.65006571877|0.650915119536|0.655399236424|0.655652077519|0.656444965386|0.583998203584|0.589107998068|0.590012885959|0.589871624887|0.653939939444|0.652829229155|0.655041234187|0.698895547322|0.698803652837|0.695729713757|0.655040726831|0.655415418324|0.657331737012|0.697096778761|0.699636815765|0.697491426402|0.706000516331|0.751298121891|0.754617854189|0.755691219445|0.256856751865|0.262116745792|0.2590345119|0.296769124904|0.344192378598|0.338163683969|0.346349240499|0.401717853667|0.407371431563|0.404895960789|0.347865676508|0.347709629709|0.402913636755|0.408485182563|0.405230945969|0.409242723907|0.460508880546|0.463208916628|0.463279633257|0.464809270003|0.406899825219|0.401508299851|0.406994875526|0.40668535354|0.409947846919|0.410461075759|0.459820774094|0.463270911997|0.461088596617|0.464560574048|0.462113283991|0.464313000896|0.464269136031|0.508823054714|0.512417505339|0.199064761484|0.213417510887|0.219163683815|0.219779400261|0.225369375605|0.202555171216|0.250167527468|0.254511759994|0.252037907431|0.254776219772|0.254978895788|0.24664944093|0.24666605256|0.287227072153|0.281568595649|0.245262512375|0.259364929426|0.260055925513|0.278254287579|0.275706964698|0.288852041571|0.11806327415|0.0923512542377|0.113535740942|0.111331729948|0.119573604121|0.138279966212|0.137048861461|0.0264100195078
no_endogenous_learning,10,11,delay_frontier,default,optimal,0|5|10|15|35|75|125|175|225,adjoint_lbfgsb,adjoint_lbfgsb,7,sobol,,7.609467512760894,7.6489593631394985,0.03949185037860481,True,True,False,False,value_and_gradient,7.6489593631394985,361,361,254,40.16218566894531,CONVERGENCE: REL_REDUCTION_OF_F_<=_FACTR*EPSMCH,0.598567264756|0.712023864379|0.534907844743|0.832083110819|0.634990472952|0.659399287475|0.448645923406|0.961835943721|0.751484254821|0.774363988245|0.778751349009|0.55200276357|0.557072198751|0.571731292623|0.35981950052|1|0.836333696771|0.846222625416|0.854937212402|0.873899543765|0.601146019171|0.597379833608|0.594636133104|0.635541546614|0.636983115144|0.646734867119|0.39108739772|0.398483418895|0.409918158244|0.422260448111|0.231175009237|0.935256049758|0.738766714976|0.77244104559|0.780584874511|0.792043504259|0.787057560053|0.492826679632|0.52476237476|0.525067052381|0.518013092123|0.560163404208|0.570156872953|0.565689014275|0.577281351261|0.581358911696|0.584579250511|0.3010640465|0.303027970302|0.309496692219|0.329749634376|0.327639699258|0.332510029163|0.364772477781|0.373913116909|0.373993018808|0.381361300818|0.18664451166|0.186335002885|0.186677565903|0.211142626016|0.215715324471|0.0883860617064|1|0.956977147296|0.959943514615|0.956254514753|1|1|0.997250489718|0.704381042826|0.715948357177|0.734857904386|0.733177155495|0.729777500908|0.729187552891|0.729950563346|0.749080392979|0.77887834648|0.806073403563|0.794798877083|0.794184241606|0.797097304768|0.806290296978|0.820924137753|0.383500171076|0.388327676908|0.387292951261|0.390481649401|0.444984971597|0.444971328814|0.448133086331|0.489201459014|0.484379810049|0.486070092128|0.469596365284|0.468108978706|0.48028441791|0.512202943605|0.511583284746|0.514507187169|0.53856012088|0.56121709173|0.561313800485|0.565427704186|0.255921291412|0.266462711711|0.269162338244|0.269781835991|0.267577473824|0.26728947901|0.306291819145|0.307688449583|0.310680681335|0.313201326415|0.312556972806|0.311864711958|0.311722627161|0.348842535621|0.35329041927|0.147261379551|0.148957774077|0.148674365777|0.166155703341|0.166508534677|0.174048748791|0.0573576358317|1|1|1|1|1|1|1|1|0.966034068209|0.974566424607|0.984089471636|0.990811673711|0.989806220492|0.991273107442|0.979010149737|0.985845013002|0.993120212073|0.992837226088|0.991658713207|0.991199329841|0.996397515007|0.99672959408|0.995480005687|1|1|1|1|1|1|0.494468864907|0.511541242986|0.588345527324|0.592441083471|0.581639146651|0.578119405764|0.585509383994|0.586929456608|0.586465008898|0.650481400919|0.650905672725|0.652385030635|0.654294446273|0.657348851097|0.659959949608|0.58761828919|0.58901054311|0.589599008661|0.592333356279|0.65726649897|0.654199018759|0.658521264964|0.694112081684|0.695656361554|0.694388461085|0.656013984109|0.655498064461|0.65449179851|0.694985688405|0.696254129701|0.695348239655|0.701190655096|0.740143627873|0.744425542547|0.753515300597|0.251010065301|0.26482710318|0.269206273159|0.301591576764|0.344754649757|0.343086266161|0.335203688705|0.409156720518|0.406466719606|0.410296090548|0.33590640018|0.351106388204|0.405341948889|0.41194104425|0.406755745123|0.412287089349|0.454911861864|0.469764060322|0.460930404819|0.458987392612|0.409754140118|0.403982844291|0.408003360172|0.403989863305|0.40183949098|0.407816802893|0.467931441556|0.454617974108|0.460223397864|0.470903715554|0.457470801164|0.469464425529|0.456774783595|0.506152884748|0.510133885407|0.220628809726|0.196166985308|0.204432707808|0.224567623193|0.200244074765|0.225563496501|0.253915589943|0.258381715168|0.258021665941|0.252121340725|0.249212702691|0.250892657728|0.257228888778|0.285797086923|0.276035390076|0.259340455727|0.256077804684|0.249774392527|0.285618698325|0.287822497784|0.277974898367|0.12960307505|0.122102499609|0.127934497051|0.108047390521|0.136156253941|0.138409862703|0.142384969266|0.0585575355381
no_endogenous_learning,5,10,delay_frontier,default,optimal,0|5|10|15|35|75|125|175|225,adjoint_lbfgsb,adjoint_lbfgsb,0,structured_ramp,,7.582144542813424,7.648959469851411,0.06681492703798675,True,True,False,False,value_and_gradient,7.648959469851411,681,681,442,75.73567628860474,CONVERGENCE: REL_REDUCTION_OF_F_<=_FACTR*EPSMCH,0.598620659983|0.711977164178|0.534830830242|0.832069886198|0.635014413765|0.659618526708|0.448700911081|0.961737321438|0.751486288288|0.774387916972|0.778826043344|0.552225038284|0.55714292727|0.571739041811|0.360018502033|1|0.83630952324|0.84618768954|0.854974116804|0.873949867407|0.601172700754|0.597406973902|0.594523916595|0.635699601045|0.636883305507|0.646744561077|0.391047112097|0.398590362381|0.409978573686|0.422279764958|0.231283245878|0.935397093904|0.738834504947|0.772483443506|0.780482457101|0.7920869701|0.78711547976|0.492533214792|0.524806533697|0.525472032114|0.518045336294|0.559894501115|0.570249619497|0.565613459916|0.578170727116|0.581341977819|0.584549215321|0.301025367498|0.30291001423|0.308784332344|0.329497834903|0.327332177575|0.332693108964|0.365254135885|0.373845920636|0.373756071743|0.381096977757|0.186287357909|0.186173417375|0.187339425633|0.211621050217|0.21537750031|0.088719255653|1|0.957298988633|0.960544624776|0.95586941582|1|1|0.997432477406|0.703441232916|0.71562710478|0.73466858594|0.733066385476|0.729680662576|0.729181623692|0.729975718548|0.749121520913|0.778774472584|0.80591555815|0.794752297413|0.794083048018|0.796974283455|0.806208542704|0.820562950366|0.382362071373|0.387339855149|0.385128808321|0.392115901435|0.443647674858|0.445928334459|0.445964694099|0.488974129355|0.48836456853|0.486213528761|0.466965813|0.467329650903|0.481487282749|0.512246068364|0.512780749092|0.51407811088|0.538764884268|0.561878114919|0.56074087906|0.564619459052|0.256026819736|0.266700979405|0.269238841983|0.269743773598|0.26750654023|0.267448910559|0.307332865006|0.309441848224|0.312066374804|0.313564790115|0.313704698205|0.313716988179|0.31381169435|0.349625858591|0.353249140197|0.147911679615|0.14757878531|0.147065547647|0.167781069234|0.168457274119|0.170770921717|0.0534651670014|1|1|1|1|1|1|1|1|0.964587240851|0.972995738435|0.982857107055|0.98976757548|0.990663621272|0.991234294747|0.977586243543|0.986078827899|0.99254009538|0.993118463256|0.993823062805|0.991087183615|0.992141863556|0.99538655981|0.996916872848|1|1|1|1|1|1|0.499269782103|0.514302690016|0.579220617565|0.579431829658|0.579964775574|0.576876262782|0.583934485834|0.584242542523|0.584341225784|0.649387356075|0.64994129825|0.650900769579|0.652959669122|0.653315003053|0.653551286837|0.582214150099|0.587839297687|0.588257150512|0.5885582197|0.651772508495|0.652152549787|0.652743483531|0.693680465953|0.694980085616|0.695273511653|0.653366912525|0.653739104622|0.653917640638|0.695801469552|0.696103679193|0.696301330529|0.698909876535|0.747406847387|0.748464570341|0.750113161888|0.253517647365|0.263417613455|0.264170371032|0.294505639712|0.343055796212|0.343706797801|0.344660468407|0.406944978653|0.407273361025|0.407525293296|0.346017705079|0.346636765804|0.407957845461|0.408615018481|0.409065422099|0.409401499503|0.463465939593|0.462937009356|0.462849763463|0.464233379524|0.408058349784|0.407790389267|0.408183083109|0.409830569413|0.410023923925|0.410321092742|0.463259411813|0.463377822272|0.463556889315|0.464829945967|0.463949493882|0.464145195801|0.464340632582|0.511188145612|0.511798617371|0.213073642796|0.213386478788|0.213986115365|0.215953649028|0.216401932253|0.216831045401|0.252205651171|0.25235227296|0.252541788432|0.25378284299|0.252906998457|0.253075829774|0.253241846724|0.283181267294|0.284071889583|0.25333636258|0.253489035428|0.253637518262|0.283455739364|0.284299270129|0.284186668735|0.102517505198|0.102627392578|0.102697539785|0.110260690879|0.111250695936|0.121533107292|0.125965312327|0.0381031407858
no_endogenous_learning,5,10,delay_frontier,default,optimal,0|5|10|15|35|75|125|175|225,adjoint_lbfgsb,adjoint_lbfgsb,1,structured_sigmoid,,7.557522660502639,7.648959468883521,0.09143680838088208,True,True,False,False,value_and_gradient,7.648959468883521,978,978,547,106.65754413604736,CONVERGENCE: REL_REDUCTION_OF_F_<=_FACTR*EPSMCH,0.598574204303|0.711953327087|0.534793479844|0.832073386699|0.635127874265|0.659591407901|0.448739239968|0.961749547864|0.751508875443|0.774347811169|0.778767872285|0.55225754956|0.557181589532|0.57182459936|0.360024600408|1|0.836310661451|0.846257727915|0.854916812835|0.873953804564|0.601176798714|0.59741343348|0.594438129817|0.635757119865|0.636874182581|0.646712307178|0.391104557601|0.398559587849|0.410043637253|0.422302610926|0.231429634892|0.935435586004|0.738922400756|0.772414246475|0.780438718469|0.792063811197|0.787053725169|0.492509777458|0.524765042196|0.525470811577|0.518003882073|0.559940079136|0.570157615576|0.565467138073|0.577776946383|0.58133364772|0.58437299123|0.301083252242|0.302776323311|0.308723073749|0.329226480631|0.3270214382|0.332372646284|0.364453746551|0.373977792989|0.373929585456|0.381210661446|0.186486607791|0.186367113097|0.187534128354|0.211788446688|0.2154566983|0.0884929788571|1|0.957284402907|0.960569106945|0.955948801865|1|1|0.997175709517|0.703657934008|0.715791896799|0.734734853451|0.733104016592|0.729686527602|0.729225522145|0.729936571169|0.749095616178|0.778782526045|0.806049593574|0.794761234982|0.794086926133|0.797047009772|0.806332289336|0.820943354882|0.383233426914|0.388247722822|0.386071758958|0.391399092822|0.443712418626|0.446001478805|0.446008021079|0.489358843727|0.487635990315|0.485684765788|0.467064875161|0.467421369494|0.482260181423|0.511866224631|0.512395450432|0.513679068041|0.538802590082|0.561633511833|0.560453267616|0.564400826185|0.256443586848|0.266077550187|0.268629953828|0.26910770293|0.266854204813|0.266791373127|0.307287283343|0.309350686314|0.311910138349|0.313434390868|0.313551260263|0.313571819138|0.313667031587|0.350343563163|0.353762370867|0.146833294909|0.146665113764|0.146314431582|0.16933618732|0.169972877183|0.170550296703|0.0529570031686|1|1|1|1|1|1|1|1|0.962105229063|0.972218650181|0.983577502218|0.989317463388|0.990214048361|0.990792807931|0.977841242447|0.986762953408|0.992576109354|0.993001268682|0.993572872578|0.99079609385|0.996894730781|0.997017246274|0.997195329102|1|1|1|1|1|1|0.501631163108|0.516842713708|0.581639765844|0.581921605997|0.58248365356|0.579410294417|0.586469879297|0.586802973031|0.586921502176|0.651449337194|0.65203915015|0.652973967102|0.655077824517|0.655468690546|0.655750614698|0.584761627277|0.590413088781|0.590854769788|0.591165954629|0.654052512475|0.654466447636|0.655087368104|0.696229518306|0.696998623688|0.697330486464|0.655864049627|0.656274528598|0.656612933875|0.698041420933|0.698405564334|0.698663923711|0.700230609222|0.749851175127|0.750335090547|0.75213520535|0.254350777547|0.26425626662|0.265002465229|0.297732879364|0.34415540986|0.34479368398|0.345734600189|0.408112993845|0.408532166373|0.408903700494|0.347021878767|0.347625511871|0.409110583462|0.409903139818|0.410346174972|0.410654804426|0.464801605104|0.464327528597|0.464458166817|0.465852265927|0.408919344405|0.40872380927|0.409189105772|0.410839943382|0.410990441351|0.411264894586|0.464493542227|0.464652296425|0.464801157196|0.466085401561|0.465139668473|0.465312786869|0.46548065874|0.51266315886|0.513478445943|0.213805754898|0.214115368002|0.214713414432|0.21666438768|0.217106433655|0.217573978346|0.252713471507|0.252863808788|0.253041650388|0.25425760811|0.253389047437|0.253540091215|0.25369320655|0.283418513503|0.284314672696|0.253821709275|0.253963881831|0.254096916137|0.283653439321|0.284488682095|0.284649873403|0.104947948156|0.105091164452|0.105192781919|0.112641684927|0.113659498327|0.123882358662|0.128214061649|0.0487713778999
no_endogenous_learning,5,10,delay_frontier,default,optimal,0|5|10|15|35|75|125|175|225,adjoint_lbfgsb,adjoint_lbfgsb,2,structured_constant,,7.627984444927759,7.648959409451838,0.0209749645240791,True,True,False,False,value_and_gradient,7.648959409451838,404,404,280,45.135414838790894,CONVERGENCE: REL_REDUCTION_OF_F_<=_FACTR*EPSMCH,0.598614989953|0.712084024282|0.534849044958|0.832075125362|0.634991261777|0.659480460267|0.448802472221|0.961762160167|0.751525370956|0.774346385151|0.778647581539|0.552177711879|0.557146108656|0.571752664801|0.360143738134|1|0.836298229641|0.846197970698|0.854969259361|0.874019960936|0.601152772004|0.597433857821|0.594532648602|0.635717549354|0.636907073613|0.646735037481|0.391147544949|0.39841152075|0.409673041543|0.422266108723|0.231448402151|0.935308353463|0.7388208918|0.772488189907|0.780431655178|0.792060977465|0.787257149583|0.492563194779|0.524809340469|0.525490944481|0.518240654088|0.560029245758|0.570252133874|0.565562064567|0.578077137786|0.581718352111|0.584666229407|0.300925522317|0.302744847141|0.309005788957|0.328625575741|0.326498987907|0.331904449428|0.36507205145|0.374108228894|0.374991942748|0.382305466408|0.186121876859|0.185983394217|0.18714169029|0.210709486525|0.214738219232|0.088511649091|1|0.957209013058|0.960476021802|0.955968430489|1|1|0.996990478293|0.703919155644|0.715910033399|0.734758044248|0.733121409188|0.729693779506|0.729230186723|0.72995270777|0.749118265698|0.778854611405|0.806103441819|0.794842903409|0.794161234948|0.797139206918|0.806382418185|0.820843678336|0.380681354704|0.385905306294|0.383800785155|0.391365535229|0.443855247193|0.446121913404|0.446207773999|0.487777935574|0.488102371935|0.486110397687|0.467120357027|0.467493623341|0.482133254476|0.51225636432|0.51279024177|0.514058264892|0.539191077388|0.561710056347|0.560488748875|0.564364282826|0.259469968362|0.269570913085|0.272245349507|0.272559937969|0.270428531215|0.270438991841|0.306971941061|0.309154497502|0.311967135396|0.313260462294|0.313642507758|0.313595629111|0.313647949325|0.348076942977|0.351593742792|0.14786799897|0.147794941238|0.147665086089|0.16936732022|0.169563835976|0.177372797417|0.0497550103236|1|1|1|1|1|1|1|1|0.961053457608|0.973734361225|0.984378097572|0.989877705949|0.990375856881|0.99069433602|0.978493463001|0.985516872247|0.992585476867|0.990361398534|0.993611528344|0.990007619225|0.99577693856|0.996881476209|0.996005440083|1|1|1|1|1|1|0.500490042626|0.51686185054|0.583095836826|0.583803333133|0.584357136331|0.5811970115|0.588405497729|0.588683649181|0.588779960113|0.65182346074|0.652402346747|0.653127679795|0.655201965022|0.655712926421|0.65610387797|0.585640482692|0.591466569895|0.591916840619|0.592178160818|0.653965015744|0.654376941013|0.654981373889|0.696065363347|0.69488347721|0.695328864048|0.655787385588|0.656197407172|0.655410127108|0.696001531612|0.696422850924|0.696675975606|0.696363415282|0.746311452249|0.746156277719|0.748158297993|0.246898190481|0.256628597002|0.257364960712|0.297103181479|0.336818319029|0.337453554781|0.338376484045|0.402482975441|0.402878729512|0.403262770841|0.339655950876|0.340256241643|0.402509380102|0.404292551942|0.404723511984|0.405038039441|0.461232629588|0.460939653678|0.461110411894|0.462641178506|0.402694372595|0.403082218039|0.403515906346|0.405178889411|0.405300509277|0.405577895187|0.460837797547|0.460993969112|0.46113398814|0.462518771841|0.461495312824|0.461673642669|0.461852656901|0.511319484821|0.512078244787|0.208219045186|0.208147205013|0.20869874446|0.210473325552|0.210871815326|0.211675828649|0.245844462909|0.245990886114|0.246142850986|0.247282546024|0.246509205451|0.246597919537|0.246723567864|0.276149115392|0.276915500245|0.247244912527|0.24737142637|0.247453864304|0.276525801004|0.277242991337|0.277757725344|0.105510297914|0.10564279267|0.105708475641|0.11265860244|0.113725939743|0.121017177682|0.126705808594|0.0480563128019
no_endogenous_learning,5,10,delay_frontier,default,optimal,0|5|10|15|35|75|125|175|225,adjoint_lbfgsb,adjoint_lbfgsb,3,sobol,,7.613654221533786,7.648959449561969,0.035305228028182256,True,True,False,False,value_and_gradient,7.648959449561969,801,801,465,87.66311764717102,CONVERGENCE: REL_REDUCTION_OF_F_<=_FACTR*EPSMCH,0.598560928759|0.71199087125|0.534848688338|0.832094666061|0.635069380851|0.659552052623|0.448745474148|0.961751379613|0.751514910404|0.774323131111|0.778789156147|0.552126889899|0.557173912364|0.571750488107|0.360151111772|1|0.836294352801|0.846191707531|0.854947889946|0.873907580443|0.601147764448|0.597397131396|0.594521886319|0.63571153153|0.636880019787|0.64672346689|0.391080876316|0.398522238191|0.409921582395|0.422279184857|0.231402911425|0.935428537743|0.738906898456|0.772530523012|0.780443645304|0.792017356024|0.787233795238|0.49246129012|0.524741670816|0.525517882095|0.517649304228|0.560078026485|0.570227007276|0.565676039594|0.578023523516|0.581351820846|0.584428145667|0.300811147655|0.302937896531|0.308699841967|0.329519247413|0.327272388868|0.33267634206|0.364937956054|0.373572739593|0.373864068835|0.381495975319|0.18658407667|0.186443641514|0.187642344788|0.211653530331|0.215383148446|0.0883282191708|1|0.957168397276|0.960494159631|0.955805500051|1|1|0.997253904885|0.704159809509|0.715795950837|0.734050144926|0.733171425174|0.729407406511|0.728984052111|0.729774788173|0.74896424022|0.778747688982|0.805990677444|0.794783702232|0.794149852184|0.797208237933|0.806083989233|0.820828307474|0.382671311143|0.389390820084|0.385789072997|0.391000354422|0.444197190503|0.446492602846|0.446503195688|0.489119593807|0.487526688775|0.48657098326|0.467693364375|0.467928189677|0.48186296433|0.51195114509|0.51245818421|0.513794963708|0.539027447193|0.561643197961|0.559508525262|0.564629684635|0.25632542419|0.266609944714|0.269198860388|0.26980759389|0.2675197207|0.267812991353|0.306932903296|0.309263369725|0.311531581208|0.3132381872|0.31355642775|0.313542319081|0.313332653776|0.349955277449|0.353246300669|0.146808184965|0.146587908282|0.146235656027|0.16636617755|0.166950588347|0.171686770235|0.0547311758797|1|1|1|1|1|1|1|1|0.963915321852|0.973310973424|0.982744678769|0.989658210021|0.989877729639|0.990277177452|0.978089374537|0.985825027894|0.992395828366|0.993201524181|0.992536547583|0.99104054651|0.996104342583|0.996800487001|0.996958237317|1|1|1|1|1|1|0.501742154412|0.517903588799|0.580061147289|0.584454571353|0.581241712479|0.581727906575|0.584903232645|0.588971652712|0.588404554188|0.650267709819|0.653172167207|0.653157513384|0.65439770157|0.654324083507|0.657610259258|0.584343682688|0.59094604784|0.589123756338|0.5913716801|0.655651623877|0.655231240486|0.654304782829|0.696695386477|0.696107480557|0.698326734461|0.656709580747|0.656672821823|0.65484108925|0.699234909182|0.697202804046|0.699463550361|0.701333928168|0.750609208384|0.750396288378|0.75320329073|0.254749380332|0.266772937108|0.260301174425|0.301057165639|0.345160168411|0.343289287935|0.346855211906|0.406511471723|0.409527331152|0.40557612554|0.345470664455|0.349644526057|0.410073386524|0.407392793349|0.407043299945|0.408018920737|0.46181105565|0.461994959521|0.463716956368|0.466870144646|0.409801660147|0.410901711712|0.406891522031|0.407561412245|0.412144326829|0.412738546533|0.461774423152|0.46287928987|0.461925371159|0.463196598196|0.463262277832|0.463992846274|0.463294796532|0.516010873917|0.511537915124|0.216308540752|0.209490590692|0.218779927658|0.220833966006|0.221338019982|0.221302265975|0.254421931248|0.247618639183|0.254300049542|0.248753532961|0.256343558853|0.250326761935|0.248608761055|0.285451148639|0.282711445906|0.252179164701|0.255222962778|0.247736231333|0.281710245048|0.281925624428|0.283535598078|0.113952720756|0.115063850986|0.113774974914|0.12086146903|0.116868200738|0.118468270651|0.136350591626|0.0540880132219
no_endogenous_learning,5,10,delay_frontier,default,optimal,0|5|10|15|35|75|125|175|225,adjoint_lbfgsb,adjoint_lbfgsb,4,structured_constant,,7.6155986400488995,7.648959364079277,0.03336072403037704,True,True,False,False,value_and_gradient,7.648959364079277,339,339,252,38.14032340049744,CONVERGENCE: REL_REDUCTION_OF_F_<=_FACTR*EPSMCH,0.59857794711|0.711977290148|0.534949951185|0.832064077226|0.63506221439|0.659674853454|0.448505530081|0.961735541574|0.751491650308|0.774300791242|0.77884025589|0.552219038327|0.557168049851|0.571721886927|0.360208063162|1|0.8363396696|0.846243509585|0.854983577508|0.874182712667|0.60121104214|0.597386729885|0.594430423061|0.635686305305|0.636833784045|0.64671853717|0.391146188374|0.398657745048|0.410040791194|0.422000228389|0.231738680719|0.935932862029|0.739136882992|0.772702735765|0.780544699578|0.792223009718|0.787040769572|0.49221496058|0.524462660878|0.525260805617|0.519370882324|0.559908687014|0.569879400126|0.56525016955|0.577974222098|0.581947648018|0.584861082924|0.301077619116|0.302901085706|0.308585599604|0.329417670812|0.327236780143|0.332563068253|0.365137870989|0.374053973393|0.37410643408|0.381532251748|0.186667145314|0.186548168517|0.187722961296|0.211134647659|0.215076704408|0.0875972747174|1|0.95728817941|0.96052133693|0.955944821267|1|1|0.997215708926|0.706637187044|0.717149458767|0.734811993124|0.732904655144|0.728944625718|0.729002298036|0.728934621281|0.748616780682|0.778857364449|0.806712537249|0.794953516091|0.794146695524|0.797301101706|0.806653296781|0.821765134616|0.383384535039|0.388789450254|0.386797392266|0.387934455585|0.446053536341|0.448281270663|0.448385232479|0.48905961219|0.48793104087|0.486021468131|0.469243463397|0.469611133304|0.482536155868|0.512645795607|0.513172001778|0.514417643608|0.53831535769|0.559997443042|0.55966559074|0.563571967551|0.257817286396|0.267739293516|0.270870215622|0.271779220137|0.269629389323|0.269633322095|0.306753372142|0.309034576985|0.311980069769|0.313334697496|0.313671609609|0.313637439224|0.31368818021|0.349375852954|0.352642114542|0.142968718511|0.142922232859|0.142848247019|0.165137738108|0.165623886923|0.175492186549|0.0543804144922|1|1|1|1|1|1|1|1|0.963735397428|0.970948924022|0.982228544412|0.988866186856|0.990022891602|0.989427395735|0.97148568951|0.98562696654|0.991703637675|0.992258513683|0.99316725124|0.989256038748|0.995656940499|0.995652877313|0.996954262496|1|1|1|1|1|1|0.50282337429|0.519284569886|0.586147405962|0.58696420008|0.587540303987|0.584240465878|0.591658830793|0.591934380518|0.592054533569|0.656260911153|0.656845789011|0.657658234117|0.65979140963|0.660180571883|0.660481596241|0.588562069249|0.59459717122|0.595060306668|0.595373298182|0.658498790936|0.658923526878|0.659561110612|0.698212278771|0.700421178424|0.700665071793|0.660368810585|0.660809273311|0.660390983983|0.701366796296|0.701734966609|0.701980885482|0.702802237435|0.751635947923|0.751495932793|0.753087282051|0.256588074487|0.265840780497|0.26654430948|0.296318073708|0.342738044982|0.343347366361|0.344224590317|0.406270848133|0.406687104926|0.407096122065|0.345458436482|0.346031336209|0.406672193104|0.408084819261|0.408516974828|0.40882389828|0.463919669496|0.463625416447|0.463812635426|0.465341883992|0.406629693857|0.406805242943|0.407279693032|0.408962906895|0.409123058212|0.409393056837|0.463508560054|0.463670957508|0.463810891388|0.465188513282|0.4641630718|0.464341834846|0.464523765008|0.514046379044|0.514415491181|0.219446549323|0.219795734912|0.220353232816|0.222048790218|0.222430348135|0.223319826288|0.255764652386|0.255908527666|0.256062182114|0.257114982528|0.256400056757|0.256466245845|0.256595066926|0.284439384031|0.285383964035|0.257214842357|0.257332896701|0.257412095682|0.285055856503|0.285756256481|0.286072347965|0.12319222794|0.123316492951|0.123372542114|0.129896425332|0.130959707139|0.137562069216|0.143292782171|0.0693630822204
no_endogenous_learning,5,10,delay_frontier,default,optimal,0|5|10|15|35|75|125|175|225,adjoint_lbfgsb,adjoint_lbfgsb,5,structured_constant,,7.61297694194512,7.648959363485848,0.03598242154072828,True,True,False,False,value_and_gradient,7.648959363485848,289,289,211,32.76298260688782,CONVERGENCE: REL_REDUCTION_OF_F_<=_FACTR*EPSMCH,0.598546038815|0.711931793868|0.53479921985|0.832045188279|0.635076313822|0.659465180894|0.448720063121|0.961758708955|0.751559430126|0.774335649247|0.778802254282|0.55216314528|0.557439178234|0.571766614178|0.360051323458|1|0.836302394347|0.846188844669|0.85495995448|0.873943046659|0.601010008072|0.597383647778|0.594474541569|0.635767391627|0.636692116577|0.64667427066|0.391068846667|0.398662621632|0.409893950129|0.42243551348|0.230879701737|0.935360019967|0.738858740056|0.77248319748|0.780431385591|0.792027899139|0.787090264704|0.492318365873|0.52460491607|0.525313715761|0.516670817548|0.559690084313|0.569767593075|0.565155217897|0.577016380292|0.581358400451|0.58438005395|0.301147939692|0.302491897826|0.308710381091|0.329516553255|0.327352841342|0.332643368123|0.364887555082|0.373798604644|0.373875524897|0.381177000769|0.186804260433|0.186691603987|0.187889368227|0.210171808415|0.21510375214|0.0878393444418|1|0.957010902472|0.960439948655|0.955604065392|1|1|0.99716939968|0.704378801328|0.715979413688|0.734645405264|0.733000758712|0.729568823748|0.729027087927|0.729830323109|0.748994989191|0.778875138682|0.807122288765|0.795392010373|0.794775581044|0.798169411364|0.807423241498|0.82264817609|0.382445191308|0.387581674745|0.385437970084|0.39629272866|0.444104748598|0.446387270032|0.446426638666|0.490174071766|0.487807267118|0.485859124312|0.467553067231|0.467889958519|0.482384395742|0.511936701135|0.512477376412|0.513747154023|0.539844310016|0.561387554079|0.560056130264|0.564178048269|0.259669073419|0.2696830372|0.272303902975|0.272854299503|0.270689802975|0.270667359043|0.308469276342|0.310569638305|0.313264127841|0.314713492268|0.314894163506|0.314897309767|0.314965146687|0.350061610189|0.353515608859|0.147394144117|0.147236615626|0.146984128622|0.167984710083|0.168606043203|0.175197841987|0.0539390101503|1|1|1|1|1|1|1|1|0.965456339704|0.978767267697|0.982948733683|0.989967693587|0.991112618623|0.991653217983|0.982741977419|0.98596753304|0.992213904886|0.992821136136|0.993403588979|0.993007478616|0.996698595864|0.996980532584|0.997051678461|1|1|1|1|1|1|0.49954001999|0.51519618292|0.582932660967|0.583122766979|0.583683673018|0.580534153464|0.587754845546|0.588101150801|0.588201388734|0.652572284578|0.653118218872|0.654421474273|0.65629609799|0.656594347579|0.656841080245|0.586172219992|0.591946725917|0.592391343519|0.592685108548|0.655901253434|0.656281292282|0.656876436983|0.691960442548|0.696847459704|0.697100316282|0.657516480174|0.657836596847|0.656941950512|0.697754701051|0.698043463033|0.698240575637|0.698133856825|0.74562519233|0.745848565217|0.747157215324|0.254259017831|0.263373387537|0.26406547583|0.289849377872|0.339224914512|0.33982259999|0.340653269605|0.402532839959|0.402881110572|0.403277572512|0.341868211628|0.34234717741|0.402699211878|0.404160513274|0.404568448591|0.404862564346|0.459960853949|0.459798442014|0.459978368046|0.461245449084|0.403292132129|0.403384647679|0.403761572693|0.405256052416|0.405707462873|0.40596477015|0.460322199811|0.460460183655|0.460608485808|0.461732082832|0.460944397|0.461072974648|0.461228574784|0.510516830046|0.511187719085|0.219004380364|0.218586653909|0.219103560948|0.220752661723|0.221122019138|0.222079919793|0.253821326537|0.253961110197|0.254105049049|0.255107122067|0.254447767145|0.254483232578|0.254606595503|0.282183870167|0.282882254383|0.255355689019|0.255462481881|0.255529012188|0.28269233891|0.283334828071|0.283918469087|0.124899079751|0.125020584727|0.125077490302|0.131377056711|0.132414487941|0.137962457388|0.144844944879|0.0731001310699
no_endogenous_learning,5,10,delay_frontier,default,optimal,0|5|10|15|35|75|125|175|225,adjoint_lbfgsb,adjoint_lbfgsb,6,sobol,,7.611989289350735,7.648959444394498,0.03697015504376289,False,True,False,False,value_and_gradient,7.648959444394498,671,671,406,73.60734343528748,ABNORMAL_TERMINATION_IN_LNSRCH,0.598550500413|0.711994096978|0.534887714225|0.832083740672|0.635057764872|0.659569810588|0.448748141554|0.961683205286|0.751580801454|0.774311482124|0.77875467099|0.552226750211|0.557158076261|0.57168727718|0.360164931216|1|0.83627794771|0.846202150747|0.854944524911|0.87386952962|0.601146883825|0.597377242022|0.594579446861|0.635652010796|0.636883277205|0.646720367079|0.39123626589|0.398558539237|0.40996975732|0.422235370317|0.231444991909|0.935408274423|0.73882165521|0.772482330544|0.780477679048|0.79208527513|0.787105027942|0.493051691733|0.524835012404|0.525572509717|0.517703289921|0.560120031785|0.570227524419|0.565446679085|0.577828545823|0.581586273037|0.584313758768|0.301203994163|0.302863125583|0.308323283983|0.329372507403|0.327189935323|0.33252321669|0.363998525036|0.373516046827|0.373730850943|0.381253479099|0.186838155309|0.186660183786|0.187883273943|0.212024428912|0.215380104881|0.0885117823359|1|0.957104453054|0.960535124514|0.955826420671|1|1|0.99725662744|0.704766702856|0.716554208623|0.73544423247|0.733597397573|0.729868505346|0.729460061914|0.73018598525|0.749717138161|0.7799460446|0.806337118672|0.794607204303|0.794382510659|0.797160060975|0.806069923206|0.820808141879|0.383693049245|0.388961588058|0.386934714523|0.39277943604|0.444239579934|0.446505485638|0.446592896666|0.489051635344|0.487356370166|0.486088006674|0.467241791828|0.468002075282|0.483399410594|0.511430986845|0.511909636848|0.514010436809|0.539558746318|0.561857437337|0.56175804188|0.565604149264|0.255974191118|0.266591860012|0.269455151751|0.270060565741|0.267853408699|0.267802807616|0.306922247863|0.309074108438|0.311848713453|0.313257379926|0.313206587991|0.313411452885|0.313206802014|0.349916318574|0.353561387023|0.146912174575|0.146776502674|0.148581009824|0.167643241068|0.168652058431|0.17143798444|0.055301180203|1|1|1|1|1|1|1|1|0.965488219272|0.975039287312|0.983723230165|0.98922457954|0.99070160589|0.990648117515|0.978162054541|0.98770121992|0.993251587351|0.992858655283|0.993368678266|0.990990008279|0.998154516247|0.997293602213|0.997134128692|1|1|1|1|1|1|0.49936874726|0.514469243433|0.580606686837|0.581348030584|0.581890385611|0.578338731409|0.585725940062|0.585750965997|0.585864417526|0.652139627784|0.65006571877|0.650915119536|0.655399236424|0.655652077519|0.656444965386|0.583998203584|0.589107998068|0.590012885959|0.589871624887|0.653939939444|0.652829229155|0.655041234187|0.698895547322|0.698803652837|0.695729713757|0.655040726831|0.655415418324|0.657331737012|0.697096778761|0.699636815765|0.697491426402|0.706000516331|0.751298121891|0.754617854189|0.755691219445|0.256856751865|0.262116745792|0.2590345119|0.296769124904|0.344192378598|0.338163683969|0.346349240499|0.401717853667|0.407371431563|0.404895960789|0.347865676508|0.347709629709|0.402913636755|0.408485182563|0.405230945969|0.409242723907|0.460508880546|0.463208916628|0.463279633257|0.464809270003|0.406899825219|0.401508299851|0.406994875526|0.40668535354|0.409947846919|0.410461075759|0.459820774094|0.463270911997|0.461088596617|0.464560574048|0.462113283991|0.464313000896|0.464269136031|0.508823054714|0.512417505339|0.199064761484|0.213417510887|0.219163683815|0.219779400261|0.225369375605|0.202555171216|0.250167527468|0.254511759994|0.252037907431|0.254776219772|0.254978895788|0.24664944093|0.24666605256|0.287227072153|0.281568595649|0.245262512375|0.259364929426|0.260055925513|0.278254287579|0.275706964698|0.288852041571|0.11806327415|0.0923512542377|0.113535740942|0.111331729948|0.119573604121|0.138279966212|0.137048861461|0.0264100195078
no_endogenous_learning,5,10,delay_frontier,default,optimal,0|5|10|15|35|75|125|175|225,adjoint_lbfgsb,adjoint_lbfgsb,7,sobol,,7.609467512760894,7.6489593631394985,0.03949185037860481,True,True,False,False,value_and_gradient,7.6489593631394985,361,361,254,40.348501682281494,CONVERGENCE: REL_REDUCTION_OF_F_<=_FACTR*EPSMCH,0.598567264756|0.712023864379|0.534907844743|0.832083110819|0.634990472952|0.659399287475|0.448645923406|0.961835943721|0.751484254821|0.774363988245|0.778751349009|0.55200276357|0.557072198751|0.571731292623|0.35981950052|1|0.836333696771|0.846222625416|0.854937212402|0.873899543765|0.601146019171|0.597379833608|0.594636133104|0.635541546614|0.636983115144|0.646734867119|0.39108739772|0.398483418895|0.409918158244|0.422260448111|0.231175009237|0.935256049758|0.738766714976|0.77244104559|0.780584874511|0.792043504259|0.787057560053|0.492826679632|0.52476237476|0.525067052381|0.518013092123|0.560163404208|0.570156872953|0.565689014275|0.577281351261|0.581358911696|0.584579250511|0.3010640465|0.303027970302|0.309496692219|0.329749634376|0.327639699258|0.332510029163|0.364772477781|0.373913116909|0.373993018808|0.381361300818|0.18664451166|0.186335002885|0.186677565903|0.211142626016|0.215715324471|0.0883860617064|1|0.956977147296|0.959943514615|0.956254514753|1|1|0.997250489718|0.704381042826|0.715948357177|0.734857904386|0.733177155495|0.729777500908|0.729187552891|0.729950563346|0.749080392979|0.77887834648|0.806073403563|0.794798877083|0.794184241606|0.797097304768|0.806290296978|0.820924137753|0.383500171076|0.388327676908|0.387292951261|0.390481649401|0.444984971597|0.444971328814|0.448133086331|0.489201459014|0.484379810049|0.486070092128|0.469596365284|0.468108978706|0.48028441791|0.512202943605|0.511583284746|0.514507187169|0.53856012088|0.56121709173|0.561313800485|0.565427704186|0.255921291412|0.266462711711|0.269162338244|0.269781835991|0.267577473824|0.26728947901|0.306291819145|0.307688449583|0.310680681335|0.313201326415|0.312556972806|0.311864711958|0.311722627161|0.348842535621|0.35329041927|0.147261379551|0.148957774077|0.148674365777|0.166155703341|0.166508534677|0.174048748791|0.0573576358317|1|1|1|1|1|1|1|1|0.966034068209|0.974566424607|0.984089471636|0.990811673711|0.989806220492|0.991273107442|0.979010149737|0.985845013002|0.993120212073|0.992837226088|0.991658713207|0.991199329841|0.996397515007|0.99672959408|0.995480005687|1|1|1|1|1|1|0.494468864907|0.511541242986|0.588345527324|0.592441083471|0.581639146651|0.578119405764|0.585509383994|0.586929456608|0.586465008898|0.650481400919|0.650905672725|0.652385030635|0.654294446273|0.657348851097|0.659959949608|0.58761828919|0.58901054311|0.589599008661|0.592333356279|0.65726649897|0.654199018759|0.658521264964|0.694112081684|0.695656361554|0.694388461085|0.656013984109|0.655498064461|0.65449179851|0.694985688405|0.696254129701|0.695348239655|0.701190655096|0.740143627873|0.744425542547|0.753515300597|0.251010065301|0.26482710318|0.269206273159|0.301591576764|0.344754649757|0.343086266161|0.335203688705|0.409156720518|0.406466719606|0.410296090548|0.33590640018|0.351106388204|0.405341948889|0.41194104425|0.406755745123|0.412287089349|0.454911861864|0.469764060322|0.460930404819|0.458987392612|0.409754140118|0.403982844291|0.408003360172|0.403989863305|0.40183949098|0.407816802893|0.467931441556|0.454617974108|0.460223397864|0.470903715554|0.457470801164|0.469464425529|0.456774783595|0.506152884748|0.510133885407|0.220628809726|0.196166985308|0.204432707808|0.224567623193|0.200244074765|0.225563496501|0.253915589943|0.258381715168|0.258021665941|0.252121340725|0.249212702691|0.250892657728|0.257228888778|0.285797086923|0.276035390076|0.259340455727|0.256077804684|0.249774392527|0.285618698325|0.287822497784|0.277974898367|0.12960307505|0.122102499609|0.127934497051|0.108047390521|0.136156253941|0.138409862703|0.142384969266|0.0585575355381
high_ra,5,4,delay_frontier,default,optimal,0|5|10|15|35|75|125|175|225,adjoint_lbfgsb,adjoint_lbfgsb,0,structured_ramp,,7.564115340681327,7.6694614153515355,0.10534607467020862,True,True,False,False,value_and_gradient,7.6694614153515355,898,898,530,97.90861678123474,CONVERGENCE: REL_REDUCTION_OF_F_<=_FACTR*EPSMCH,0.643381540119|0.750605387711|0.583916316461|0.887316604525|0.685228825844|0.728608684658|0.496364549901|1|0.807034584469|0.836723131564|0.841088577968|0.602441434461|0.606152497509|0.625010327285|0.399884619699|1|0.970309341359|0.977970084302|0.975729941474|1|0.704942594457|0.69220721167|0.681318786758|0.742633195698|0.740294869061|0.75036164788|0.45991699536|0.461407748086|0.467939603938|0.487537210022|0.278140530422|1|1|1|1|1|1|0.744102164794|0.80609321042|0.807162255521|0.783575145444|0.818643001559|0.832762254431|0.817397707644|0.808688020348|0.812169704273|0.815619718028|0.455334570367|0.457425377667|0.4664735186|0.487701205273|0.478360814717|0.489173517047|0.522731062723|0.516612821048|0.513118051708|0.526803042638|0.265314160461|0.263812452728|0.272400419927|0.288440208914|0.301452154646|0.12584652999|1|1|1|1|1|1|1|1|1|1|1|1|1|1|1|1|1|1|1|1|1|1|0.784832016411|0.777449825208|0.769174149574|0.763684030301|0.812264199249|0.811972857996|0.80484689421|0.7849733073|0.791904696409|0.802164650984|0.842343803144|0.837772283688|0.829428521267|0.885629240389|0.880315860116|0.878180058352|0.887464828328|0.880452927954|0.870362796092|0.843100252185|0.49846563054|0.527274738985|0.532738185926|0.51423436139|0.50089407856|0.496461069156|0.526645932547|0.527179812759|0.528696276589|0.541565348308|0.525032147616|0.520527061024|0.515495754941|0.54540775815|0.535698077511|0.272427164766|0.278977565081|0.305435847309|0.294107559008|0.292481957842|0.284486630537|0.0838061509294|1|1|1|1|1|1|1|1|1|1|1|1|1|1|1|1|1|1|1|1|1|1|1|1|1|1|1|1|1|1|1|1|1|1|1|1|1|1|1|1|1|1|1|1|1|1|1|1|1|1|1|1|1|1|1|1|1|1|1|1|1|1|1|1|0.564071300674|0.613411288456|0.619013930225|0.620839414449|0.822411514934|0.819088160078|0.813458586434|0.79265724634|0.78790858961|0.91156715026|0.803756046047|0.79771881208|0.791199357348|0.893966810474|0.886473611949|0.881176245926|0.908061290126|0.901423096755|0.893076897488|0.848103047023|0.829724823583|0.907828283688|0.900502687962|0.872842743941|0.864315238905|0.858705408708|0.887135988163|0.880887596585|0.873210284678|0.866912052066|0.860571925096|0.854729903193|0.848009377267|0.87020078734|0.817252827583|0.582998466654|0.578799146177|0.573659104949|0.552705911895|0.545953563994|0.542915904152|0.561635568682|0.555800471237|0.548690296482|0.573108924455|0.536820063455|0.531112655592|0.524649930769|0.549253517684|0.552612608714|0.52157107164|0.516212700055|0.573836970476|0.533785580599|0.537032570934|0.521202418993|0.253492373296|0.272942079903|0.271906885532|0.235525625237|0.205353512183|0.190831285304|0.181258470878|0.0294009677752
high_ra,5,4,delay_frontier,default,optimal,0|5|10|15|35|75|125|175|225,adjoint_lbfgsb,adjoint_lbfgsb,1,structured_sigmoid,,7.531847646856863,7.669461325140839,0.13761367828397564,True,True,False,False,value_and_gradient,7.669461325140839,462,462,331,51.12108492851257,CONVERGENCE: REL_REDUCTION_OF_F_<=_FACTR*EPSMCH,0.643400641769|0.750745050788|0.584026633857|0.887328671746|0.685195554053|0.72852400805|0.496656214372|1|0.807020375815|0.836668793002|0.841129615387|0.602361378398|0.60615679998|0.62501494703|0.399591067808|1|0.970303932398|0.977930326731|0.975774571389|1|0.704643276653|0.692329592822|0.681346138006|0.742629754511|0.740540645131|0.750328053011|0.460009621951|0.46124558044|0.467976027313|0.486794008026|0.27827119945|1|1|1|1|1|1|0.744353075879|0.806173317506|0.807317617408|0.783878287858|0.818803970373|0.8328719358|0.817553138618|0.808799316699|0.812042874802|0.816321513395|0.455967765447|0.458064267926|0.467389366817|0.487794798372|0.478165926097|0.489302334049|0.522060402247|0.516653403499|0.513132001951|0.526658670277|0.264640692385|0.265264226556|0.270606658806|0.288858158808|0.302475921874|0.12725844103|1|1|1|1|1|1|1|1|1|1|1|1|1|1|1|1|1|1|1|1|1|1|0.782181412666|0.776162134075|0.768253344821|0.762965800617|0.812573911188|0.81228940664|0.804682999187|0.783895167017|0.793104905036|0.800187591603|0.842567223584|0.837262785881|0.828415199872|0.888002693072|0.882894799324|0.880662708895|0.889581731853|0.884135313018|0.873573756762|0.842515336039|0.498873936145|0.528096279142|0.532617030795|0.514547764788|0.501141033152|0.49676966907|0.528142126126|0.52860555042|0.530043651581|0.541128931828|0.52646188314|0.52203438437|0.516736491147|0.54446960991|0.536708752551|0.276137686356|0.273683769656|0.300701256336|0.28994149743|0.292796671739|0.285384943049|0.0903315880243|1|1|1|1|1|1|1|1|1|1|1|1|1|1|1|1|1|1|1|1|1|1|1|1|1|1|1|1|1|1|1|1|1|1|1|1|1|1|1|1|1|1|1|1|1|1|1|1|1|1|1|1|1|1|1|1|1|1|1|1|1|1|1|1|0.588369941691|0.628348144698|0.632611699481|0.633925446889|0.818211899753|0.814672434371|0.808666580264|0.786977007194|0.782332415556|0.909226904742|0.798592146867|0.79238486891|0.785681100741|0.891964705209|0.884371204006|0.879093659748|0.912662724146|0.905632834061|0.897527734028|0.853571296862|0.828854503579|0.906380399851|0.898403808938|0.870163581252|0.861000984508|0.855345348318|0.888987593917|0.882550073623|0.874794734337|0.880637156133|0.861922096579|0.855916301236|0.849381245935|0.87761135225|0.829384617843|0.584903391184|0.581749455032|0.576216925301|0.553181308115|0.545875000159|0.543307376378|0.555088897753|0.548978827092|0.541352224436|0.561663611919|0.528788410311|0.522648009804|0.51559404145|0.537035696175|0.534493845983|0.513579013273|0.510777757145|0.562462853801|0.520898894023|0.521090832516|0.504045413907|0.263876158655|0.280910804254|0.276092793662|0.237421536591|0.199332007799|0.182227984307|0.172404763502|0.0330083378567
high_ra,5,4,delay_frontier,default,optimal,0|5|10|15|35|75|125|175|225,adjoint_lbfgsb,adjoint_lbfgsb,2,structured_constant,,7.647068401755222,7.669461329317528,0.022392927562306042,True,True,False,False,value_and_gradient,7.669461329317528,433,433,331,48.253336668014526,CONVERGENCE: REL_REDUCTION_OF_F_<=_FACTR*EPSMCH,0.643432602562|0.750623522238|0.583924495228|0.887393105392|0.685140183582|0.728556809402|0.496583386284|1|0.806963453382|0.836660741526|0.84108412942|0.602457292247|0.606145059257|0.624990809084|0.399647986944|1|0.970327248264|0.977943723981|0.975710082501|1|0.704609214877|0.692208194179|0.681259109214|0.742457797068|0.740566664912|0.750409098425|0.459861148069|0.46190337768|0.467877226616|0.487625273097|0.277554056835|1|1|1|1|1|1|0.743870161117|0.806126017571|0.807275700791|0.783968005463|0.818805224738|0.832557332046|0.817381378015|0.809115117102|0.812358452895|0.815900949674|0.45549343556|0.457052961621|0.46555780244|0.486495873103|0.477058715845|0.487984316897|0.522044184151|0.516362570926|0.512865196247|0.527213744728|0.266171914041|0.265006067303|0.272713212109|0.289186969192|0.301643150818|0.126593032274|1|1|1|1|1|1|1|1|1|1|1|1|1|1|1|1|1|1|1|1|1|1|0.782411639625|0.776110942047|0.768103410565|0.762782204214|0.813274064785|0.812955266954|0.805486110672|0.785320532488|0.793245770584|0.799923754403|0.842949089986|0.837623036102|0.827733943567|0.88560503128|0.880639357934|0.878466447596|0.885284449342|0.879863762006|0.869857881443|0.840859500292|0.497764755542|0.529470763825|0.532765633198|0.515647150224|0.502351053256|0.497945460164|0.529996575907|0.53033646335|0.53186820457|0.545487273082|0.528270338207|0.523817243787|0.51863439579|0.543783263999|0.536678483281|0.260193731461|0.271738773034|0.295326293196|0.285175791515|0.294452248206|0.287966688021|0.0698074952639|1|1|1|1|1|1|1|1|1|1|1|1|1|1|1|1|1|1|1|1|1|1|1|1|1|1|1|1|1|1|1|1|1|1|1|1|1|1|1|1|1|1|1|1|1|1|1|1|1|1|1|1|1|1|1|1|1|1|1|1|1|1|1|1|0.577144137908|0.621932578998|0.626959319974|0.628549989631|0.824512278622|0.821373488442|0.815963055554|0.794956631642|0.790264080577|0.917104255803|0.806507312972|0.800438409613|0.793671014749|0.902050376272|0.893851766082|0.888222014463|0.914196610776|0.906497035586|0.896741815613|0.844484628748|0.834674643494|0.917436372109|0.909250712594|0.879033193014|0.869930046219|0.863892122994|0.889899240478|0.882515289198|0.873710961044|0.853970594559|0.858551233339|0.851424694982|0.843490216638|0.861341386108|0.799880217695|0.59304302314|0.586557287532|0.581358913611|0.559557998871|0.552493956765|0.549958672016|0.561135142945|0.554697992454|0.54694889698|0.563338074708|0.533846260005|0.527136881506|0.52005513256|0.536319098792|0.521670088784|0.518464809698|0.512279861087|0.565728679187|0.51904231912|0.509969227086|0.489856933246|0.276656833858|0.284985909558|0.292437168847|0.2507920802|0.212393366581|0.19497041615|0.183349277003|0.0560357489615
high_ra,5,4,delay_frontier,default,optimal,0|5|10|15|35|75|125|175|225,adjoint_lbfgsb,adjoint_lbfgsb,3,sobol,,7.621017652532789,7.669461443867282,0.048443791334492836,False,True,False,False,value_and_gradient,7.669461443867282,1595,1595,861,172.1070692539215,ABNORMAL_TERMINATION_IN_LNSRCH,0.643402744742|0.750646711897|0.58398511599|0.887364581047|0.685212653253|0.72862416237|0.496480899693|1|0.807075942322|0.836708359643|0.841068872864|0.60236349771|0.606124206082|0.625016446615|0.399830227065|1|0.970305562262|0.977995886215|0.975728347461|1|0.704911759775|0.692194760538|0.681383641933|0.742513401278|0.740411800639|0.750294414836|0.459942942683|0.461326888311|0.467840435164|0.487580514449|0.27809817296|1|1|1|1|1|1|0.744432814982|0.806324334458|0.807287031402|0.783876293809|0.818712753086|0.832793160926|0.817470604496|0.809135606206|0.81220063994|0.815664094925|0.455380694741|0.457427961708|0.466176657749|0.487449611975|0.478166482805|0.489379949847|0.521976418681|0.516492479512|0.512906522462|0.527226529764|0.264678016507|0.265412094994|0.27265132512|0.289099626734|0.299950874375|0.126257905878|1|1|1|1|1|1|1|1|1|1|1|1|1|1|1|1|1|1|1|1|1|1|0.783317279702|0.77655078076|0.76817000995|0.762695905755|0.813469222355|0.813033345366|0.805344150342|0.78521649059|0.791405314312|0.799328351948|0.843240147303|0.838146315128|0.829340345564|0.888038933928|0.882762969699|0.880450195331|0.887483221409|0.882133979926|0.871747579468|0.841588023273|0.498195567028|0.525145609371|0.532644668305|0.513030526426|0.497783577587|0.495498106423|0.527734812726|0.528095826059|0.530941255092|0.541530279779|0.526689976705|0.522946766188|0.51691130062|0.545111551861|0.53547182624|0.271468531039|0.276454721483|0.301053759827|0.290624192291|0.290373149279|0.285553311461|0.0828606144864|1|1|1|1|1|1|1|1|1|1|1|1|1|1|1|1|1|1|1|1|1|1|1|1|1|1|1|1|1|1|1|1|1|1|1|1|1|1|1|1|1|1|1|1|1|1|1|1|1|1|1|1|1|1|1|1|1|1|1|1|1|1|1|1|0.4695416063|0.506652725841|0.590421782674|0.567290085722|0.828441567086|0.828931831166|0.822603370547|0.800687402838|0.790767222508|0.907436459162|0.815340291338|0.800891546755|0.795022122885|0.881067206525|0.886490376286|0.881304859221|0.906714412726|0.901091893302|0.893634941506|0.844461618947|0.829961579648|0.905226058398|0.899662363427|0.871374809637|0.863652444833|0.8590284628|0.885571851347|0.87825824432|0.865945849484|0.864341905929|0.855271987755|0.848437850077|0.841277489113|0.867467617345|0.806916219491|0.552128523752|0.577518614475|0.566322078728|0.555016482013|0.551563541896|0.547966167859|0.579211191438|0.569779444815|0.560072978561|0.585091765317|0.55775511466|0.544451516164|0.542613515596|0.566048099584|0.553999266563|0.538457499341|0.532305737392|0.586907082868|0.546691909888|0.540441132136|0.522612527785|0.240154921611|0.27458309765|0.268200232397|0.239318966171|0.225509504445|0.219043133121|0.215485207359|0.0433946333696
high_ra,5,4,delay_frontier,default,optimal,0|5|10|15|35|75|125|175|225,adjoint_lbfgsb,adjoint_lbfgsb,4,structured_constant,,7.637871994581913,7.669461428441296,0.03158943385938251,True,True,False,False,value_and_gradient,7.669461428441296,941,941,571,102.20353364944458,CONVERGENCE: REL_REDUCTION_OF_F_<=_FACTR*EPSMCH,0.643362883057|0.750643994554|0.583992325687|0.887355935877|0.685173465829|0.728605122876|0.496499345006|1|0.807109911001|0.836645319803|0.841035355411|0.602452058451|0.606183106455|0.625144207117|0.399657526413|1|0.970313415513|0.977989626859|0.975711965552|1|0.704863289055|0.692300619826|0.681306066644|0.742558761223|0.740335495821|0.750297952481|0.459972646127|0.461514683054|0.467907202738|0.48743783789|0.277671978765|1|1|1|1|1|1|0.744428736344|0.806223417756|0.807283565382|0.783932460911|0.818669657696|0.832881286762|0.81754119632|0.80887533102|0.811980579279|0.815683014364|0.455254111121|0.45726095956|0.466692381245|0.488071090498|0.478347643677|0.489300879778|0.522371058816|0.516576064382|0.513141378979|0.5270266533|0.265937477304|0.265270546577|0.272990145355|0.288632513985|0.300251699177|0.126975352301|1|1|1|1|1|1|1|1|1|1|1|1|1|1|1|1|1|1|1|1|1|1|0.782344608589|0.776156228634|0.768290592346|0.763018805594|0.812734029835|0.812428485643|0.804795638243|0.783868917345|0.792438536865|0.801109755732|0.84266822699|0.83758275215|0.828687373522|0.887070634892|0.882038611851|0.8799408356|0.888871403663|0.882898761757|0.872834570565|0.843732892264|0.497623456443|0.525358660091|0.53340597454|0.51509938768|0.50174728033|0.497297117373|0.527386378788|0.528003245916|0.529487021282|0.543032084998|0.526002250953|0.521626041795|0.516706670963|0.54655993473|0.535128614192|0.268953907418|0.279621977575|0.303593218244|0.291769481724|0.289964284951|0.282215888724|0.0841548809901|1|1|1|1|1|1|1|1|1|1|1|1|1|1|1|1|1|1|1|1|1|1|1|1|1|1|1|1|1|1|1|1|1|1|1|1|1|1|1|1|1|1|1|1|1|1|1|1|1|1|1|1|1|1|1|1|1|1|1|1|1|1|1|1|0.569849024744|0.61787851301|0.623157313773|0.624822999517|0.822173295671|0.818979156886|0.81357942974|0.793502559308|0.789121512924|0.907291826726|0.804448027905|0.798694069246|0.792682374528|0.894002844154|0.886793212462|0.881698018512|0.908941973021|0.902429842155|0.894339550101|0.850658380763|0.832705337561|0.907446874758|0.900336585325|0.873488771609|0.865179183622|0.859737258121|0.887194565391|0.881044053977|0.873557495685|0.86455049173|0.860777612483|0.85496731396|0.84857259726|0.868625569399|0.817072430275|0.587747008003|0.584065414699|0.579257947073|0.559275010587|0.552923194843|0.54988683403|0.570026206758|0.564497005472|0.557712105829|0.582513781566|0.546538843116|0.541187565254|0.535013518375|0.559730304486|0.564690233232|0.532468958774|0.529696796505|0.585219927716|0.545311366789|0.548513006471|0.533456463205|0.267852354547|0.287565033076|0.284242607812|0.250961089818|0.222295060321|0.208263847228|0.20016409333|0.0623652161513
high_ra,5,4,delay_frontier,default,optimal,0|5|10|15|35|75|125|175|225,adjoint_lbfgsb,adjoint_lbfgsb,5,structured_constant,,7.637690012682772,7.669461417950345,0.031771405267572383,True,True,False,False,value_and_gradient,7.669461417950345,762,762,527,83.87988901138306,CONVERGENCE: REL_REDUCTION_OF_F_<=_FACTR*EPSMCH,0.643399845784|0.750679697461|0.584010071296|0.887339640893|0.685206259543|0.728576903058|0.496498282274|1|0.807118694011|0.836700523177|0.841021539935|0.602548623397|0.606125098257|0.62493624138|0.399790838965|1|0.970314427871|0.977991368595|0.975782269084|1|0.704910022639|0.692170703204|0.681396720682|0.742503924368|0.740516662994|0.750405143206|0.460019598298|0.461713373866|0.468167069645|0.48760173289|0.277851440604|1|1|1|1|1|1|0.744433690975|0.806320562742|0.807408259927|0.783717867764|0.818730299293|0.83279231227|0.817520184036|0.808753877906|0.812225738041|0.815743886471|0.45523680267|0.457966779482|0.466671387801|0.48772366611|0.478235452571|0.48920735299|0.522972192971|0.516681105244|0.513454514112|0.527628623299|0.26372493543|0.265264737674|0.272128544575|0.289489330161|0.299474159244|0.124845836952|1|1|1|1|1|1|1|1|1|1|1|1|1|1|1|1|1|1|1|1|1|1|0.781908195051|0.775057209489|0.767064443236|0.761878349321|0.814040454101|0.813725946268|0.806246493512|0.783413420017|0.796580910645|0.799750758707|0.843918474681|0.838114025361|0.826630689797|0.886735058016|0.881658401219|0.879331739625|0.887995711128|0.882459936876|0.872006673303|0.841393881632|0.496072066595|0.526793061119|0.531975687782|0.513322880047|0.499815601741|0.495394806329|0.528518158825|0.529061297348|0.53054061029|0.544617865331|0.527132086424|0.52280179842|0.517804566577|0.545662502657|0.535192567132|0.280653130744|0.272361452947|0.308745945481|0.295166854257|0.291298619423|0.283095062716|0.0882133839617|1|1|1|1|1|1|1|1|1|1|1|1|1|1|1|1|1|1|1|1|1|1|1|1|1|1|1|1|1|1|1|1|1|1|1|1|1|1|1|1|1|1|1|1|1|1|1|1|1|1|1|1|1|1|1|1|1|1|1|1|1|1|1|1|0.538712902154|0.596075474442|0.602929595182|0.605166043136|0.825729546325|0.823118229915|0.81860450388|0.799571254289|0.798045879495|0.91855494742|0.810304645958|0.804694013918|0.798626525055|0.903871420206|0.895919977941|0.890412393254|0.913392861297|0.905823672451|0.896197323775|0.844509862774|0.83661471601|0.918460215159|0.910989031522|0.881768714004|0.873274870211|0.867397297438|0.88986493118|0.882630964316|0.87401132134|0.853024235366|0.859108417519|0.852109503957|0.844272244063|0.861161758743|0.798985511027|0.585840476318|0.582098822376|0.578136439132|0.5609434428|0.555251475636|0.552045961235|0.573951026022|0.568327425015|0.561474341519|0.581771954206|0.549985408548|0.544312697637|0.537998250214|0.557492828812|0.550352279311|0.535831246652|0.530790877715|0.585215409063|0.542055585961|0.534998838544|0.516790931112|0.278828291186|0.295983929078|0.299296313239|0.267572103573|0.24132082048|0.228047371041|0.219647508837|0.0828929317692
high_ra,5,4,delay_frontier,default,optimal,0|5|10|15|35|75|125|175|225,adjoint_lbfgsb,adjoint_lbfgsb,6,sobol,,7.620497418285333,7.669461279378537,0.048963861093204386,True,True,False,False,value_and_gradient,7.669461279378537,617,617,412,67.7568416595459,CONVERGENCE: REL_REDUCTION_OF_F_<=_FACTR*EPSMCH,0.643352165443|0.750563473462|0.584007887815|0.88735630933|0.685207265705|0.728636379649|0.496576584032|1|0.80712263897|0.836696460961|0.84113711574|0.602476945201|0.606109854706|0.625033265069|0.399932405175|1|0.970301542869|0.977958439716|0.97575011209|1|0.704811681351|0.692277826831|0.681409369997|0.74240807265|0.740380785617|0.75036827517|0.460060750233|0.461658956223|0.467794724052|0.488027354274|0.277577429439|1|1|1|1|1|1|0.743934247731|0.805863931373|0.807573087886|0.784057292264|0.818850869537|0.83275381285|0.817297849782|0.809239243993|0.812444902662|0.815726036091|0.455353988198|0.457352954401|0.467726610144|0.487818875841|0.478174886057|0.489222794173|0.521228318179|0.515509872891|0.513330743889|0.528607146364|0.264398570892|0.264692492119|0.271344488762|0.288799974677|0.300307810316|0.128080794159|1|1|1|1|1|1|1|1|1|1|1|1|1|1|1|1|1|1|1|1|1|1|0.782474471029|0.775784683339|0.767117841563|0.761588232979|0.81439716093|0.814604910617|0.807310719194|0.784540854595|0.791640382724|0.800443203807|0.84485532126|0.839707565764|0.829022166857|0.887061303329|0.881260345909|0.87948009204|0.887466803306|0.885108685383|0.874020696579|0.841851488153|0.497939174066|0.527486436601|0.532334729503|0.515209822094|0.502179193615|0.497376272964|0.529209940512|0.528878514431|0.530516716009|0.550286562445|0.526697863659|0.522196748099|0.516202041161|0.542819486472|0.53407857652|0.277633477733|0.276118652219|0.30429234074|0.293198883546|0.290859464533|0.285200232312|0.0867229464109|1|1|1|1|1|1|1|1|1|1|1|1|1|1|1|1|1|1|1|1|1|1|1|1|1|1|1|1|1|1|1|1|1|1|1|1|1|1|1|1|1|1|1|1|1|1|1|1|1|1|1|1|1|1|1|1|1|1|1|1|1|1|1|1|0.585316182583|0.628115929839|0.634791927833|0.621122378037|0.823350444663|0.811062196902|0.794777990054|0.794193513733|0.804669507779|0.909593992026|0.779945908252|0.800518190407|0.793121998224|0.893615723886|0.88836458289|0.883127936194|0.907178780635|0.899337282069|0.885373616723|0.843191039539|0.832135195893|0.91017202449|0.899617038496|0.875872501224|0.864251247099|0.859423520232|0.88093872942|0.876482944749|0.866377051524|0.824098138242|0.850686509017|0.843093572414|0.835250215317|0.84261131045|0.781038784756|0.435412050818|0.589249131227|0.528363792834|0.566437586351|0.520844181796|0.529952802157|0.57196290216|0.565366964175|0.558790250065|0.582902391218|0.547466374901|0.530799981504|0.521214842554|0.555804175534|0.554097150056|0.538599855272|0.522102833541|0.582105241762|0.545785860758|0.541384380728|0.521854249984|0.20662201012|0.298120929855|0.281067277898|0.264472225052|0.237858514588|0.228789123517|0.223742731747|0.0581132444472
high_ra,5,4,delay_frontier,default,optimal,0|5|10|15|35|75|125|175|225,adjoint_lbfgsb,adjoint_lbfgsb,7,sobol,,7.619661670140736,7.6694613730326235,0.049799702891887954,False,True,False,False,value_and_gradient,7.6694613730326235,761,761,504,82.98373055458069,ABNORMAL_TERMINATION_IN_LNSRCH,0.643456268753|0.750631448482|0.583861024148|0.887329540596|0.685195253573|0.7285541946|0.496476183813|1|0.807126927188|0.836655085152|0.841094450974|0.602371426986|0.606142141296|0.625006390801|0.399836147329|1|0.970324339977|0.977936064633|0.97568159403|1|0.704665412371|0.691947899633|0.681326947481|0.742534051298|0.740471650659|0.750312829845|0.460138910137|0.461900108588|0.4682769293|0.487426855335|0.27834641859|1|1|1|1|1|1|0.744329138733|0.805673562641|0.806661715436|0.783029178475|0.818400592774|0.832887693614|0.817495717698|0.809055265551|0.81218142665|0.81586470595|0.455266387837|0.456335348331|0.466198495851|0.487913031232|0.478391159866|0.489116160807|0.522224137603|0.516711408456|0.51318838159|0.528182457524|0.267450521333|0.265469214295|0.273662935878|0.29124225815|0.300915987793|0.12671016721|1|1|1|1|1|1|1|1|1|1|1|1|1|1|1|1|1|1|1|1|1|1|0.783812452313|0.777085585352|0.770334387209|0.764675193078|0.812437634455|0.811268085652|0.804411274248|0.784479339827|0.789071780695|0.79965689216|0.841292332104|0.836507069356|0.828645523213|0.887418706453|0.882210929446|0.87977693653|0.887817576208|0.882531572498|0.872174282553|0.842154094584|0.498850984226|0.527783116622|0.535076702925|0.515415129512|0.502004182956|0.497322211214|0.528626009382|0.529274561427|0.530574290483|0.545502433794|0.527310067921|0.523245180932|0.515266100844|0.541983832299|0.535505010967|0.273239788724|0.27514168749|0.301501206676|0.291570929827|0.293089258869|0.285679878085|0.0913903807525|1|1|1|1|1|1|1|1|1|1|1|1|1|1|1|1|1|1|1|1|1|1|1|1|1|1|1|1|1|1|1|1|1|1|1|1|1|1|1|1|1|1|1|1|1|1|1|1|1|1|1|1|1|1|1|1|1|1|1|1|1|1|1|1|0.485605495698|0.566413365282|0.605538230375|0.601675226877|0.824442784454|0.787194052673|0.8173879319|0.8018793123|0.812853472897|0.909299959746|0.807931644626|0.800110975114|0.795618558821|0.909005800902|0.90221677029|0.890294657017|0.90817849984|0.898683833515|0.891005124477|0.836462090517|0.831233262773|0.919771806836|0.921527147448|0.873011344132|0.864785674341|0.867929176322|0.89332330917|0.876404532129|0.87129570167|0.849822577868|0.856171511491|0.844820047094|0.83875494918|0.856654053323|0.800097183459|0.474320176074|0.580816766376|0.575026859053|0.559533990913|0.549124154359|0.499563577369|0.555597660232|0.570453227152|0.562689515411|0.585186679115|0.551387793056|0.548357313645|0.531965217864|0.567301021749|0.555587526615|0.539432049579|0.537843237094|0.58052995239|0.55333661144|0.537376455394|0.521747014282|0.242639542805|0.283197488618|0.288220329307|0.243973689338|0.224550111155|0.220550669852|0.219388312006|0.054148695449
high_ra,15,6,delay_frontier,default,optimal,0|5|10|15|35|75|125|175|225,adjoint_lbfgsb,adjoint_lbfgsb,0,structured_ramp,,7.564115340681327,7.6694614153515355,0.10534607467020862,True,True,False,False,value_and_gradient,7.6694614153515355,898,898,530,98.78314065933228,CONVERGENCE: REL_REDUCTION_OF_F_<=_FACTR*EPSMCH,0.643381540119|0.750605387711|0.583916316461|0.887316604525|0.685228825844|0.728608684658|0.496364549901|1|0.807034584469|0.836723131564|0.841088577968|0.602441434461|0.606152497509|0.625010327285|0.399884619699|1|0.970309341359|0.977970084302|0.975729941474|1|0.704942594457|0.69220721167|0.681318786758|0.742633195698|0.740294869061|0.75036164788|0.45991699536|0.461407748086|0.467939603938|0.487537210022|0.278140530422|1|1|1|1|1|1|0.744102164794|0.80609321042|0.807162255521|0.783575145444|0.818643001559|0.832762254431|0.817397707644|0.808688020348|0.812169704273|0.815619718028|0.455334570367|0.457425377667|0.4664735186|0.487701205273|0.478360814717|0.489173517047|0.522731062723|0.516612821048|0.513118051708|0.526803042638|0.265314160461|0.263812452728|0.272400419927|0.288440208914|0.301452154646|0.12584652999|1|1|1|1|1|1|1|1|1|1|1|1|1|1|1|1|1|1|1|1|1|1|0.784832016411|0.777449825208|0.769174149574|0.763684030301|0.812264199249|0.811972857996|0.80484689421|0.7849733073|0.791904696409|0.802164650984|0.842343803144|0.837772283688|0.829428521267|0.885629240389|0.880315860116|0.878180058352|0.887464828328|0.880452927954|0.870362796092|0.843100252185|0.49846563054|0.527274738985|0.532738185926|0.51423436139|0.50089407856|0.496461069156|0.526645932547|0.527179812759|0.528696276589|0.541565348308|0.525032147616|0.520527061024|0.515495754941|0.54540775815|0.535698077511|0.272427164766|0.278977565081|0.305435847309|0.294107559008|0.292481957842|0.284486630537|0.0838061509294|1|1|1|1|1|1|1|1|1|1|1|1|1|1|1|1|1|1|1|1|1|1|1|1|1|1|1|1|1|1|1|1|1|1|1|1|1|1|1|1|1|1|1|1|1|1|1|1|1|1|1|1|1|1|1|1|1|1|1|1|1|1|1|1|0.564071300674|0.613411288456|0.619013930225|0.620839414449|0.822411514934|0.819088160078|0.813458586434|0.79265724634|0.78790858961|0.91156715026|0.803756046047|0.79771881208|0.791199357348|0.893966810474|0.886473611949|0.881176245926|0.908061290126|0.901423096755|0.893076897488|0.848103047023|0.829724823583|0.907828283688|0.900502687962|0.872842743941|0.864315238905|0.858705408708|0.887135988163|0.880887596585|0.873210284678|0.866912052066|0.860571925096|0.854729903193|0.848009377267|0.87020078734|0.817252827583|0.582998466654|0.578799146177|0.573659104949|0.552705911895|0.545953563994|0.542915904152|0.561635568682|0.555800471237|0.548690296482|0.573108924455|0.536820063455|0.531112655592|0.524649930769|0.549253517684|0.552612608714|0.52157107164|0.516212700055|0.573836970476|0.533785580599|0.537032570934|0.521202418993|0.253492373296|0.272942079903|0.271906885532|0.235525625237|0.205353512183|0.190831285304|0.181258470878|0.0294009677752
high_ra,15,6,delay_frontier,default,optimal,0|5|10|15|35|75|125|175|225,adjoint_lbfgsb,adjoint_lbfgsb,1,structured_sigmoid,,7.531847646856863,7.669461325140839,0.13761367828397564,True,True,False,False,value_and_gradient,7.669461325140839,462,462,331,51.67220878601074,CONVERGENCE: REL_REDUCTION_OF_F_<=_FACTR*EPSMCH,0.643400641769|0.750745050788|0.584026633857|0.887328671746|0.685195554053|0.72852400805|0.496656214372|1|0.807020375815|0.836668793002|0.841129615387|0.602361378398|0.60615679998|0.62501494703|0.399591067808|1|0.970303932398|0.977930326731|0.975774571389|1|0.704643276653|0.692329592822|0.681346138006|0.742629754511|0.740540645131|0.750328053011|0.460009621951|0.46124558044|0.467976027313|0.486794008026|0.27827119945|1|1|1|1|1|1|0.744353075879|0.806173317506|0.807317617408|0.783878287858|0.818803970373|0.8328719358|0.817553138618|0.808799316699|0.812042874802|0.816321513395|0.455967765447|0.458064267926|0.467389366817|0.487794798372|0.478165926097|0.489302334049|0.522060402247|0.516653403499|0.513132001951|0.526658670277|0.264640692385|0.265264226556|0.270606658806|0.288858158808|0.302475921874|0.12725844103|1|1|1|1|1|1|1|1|1|1|1|1|1|1|1|1|1|1|1|1|1|1|0.782181412666|0.776162134075|0.768253344821|0.762965800617|0.812573911188|0.81228940664|0.804682999187|0.783895167017|0.793104905036|0.800187591603|0.842567223584|0.837262785881|0.828415199872|0.888002693072|0.882894799324|0.880662708895|0.889581731853|0.884135313018|0.873573756762|0.842515336039|0.498873936145|0.528096279142|0.532617030795|0.514547764788|0.501141033152|0.49676966907|0.528142126126|0.52860555042|0.530043651581|0.541128931828|0.52646188314|0.52203438437|0.516736491147|0.54446960991|0.536708752551|0.276137686356|0.273683769656|0.300701256336|0.28994149743|0.292796671739|0.285384943049|0.0903315880243|1|1|1|1|1|1|1|1|1|1|1|1|1|1|1|1|1|1|1|1|1|1|1|1|1|1|1|1|1|1|1|1|1|1|1|1|1|1|1|1|1|1|1|1|1|1|1|1|1|1|1|1|1|1|1|1|1|1|1|1|1|1|1|1|0.588369941691|0.628348144698|0.632611699481|0.633925446889|0.818211899753|0.814672434371|0.808666580264|0.786977007194|0.782332415556|0.909226904742|0.798592146867|0.79238486891|0.785681100741|0.891964705209|0.884371204006|0.879093659748|0.912662724146|0.905632834061|0.897527734028|0.853571296862|0.828854503579|0.906380399851|0.898403808938|0.870163581252|0.861000984508|0.855345348318|0.888987593917|0.882550073623|0.874794734337|0.880637156133|0.861922096579|0.855916301236|0.849381245935|0.87761135225|0.829384617843|0.584903391184|0.581749455032|0.576216925301|0.553181308115|0.545875000159|0.543307376378|0.555088897753|0.548978827092|0.541352224436|0.561663611919|0.528788410311|0.522648009804|0.51559404145|0.537035696175|0.534493845983|0.513579013273|0.510777757145|0.562462853801|0.520898894023|0.521090832516|0.504045413907|0.263876158655|0.280910804254|0.276092793662|0.237421536591|0.199332007799|0.182227984307|0.172404763502|0.0330083378567
high_ra,15,6,delay_frontier,default,optimal,0|5|10|15|35|75|125|175|225,adjoint_lbfgsb,adjoint_lbfgsb,2,structured_constant,,7.647068401755222,7.669461329317528,0.022392927562306042,True,True,False,False,value_and_gradient,7.669461329317528,433,433,331,48.64804673194885,CONVERGENCE: REL_REDUCTION_OF_F_<=_FACTR*EPSMCH,0.643432602562|0.750623522238|0.583924495228|0.887393105392|0.685140183582|0.728556809402|0.496583386284|1|0.806963453382|0.836660741526|0.84108412942|0.602457292247|0.606145059257|0.624990809084|0.399647986944|1|0.970327248264|0.977943723981|0.975710082501|1|0.704609214877|0.692208194179|0.681259109214|0.742457797068|0.740566664912|0.750409098425|0.459861148069|0.46190337768|0.467877226616|0.487625273097|0.277554056835|1|1|1|1|1|1|0.743870161117|0.806126017571|0.807275700791|0.783968005463|0.818805224738|0.832557332046|0.817381378015|0.809115117102|0.812358452895|0.815900949674|0.45549343556|0.457052961621|0.46555780244|0.486495873103|0.477058715845|0.487984316897|0.522044184151|0.516362570926|0.512865196247|0.527213744728|0.266171914041|0.265006067303|0.272713212109|0.289186969192|0.301643150818|0.126593032274|1|1|1|1|1|1|1|1|1|1|1|1|1|1|1|1|1|1|1|1|1|1|0.782411639625|0.776110942047|0.768103410565|0.762782204214|0.813274064785|0.812955266954|0.805486110672|0.785320532488|0.793245770584|0.799923754403|0.842949089986|0.837623036102|0.827733943567|0.88560503128|0.880639357934|0.878466447596|0.885284449342|0.879863762006|0.869857881443|0.840859500292|0.497764755542|0.529470763825|0.532765633198|0.515647150224|0.502351053256|0.497945460164|0.529996575907|0.53033646335|0.53186820457|0.545487273082|0.528270338207|0.523817243787|0.51863439579|0.543783263999|0.536678483281|0.260193731461|0.271738773034|0.295326293196|0.285175791515|0.294452248206|0.287966688021|0.0698074952639|1|1|1|1|1|1|1|1|1|1|1|1|1|1|1|1|1|1|1|1|1|1|1|1|1|1|1|1|1|1|1|1|1|1|1|1|1|1|1|1|1|1|1|1|1|1|1|1|1|1|1|1|1|1|1|1|1|1|1|1|1|1|1|1|0.577144137908|0.621932578998|0.626959319974|0.628549989631|0.824512278622|0.821373488442|0.815963055554|0.794956631642|0.790264080577|0.917104255803|0.806507312972|0.800438409613|0.793671014749|0.902050376272|0.893851766082|0.888222014463|0.914196610776|0.906497035586|0.896741815613|0.844484628748|0.834674643494|0.917436372109|0.909250712594|0.879033193014|0.869930046219|0.863892122994|0.889899240478|0.882515289198|0.873710961044|0.853970594559|0.858551233339|0.851424694982|0.843490216638|0.861341386108|0.799880217695|0.59304302314|0.586557287532|0.581358913611|0.559557998871|0.552493956765|0.549958672016|0.561135142945|0.554697992454|0.54694889698|0.563338074708|0.533846260005|0.527136881506|0.52005513256|0.536319098792|0.521670088784|0.518464809698|0.512279861087|0.565728679187|0.51904231912|0.509969227086|0.489856933246|0.276656833858|0.284985909558|0.292437168847|0.2507920802|0.212393366581|0.19497041615|0.183349277003|0.0560357489615
high_ra,15,6,delay_frontier,default,optimal,0|5|10|15|35|75|125|175|225,adjoint_lbfgsb,adjoint_lbfgsb,3,sobol,,7.621017652532789,7.669461443867282,0.048443791334492836,False,True,False,False,value_and_gradient,7.669461443867282,1595,1595,861,173.47245383262634,ABNORMAL_TERMINATION_IN_LNSRCH,0.643402744742|0.750646711897|0.58398511599|0.887364581047|0.685212653253|0.72862416237|0.496480899693|1|0.807075942322|0.836708359643|0.841068872864|0.60236349771|0.606124206082|0.625016446615|0.399830227065|1|0.970305562262|0.977995886215|0.975728347461|1|0.704911759775|0.692194760538|0.681383641933|0.742513401278|0.740411800639|0.750294414836|0.459942942683|0.461326888311|0.467840435164|0.487580514449|0.27809817296|1|1|1|1|1|1|0.744432814982|0.806324334458|0.807287031402|0.783876293809|0.818712753086|0.832793160926|0.817470604496|0.809135606206|0.81220063994|0.815664094925|0.455380694741|0.457427961708|0.466176657749|0.487449611975|0.478166482805|0.489379949847|0.521976418681|0.516492479512|0.512906522462|0.527226529764|0.264678016507|0.265412094994|0.27265132512|0.289099626734|0.299950874375|0.126257905878|1|1|1|1|1|1|1|1|1|1|1|1|1|1|1|1|1|1|1|1|1|1|0.783317279702|0.77655078076|0.76817000995|0.762695905755|0.813469222355|0.813033345366|0.805344150342|0.78521649059|0.791405314312|0.799328351948|0.843240147303|0.838146315128|0.829340345564|0.888038933928|0.882762969699|0.880450195331|0.887483221409|0.882133979926|0.871747579468|0.841588023273|0.498195567028|0.525145609371|0.532644668305|0.513030526426|0.497783577587|0.495498106423|0.527734812726|0.528095826059|0.530941255092|0.541530279779|0.526689976705|0.522946766188|0.51691130062|0.545111551861|0.53547182624|0.271468531039|0.276454721483|0.301053759827|0.290624192291|0.290373149279|0.285553311461|0.0828606144864|1|1|1|1|1|1|1|1|1|1|1|1|1|1|1|1|1|1|1|1|1|1|1|1|1|1|1|1|1|1|1|1|1|1|1|1|1|1|1|1|1|1|1|1|1|1|1|1|1|1|1|1|1|1|1|1|1|1|1|1|1|1|1|1|0.4695416063|0.506652725841|0.590421782674|0.567290085722|0.828441567086|0.828931831166|0.822603370547|0.800687402838|0.790767222508|0.907436459162|0.815340291338|0.800891546755|0.795022122885|0.881067206525|0.886490376286|0.881304859221|0.906714412726|0.901091893302|0.893634941506|0.844461618947|0.829961579648|0.905226058398|0.899662363427|0.871374809637|0.863652444833|0.8590284628|0.885571851347|0.87825824432|0.865945849484|0.864341905929|0.855271987755|0.848437850077|0.841277489113|0.867467617345|0.806916219491|0.552128523752|0.577518614475|0.566322078728|0.555016482013|0.551563541896|0.547966167859|0.579211191438|0.569779444815|0.560072978561|0.585091765317|0.55775511466|0.544451516164|0.542613515596|0.566048099584|0.553999266563|0.538457499341|0.532305737392|0.586907082868|0.546691909888|0.540441132136|0.522612527785|0.240154921611|0.27458309765|0.268200232397|0.239318966171|0.225509504445|0.219043133121|0.215485207359|0.0433946333696
high_ra,15,6,delay_frontier,default,optimal,0|5|10|15|35|75|125|175|225,adjoint_lbfgsb,adjoint_lbfgsb,4,structured_constant,,7.637871994581913,7.669461428441296,0.03158943385938251,True,True,False,False,value_and_gradient,7.669461428441296,941,941,571,103.052090883255,CONVERGENCE: REL_REDUCTION_OF_F_<=_FACTR*EPSMCH,0.643362883057|0.750643994554|0.583992325687|0.887355935877|0.685173465829|0.728605122876|0.496499345006|1|0.807109911001|0.836645319803|0.841035355411|0.602452058451|0.606183106455|0.625144207117|0.399657526413|1|0.970313415513|0.977989626859|0.975711965552|1|0.704863289055|0.692300619826|0.681306066644|0.742558761223|0.740335495821|0.750297952481|0.459972646127|0.461514683054|0.467907202738|0.48743783789|0.277671978765|1|1|1|1|1|1|0.744428736344|0.806223417756|0.807283565382|0.783932460911|0.818669657696|0.832881286762|0.81754119632|0.80887533102|0.811980579279|0.815683014364|0.455254111121|0.45726095956|0.466692381245|0.488071090498|0.478347643677|0.489300879778|0.522371058816|0.516576064382|0.513141378979|0.5270266533|0.265937477304|0.265270546577|0.272990145355|0.288632513985|0.300251699177|0.126975352301|1|1|1|1|1|1|1|1|1|1|1|1|1|1|1|1|1|1|1|1|1|1|0.782344608589|0.776156228634|0.768290592346|0.763018805594|0.812734029835|0.812428485643|0.804795638243|0.783868917345|0.792438536865|0.801109755732|0.84266822699|0.83758275215|0.828687373522|0.887070634892|0.882038611851|0.8799408356|0.888871403663|0.882898761757|0.872834570565|0.843732892264|0.497623456443|0.525358660091|0.53340597454|0.51509938768|0.50174728033|0.497297117373|0.527386378788|0.528003245916|0.529487021282|0.543032084998|0.526002250953|0.521626041795|0.516706670963|0.54655993473|0.535128614192|0.268953907418|0.279621977575|0.303593218244|0.291769481724|0.289964284951|0.282215888724|0.0841548809901|1|1|1|1|1|1|1|1|1|1|1|1|1|1|1|1|1|1|1|1|1|1|1|1|1|1|1|1|1|1|1|1|1|1|1|1|1|1|1|1|1|1|1|1|1|1|1|1|1|1|1|1|1|1|1|1|1|1|1|1|1|1|1|1|0.569849024744|0.61787851301|0.623157313773|0.624822999517|0.822173295671|0.818979156886|0.81357942974|0.793502559308|0.789121512924|0.907291826726|0.804448027905|0.798694069246|0.792682374528|0.894002844154|0.886793212462|0.881698018512|0.908941973021|0.902429842155|0.894339550101|0.850658380763|0.832705337561|0.907446874758|0.900336585325|0.873488771609|0.865179183622|0.859737258121|0.887194565391|0.881044053977|0.873557495685|0.86455049173|0.860777612483|0.85496731396|0.84857259726|0.868625569399|0.817072430275|0.587747008003|0.584065414699|0.579257947073|0.559275010587|0.552923194843|0.54988683403|0.570026206758|0.564497005472|0.557712105829|0.582513781566|0.546538843116|0.541187565254|0.535013518375|0.559730304486|0.564690233232|0.532468958774|0.529696796505|0.585219927716|0.545311366789|0.548513006471|0.533456463205|0.267852354547|0.287565033076|0.284242607812|0.250961089818|0.222295060321|0.208263847228|0.20016409333|0.0623652161513
high_ra,15,6,delay_frontier,default,optimal,0|5|10|15|35|75|125|175|225,adjoint_lbfgsb,adjoint_lbfgsb,5,structured_constant,,7.637690012682772,7.669461417950345,0.031771405267572383,True,True,False,False,value_and_gradient,7.669461417950345,762,762,527,84.33886766433716,CONVERGENCE: REL_REDUCTION_OF_F_<=_FACTR*EPSMCH,0.643399845784|0.750679697461|0.584010071296|0.887339640893|0.685206259543|0.728576903058|0.496498282274|1|0.807118694011|0.836700523177|0.841021539935|0.602548623397|0.606125098257|0.62493624138|0.399790838965|1|0.970314427871|0.977991368595|0.975782269084|1|0.704910022639|0.692170703204|0.681396720682|0.742503924368|0.740516662994|0.750405143206|0.460019598298|0.461713373866|0.468167069645|0.48760173289|0.277851440604|1|1|1|1|1|1|0.744433690975|0.806320562742|0.807408259927|0.783717867764|0.818730299293|0.83279231227|0.817520184036|0.808753877906|0.812225738041|0.815743886471|0.45523680267|0.457966779482|0.466671387801|0.48772366611|0.478235452571|0.48920735299|0.522972192971|0.516681105244|0.513454514112|0.527628623299|0.26372493543|0.265264737674|0.272128544575|0.289489330161|0.299474159244|0.124845836952|1|1|1|1|1|1|1|1|1|1|1|1|1|1|1|1|1|1|1|1|1|1|0.781908195051|0.775057209489|0.767064443236|0.761878349321|0.814040454101|0.813725946268|0.806246493512|0.783413420017|0.796580910645|0.799750758707|0.843918474681|0.838114025361|0.826630689797|0.886735058016|0.881658401219|0.879331739625|0.887995711128|0.882459936876|0.872006673303|0.841393881632|0.496072066595|0.526793061119|0.531975687782|0.513322880047|0.499815601741|0.495394806329|0.528518158825|0.529061297348|0.53054061029|0.544617865331|0.527132086424|0.52280179842|0.517804566577|0.545662502657|0.535192567132|0.280653130744|0.272361452947|0.308745945481|0.295166854257|0.291298619423|0.283095062716|0.0882133839617|1|1|1|1|1|1|1|1|1|1|1|1|1|1|1|1|1|1|1|1|1|1|1|1|1|1|1|1|1|1|1|1|1|1|1|1|1|1|1|1|1|1|1|1|1|1|1|1|1|1|1|1|1|1|1|1|1|1|1|1|1|1|1|1|0.538712902154|0.596075474442|0.602929595182|0.605166043136|0.825729546325|0.823118229915|0.81860450388|0.799571254289|0.798045879495|0.91855494742|0.810304645958|0.804694013918|0.798626525055|0.903871420206|0.895919977941|0.890412393254|0.913392861297|0.905823672451|0.896197323775|0.844509862774|0.83661471601|0.918460215159|0.910989031522|0.881768714004|0.873274870211|0.867397297438|0.88986493118|0.882630964316|0.87401132134|0.853024235366|0.859108417519|0.852109503957|0.844272244063|0.861161758743|0.798985511027|0.585840476318|0.582098822376|0.578136439132|0.5609434428|0.555251475636|0.552045961235|0.573951026022|0.568327425015|0.561474341519|0.581771954206|0.549985408548|0.544312697637|0.537998250214|0.557492828812|0.550352279311|0.535831246652|0.530790877715|0.585215409063|0.542055585961|0.534998838544|0.516790931112|0.278828291186|0.295983929078|0.299296313239|0.267572103573|0.24132082048|0.228047371041|0.219647508837|0.0828929317692
high_ra,15,6,delay_frontier,default,optimal,0|5|10|15|35|75|125|175|225,adjoint_lbfgsb,adjoint_lbfgsb,6,sobol,,7.620497418285333,7.669461279378537,0.048963861093204386,True,True,False,False,value_and_gradient,7.669461279378537,617,617,412,68.18042159080505,CONVERGENCE: REL_REDUCTION_OF_F_<=_FACTR*EPSMCH,0.643352165443|0.750563473462|0.584007887815|0.88735630933|0.685207265705|0.728636379649|0.496576584032|1|0.80712263897|0.836696460961|0.84113711574|0.602476945201|0.606109854706|0.625033265069|0.399932405175|1|0.970301542869|0.977958439716|0.97575011209|1|0.704811681351|0.692277826831|0.681409369997|0.74240807265|0.740380785617|0.75036827517|0.460060750233|0.461658956223|0.467794724052|0.488027354274|0.277577429439|1|1|1|1|1|1|0.743934247731|0.805863931373|0.807573087886|0.784057292264|0.818850869537|0.83275381285|0.817297849782|0.809239243993|0.812444902662|0.815726036091|0.455353988198|0.457352954401|0.467726610144|0.487818875841|0.478174886057|0.489222794173|0.521228318179|0.515509872891|0.513330743889|0.528607146364|0.264398570892|0.264692492119|0.271344488762|0.288799974677|0.300307810316|0.128080794159|1|1|1|1|1|1|1|1|1|1|1|1|1|1|1|1|1|1|1|1|1|1|0.782474471029|0.775784683339|0.767117841563|0.761588232979|0.81439716093|0.814604910617|0.807310719194|0.784540854595|0.791640382724|0.800443203807|0.84485532126|0.839707565764|0.829022166857|0.887061303329|0.881260345909|0.87948009204|0.887466803306|0.885108685383|0.874020696579|0.841851488153|0.497939174066|0.527486436601|0.532334729503|0.515209822094|0.502179193615|0.497376272964|0.529209940512|0.528878514431|0.530516716009|0.550286562445|0.526697863659|0.522196748099|0.516202041161|0.542819486472|0.53407857652|0.277633477733|0.276118652219|0.30429234074|0.293198883546|0.290859464533|0.285200232312|0.0867229464109|1|1|1|1|1|1|1|1|1|1|1|1|1|1|1|1|1|1|1|1|1|1|1|1|1|1|1|1|1|1|1|1|1|1|1|1|1|1|1|1|1|1|1|1|1|1|1|1|1|1|1|1|1|1|1|1|1|1|1|1|1|1|1|1|0.585316182583|0.628115929839|0.634791927833|0.621122378037|0.823350444663|0.811062196902|0.794777990054|0.794193513733|0.804669507779|0.909593992026|0.779945908252|0.800518190407|0.793121998224|0.893615723886|0.88836458289|0.883127936194|0.907178780635|0.899337282069|0.885373616723|0.843191039539|0.832135195893|0.91017202449|0.899617038496|0.875872501224|0.864251247099|0.859423520232|0.88093872942|0.876482944749|0.866377051524|0.824098138242|0.850686509017|0.843093572414|0.835250215317|0.84261131045|0.781038784756|0.435412050818|0.589249131227|0.528363792834|0.566437586351|0.520844181796|0.529952802157|0.57196290216|0.565366964175|0.558790250065|0.582902391218|0.547466374901|0.530799981504|0.521214842554|0.555804175534|0.554097150056|0.538599855272|0.522102833541|0.582105241762|0.545785860758|0.541384380728|0.521854249984|0.20662201012|0.298120929855|0.281067277898|0.264472225052|0.237858514588|0.228789123517|0.223742731747|0.0581132444472
high_ra,15,6,delay_frontier,default,optimal,0|5|10|15|35|75|125|175|225,adjoint_lbfgsb,adjoint_lbfgsb,7,sobol,,7.619661670140736,7.6694613730326235,0.049799702891887954,False,True,False,False,value_and_gradient,7.6694613730326235,761,761,504,83.8409993648529,ABNORMAL_TERMINATION_IN_LNSRCH,0.643456268753|0.750631448482|0.583861024148|0.887329540596|0.685195253573|0.7285541946|0.496476183813|1|0.807126927188|0.836655085152|0.841094450974|0.602371426986|0.606142141296|0.625006390801|0.399836147329|1|0.970324339977|0.977936064633|0.97568159403|1|0.704665412371|0.691947899633|0.681326947481|0.742534051298|0.740471650659|0.750312829845|0.460138910137|0.461900108588|0.4682769293|0.487426855335|0.27834641859|1|1|1|1|1|1|0.744329138733|0.805673562641|0.806661715436|0.783029178475|0.818400592774|0.832887693614|0.817495717698|0.809055265551|0.81218142665|0.81586470595|0.455266387837|0.456335348331|0.466198495851|0.487913031232|0.478391159866|0.489116160807|0.522224137603|0.516711408456|0.51318838159|0.528182457524|0.267450521333|0.265469214295|0.273662935878|0.29124225815|0.300915987793|0.12671016721|1|1|1|1|1|1|1|1|1|1|1|1|1|1|1|1|1|1|1|1|1|1|0.783812452313|0.777085585352|0.770334387209|0.764675193078|0.812437634455|0.811268085652|0.804411274248|0.784479339827|0.789071780695|0.79965689216|0.841292332104|0.836507069356|0.828645523213|0.887418706453|0.882210929446|0.87977693653|0.887817576208|0.882531572498|0.872174282553|0.842154094584|0.498850984226|0.527783116622|0.535076702925|0.515415129512|0.502004182956|0.497322211214|0.528626009382|0.529274561427|0.530574290483|0.545502433794|0.527310067921|0.523245180932|0.515266100844|0.541983832299|0.535505010967|0.273239788724|0.27514168749|0.301501206676|0.291570929827|0.293089258869|0.285679878085|0.0913903807525|1|1|1|1|1|1|1|1|1|1|1|1|1|1|1|1|1|1|1|1|1|1|1|1|1|1|1|1|1|1|1|1|1|1|1|1|1|1|1|1|1|1|1|1|1|1|1|1|1|1|1|1|1|1|1|1|1|1|1|1|1|1|1|1|0.485605495698|0.566413365282|0.605538230375|0.601675226877|0.824442784454|0.787194052673|0.8173879319|0.8018793123|0.812853472897|0.909299959746|0.807931644626|0.800110975114|0.795618558821|0.909005800902|0.90221677029|0.890294657017|0.90817849984|0.898683833515|0.891005124477|0.836462090517|0.831233262773|0.919771806836|0.921527147448|0.873011344132|0.864785674341|0.867929176322|0.89332330917|0.876404532129|0.87129570167|0.849822577868|0.856171511491|0.844820047094|0.83875494918|0.856654053323|0.800097183459|0.474320176074|0.580816766376|0.575026859053|0.559533990913|0.549124154359|0.499563577369|0.555597660232|0.570453227152|0.562689515411|0.585186679115|0.551387793056|0.548357313645|0.531965217864|0.567301021749|0.555587526615|0.539432049579|0.537843237094|0.58052995239|0.55333661144|0.537376455394|0.521747014282|0.242639542805|0.283197488618|0.288220329307|0.243973689338|0.224550111155|0.220550669852|0.219388312006|0.054148695449
high_ra,10,5,delay_frontier,default,optimal,0|5|10|15|35|75|125|175|225,adjoint_lbfgsb,adjoint_lbfgsb,0,structured_ramp,,7.564115340681327,7.6694614153515355,0.10534607467020862,True,True,False,False,value_and_gradient,7.6694614153515355,898,898,530,99.73618459701538,CONVERGENCE: REL_REDUCTION_OF_F_<=_FACTR*EPSMCH,0.643381540119|0.750605387711|0.583916316461|0.887316604525|0.685228825844|0.728608684658|0.496364549901|1|0.807034584469|0.836723131564|0.841088577968|0.602441434461|0.606152497509|0.625010327285|0.399884619699|1|0.970309341359|0.977970084302|0.975729941474|1|0.704942594457|0.69220721167|0.681318786758|0.742633195698|0.740294869061|0.75036164788|0.45991699536|0.461407748086|0.467939603938|0.487537210022|0.278140530422|1|1|1|1|1|1|0.744102164794|0.80609321042|0.807162255521|0.783575145444|0.818643001559|0.832762254431|0.817397707644|0.808688020348|0.812169704273|0.815619718028|0.455334570367|0.457425377667|0.4664735186|0.487701205273|0.478360814717|0.489173517047|0.522731062723|0.516612821048|0.513118051708|0.526803042638|0.265314160461|0.263812452728|0.272400419927|0.288440208914|0.301452154646|0.12584652999|1|1|1|1|1|1|1|1|1|1|1|1|1|1|1|1|1|1|1|1|1|1|0.784832016411|0.777449825208|0.769174149574|0.763684030301|0.812264199249|0.811972857996|0.80484689421|0.7849733073|0.791904696409|0.802164650984|0.842343803144|0.837772283688|0.829428521267|0.885629240389|0.880315860116|0.878180058352|0.887464828328|0.880452927954|0.870362796092|0.843100252185|0.49846563054|0.527274738985|0.532738185926|0.51423436139|0.50089407856|0.496461069156|0.526645932547|0.527179812759|0.528696276589|0.541565348308|0.525032147616|0.520527061024|0.515495754941|0.54540775815|0.535698077511|0.272427164766|0.278977565081|0.305435847309|0.294107559008|0.292481957842|0.284486630537|0.0838061509294|1|1|1|1|1|1|1|1|1|1|1|1|1|1|1|1|1|1|1|1|1|1|1|1|1|1|1|1|1|1|1|1|1|1|1|1|1|1|1|1|1|1|1|1|1|1|1|1|1|1|1|1|1|1|1|1|1|1|1|1|1|1|1|1|0.564071300674|0.613411288456|0.619013930225|0.620839414449|0.822411514934|0.819088160078|0.813458586434|0.79265724634|0.78790858961|0.91156715026|0.803756046047|0.79771881208|0.791199357348|0.893966810474|0.886473611949|0.881176245926|0.908061290126|0.901423096755|0.893076897488|0.848103047023|0.829724823583|0.907828283688|0.900502687962|0.872842743941|0.864315238905|0.858705408708|0.887135988163|0.880887596585|0.873210284678|0.866912052066|0.860571925096|0.854729903193|0.848009377267|0.87020078734|0.817252827583|0.582998466654|0.578799146177|0.573659104949|0.552705911895|0.545953563994|0.542915904152|0.561635568682|0.555800471237|0.548690296482|0.573108924455|0.536820063455|0.531112655592|0.524649930769|0.549253517684|0.552612608714|0.52157107164|0.516212700055|0.573836970476|0.533785580599|0.537032570934|0.521202418993|0.253492373296|0.272942079903|0.271906885532|0.235525625237|0.205353512183|0.190831285304|0.181258470878|0.0294009677752
high_ra,10,5,delay_frontier,default,optimal,0|5|10|15|35|75|125|175|225,adjoint_lbfgsb,adjoint_lbfgsb,1,structured_sigmoid,,7.531847646856863,7.669461325140839,0.13761367828397564,True,True,False,False,value_and_gradient,7.669461325140839,462,462,331,52.1275360584259,CONVERGENCE: REL_REDUCTION_OF_F_<=_FACTR*EPSMCH,0.643400641769|0.750745050788|0.584026633857|0.887328671746|0.685195554053|0.72852400805|0.496656214372|1|0.807020375815|0.836668793002|0.841129615387|0.602361378398|0.60615679998|0.62501494703|0.399591067808|1|0.970303932398|0.977930326731|0.975774571389|1|0.704643276653|0.692329592822|0.681346138006|0.742629754511|0.740540645131|0.750328053011|0.460009621951|0.46124558044|0.467976027313|0.486794008026|0.27827119945|1|1|1|1|1|1|0.744353075879|0.806173317506|0.807317617408|0.783878287858|0.818803970373|0.8328719358|0.817553138618|0.808799316699|0.812042874802|0.816321513395|0.455967765447|0.458064267926|0.467389366817|0.487794798372|0.478165926097|0.489302334049|0.522060402247|0.516653403499|0.513132001951|0.526658670277|0.264640692385|0.265264226556|0.270606658806|0.288858158808|0.302475921874|0.12725844103|1|1|1|1|1|1|1|1|1|1|1|1|1|1|1|1|1|1|1|1|1|1|0.782181412666|0.776162134075|0.768253344821|0.762965800617|0.812573911188|0.81228940664|0.804682999187|0.783895167017|0.793104905036|0.800187591603|0.842567223584|0.837262785881|0.828415199872|0.888002693072|0.882894799324|0.880662708895|0.889581731853|0.884135313018|0.873573756762|0.842515336039|0.498873936145|0.528096279142|0.532617030795|0.514547764788|0.501141033152|0.49676966907|0.528142126126|0.52860555042|0.530043651581|0.541128931828|0.52646188314|0.52203438437|0.516736491147|0.54446960991|0.536708752551|0.276137686356|0.273683769656|0.300701256336|0.28994149743|0.292796671739|0.285384943049|0.0903315880243|1|1|1|1|1|1|1|1|1|1|1|1|1|1|1|1|1|1|1|1|1|1|1|1|1|1|1|1|1|1|1|1|1|1|1|1|1|1|1|1|1|1|1|1|1|1|1|1|1|1|1|1|1|1|1|1|1|1|1|1|1|1|1|1|0.588369941691|0.628348144698|0.632611699481|0.633925446889|0.818211899753|0.814672434371|0.808666580264|0.786977007194|0.782332415556|0.909226904742|0.798592146867|0.79238486891|0.785681100741|0.891964705209|0.884371204006|0.879093659748|0.912662724146|0.905632834061|0.897527734028|0.853571296862|0.828854503579|0.906380399851|0.898403808938|0.870163581252|0.861000984508|0.855345348318|0.888987593917|0.882550073623|0.874794734337|0.880637156133|0.861922096579|0.855916301236|0.849381245935|0.87761135225|0.829384617843|0.584903391184|0.581749455032|0.576216925301|0.553181308115|0.545875000159|0.543307376378|0.555088897753|0.548978827092|0.541352224436|0.561663611919|0.528788410311|0.522648009804|0.51559404145|0.537035696175|0.534493845983|0.513579013273|0.510777757145|0.562462853801|0.520898894023|0.521090832516|0.504045413907|0.263876158655|0.280910804254|0.276092793662|0.237421536591|0.199332007799|0.182227984307|0.172404763502|0.0330083378567
high_ra,10,5,delay_frontier,default,optimal,0|5|10|15|35|75|125|175|225,adjoint_lbfgsb,adjoint_lbfgsb,2,structured_constant,,7.647068401755222,7.669461329317528,0.022392927562306042,True,True,False,False,value_and_gradient,7.669461329317528,433,433,331,49.074092388153076,CONVERGENCE: REL_REDUCTION_OF_F_<=_FACTR*EPSMCH,0.643432602562|0.750623522238|0.583924495228|0.887393105392|0.685140183582|0.728556809402|0.496583386284|1|0.806963453382|0.836660741526|0.84108412942|0.602457292247|0.606145059257|0.624990809084|0.399647986944|1|0.970327248264|0.977943723981|0.975710082501|1|0.704609214877|0.692208194179|0.681259109214|0.742457797068|0.740566664912|0.750409098425|0.459861148069|0.46190337768|0.467877226616|0.487625273097|0.277554056835|1|1|1|1|1|1|0.743870161117|0.806126017571|0.807275700791|0.783968005463|0.818805224738|0.832557332046|0.817381378015|0.809115117102|0.812358452895|0.815900949674|0.45549343556|0.457052961621|0.46555780244|0.486495873103|0.477058715845|0.487984316897|0.522044184151|0.516362570926|0.512865196247|0.527213744728|0.266171914041|0.265006067303|0.272713212109|0.289186969192|0.301643150818|0.126593032274|1|1|1|1|1|1|1|1|1|1|1|1|1|1|1|1|1|1|1|1|1|1|0.782411639625|0.776110942047|0.768103410565|0.762782204214|0.813274064785|0.812955266954|0.805486110672|0.785320532488|0.793245770584|0.799923754403|0.842949089986|0.837623036102|0.827733943567|0.88560503128|0.880639357934|0.878466447596|0.885284449342|0.879863762006|0.869857881443|0.840859500292|0.497764755542|0.529470763825|0.532765633198|0.515647150224|0.502351053256|0.497945460164|0.529996575907|0.53033646335|0.53186820457|0.545487273082|0.528270338207|0.523817243787|0.51863439579|0.543783263999|0.536678483281|0.260193731461|0.271738773034|0.295326293196|0.285175791515|0.294452248206|0.287966688021|0.0698074952639|1|1|1|1|1|1|1|1|1|1|1|1|1|1|1|1|1|1|1|1|1|1|1|1|1|1|1|1|1|1|1|1|1|1|1|1|1|1|1|1|1|1|1|1|1|1|1|1|1|1|1|1|1|1|1|1|1|1|1|1|1|1|1|1|0.577144137908|0.621932578998|0.626959319974|0.628549989631|0.824512278622|0.821373488442|0.815963055554|0.794956631642|0.790264080577|0.917104255803|0.806507312972|0.800438409613|0.793671014749|0.902050376272|0.893851766082|0.888222014463|0.914196610776|0.906497035586|0.896741815613|0.844484628748|0.834674643494|0.917436372109|0.909250712594|0.879033193014|0.869930046219|0.863892122994|0.889899240478|0.882515289198|0.873710961044|0.853970594559|0.858551233339|0.851424694982|0.843490216638|0.861341386108|0.799880217695|0.59304302314|0.586557287532|0.581358913611|0.559557998871|0.552493956765|0.549958672016|0.561135142945|0.554697992454|0.54694889698|0.563338074708|0.533846260005|0.527136881506|0.52005513256|0.536319098792|0.521670088784|0.518464809698|0.512279861087|0.565728679187|0.51904231912|0.509969227086|0.489856933246|0.276656833858|0.284985909558|0.292437168847|0.2507920802|0.212393366581|0.19497041615|0.183349277003|0.0560357489615
high_ra,10,5,delay_frontier,default,optimal,0|5|10|15|35|75|125|175|225,adjoint_lbfgsb,adjoint_lbfgsb,3,sobol,,7.621017652532789,7.669461443867282,0.048443791334492836,False,True,False,False,value_and_gradient,7.669461443867282,1595,1595,861,175.33370685577393,ABNORMAL_TERMINATION_IN_LNSRCH,0.643402744742|0.750646711897|0.58398511599|0.887364581047|0.685212653253|0.72862416237|0.496480899693|1|0.807075942322|0.836708359643|0.841068872864|0.60236349771|0.606124206082|0.625016446615|0.399830227065|1|0.970305562262|0.977995886215|0.975728347461|1|0.704911759775|0.692194760538|0.681383641933|0.742513401278|0.740411800639|0.750294414836|0.459942942683|0.461326888311|0.467840435164|0.487580514449|0.27809817296|1|1|1|1|1|1|0.744432814982|0.806324334458|0.807287031402|0.783876293809|0.818712753086|0.832793160926|0.817470604496|0.809135606206|0.81220063994|0.815664094925|0.455380694741|0.457427961708|0.466176657749|0.487449611975|0.478166482805|0.489379949847|0.521976418681|0.516492479512|0.512906522462|0.527226529764|0.264678016507|0.265412094994|0.27265132512|0.289099626734|0.299950874375|0.126257905878|1|1|1|1|1|1|1|1|1|1|1|1|1|1|1|1|1|1|1|1|1|1|0.783317279702|0.77655078076|0.76817000995|0.762695905755|0.813469222355|0.813033345366|0.805344150342|0.78521649059|0.791405314312|0.799328351948|0.843240147303|0.838146315128|0.829340345564|0.888038933928|0.882762969699|0.880450195331|0.887483221409|0.882133979926|0.871747579468|0.841588023273|0.498195567028|0.525145609371|0.532644668305|0.513030526426|0.497783577587|0.495498106423|0.527734812726|0.528095826059|0.530941255092|0.541530279779|0.526689976705|0.522946766188|0.51691130062|0.545111551861|0.53547182624|0.271468531039|0.276454721483|0.301053759827|0.290624192291|0.290373149279|0.285553311461|0.0828606144864|1|1|1|1|1|1|1|1|1|1|1|1|1|1|1|1|1|1|1|1|1|1|1|1|1|1|1|1|1|1|1|1|1|1|1|1|1|1|1|1|1|1|1|1|1|1|1|1|1|1|1|1|1|1|1|1|1|1|1|1|1|1|1|1|0.4695416063|0.506652725841|0.590421782674|0.567290085722|0.828441567086|0.828931831166|0.822603370547|0.800687402838|0.790767222508|0.907436459162|0.815340291338|0.800891546755|0.795022122885|0.881067206525|0.886490376286|0.881304859221|0.906714412726|0.901091893302|0.893634941506|0.844461618947|0.829961579648|0.905226058398|0.899662363427|0.871374809637|0.863652444833|0.8590284628|0.885571851347|0.87825824432|0.865945849484|0.864341905929|0.855271987755|0.848437850077|0.841277489113|0.867467617345|0.806916219491|0.552128523752|0.577518614475|0.566322078728|0.555016482013|0.551563541896|0.547966167859|0.579211191438|0.569779444815|0.560072978561|0.585091765317|0.55775511466|0.544451516164|0.542613515596|0.566048099584|0.553999266563|0.538457499341|0.532305737392|0.586907082868|0.546691909888|0.540441132136|0.522612527785|0.240154921611|0.27458309765|0.268200232397|0.239318966171|0.225509504445|0.219043133121|0.215485207359|0.0433946333696
high_ra,10,5,delay_frontier,default,optimal,0|5|10|15|35|75|125|175|225,adjoint_lbfgsb,adjoint_lbfgsb,4,structured_constant,,7.637871994581913,7.669461428441296,0.03158943385938251,True,True,False,False,value_and_gradient,7.669461428441296,941,941,571,104.13448333740234,CONVERGENCE: REL_REDUCTION_OF_F_<=_FACTR*EPSMCH,0.643362883057|0.750643994554|0.583992325687|0.887355935877|0.685173465829|0.728605122876|0.496499345006|1|0.807109911001|0.836645319803|0.841035355411|0.602452058451|0.606183106455|0.625144207117|0.399657526413|1|0.970313415513|0.977989626859|0.975711965552|1|0.704863289055|0.692300619826|0.681306066644|0.742558761223|0.740335495821|0.750297952481|0.459972646127|0.461514683054|0.467907202738|0.48743783789|0.277671978765|1|1|1|1|1|1|0.744428736344|0.806223417756|0.807283565382|0.783932460911|0.818669657696|0.832881286762|0.81754119632|0.80887533102|0.811980579279|0.815683014364|0.455254111121|0.45726095956|0.466692381245|0.488071090498|0.478347643677|0.489300879778|0.522371058816|0.516576064382|0.513141378979|0.5270266533|0.265937477304|0.265270546577|0.272990145355|0.288632513985|0.300251699177|0.126975352301|1|1|1|1|1|1|1|1|1|1|1|1|1|1|1|1|1|1|1|1|1|1|0.782344608589|0.776156228634|0.768290592346|0.763018805594|0.812734029835|0.812428485643|0.804795638243|0.783868917345|0.792438536865|0.801109755732|0.84266822699|0.83758275215|0.828687373522|0.887070634892|0.882038611851|0.8799408356|0.888871403663|0.882898761757|0.872834570565|0.843732892264|0.497623456443|0.525358660091|0.53340597454|0.51509938768|0.50174728033|0.497297117373|0.527386378788|0.528003245916|0.529487021282|0.543032084998|0.526002250953|0.521626041795|0.516706670963|0.54655993473|0.535128614192|0.268953907418|0.279621977575|0.303593218244|0.291769481724|0.289964284951|0.282215888724|0.0841548809901|1|1|1|1|1|1|1|1|1|1|1|1|1|1|1|1|1|1|1|1|1|1|1|1|1|1|1|1|1|1|1|1|1|1|1|1|1|1|1|1|1|1|1|1|1|1|1|1|1|1|1|1|1|1|1|1|1|1|1|1|1|1|1|1|0.569849024744|0.61787851301|0.623157313773|0.624822999517|0.822173295671|0.818979156886|0.81357942974|0.793502559308|0.789121512924|0.907291826726|0.804448027905|0.798694069246|0.792682374528|0.894002844154|0.886793212462|0.881698018512|0.908941973021|0.902429842155|0.894339550101|0.850658380763|0.832705337561|0.907446874758|0.900336585325|0.873488771609|0.865179183622|0.859737258121|0.887194565391|0.881044053977|0.873557495685|0.86455049173|0.860777612483|0.85496731396|0.84857259726|0.868625569399|0.817072430275|0.587747008003|0.584065414699|0.579257947073|0.559275010587|0.552923194843|0.54988683403|0.570026206758|0.564497005472|0.557712105829|0.582513781566|0.546538843116|0.541187565254|0.535013518375|0.559730304486|0.564690233232|0.532468958774|0.529696796505|0.585219927716|0.545311366789|0.548513006471|0.533456463205|0.267852354547|0.287565033076|0.284242607812|0.250961089818|0.222295060321|0.208263847228|0.20016409333|0.0623652161513
high_ra,10,5,delay_frontier,default,optimal,0|5|10|15|35|75|125|175|225,adjoint_lbfgsb,adjoint_lbfgsb,5,structured_constant,,7.637690012682772,7.669461417950345,0.031771405267572383,True,True,False,False,value_and_gradient,7.669461417950345,762,762,527,85.21841263771057,CONVERGENCE: REL_REDUCTION_OF_F_<=_FACTR*EPSMCH,0.643399845784|0.750679697461|0.584010071296|0.887339640893|0.685206259543|0.728576903058|0.496498282274|1|0.807118694011|0.836700523177|0.841021539935|0.602548623397|0.606125098257|0.62493624138|0.399790838965|1|0.970314427871|0.977991368595|0.975782269084|1|0.704910022639|0.692170703204|0.681396720682|0.742503924368|0.740516662994|0.750405143206|0.460019598298|0.461713373866|0.468167069645|0.48760173289|0.277851440604|1|1|1|1|1|1|0.744433690975|0.806320562742|0.807408259927|0.783717867764|0.818730299293|0.83279231227|0.817520184036|0.808753877906|0.812225738041|0.815743886471|0.45523680267|0.457966779482|0.466671387801|0.48772366611|0.478235452571|0.48920735299|0.522972192971|0.516681105244|0.513454514112|0.527628623299|0.26372493543|0.265264737674|0.272128544575|0.289489330161|0.299474159244|0.124845836952|1|1|1|1|1|1|1|1|1|1|1|1|1|1|1|1|1|1|1|1|1|1|0.781908195051|0.775057209489|0.767064443236|0.761878349321|0.814040454101|0.813725946268|0.806246493512|0.783413420017|0.796580910645|0.799750758707|0.843918474681|0.838114025361|0.826630689797|0.886735058016|0.881658401219|0.879331739625|0.887995711128|0.882459936876|0.872006673303|0.841393881632|0.496072066595|0.526793061119|0.531975687782|0.513322880047|0.499815601741|0.495394806329|0.528518158825|0.529061297348|0.53054061029|0.544617865331|0.527132086424|0.52280179842|0.517804566577|0.545662502657|0.535192567132|0.280653130744|0.272361452947|0.308745945481|0.295166854257|0.291298619423|0.283095062716|0.0882133839617|1|1|1|1|1|1|1|1|1|1|1|1|1|1|1|1|1|1|1|1|1|1|1|1|1|1|1|1|1|1|1|1|1|1|1|1|1|1|1|1|1|1|1|1|1|1|1|1|1|1|1|1|1|1|1|1|1|1|1|1|1|1|1|1|0.538712902154|0.596075474442|0.602929595182|0.605166043136|0.825729546325|0.823118229915|0.81860450388|0.799571254289|0.798045879495|0.91855494742|0.810304645958|0.804694013918|0.798626525055|0.903871420206|0.895919977941|0.890412393254|0.913392861297|0.905823672451|0.896197323775|0.844509862774|0.83661471601|0.918460215159|0.910989031522|0.881768714004|0.873274870211|0.867397297438|0.88986493118|0.882630964316|0.87401132134|0.853024235366|0.859108417519|0.852109503957|0.844272244063|0.861161758743|0.798985511027|0.585840476318|0.582098822376|0.578136439132|0.5609434428|0.555251475636|0.552045961235|0.573951026022|0.568327425015|0.561474341519|0.581771954206|0.549985408548|0.544312697637|0.537998250214|0.557492828812|0.550352279311|0.535831246652|0.530790877715|0.585215409063|0.542055585961|0.534998838544|0.516790931112|0.278828291186|0.295983929078|0.299296313239|0.267572103573|0.24132082048|0.228047371041|0.219647508837|0.0828929317692
high_ra,10,5,delay_frontier,default,optimal,0|5|10|15|35|75|125|175|225,adjoint_lbfgsb,adjoint_lbfgsb,6,sobol,,7.620497418285333,7.669461279378537,0.048963861093204386,True,True,False,False,value_and_gradient,7.669461279378537,617,617,412,68.8773353099823,CONVERGENCE: REL_REDUCTION_OF_F_<=_FACTR*EPSMCH,0.643352165443|0.750563473462|0.584007887815|0.88735630933|0.685207265705|0.728636379649|0.496576584032|1|0.80712263897|0.836696460961|0.84113711574|0.602476945201|0.606109854706|0.625033265069|0.399932405175|1|0.970301542869|0.977958439716|0.97575011209|1|0.704811681351|0.692277826831|0.681409369997|0.74240807265|0.740380785617|0.75036827517|0.460060750233|0.461658956223|0.467794724052|0.488027354274|0.277577429439|1|1|1|1|1|1|0.743934247731|0.805863931373|0.807573087886|0.784057292264|0.818850869537|0.83275381285|0.817297849782|0.809239243993|0.812444902662|0.815726036091|0.455353988198|0.457352954401|0.467726610144|0.487818875841|0.478174886057|0.489222794173|0.521228318179|0.515509872891|0.513330743889|0.528607146364|0.264398570892|0.264692492119|0.271344488762|0.288799974677|0.300307810316|0.128080794159|1|1|1|1|1|1|1|1|1|1|1|1|1|1|1|1|1|1|1|1|1|1|0.782474471029|0.775784683339|0.767117841563|0.761588232979|0.81439716093|0.814604910617|0.807310719194|0.784540854595|0.791640382724|0.800443203807|0.84485532126|0.839707565764|0.829022166857|0.887061303329|0.881260345909|0.87948009204|0.887466803306|0.885108685383|0.874020696579|0.841851488153|0.497939174066|0.527486436601|0.532334729503|0.515209822094|0.502179193615|0.497376272964|0.529209940512|0.528878514431|0.530516716009|0.550286562445|0.526697863659|0.522196748099|0.516202041161|0.542819486472|0.53407857652|0.277633477733|0.276118652219|0.30429234074|0.293198883546|0.290859464533|0.285200232312|0.0867229464109|1|1|1|1|1|1|1|1|1|1|1|1|1|1|1|1|1|1|1|1|1|1|1|1|1|1|1|1|1|1|1|1|1|1|1|1|1|1|1|1|1|1|1|1|1|1|1|1|1|1|1|1|1|1|1|1|1|1|1|1|1|1|1|1|0.585316182583|0.628115929839|0.634791927833|0.621122378037|0.823350444663|0.811062196902|0.794777990054|0.794193513733|0.804669507779|0.909593992026|0.779945908252|0.800518190407|0.793121998224|0.893615723886|0.88836458289|0.883127936194|0.907178780635|0.899337282069|0.885373616723|0.843191039539|0.832135195893|0.91017202449|0.899617038496|0.875872501224|0.864251247099|0.859423520232|0.88093872942|0.876482944749|0.866377051524|0.824098138242|0.850686509017|0.843093572414|0.835250215317|0.84261131045|0.781038784756|0.435412050818|0.589249131227|0.528363792834|0.566437586351|0.520844181796|0.529952802157|0.57196290216|0.565366964175|0.558790250065|0.582902391218|0.547466374901|0.530799981504|0.521214842554|0.555804175534|0.554097150056|0.538599855272|0.522102833541|0.582105241762|0.545785860758|0.541384380728|0.521854249984|0.20662201012|0.298120929855|0.281067277898|0.264472225052|0.237858514588|0.228789123517|0.223742731747|0.0581132444472
high_ra,10,5,delay_frontier,default,optimal,0|5|10|15|35|75|125|175|225,adjoint_lbfgsb,adjoint_lbfgsb,7,sobol,,7.619661670140736,7.6694613730326235,0.049799702891887954,False,True,False,False,value_and_gradient,7.6694613730326235,761,761,504,84.57897806167603,ABNORMAL_TERMINATION_IN_LNSRCH,0.643456268753|0.750631448482|0.583861024148|0.887329540596|0.685195253573|0.7285541946|0.496476183813|1|0.807126927188|0.836655085152|0.841094450974|0.602371426986|0.606142141296|0.625006390801|0.399836147329|1|0.970324339977|0.977936064633|0.97568159403|1|0.704665412371|0.691947899633|0.681326947481|0.742534051298|0.740471650659|0.750312829845|0.460138910137|0.461900108588|0.4682769293|0.487426855335|0.27834641859|1|1|1|1|1|1|0.744329138733|0.805673562641|0.806661715436|0.783029178475|0.818400592774|0.832887693614|0.817495717698|0.809055265551|0.81218142665|0.81586470595|0.455266387837|0.456335348331|0.466198495851|0.487913031232|0.478391159866|0.489116160807|0.522224137603|0.516711408456|0.51318838159|0.528182457524|0.267450521333|0.265469214295|0.273662935878|0.29124225815|0.300915987793|0.12671016721|1|1|1|1|1|1|1|1|1|1|1|1|1|1|1|1|1|1|1|1|1|1|0.783812452313|0.777085585352|0.770334387209|0.764675193078|0.812437634455|0.811268085652|0.804411274248|0.784479339827|0.789071780695|0.79965689216|0.841292332104|0.836507069356|0.828645523213|0.887418706453|0.882210929446|0.87977693653|0.887817576208|0.882531572498|0.872174282553|0.842154094584|0.498850984226|0.527783116622|0.535076702925|0.515415129512|0.502004182956|0.497322211214|0.528626009382|0.529274561427|0.530574290483|0.545502433794|0.527310067921|0.523245180932|0.515266100844|0.541983832299|0.535505010967|0.273239788724|0.27514168749|0.301501206676|0.291570929827|0.293089258869|0.285679878085|0.0913903807525|1|1|1|1|1|1|1|1|1|1|1|1|1|1|1|1|1|1|1|1|1|1|1|1|1|1|1|1|1|1|1|1|1|1|1|1|1|1|1|1|1|1|1|1|1|1|1|1|1|1|1|1|1|1|1|1|1|1|1|1|1|1|1|1|0.485605495698|0.566413365282|0.605538230375|0.601675226877|0.824442784454|0.787194052673|0.8173879319|0.8018793123|0.812853472897|0.909299959746|0.807931644626|0.800110975114|0.795618558821|0.909005800902|0.90221677029|0.890294657017|0.90817849984|0.898683833515|0.891005124477|0.836462090517|0.831233262773|0.919771806836|0.921527147448|0.873011344132|0.864785674341|0.867929176322|0.89332330917|0.876404532129|0.87129570167|0.849822577868|0.856171511491|0.844820047094|0.83875494918|0.856654053323|0.800097183459|0.474320176074|0.580816766376|0.575026859053|0.559533990913|0.549124154359|0.499563577369|0.555597660232|0.570453227152|0.562689515411|0.585186679115|0.551387793056|0.548357313645|0.531965217864|0.567301021749|0.555587526615|0.539432049579|0.537843237094|0.58052995239|0.55333661144|0.537376455394|0.521747014282|0.242639542805|0.283197488618|0.288220329307|0.243973689338|0.224550111155|0.220550669852|0.219388312006|0.054148695449
low_eis,15,3,delay_frontier,default,optimal,0|5|10|15|35|75|125|175|225,adjoint_lbfgsb,adjoint_lbfgsb,0,structured_ramp,,4.139671941824698,4.1468056126546635,0.007133670829965411,True,True,False,False,value_and_gradient,4.1468056126546635,998,998,727,111.40161800384521,CONVERGENCE: REL_REDUCTION_OF_F_<=_FACTR*EPSMCH,0.310400932251|0.405047287448|0.273767133658|0.517897661479|0.360938944022|0.37360621465|0.229214164637|0.651651745542|0.478047455185|0.485025960592|0.489992762899|0.32237628508|0.325828782577|0.329015686469|0.186845498533|0.827940857521|0.634393632109|0.625740768552|0.641101051172|0.643743051582|0.426078744388|0.420161294434|0.419720133484|0.440535045608|0.438317841789|0.440129450955|0.249195650012|0.257048350976|0.259383858783|0.256228155567|0.131238873883|0.891867630706|0.707417531264|0.69906134625|0.682960886046|0.695059687853|0.694724132989|0.474508672083|0.472063589105|0.466807064152|0.456574346749|0.467805879718|0.475966985746|0.469329597601|0.46746585812|0.466411432439|0.471171632428|0.264484405744|0.264319135662|0.27541430778|0.275868321519|0.27208174555|0.275090089368|0.277442051564|0.275632290457|0.274526989747|0.273757552907|0.139957186525|0.139149111391|0.13851481419|0.133343809058|0.142926237941|0.0537757058964|1|1|1|1|1|1|1|0.910765366939|0.871163544696|0.850566027223|0.850677072629|0.846583066376|0.874474282081|0.843344031843|0.849068773677|0.867504237366|0.846751029687|0.822588302144|0.816190550889|0.79570419511|0.796356497518|0.816401408278|0.568502277053|0.539983727031|0.534779841979|0.529567293742|0.543178084921|0.539215896853|0.534694630455|0.517096610991|0.531591364919|0.537091729536|0.546254710606|0.539804156288|0.534955458748|0.552837199982|0.548396004106|0.544566797929|0.517187600051|0.514063184809|0.508150914428|0.515128352229|0.299030743428|0.31524049177|0.328595415333|0.314940659637|0.309413288562|0.305253785723|0.302523076567|0.302262411624|0.31016144505|0.293825727533|0.311085314851|0.309064078387|0.305959334663|0.28998642999|0.301619142465|0.145819075275|0.144116489279|0.142179979797|0.134243483127|0.138326977729|0.136356251602|0.0385905191557|1|1|1|1|1|1|1|1|1|1|1|1|1|1|1|1|1|1|1|1|1|1|1|1|1|1|1|1|1|1|1|1|1|1|0.99008578921|0.985041074597|0.980940241816|0.975415107522|0.978471004904|0.967193020162|0.958866358471|0.927971667475|0.920224679835|0.913966951514|1|0.962831144475|0.958037049897|0.950783872851|0.955391840051|0.945568385095|0.9376710016|0.906952800419|0.900204848454|0.918045632642|0.930687400971|0.919588926103|0.913781851073|0.923805942213|0.915196794823|0.906864045896|0.860560893342|0.855546068051|0.846870882711|0.841061317517|0.661626735385|0.61844961068|0.614248228385|0.607970558042|0.627073255204|0.618655002597|0.611999469507|0.586135985867|0.621187066839|0.626860970733|0.60605580973|0.596782210044|0.592066564522|0.621062128139|0.613884809887|0.606934419763|0.568697645426|0.564652852755|0.557573256497|0.565322801168|0.590709702151|0.583007939757|0.633097458386|0.606209819066|0.598929035075|0.592053782328|0.555848774597|0.551848728346|0.584901338595|0.552029992397|0.581634822154|0.577665971992|0.57062107898|0.537600845965|0.54291504127|0.343988717592|0.370580740393|0.36783039261|0.347610230322|0.342200806692|0.337067755946|0.338335242144|0.340668926043|0.335102078269|0.312303555588|0.332792343925|0.330075849851|0.325135861083|0.302847452294|0.310771715894|0.325566861938|0.322879666259|0.318165302503|0.296692661457|0.303733062778|0.297980499566|0.129785707595|0.127888000355|0.124535982159|0.110310025667|0.10965369587|0.106514903589|0.104519820465|0.0122784468597
low_eis,15,3,delay_frontier,default,optimal,0|5|10|15|35|75|125|175|225,adjoint_lbfgsb,adjoint_lbfgsb,1,structured_sigmoid,,4.135631597134543,4.1468056139023455,0.011174016767802719,True,True,False,False,value_and_gradient,4.1468056139023455,1313,1313,944,145.52371764183044,CONVERGENCE: REL_REDUCTION_OF_F_<=_FACTR*EPSMCH,0.310401230745|0.405026878655|0.273770473165|0.517895039933|0.360956310205|0.373594457297|0.229220867436|0.651647198005|0.478036101132|0.485035872296|0.489987173244|0.322339988989|0.32582541274|0.329026519879|0.186864020777|0.827939943137|0.634394951405|0.625745067776|0.641101316051|0.643745448146|0.426081185606|0.420170362479|0.419737895945|0.440537744976|0.438373883649|0.440130150914|0.249134268636|0.25707823275|0.259389136112|0.25620566467|0.131176278757|0.891754021357|0.707408995225|0.699137637842|0.682974710772|0.695049302498|0.694735463438|0.474441433789|0.472083488535|0.466801649148|0.456573918571|0.467849685202|0.475973977607|0.469370319078|0.467297093747|0.466448938481|0.471114151259|0.264561566778|0.264347000186|0.275440467215|0.275868319795|0.272061501424|0.275087292298|0.277264242918|0.275710948345|0.274549779101|0.273753371366|0.140012087963|0.139261095671|0.138689054934|0.133230545893|0.142745067383|0.0539556075295|1|1|1|1|1|1|1|0.91047247756|0.871132406217|0.850625502787|0.850732981296|0.84664762787|0.87443700086|0.84341271181|0.849131983963|0.867564526631|0.846642266781|0.822580140802|0.816175652943|0.795635351475|0.796339345514|0.816063987879|0.568551740185|0.540081100366|0.534883331949|0.529668219531|0.54314168975|0.539170937606|0.534636897941|0.517024030533|0.531862873078|0.536619291609|0.546197554723|0.539731150258|0.53487333829|0.552770867269|0.548313774131|0.544469978074|0.517048784758|0.513940260246|0.508025530096|0.515158415817|0.299314956316|0.315409670296|0.3286675986|0.314921350252|0.30938526045|0.305198294127|0.301774471435|0.302340710218|0.30993465909|0.293701473026|0.310973657413|0.308973319477|0.305867161865|0.289828077729|0.301178861703|0.144245547261|0.142789619374|0.141149536932|0.133855313413|0.138223557862|0.136281979527|0.0391618171526|1|1|1|1|1|1|1|1|1|1|1|1|1|1|1|1|1|1|1|1|1|1|1|1|1|1|1|1|1|1|1|1|1|1|0.990067056931|0.985434064602|0.981316213204|0.97569591763|0.976732773275|0.965257316326|0.957111716451|0.925760280002|0.917947357976|0.91168846026|1|0.963133293456|0.958247078162|0.950895707066|0.953963906612|0.943997388325|0.936032813893|0.904960979872|0.898131796433|0.919598214454|0.928926197635|0.917733634016|0.911951483613|0.92121457908|0.912673123965|0.90447153912|0.85878630907|0.85395398035|0.845462865955|0.841276214616|0.663445459566|0.620915378773|0.616795092316|0.610617307071|0.629503541664|0.621141614501|0.614516767021|0.588716117023|0.619523826404|0.628601860375|0.60862980938|0.599366605148|0.594640417754|0.622706617793|0.615466065911|0.608472180613|0.569789759458|0.565660282766|0.55847315056|0.564794583321|0.5933381912|0.585404449816|0.633958852285|0.607750471182|0.600473395947|0.593541550686|0.556815353405|0.551556916443|0.584710064378|0.551473460443|0.581530914886|0.577521185298|0.570341920605|0.536707994239|0.540921969995|0.348304236093|0.374331141456|0.371888785472|0.351858645747|0.346394245826|0.341260733177|0.344355746045|0.34364905956|0.33885893237|0.315641976567|0.336466208023|0.333624722836|0.328631536806|0.305893543211|0.312850224771|0.328975406362|0.326203801977|0.321392267067|0.299416468862|0.305734935017|0.299806111808|0.132003193989|0.130067851418|0.126624815702|0.111892070723|0.110866418913|0.107584639114|0.105640516017|0.0137636924408
low_eis,15,3,delay_frontier,default,optimal,0|5|10|15|35|75|125|175|225,adjoint_lbfgsb,adjoint_lbfgsb,2,structured_constant,,4.139338173999193,4.146805613800427,0.007467439801233766,True,True,False,False,value_and_gradient,4.146805613800427,1158,1158,804,128.211421251297,CONVERGENCE: REL_REDUCTION_OF_F_<=_FACTR*EPSMCH,0.310399553006|0.405029144309|0.273769893697|0.517905775487|0.36095738757|0.373584477371|0.229240512336|0.651646281544|0.478034306152|0.485036070286|0.489988928169|0.322338646325|0.325830106364|0.329056513552|0.186844319747|0.827942981843|0.634392396316|0.625743397293|0.641100579285|0.643744417355|0.426072068206|0.42015185701|0.419729796431|0.440546296143|0.4383663983|0.440185120901|0.249145003697|0.25707911073|0.259394850514|0.256201608505|0.13116579861|0.891769369579|0.707392749007|0.69911267733|0.682984410377|0.695057051304|0.694749094354|0.47441956192|0.472080194499|0.466790980321|0.456565347171|0.467820910596|0.476024104379|0.469404703907|0.467323124851|0.466440129205|0.471280995841|0.264519521647|0.264236128322|0.275431815517|0.275906309784|0.27211963443|0.275127308751|0.277366456866|0.275685027889|0.274607459737|0.273830820212|0.140032497826|0.139299322279|0.138725008619|0.133236145192|0.142745808438|0.0539146287221|1|1|1|1|1|1|1|0.910585898206|0.871251111144|0.850761127773|0.850842557928|0.846699422122|0.874457614654|0.843453399771|0.849171597708|0.867641992893|0.846663659688|0.822500006429|0.816100236476|0.795596529302|0.79633870927|0.816256626587|0.568486321137|0.539979001883|0.534776876926|0.529573763052|0.543291911287|0.53930331242|0.534768216427|0.517151168406|0.531890551288|0.537193484161|0.54636594833|0.539877101242|0.534941304905|0.552788667983|0.548331268377|0.54447815734|0.517053904685|0.514010996664|0.50812616668|0.51520907442|0.29885185597|0.315315475678|0.328631781205|0.315010364046|0.309481116252|0.305312268908|0.302666636798|0.302206365967|0.309842357362|0.293610286556|0.310852000314|0.308825733483|0.305718968929|0.289782618119|0.301631210801|0.144905194434|0.143178166738|0.141226789699|0.133476771114|0.138226108203|0.136321646325|0.0381147669969|1|1|1|1|1|1|1|1|1|1|1|1|1|1|1|1|1|1|1|1|1|1|1|1|1|1|1|1|1|1|1|1|1|1|0.989019100117|0.984898160878|0.980782927812|0.975176142045|0.97682640949|0.965515483592|0.957422924295|0.926556263788|0.91892751277|0.912683496059|1|0.962606469651|0.957738919921|0.950421457414|0.954267178299|0.944484392946|0.936664342544|0.906178504595|0.899622990533|0.915971305041|0.929761971809|0.918813099768|0.913145517363|0.922360436993|0.913971988885|0.905794435974|0.860612552735|0.855786162294|0.847320323058|0.840775810137|0.669680287464|0.626207027888|0.621973752131|0.615595679745|0.632540237966|0.623811072344|0.616871931563|0.58997173549|0.619558777004|0.628782504624|0.610754370936|0.601085986354|0.596114236691|0.622718854861|0.615293465017|0.608119121852|0.56874569822|0.564582775226|0.557312373868|0.564733977982|0.594978963533|0.5857379888|0.634360560602|0.607470346964|0.600116231759|0.593000039019|0.555488184629|0.550385771461|0.584216068607|0.551255910443|0.580967224001|0.576956607335|0.56986881917|0.536906806354|0.545578706048|0.347917603813|0.376097431314|0.37291271358|0.352823003781|0.34728459144|0.342104107235|0.341030597381|0.343663245374|0.338480748737|0.314214716978|0.336069095243|0.333102305105|0.327857420483|0.303858142816|0.308913367768|0.328458666329|0.32554962116|0.320443252091|0.297190486332|0.301868563029|0.295574011001|0.131763987903|0.129960635006|0.126770773084|0.112764742985|0.111593590616|0.108182057857|0.106035910811|0.0144645537913
low_eis,15,3,delay_frontier,default,optimal,0|5|10|15|35|75|125|175|225,adjoint_lbfgsb,adjoint_lbfgsb,3,sobol,,4.132527319073194,4.1468056124216295,0.014278293348435334,False,True,False,False,value_and_gradient,4.1468056124217165,790,790,608,88.58048963546753,ABNORMAL_TERMINATION_IN_LNSRCH,0.31040206911|0.40503475101|0.27377680091|0.517897160196|0.360953174409|0.37359101697|0.229237248537|0.6516448678|0.478037924547|0.485032366978|0.489996473589|0.322328959972|0.325819005071|0.329041471906|0.186840956892|0.827943361516|0.634392727452|0.625743140238|0.641099830447|0.643743950124|0.426074908113|0.420149966031|0.419737129621|0.440523743724|0.438366568196|0.4401762976|0.249143811664|0.257069916135|0.259388395813|0.256229423348|0.131177620396|0.891857459463|0.707431025343|0.699096556491|0.682962582079|0.695046641158|0.694739710691|0.474510815463|0.472018142048|0.466728855181|0.456534478892|0.467828659867|0.475986827882|0.469388180606|0.467268211473|0.466477725586|0.471239054971|0.264418964697|0.264240810824|0.275454343216|0.275889021056|0.272103589967|0.275098372558|0.277487008165|0.275659935635|0.274536474499|0.273825337126|0.140050777228|0.139305788328|0.138712007103|0.13320028244|0.14275196285|0.0537839259761|1|1|1|1|1|1|1|0.91060880127|0.871112338563|0.850631248889|0.850718779936|0.846624331761|0.874427052174|0.843404142708|0.849136543368|0.867543031103|0.846705959059|0.82261599455|0.816206855869|0.795607297667|0.796261189306|0.816129656401|0.568348767111|0.539814519785|0.534188866206|0.529892455927|0.543181279724|0.539264971248|0.534700015345|0.517005274041|0.531686682674|0.538257830026|0.546385654481|0.539454855962|0.534870138376|0.552723883865|0.548376487002|0.544617642467|0.516404532499|0.513880882957|0.508046991732|0.515204699439|0.298664341632|0.314814619783|0.328548624135|0.315779904511|0.30969743952|0.305341326715|0.302027107616|0.302210230681|0.309175774236|0.293420297525|0.310621256601|0.309025618815|0.305515584233|0.290151724766|0.301369899671|0.145442562713|0.14366214253|0.141591399654|0.133598592893|0.138311468444|0.136884097372|0.0378465204914|1|1|1|1|1|1|1|1|1|1|1|1|1|1|1|1|1|1|1|1|1|1|1|1|1|1|1|1|1|1|1|1|1|1|0.989460260785|0.985754910317|0.982303008592|0.975784866724|0.976008378674|0.965079154897|0.956690248542|0.927198506868|0.919129290305|0.911747612316|1|0.963350291364|0.958583010916|0.950564610839|0.956598940922|0.945167238354|0.937733877886|0.906761585269|0.90113187427|0.913244266947|0.930223523354|0.917897330606|0.913834532994|0.922613689233|0.912951913434|0.907699692215|0.859316851164|0.85483988901|0.846012383417|0.840615110276|0.649036317137|0.623137936827|0.619143381307|0.612320229125|0.630825952596|0.622466580056|0.614756414565|0.589926043742|0.620060254919|0.62919079462|0.608057029966|0.600510223565|0.595723158461|0.621725566305|0.614086820869|0.607053721486|0.5682663198|0.564419905481|0.556975744807|0.564785151189|0.594183923187|0.585478438142|0.634398727934|0.607563018166|0.600648804299|0.592025350013|0.555095642239|0.553243137076|0.584284151429|0.5518912906|0.58093987519|0.576955698996|0.570315853275|0.537190878304|0.545504287438|0.345596627535|0.378002196812|0.376350099636|0.354100172775|0.350963291034|0.328451241708|0.34244182316|0.34540980448|0.338956304519|0.314788353825|0.338079932728|0.335518531257|0.329517919338|0.307033329377|0.310626650599|0.330789276011|0.326615329729|0.321185174502|0.298663159997|0.302987170991|0.296426640583|0.143877496586|0.129552802672|0.135931773582|0.11830303489|0.119839302899|0.110363811317|0.107827734502|0.026059388543
low_eis,15,3,delay_frontier,default,optimal,0|5|10|15|35|75|125|175|225,adjoint_lbfgsb,adjoint_lbfgsb,4,structured_ramp,,4.139531687146329,4.1468056132364,0.007273926090070937,True,True,False,False,value_and_gradient,4.1468056132364,931,931,729,103.92697834968567,CONVERGENCE: REL_REDUCTION_OF_F_<=_FACTR*EPSMCH,0.310400610062|0.405029970871|0.273779244915|0.517897445915|0.360963335897|0.373596588859|0.229248878911|0.651643723292|0.478035282733|0.485023377223|0.489992598309|0.322349793032|0.32581088436|0.329044149139|0.186846858044|0.827944604418|0.634394042855|0.625744150587|0.641101390728|0.643743845902|0.426075414798|0.420173223613|0.419730920062|0.440514382424|0.438347960721|0.440177447432|0.249160558575|0.257076843784|0.259379865629|0.256229552841|0.131156377124|0.891716514779|0.707421947608|0.699133457946|0.682982646393|0.69505814398|0.694746218298|0.474440216811|0.472095634354|0.46680233438|0.456556451382|0.467941183815|0.476033846805|0.469419881036|0.467272724641|0.466390085924|0.471282456639|0.26452593668|0.264245479912|0.275432885065|0.27587217284|0.272085474148|0.27509947042|0.277454312353|0.275640054304|0.274550428386|0.273774042013|0.14001143266|0.139265296765|0.138671531298|0.133254014016|0.142858144829|0.0539315820788|1|1|1|1|1|1|1|0.910198276782|0.870976377739|0.850655595306|0.850763852998|0.846662039285|0.874493829462|0.843417147387|0.849121435217|0.867587177178|0.846518076023|0.822439280227|0.816038093117|0.795512142637|0.796189190667|0.816299164418|0.56851539756|0.539874239921|0.534640006607|0.529389626989|0.543127894375|0.539167516777|0.534652587088|0.517104058432|0.531721061459|0.537073430311|0.546208463453|0.539779150762|0.534933994243|0.552722689884|0.548321468608|0.544543751454|0.517094169844|0.513799570278|0.507810092845|0.514563746643|0.29849962101|0.315422059406|0.328960160933|0.315124129996|0.30963291651|0.305508122651|0.301137153214|0.301719967146|0.310219666534|0.293652954566|0.311223711203|0.309158383703|0.306009377049|0.289665659551|0.300991227438|0.14524038351|0.143451092526|0.141395181229|0.133237487608|0.137776630134|0.135923739172|0.0382439699618|1|1|1|1|1|1|1|1|1|1|1|1|1|1|1|1|1|1|1|1|1|1|1|1|1|1|1|1|1|1|1|1|1|1|0.989334830015|0.982658993483|0.97858671178|0.973107323455|0.977806688155|0.965176199156|0.956934147588|0.926400537034|0.918755669708|0.912634579481|1|0.960681977884|0.955919934824|0.948744418677|0.953601141287|0.943919225177|0.936146378393|0.905883510034|0.899210559316|0.91650278896|0.929374302386|0.918477924468|0.912785032205|0.922899921052|0.914463137042|0.906323371072|0.860948325431|0.856079777657|0.847610624662|0.841947506653|0.66444054792|0.621605283024|0.617448479018|0.611218876301|0.629509209688|0.6211276442|0.614485982213|0.588698244888|0.620702094206|0.62870773475|0.608619077524|0.599372239332|0.59466248114|0.623032413749|0.615905501847|0.609036550064|0.571136420457|0.567125670841|0.560160718625|0.568393623853|0.593472071878|0.58578686837|0.635770014595|0.608447176158|0.601228065472|0.594429748633|0.558549013018|0.553350843914|0.587490885255|0.555482314489|0.584433129989|0.580572520331|0.573737429527|0.541546054953|0.549594617674|0.350234447738|0.376152292503|0.373180194967|0.353043545942|0.347536375415|0.342433575529|0.343001988871|0.344632016874|0.339331915171|0.316166763723|0.337029054736|0.334214546462|0.329205753791|0.306455059233|0.313691251334|0.329692529483|0.32692697027|0.322106622708|0.300166780117|0.306782274906|0.301000301714|0.135974712758|0.133977607135|0.130469085859|0.115431599636|0.113867471037|0.110481120319|0.108421824293|0.0173451661087
low_eis,15,3,delay_frontier,default,optimal,0|5|10|15|35|75|125|175|225,adjoint_lbfgsb,adjoint_lbfgsb,5,structured_ramp,,4.139282444747154,4.146805613239163,0.007523168492008736,False,True,False,False,value_and_gradient,4.146805613239163,828,828,608,91.89501762390137,ABNORMAL_TERMINATION_IN_LNSRCH,0.310406534703|0.40503582329|0.273780598077|0.517895387031|0.360957476259|0.373595001021|0.229230542334|0.65164589967|0.478036180479|0.485031576256|0.489994599659|0.322355271955|0.3258224034|0.32903887222|0.186847925195|0.827942482934|0.634395440873|0.625743738885|0.641101397679|0.64374438448|0.426077413018|0.420174257641|0.419745221996|0.440537786003|0.438353402912|0.440152948662|0.249153420126|0.257073706774|0.259383844786|0.25621480126|0.131177846862|0.891784093167|0.707436402503|0.699134666766|0.682977217215|0.6950703876|0.694779329039|0.474446760602|0.472072700068|0.466788706874|0.456522719252|0.467815573208|0.475991286378|0.46937866492|0.467307553119|0.466497307332|0.471226075708|0.264561865978|0.264233182021|0.275431118566|0.275896493364|0.272113498341|0.275117279748|0.277454370183|0.275673566954|0.274535781024|0.273743927955|0.140031060163|0.139285986844|0.138695137193|0.133216604897|0.142874402939|0.0538655664521|1|1|1|1|1|1|1|0.910518679296|0.871141038757|0.850532530352|0.850642598921|0.846552237476|0.874601774885|0.84332230069|0.849047413779|0.867468843809|0.846744637067|0.822609606531|0.816202281357|0.795722348254|0.796411009808|0.816107859927|0.568488948553|0.5399901873|0.534785967791|0.529570240666|0.543162736381|0.539191133598|0.534658628439|0.517049571373|0.531958787994|0.536939782487|0.546223526192|0.539763230149|0.534903212736|0.552741891689|0.548314020442|0.544483438907|0.517183716244|0.514052063576|0.508145986885|0.515241017595|0.29878917955|0.315188770731|0.328646512782|0.314917038364|0.3094056762|0.305254535761|0.302117507024|0.302355169522|0.310210974993|0.293941839863|0.311222489314|0.309199517249|0.30609645694|0.290071193956|0.301443333411|0.145189097731|0.143074582682|0.140582759007|0.131927263556|0.137938911455|0.135993125011|0.0381141926132|1|1|1|1|1|1|1|1|1|1|1|1|1|1|1|1|1|1|1|1|1|1|1|1|1|1|1|1|1|1|1|1|1|1|0.990831789629|0.985596918407|0.981247435222|0.975573174665|0.977464296998|0.966825434766|0.958461362193|0.92768870478|0.920020340109|0.913814910619|1|0.962688789368|0.957824380286|0.950521932888|0.955041924258|0.945274657141|0.937434902998|0.906983682986|0.900330666886|0.917571481196|0.930569944678|0.919613135173|0.91388307161|0.924047194095|0.915596655443|0.907418740355|0.862000824462|0.857124846296|0.848599983144|0.842836371621|0.665470877248|0.622407190393|0.618210920048|0.61191173924|0.629218506637|0.620669612887|0.613882835559|0.587573626756|0.619245517189|0.627192897391|0.607842087918|0.598394531961|0.593556908629|0.621300792944|0.614030531734|0.607000576821|0.568387164704|0.564337984566|0.557223653344|0.56536939419|0.592263729336|0.584322343289|0.633814557543|0.606254855416|0.598948577977|0.591988028051|0.55533556211|0.551904892284|0.584500996143|0.552048540474|0.581331304524|0.577413729874|0.570452857328|0.537900748814|0.546735915932|0.353774321545|0.378257121306|0.375365766591|0.354759784721|0.349092636187|0.344045000314|0.337917842307|0.344008030062|0.338765581684|0.314584569437|0.336345137683|0.3333884604|0.328147539763|0.304308247454|0.309592458221|0.328797846286|0.325915645644|0.320809270074|0.297745926326|0.302602516539|0.296478760857|0.140051976259|0.138063747512|0.134540573237|0.119256668324|0.117133641704|0.11330322733|0.111018432219|0.0114365229419
low_eis,15,3,delay_frontier,default,optimal,0|5|10|15|35|75|125|175|225,adjoint_lbfgsb,adjoint_lbfgsb,6,structured_constant,,4.139206927977337,4.146805613141582,0.007598685164244223,True,True,False,False,value_and_gradient,4.146805613141582,1012,1012,745,112.28802156448364,CONVERGENCE: REL_REDUCTION_OF_F_<=_FACTR*EPSMCH,0.310404934476|0.405033976443|0.27377551215|0.517897929778|0.360945094627|0.373600302844|0.229245237447|0.651652727595|0.47803492893|0.4850214717|0.489980191968|0.322334088986|0.325823157928|0.329053543276|0.186843955164|0.827941064112|0.634397071864|0.625745585379|0.641103503386|0.643747899802|0.42604701563|0.420180034596|0.419749929442|0.440544686341|0.438408773875|0.440227775094|0.249138231776|0.257077346275|0.259390646145|0.256226063489|0.131130487867|0.891740394054|0.707460733398|0.699135597943|0.682990457666|0.695102188388|0.694776681951|0.474494403838|0.472126390348|0.466858579532|0.456581059227|0.467840133404|0.475944779889|0.469340141015|0.467286396814|0.46640697547|0.47120422476|0.264520459525|0.264244727555|0.275476303625|0.275888131843|0.272088316905|0.275105453355|0.277217869915|0.275647499278|0.274521212946|0.273738561803|0.140108518014|0.139366213582|0.138760246919|0.13315971755|0.142817949|0.0538022410507|1|1|1|1|1|1|1|0.910734455313|0.871312114433|0.850536649341|0.850643357503|0.846596976146|0.874354005676|0.843408775649|0.849106736906|0.867522779724|0.846469636065|0.822589132609|0.816179494167|0.795375538008|0.795975491802|0.815961426038|0.569506798517|0.540811021139|0.535574555791|0.530460847612|0.543245174263|0.539255871744|0.534700924306|0.517026592124|0.53235462574|0.537561223082|0.546281422411|0.539793229965|0.534920820864|0.552899328222|0.548463986999|0.54463054088|0.517211664153|0.514101953119|0.508192209606|0.51518322073|0.298826312277|0.315423867618|0.328649276352|0.315132448989|0.309642611573|0.305483168692|0.301800355933|0.302525591499|0.309986926791|0.293622380823|0.31098858192|0.308997360811|0.305829532832|0.289717934871|0.301417165905|0.145517216697|0.143710577924|0.14164052244|0.133534786663|0.138234335542|0.136391218844|0.0395136671953|1|1|1|1|1|1|1|1|1|1|1|1|1|1|1|1|1|1|1|1|1|1|1|1|1|1|1|1|1|1|1|1|1|1|0.989373527841|0.985116693089|0.98102225093|0.975381232097|0.976717539806|0.965413758945|0.957315508212|0.926473351135|0.918801359719|0.912607654933|1|0.963002540045|0.958101669438|0.950726535781|0.954157311528|0.944378187233|0.936560324038|0.906098828927|0.899508948424|0.914694877448|0.929666840981|0.918728820256|0.913061116242|0.922273309985|0.913854127652|0.905689277941|0.860439695487|0.8556261745|0.847169400629|0.83992069179|0.667173993694|0.625845102485|0.621761399826|0.615536564708|0.634531134102|0.625852511194|0.618947362372|0.591848928633|0.617786924065|0.630727441351|0.612846375736|0.603142996278|0.59815323578|0.624593581282|0.61708663477|0.609849496283|0.570012675612|0.565797725913|0.558411234788|0.565183514881|0.59706628822|0.5867605808|0.63620701466|0.609253332451|0.601870493374|0.594690993053|0.556546854869|0.551061045997|0.585028881519|0.551709288048|0.581723726176|0.577676669418|0.570503025925|0.537206226573|0.545503242267|0.348071463604|0.376829012215|0.374026571647|0.354892201296|0.349557726441|0.344444063864|0.344518610152|0.346176531278|0.341323007103|0.317098003366|0.338924888399|0.335976517326|0.330755239174|0.306658226567|0.310963388104|0.33135328241|0.328458172734|0.323354559672|0.299947594713|0.303868771051|0.297449904118|0.137884813129|0.136150940086|0.133090169652|0.119356096872|0.117744476008|0.114231200719|0.11210387691|0.0236138981022
low_eis,15,3,delay_frontier,default,optimal,0|5|10|15|35|75|125|175|225,adjoint_lbfgsb,adjoint_lbfgsb,7,structured_ramp,,4.138773585314978,4.146805613631178,0.00803202831620009,False,True,False,False,value_and_gradient,4.146805613631179,846,846,660,95.74928116798401,ABNORMAL_TERMINATION_IN_LNSRCH,0.310400069049|0.405021177914|0.273766064204|0.517896919275|0.360946600292|0.37358969175|0.229227374764|0.6516541639|0.478039681429|0.485027320141|0.489995821236|0.322331845227|0.325817521821|0.329044901873|0.186851768001|0.827942506951|0.634394630028|0.625741171606|0.641104459698|0.643740908269|0.426073304677|0.420184043639|0.419745835423|0.440535814074|0.438367531272|0.440177112675|0.24912870384|0.25706316677|0.25937671845|0.256232231809|0.131149347926|0.891771207292|0.707375008917|0.699137979576|0.682987359879|0.695089920908|0.694752197368|0.474456641195|0.472074437077|0.466789517968|0.45656566443|0.467825109342|0.475996235663|0.469385176546|0.467290535439|0.466509796681|0.471312372429|0.264499745812|0.264299273778|0.275454972247|0.275825221048|0.272042472421|0.275044894408|0.277289717741|0.275673436788|0.27455237394|0.273744493168|0.140072885615|0.139344672361|0.138765661749|0.133334736409|0.142725387238|0.0537436024086|1|1|1|1|1|1|1|0.910929609208|0.871293620358|0.850448673784|0.850586257941|0.846576716559|0.874345081182|0.843371549038|0.849076534037|0.867448268435|0.846655619681|0.822759520675|0.816341561807|0.795658831331|0.796245261832|0.815882723514|0.568664652642|0.540070089009|0.534854917948|0.529613494493|0.543117761583|0.539152391709|0.53462964607|0.51704117737|0.531709912767|0.538128901932|0.54619153354|0.539741019758|0.534882069304|0.552933420753|0.548475318327|0.544641342409|0.517152060401|0.513982247796|0.508244463455|0.515176243625|0.298295314841|0.315282893607|0.328750155337|0.315288388529|0.309802606076|0.305688714629|0.30145272815|0.302222083893|0.310154662183|0.29364080426|0.311142526941|0.309104305782|0.305955838147|0.289694737737|0.301372165518|0.144857464704|0.143191631824|0.141378565436|0.134105634588|0.138789273655|0.136460387074|0.0387489507905|1|1|1|1|1|1|1|1|1|1|1|1|1|1|1|1|1|1|1|1|1|1|1|1|1|1|1|1|1|1|1|1|1|1|0.990920208306|0.984030536992|0.978834568988|0.97162796797|0.976012888815|0.964364022138|0.956126767942|0.925634196038|0.918072692766|0.911885828129|1|0.958778006279|0.954031697993|0.946922437187|0.952704534587|0.94306200139|0.935311891882|0.905197057934|0.898755806701|0.913278914702|0.928583579935|0.917757284996|0.912081129492|0.922014073635|0.913650551977|0.905490323909|0.86037789615|0.855587995353|0.84712554494|0.840599974469|0.667016141182|0.623807252732|0.619601674903|0.613282190056|0.630252426331|0.621695987443|0.61490065719|0.588592485502|0.619868347953|0.627337554361|0.608892135402|0.599440639052|0.594597150943|0.621456736533|0.614205234939|0.607200182983|0.568701367198|0.564616543994|0.557536834017|0.565180766243|0.593418745683|0.585006003796|0.633459504861|0.606579881277|0.599341872199|0.592399099049|0.555870691961|0.551385674522|0.584315447709|0.552002150767|0.581223401318|0.57729359944|0.570352889791|0.537899830736|0.546146663336|0.348705300045|0.376145686006|0.373098253888|0.353156985023|0.347673872507|0.342532155626|0.34534989322|0.344508401234|0.339375308198|0.31570290119|0.337007440352|0.3341138073|0.329002412147|0.30564068897|0.311297985065|0.329496414713|0.326632774488|0.321662219861|0.299046680934|0.304392062231|0.298310587553|0.133660506211|0.131838670004|0.128614314914|0.114555217937|0.113531379149|0.110215900781|0.108162421316|0.0164902361797
low_eis,5,1,delay_frontier,default,optimal,0|5|10|15|35|75|125|175|225,adjoint_lbfgsb,adjoint_lbfgsb,0,structured_ramp,,4.139671941824698,4.1468056126546635,0.007133670829965411,True,True,False,False,value_and_gradient,4.1468056126546635,998,998,727,111.75738406181335,CONVERGENCE: REL_REDUCTION_OF_F_<=_FACTR*EPSMCH,0.310400932251|0.405047287448|0.273767133658|0.517897661479|0.360938944022|0.37360621465|0.229214164637|0.651651745542|0.478047455185|0.485025960592|0.489992762899|0.32237628508|0.325828782577|0.329015686469|0.186845498533|0.827940857521|0.634393632109|0.625740768552|0.641101051172|0.643743051582|0.426078744388|0.420161294434|0.419720133484|0.440535045608|0.438317841789|0.440129450955|0.249195650012|0.257048350976|0.259383858783|0.256228155567|0.131238873883|0.891867630706|0.707417531264|0.69906134625|0.682960886046|0.695059687853|0.694724132989|0.474508672083|0.472063589105|0.466807064152|0.456574346749|0.467805879718|0.475966985746|0.469329597601|0.46746585812|0.466411432439|0.471171632428|0.264484405744|0.264319135662|0.27541430778|0.275868321519|0.27208174555|0.275090089368|0.277442051564|0.275632290457|0.274526989747|0.273757552907|0.139957186525|0.139149111391|0.13851481419|0.133343809058|0.142926237941|0.0537757058964|1|1|1|1|1|1|1|0.910765366939|0.871163544696|0.850566027223|0.850677072629|0.846583066376|0.874474282081|0.843344031843|0.849068773677|0.867504237366|0.846751029687|0.822588302144|0.816190550889|0.79570419511|0.796356497518|0.816401408278|0.568502277053|0.539983727031|0.534779841979|0.529567293742|0.543178084921|0.539215896853|0.534694630455|0.517096610991|0.531591364919|0.537091729536|0.546254710606|0.539804156288|0.534955458748|0.552837199982|0.548396004106|0.544566797929|0.517187600051|0.514063184809|0.508150914428|0.515128352229|0.299030743428|0.31524049177|0.328595415333|0.314940659637|0.309413288562|0.305253785723|0.302523076567|0.302262411624|0.31016144505|0.293825727533|0.311085314851|0.309064078387|0.305959334663|0.28998642999|0.301619142465|0.145819075275|0.144116489279|0.142179979797|0.134243483127|0.138326977729|0.136356251602|0.0385905191557|1|1|1|1|1|1|1|1|1|1|1|1|1|1|1|1|1|1|1|1|1|1|1|1|1|1|1|1|1|1|1|1|1|1|0.99008578921|0.985041074597|0.980940241816|0.975415107522|0.978471004904|0.967193020162|0.958866358471|0.927971667475|0.920224679835|0.913966951514|1|0.962831144475|0.958037049897|0.950783872851|0.955391840051|0.945568385095|0.9376710016|0.906952800419|0.900204848454|0.918045632642|0.930687400971|0.919588926103|0.913781851073|0.923805942213|0.915196794823|0.906864045896|0.860560893342|0.855546068051|0.846870882711|0.841061317517|0.661626735385|0.61844961068|0.614248228385|0.607970558042|0.627073255204|0.618655002597|0.611999469507|0.586135985867|0.621187066839|0.626860970733|0.60605580973|0.596782210044|0.592066564522|0.621062128139|0.613884809887|0.606934419763|0.568697645426|0.564652852755|0.557573256497|0.565322801168|0.590709702151|0.583007939757|0.633097458386|0.606209819066|0.598929035075|0.592053782328|0.555848774597|0.551848728346|0.584901338595|0.552029992397|0.581634822154|0.577665971992|0.57062107898|0.537600845965|0.54291504127|0.343988717592|0.370580740393|0.36783039261|0.347610230322|0.342200806692|0.337067755946|0.338335242144|0.340668926043|0.335102078269|0.312303555588|0.332792343925|0.330075849851|0.325135861083|0.302847452294|0.310771715894|0.325566861938|0.322879666259|0.318165302503|0.296692661457|0.303733062778|0.297980499566|0.129785707595|0.127888000355|0.124535982159|0.110310025667|0.10965369587|0.106514903589|0.104519820465|0.0122784468597
low_eis,5,1,delay_frontier,default,optimal,0|5|10|15|35|75|125|175|225,adjoint_lbfgsb,adjoint_lbfgsb,1,structured_sigmoid,,4.135631597134543,4.1468056139023455,0.011174016767802719,True,True,False,False,value_and_gradient,4.1468056139023455,1313,1313,944,146.97778415679932,CONVERGENCE: REL_REDUCTION_OF_F_<=_FACTR*EPSMCH,0.310401230745|0.405026878655|0.273770473165|0.517895039933|0.360956310205|0.373594457297|0.229220867436|0.651647198005|0.478036101132|0.485035872296|0.489987173244|0.322339988989|0.32582541274|0.329026519879|0.186864020777|0.827939943137|0.634394951405|0.625745067776|0.641101316051|0.643745448146|0.426081185606|0.420170362479|0.419737895945|0.440537744976|0.438373883649|0.440130150914|0.249134268636|0.25707823275|0.259389136112|0.25620566467|0.131176278757|0.891754021357|0.707408995225|0.699137637842|0.682974710772|0.695049302498|0.694735463438|0.474441433789|0.472083488535|0.466801649148|0.456573918571|0.467849685202|0.475973977607|0.469370319078|0.467297093747|0.466448938481|0.471114151259|0.264561566778|0.264347000186|0.275440467215|0.275868319795|0.272061501424|0.275087292298|0.277264242918|0.275710948345|0.274549779101|0.273753371366|0.140012087963|0.139261095671|0.138689054934|0.133230545893|0.142745067383|0.0539556075295|1|1|1|1|1|1|1|0.91047247756|0.871132406217|0.850625502787|0.850732981296|0.84664762787|0.87443700086|0.84341271181|0.849131983963|0.867564526631|0.846642266781|0.822580140802|0.816175652943|0.795635351475|0.796339345514|0.816063987879|0.568551740185|0.540081100366|0.534883331949|0.529668219531|0.54314168975|0.539170937606|0.534636897941|0.517024030533|0.531862873078|0.536619291609|0.546197554723|0.539731150258|0.53487333829|0.552770867269|0.548313774131|0.544469978074|0.517048784758|0.513940260246|0.508025530096|0.515158415817|0.299314956316|0.315409670296|0.3286675986|0.314921350252|0.30938526045|0.305198294127|0.301774471435|0.302340710218|0.30993465909|0.293701473026|0.310973657413|0.308973319477|0.305867161865|0.289828077729|0.301178861703|0.144245547261|0.142789619374|0.141149536932|0.133855313413|0.138223557862|0.136281979527|0.0391618171526|1|1|1|1|1|1|1|1|1|1|1|1|1|1|1|1|1|1|1|1|1|1|1|1|1|1|1|1|1|1|1|1|1|1|0.990067056931|0.985434064602|0.981316213204|0.97569591763|0.976732773275|0.965257316326|0.957111716451|0.925760280002|0.917947357976|0.91168846026|1|0.963133293456|0.958247078162|0.950895707066|0.953963906612|0.943997388325|0.936032813893|0.904960979872|0.898131796433|0.919598214454|0.928926197635|0.917733634016|0.911951483613|0.92121457908|0.912673123965|0.90447153912|0.85878630907|0.85395398035|0.845462865955|0.841276214616|0.663445459566|0.620915378773|0.616795092316|0.610617307071|0.629503541664|0.621141614501|0.614516767021|0.588716117023|0.619523826404|0.628601860375|0.60862980938|0.599366605148|0.594640417754|0.622706617793|0.615466065911|0.608472180613|0.569789759458|0.565660282766|0.55847315056|0.564794583321|0.5933381912|0.585404449816|0.633958852285|0.607750471182|0.600473395947|0.593541550686|0.556815353405|0.551556916443|0.584710064378|0.551473460443|0.581530914886|0.577521185298|0.570341920605|0.536707994239|0.540921969995|0.348304236093|0.374331141456|0.371888785472|0.351858645747|0.346394245826|0.341260733177|0.344355746045|0.34364905956|0.33885893237|0.315641976567|0.336466208023|0.333624722836|0.328631536806|0.305893543211|0.312850224771|0.328975406362|0.326203801977|0.321392267067|0.299416468862|0.305734935017|0.299806111808|0.132003193989|0.130067851418|0.126624815702|0.111892070723|0.110866418913|0.107584639114|0.105640516017|0.0137636924408
low_eis,5,1,delay_frontier,default,optimal,0|5|10|15|35|75|125|175|225,adjoint_lbfgsb,adjoint_lbfgsb,2,structured_constant,,4.139338173999193,4.146805613800427,0.007467439801233766,True,True,False,False,value_and_gradient,4.146805613800427,1158,1158,804,129.27635502815247,CONVERGENCE: REL_REDUCTION_OF_F_<=_FACTR*EPSMCH,0.310399553006|0.405029144309|0.273769893697|0.517905775487|0.36095738757|0.373584477371|0.229240512336|0.651646281544|0.478034306152|0.485036070286|0.489988928169|0.322338646325|0.325830106364|0.329056513552|0.186844319747|0.827942981843|0.634392396316|0.625743397293|0.641100579285|0.643744417355|0.426072068206|0.42015185701|0.419729796431|0.440546296143|0.4383663983|0.440185120901|0.249145003697|0.25707911073|0.259394850514|0.256201608505|0.13116579861|0.891769369579|0.707392749007|0.69911267733|0.682984410377|0.695057051304|0.694749094354|0.47441956192|0.472080194499|0.466790980321|0.456565347171|0.467820910596|0.476024104379|0.469404703907|0.467323124851|0.466440129205|0.471280995841|0.264519521647|0.264236128322|0.275431815517|0.275906309784|0.27211963443|0.275127308751|0.277366456866|0.275685027889|0.274607459737|0.273830820212|0.140032497826|0.139299322279|0.138725008619|0.133236145192|0.142745808438|0.0539146287221|1|1|1|1|1|1|1|0.910585898206|0.871251111144|0.850761127773|0.850842557928|0.846699422122|0.874457614654|0.843453399771|0.849171597708|0.867641992893|0.846663659688|0.822500006429|0.816100236476|0.795596529302|0.79633870927|0.816256626587|0.568486321137|0.539979001883|0.534776876926|0.529573763052|0.543291911287|0.53930331242|0.534768216427|0.517151168406|0.531890551288|0.537193484161|0.54636594833|0.539877101242|0.534941304905|0.552788667983|0.548331268377|0.54447815734|0.517053904685|0.514010996664|0.50812616668|0.51520907442|0.29885185597|0.315315475678|0.328631781205|0.315010364046|0.309481116252|0.305312268908|0.302666636798|0.302206365967|0.309842357362|0.293610286556|0.310852000314|0.308825733483|0.305718968929|0.289782618119|0.301631210801|0.144905194434|0.143178166738|0.141226789699|0.133476771114|0.138226108203|0.136321646325|0.0381147669969|1|1|1|1|1|1|1|1|1|1|1|1|1|1|1|1|1|1|1|1|1|1|1|1|1|1|1|1|1|1|1|1|1|1|0.989019100117|0.984898160878|0.980782927812|0.975176142045|0.97682640949|0.965515483592|0.957422924295|0.926556263788|0.91892751277|0.912683496059|1|0.962606469651|0.957738919921|0.950421457414|0.954267178299|0.944484392946|0.936664342544|0.906178504595|0.899622990533|0.915971305041|0.929761971809|0.918813099768|0.913145517363|0.922360436993|0.913971988885|0.905794435974|0.860612552735|0.855786162294|0.847320323058|0.840775810137|0.669680287464|0.626207027888|0.621973752131|0.615595679745|0.632540237966|0.623811072344|0.616871931563|0.58997173549|0.619558777004|0.628782504624|0.610754370936|0.601085986354|0.596114236691|0.622718854861|0.615293465017|0.608119121852|0.56874569822|0.564582775226|0.557312373868|0.564733977982|0.594978963533|0.5857379888|0.634360560602|0.607470346964|0.600116231759|0.593000039019|0.555488184629|0.550385771461|0.584216068607|0.551255910443|0.580967224001|0.576956607335|0.56986881917|0.536906806354|0.545578706048|0.347917603813|0.376097431314|0.37291271358|0.352823003781|0.34728459144|0.342104107235|0.341030597381|0.343663245374|0.338480748737|0.314214716978|0.336069095243|0.333102305105|0.327857420483|0.303858142816|0.308913367768|0.328458666329|0.32554962116|0.320443252091|0.297190486332|0.301868563029|0.295574011001|0.131763987903|0.129960635006|0.126770773084|0.112764742985|0.111593590616|0.108182057857|0.106035910811|0.0144645537913
low_eis,5,1,delay_frontier,default,optimal,0|5|10|15|35|75|125|175|225,adjoint_lbfgsb,adjoint_lbfgsb,3,sobol,,4.132527319073194,4.1468056124216295,0.014278293348435334,False,True,False,False,value_and_gradient,4.1468056124217165,790,790,608,88.99872303009033,ABNORMAL_TERMINATION_IN_LNSRCH,0.31040206911|0.40503475101|0.27377680091|0.517897160196|0.360953174409|0.37359101697|0.229237248537|0.6516448678|0.478037924547|0.485032366978|0.489996473589|0.322328959972|0.325819005071|0.329041471906|0.186840956892|0.827943361516|0.634392727452|0.625743140238|0.641099830447|0.643743950124|0.426074908113|0.420149966031|0.419737129621|0.440523743724|0.438366568196|0.4401762976|0.249143811664|0.257069916135|0.259388395813|0.256229423348|0.131177620396|0.891857459463|0.707431025343|0.699096556491|0.682962582079|0.695046641158|0.694739710691|0.474510815463|0.472018142048|0.466728855181|0.456534478892|0.467828659867|0.475986827882|0.469388180606|0.467268211473|0.466477725586|0.471239054971|0.264418964697|0.264240810824|0.275454343216|0.275889021056|0.272103589967|0.275098372558|0.277487008165|0.275659935635|0.274536474499|0.273825337126|0.140050777228|0.139305788328|0.138712007103|0.13320028244|0.14275196285|0.0537839259761|1|1|1|1|1|1|1|0.91060880127|0.871112338563|0.850631248889|0.850718779936|0.846624331761|0.874427052174|0.843404142708|0.849136543368|0.867543031103|0.846705959059|0.82261599455|0.816206855869|0.795607297667|0.796261189306|0.816129656401|0.568348767111|0.539814519785|0.534188866206|0.529892455927|0.543181279724|0.539264971248|0.534700015345|0.517005274041|0.531686682674|0.538257830026|0.546385654481|0.539454855962|0.534870138376|0.552723883865|0.548376487002|0.544617642467|0.516404532499|0.513880882957|0.508046991732|0.515204699439|0.298664341632|0.314814619783|0.328548624135|0.315779904511|0.30969743952|0.305341326715|0.302027107616|0.302210230681|0.309175774236|0.293420297525|0.310621256601|0.309025618815|0.305515584233|0.290151724766|0.301369899671|0.145442562713|0.14366214253|0.141591399654|0.133598592893|0.138311468444|0.136884097372|0.0378465204914|1|1|1|1|1|1|1|1|1|1|1|1|1|1|1|1|1|1|1|1|1|1|1|1|1|1|1|1|1|1|1|1|1|1|0.989460260785|0.985754910317|0.982303008592|0.975784866724|0.976008378674|0.965079154897|0.956690248542|0.927198506868|0.919129290305|0.911747612316|1|0.963350291364|0.958583010916|0.950564610839|0.956598940922|0.945167238354|0.937733877886|0.906761585269|0.90113187427|0.913244266947|0.930223523354|0.917897330606|0.913834532994|0.922613689233|0.912951913434|0.907699692215|0.859316851164|0.85483988901|0.846012383417|0.840615110276|0.649036317137|0.623137936827|0.619143381307|0.612320229125|0.630825952596|0.622466580056|0.614756414565|0.589926043742|0.620060254919|0.62919079462|0.608057029966|0.600510223565|0.595723158461|0.621725566305|0.614086820869|0.607053721486|0.5682663198|0.564419905481|0.556975744807|0.564785151189|0.594183923187|0.585478438142|0.634398727934|0.607563018166|0.600648804299|0.592025350013|0.555095642239|0.553243137076|0.584284151429|0.5518912906|0.58093987519|0.576955698996|0.570315853275|0.537190878304|0.545504287438|0.345596627535|0.378002196812|0.376350099636|0.354100172775|0.350963291034|0.328451241708|0.34244182316|0.34540980448|0.338956304519|0.314788353825|0.338079932728|0.335518531257|0.329517919338|0.307033329377|0.310626650599|0.330789276011|0.326615329729|0.321185174502|0.298663159997|0.302987170991|0.296426640583|0.143877496586|0.129552802672|0.135931773582|0.11830303489|0.119839302899|0.110363811317|0.107827734502|0.026059388543
low_eis,5,1,delay_frontier,default,optimal,0|5|10|15|35|75|125|175|225,adjoint_lbfgsb,adjoint_lbfgsb,4,structured_ramp,,4.139531687146329,4.1468056132364,0.007273926090070937,True,True,False,False,value_and_gradient,4.1468056132364,931,931,729,104.8155345916748,CONVERGENCE: REL_REDUCTION_OF_F_<=_FACTR*EPSMCH,0.310400610062|0.405029970871|0.273779244915|0.517897445915|0.360963335897|0.373596588859|0.229248878911|0.651643723292|0.478035282733|0.485023377223|0.489992598309|0.322349793032|0.32581088436|0.329044149139|0.186846858044|0.827944604418|0.634394042855|0.625744150587|0.641101390728|0.643743845902|0.426075414798|0.420173223613|0.419730920062|0.440514382424|0.438347960721|0.440177447432|0.249160558575|0.257076843784|0.259379865629|0.256229552841|0.131156377124|0.891716514779|0.707421947608|0.699133457946|0.682982646393|0.69505814398|0.694746218298|0.474440216811|0.472095634354|0.46680233438|0.456556451382|0.467941183815|0.476033846805|0.469419881036|0.467272724641|0.466390085924|0.471282456639|0.26452593668|0.264245479912|0.275432885065|0.27587217284|0.272085474148|0.27509947042|0.277454312353|0.275640054304|0.274550428386|0.273774042013|0.14001143266|0.139265296765|0.138671531298|0.133254014016|0.142858144829|0.0539315820788|1|1|1|1|1|1|1|0.910198276782|0.870976377739|0.850655595306|0.850763852998|0.846662039285|0.874493829462|0.843417147387|0.849121435217|0.867587177178|0.846518076023|0.822439280227|0.816038093117|0.795512142637|0.796189190667|0.816299164418|0.56851539756|0.539874239921|0.534640006607|0.529389626989|0.543127894375|0.539167516777|0.534652587088|0.517104058432|0.531721061459|0.537073430311|0.546208463453|0.539779150762|0.534933994243|0.552722689884|0.548321468608|0.544543751454|0.517094169844|0.513799570278|0.507810092845|0.514563746643|0.29849962101|0.315422059406|0.328960160933|0.315124129996|0.30963291651|0.305508122651|0.301137153214|0.301719967146|0.310219666534|0.293652954566|0.311223711203|0.309158383703|0.306009377049|0.289665659551|0.300991227438|0.14524038351|0.143451092526|0.141395181229|0.133237487608|0.137776630134|0.135923739172|0.0382439699618|1|1|1|1|1|1|1|1|1|1|1|1|1|1|1|1|1|1|1|1|1|1|1|1|1|1|1|1|1|1|1|1|1|1|0.989334830015|0.982658993483|0.97858671178|0.973107323455|0.977806688155|0.965176199156|0.956934147588|0.926400537034|0.918755669708|0.912634579481|1|0.960681977884|0.955919934824|0.948744418677|0.953601141287|0.943919225177|0.936146378393|0.905883510034|0.899210559316|0.91650278896|0.929374302386|0.918477924468|0.912785032205|0.922899921052|0.914463137042|0.906323371072|0.860948325431|0.856079777657|0.847610624662|0.841947506653|0.66444054792|0.621605283024|0.617448479018|0.611218876301|0.629509209688|0.6211276442|0.614485982213|0.588698244888|0.620702094206|0.62870773475|0.608619077524|0.599372239332|0.59466248114|0.623032413749|0.615905501847|0.609036550064|0.571136420457|0.567125670841|0.560160718625|0.568393623853|0.593472071878|0.58578686837|0.635770014595|0.608447176158|0.601228065472|0.594429748633|0.558549013018|0.553350843914|0.587490885255|0.555482314489|0.584433129989|0.580572520331|0.573737429527|0.541546054953|0.549594617674|0.350234447738|0.376152292503|0.373180194967|0.353043545942|0.347536375415|0.342433575529|0.343001988871|0.344632016874|0.339331915171|0.316166763723|0.337029054736|0.334214546462|0.329205753791|0.306455059233|0.313691251334|0.329692529483|0.32692697027|0.322106622708|0.300166780117|0.306782274906|0.301000301714|0.135974712758|0.133977607135|0.130469085859|0.115431599636|0.113867471037|0.110481120319|0.108421824293|0.0173451661087
low_eis,5,1,delay_frontier,default,optimal,0|5|10|15|35|75|125|175|225,adjoint_lbfgsb,adjoint_lbfgsb,5,structured_ramp,,4.139282444747154,4.146805613239163,0.007523168492008736,False,True,False,False,value_and_gradient,4.146805613239163,828,828,608,92.9379940032959,ABNORMAL_TERMINATION_IN_LNSRCH,0.310406534703|0.40503582329|0.273780598077|0.517895387031|0.360957476259|0.373595001021|0.229230542334|0.65164589967|0.478036180479|0.485031576256|0.489994599659|0.322355271955|0.3258224034|0.32903887222|0.186847925195|0.827942482934|0.634395440873|0.625743738885|0.641101397679|0.64374438448|0.426077413018|0.420174257641|0.419745221996|0.440537786003|0.438353402912|0.440152948662|0.249153420126|0.257073706774|0.259383844786|0.25621480126|0.131177846862|0.891784093167|0.707436402503|0.699134666766|0.682977217215|0.6950703876|0.694779329039|0.474446760602|0.472072700068|0.466788706874|0.456522719252|0.467815573208|0.475991286378|0.46937866492|0.467307553119|0.466497307332|0.471226075708|0.264561865978|0.264233182021|0.275431118566|0.275896493364|0.272113498341|0.275117279748|0.277454370183|0.275673566954|0.274535781024|0.273743927955|0.140031060163|0.139285986844|0.138695137193|0.133216604897|0.142874402939|0.0538655664521|1|1|1|1|1|1|1|0.910518679296|0.871141038757|0.850532530352|0.850642598921|0.846552237476|0.874601774885|0.84332230069|0.849047413779|0.867468843809|0.846744637067|0.822609606531|0.816202281357|0.795722348254|0.796411009808|0.816107859927|0.568488948553|0.5399901873|0.534785967791|0.529570240666|0.543162736381|0.539191133598|0.534658628439|0.517049571373|0.531958787994|0.536939782487|0.546223526192|0.539763230149|0.534903212736|0.552741891689|0.548314020442|0.544483438907|0.517183716244|0.514052063576|0.508145986885|0.515241017595|0.29878917955|0.315188770731|0.328646512782|0.314917038364|0.3094056762|0.305254535761|0.302117507024|0.302355169522|0.310210974993|0.293941839863|0.311222489314|0.309199517249|0.30609645694|0.290071193956|0.301443333411|0.145189097731|0.143074582682|0.140582759007|0.131927263556|0.137938911455|0.135993125011|0.0381141926132|1|1|1|1|1|1|1|1|1|1|1|1|1|1|1|1|1|1|1|1|1|1|1|1|1|1|1|1|1|1|1|1|1|1|0.990831789629|0.985596918407|0.981247435222|0.975573174665|0.977464296998|0.966825434766|0.958461362193|0.92768870478|0.920020340109|0.913814910619|1|0.962688789368|0.957824380286|0.950521932888|0.955041924258|0.945274657141|0.937434902998|0.906983682986|0.900330666886|0.917571481196|0.930569944678|0.919613135173|0.91388307161|0.924047194095|0.915596655443|0.907418740355|0.862000824462|0.857124846296|0.848599983144|0.842836371621|0.665470877248|0.622407190393|0.618210920048|0.61191173924|0.629218506637|0.620669612887|0.613882835559|0.587573626756|0.619245517189|0.627192897391|0.607842087918|0.598394531961|0.593556908629|0.621300792944|0.614030531734|0.607000576821|0.568387164704|0.564337984566|0.557223653344|0.56536939419|0.592263729336|0.584322343289|0.633814557543|0.606254855416|0.598948577977|0.591988028051|0.55533556211|0.551904892284|0.584500996143|0.552048540474|0.581331304524|0.577413729874|0.570452857328|0.537900748814|0.546735915932|0.353774321545|0.378257121306|0.375365766591|0.354759784721|0.349092636187|0.344045000314|0.337917842307|0.344008030062|0.338765581684|0.314584569437|0.336345137683|0.3333884604|0.328147539763|0.304308247454|0.309592458221|0.328797846286|0.325915645644|0.320809270074|0.297745926326|0.302602516539|0.296478760857|0.140051976259|0.138063747512|0.134540573237|0.119256668324|0.117133641704|0.11330322733|0.111018432219|0.0114365229419
low_eis,5,1,delay_frontier,default,optimal,0|5|10|15|35|75|125|175|225,adjoint_lbfgsb,adjoint_lbfgsb,6,structured_constant,,4.139206927977337,4.146805613141582,0.007598685164244223,True,True,False,False,value_and_gradient,4.146805613141582,1012,1012,745,117.21936702728271,CONVERGENCE: REL_REDUCTION_OF_F_<=_FACTR*EPSMCH,0.310404934476|0.405033976443|0.27377551215|0.517897929778|0.360945094627|0.373600302844|0.229245237447|0.651652727595|0.47803492893|0.4850214717|0.489980191968|0.322334088986|0.325823157928|0.329053543276|0.186843955164|0.827941064112|0.634397071864|0.625745585379|0.641103503386|0.643747899802|0.42604701563|0.420180034596|0.419749929442|0.440544686341|0.438408773875|0.440227775094|0.249138231776|0.257077346275|0.259390646145|0.256226063489|0.131130487867|0.891740394054|0.707460733398|0.699135597943|0.682990457666|0.695102188388|0.694776681951|0.474494403838|0.472126390348|0.466858579532|0.456581059227|0.467840133404|0.475944779889|0.469340141015|0.467286396814|0.46640697547|0.47120422476|0.264520459525|0.264244727555|0.275476303625|0.275888131843|0.272088316905|0.275105453355|0.277217869915|0.275647499278|0.274521212946|0.273738561803|0.140108518014|0.139366213582|0.138760246919|0.13315971755|0.142817949|0.0538022410507|1|1|1|1|1|1|1|0.910734455313|0.871312114433|0.850536649341|0.850643357503|0.846596976146|0.874354005676|0.843408775649|0.849106736906|0.867522779724|0.846469636065|0.822589132609|0.816179494167|0.795375538008|0.795975491802|0.815961426038|0.569506798517|0.540811021139|0.535574555791|0.530460847612|0.543245174263|0.539255871744|0.534700924306|0.517026592124|0.53235462574|0.537561223082|0.546281422411|0.539793229965|0.534920820864|0.552899328222|0.548463986999|0.54463054088|0.517211664153|0.514101953119|0.508192209606|0.51518322073|0.298826312277|0.315423867618|0.328649276352|0.315132448989|0.309642611573|0.305483168692|0.301800355933|0.302525591499|0.309986926791|0.293622380823|0.31098858192|0.308997360811|0.305829532832|0.289717934871|0.301417165905|0.145517216697|0.143710577924|0.14164052244|0.133534786663|0.138234335542|0.136391218844|0.0395136671953|1|1|1|1|1|1|1|1|1|1|1|1|1|1|1|1|1|1|1|1|1|1|1|1|1|1|1|1|1|1|1|1|1|1|0.989373527841|0.985116693089|0.98102225093|0.975381232097|0.976717539806|0.965413758945|0.957315508212|0.926473351135|0.918801359719|0.912607654933|1|0.963002540045|0.958101669438|0.950726535781|0.954157311528|0.944378187233|0.936560324038|0.906098828927|0.899508948424|0.914694877448|0.929666840981|0.918728820256|0.913061116242|0.922273309985|0.913854127652|0.905689277941|0.860439695487|0.8556261745|0.847169400629|0.83992069179|0.667173993694|0.625845102485|0.621761399826|0.615536564708|0.634531134102|0.625852511194|0.618947362372|0.591848928633|0.617786924065|0.630727441351|0.612846375736|0.603142996278|0.59815323578|0.624593581282|0.61708663477|0.609849496283|0.570012675612|0.565797725913|0.558411234788|0.565183514881|0.59706628822|0.5867605808|0.63620701466|0.609253332451|0.601870493374|0.594690993053|0.556546854869|0.551061045997|0.585028881519|0.551709288048|0.581723726176|0.577676669418|0.570503025925|0.537206226573|0.545503242267|0.348071463604|0.376829012215|0.374026571647|0.354892201296|0.349557726441|0.344444063864|0.344518610152|0.346176531278|0.341323007103|0.317098003366|0.338924888399|0.335976517326|0.330755239174|0.306658226567|0.310963388104|0.33135328241|0.328458172734|0.323354559672|0.299947594713|0.303868771051|0.297449904118|0.137884813129|0.136150940086|0.133090169652|0.119356096872|0.117744476008|0.114231200719|0.11210387691|0.0236138981022
low_eis,5,1,delay_frontier,default,optimal,0|5|10|15|35|75|125|175|225,adjoint_lbfgsb,adjoint_lbfgsb,7,structured_ramp,,4.138773585314978,4.146805613631178,0.00803202831620009,False,True,False,False,value_and_gradient,4.146805613631179,846,846,660,100.63668847084045,ABNORMAL_TERMINATION_IN_LNSRCH,0.310400069049|0.405021177914|0.273766064204|0.517896919275|0.360946600292|0.37358969175|0.229227374764|0.6516541639|0.478039681429|0.485027320141|0.489995821236|0.322331845227|0.325817521821|0.329044901873|0.186851768001|0.827942506951|0.634394630028|0.625741171606|0.641104459698|0.643740908269|0.426073304677|0.420184043639|0.419745835423|0.440535814074|0.438367531272|0.440177112675|0.24912870384|0.25706316677|0.25937671845|0.256232231809|0.131149347926|0.891771207292|0.707375008917|0.699137979576|0.682987359879|0.695089920908|0.694752197368|0.474456641195|0.472074437077|0.466789517968|0.45656566443|0.467825109342|0.475996235663|0.469385176546|0.467290535439|0.466509796681|0.471312372429|0.264499745812|0.264299273778|0.275454972247|0.275825221048|0.272042472421|0.275044894408|0.277289717741|0.275673436788|0.27455237394|0.273744493168|0.140072885615|0.139344672361|0.138765661749|0.133334736409|0.142725387238|0.0537436024086|1|1|1|1|1|1|1|0.910929609208|0.871293620358|0.850448673784|0.850586257941|0.846576716559|0.874345081182|0.843371549038|0.849076534037|0.867448268435|0.846655619681|0.822759520675|0.816341561807|0.795658831331|0.796245261832|0.815882723514|0.568664652642|0.540070089009|0.534854917948|0.529613494493|0.543117761583|0.539152391709|0.53462964607|0.51704117737|0.531709912767|0.538128901932|0.54619153354|0.539741019758|0.534882069304|0.552933420753|0.548475318327|0.544641342409|0.517152060401|0.513982247796|0.508244463455|0.515176243625|0.298295314841|0.315282893607|0.328750155337|0.315288388529|0.309802606076|0.305688714629|0.30145272815|0.302222083893|0.310154662183|0.29364080426|0.311142526941|0.309104305782|0.305955838147|0.289694737737|0.301372165518|0.144857464704|0.143191631824|0.141378565436|0.134105634588|0.138789273655|0.136460387074|0.0387489507905|1|1|1|1|1|1|1|1|1|1|1|1|1|1|1|1|1|1|1|1|1|1|1|1|1|1|1|1|1|1|1|1|1|1|0.990920208306|0.984030536992|0.978834568988|0.97162796797|0.976012888815|0.964364022138|0.956126767942|0.925634196038|0.918072692766|0.911885828129|1|0.958778006279|0.954031697993|0.946922437187|0.952704534587|0.94306200139|0.935311891882|0.905197057934|0.898755806701|0.913278914702|0.928583579935|0.917757284996|0.912081129492|0.922014073635|0.913650551977|0.905490323909|0.86037789615|0.855587995353|0.84712554494|0.840599974469|0.667016141182|0.623807252732|0.619601674903|0.613282190056|0.630252426331|0.621695987443|0.61490065719|0.588592485502|0.619868347953|0.627337554361|0.608892135402|0.599440639052|0.594597150943|0.621456736533|0.614205234939|0.607200182983|0.568701367198|0.564616543994|0.557536834017|0.565180766243|0.593418745683|0.585006003796|0.633459504861|0.606579881277|0.599341872199|0.592399099049|0.555870691961|0.551385674522|0.584315447709|0.552002150767|0.581223401318|0.57729359944|0.570352889791|0.537899830736|0.546146663336|0.348705300045|0.376145686006|0.373098253888|0.353156985023|0.347673872507|0.342532155626|0.34534989322|0.344508401234|0.339375308198|0.31570290119|0.337007440352|0.3341138073|0.329002412147|0.30564068897|0.311297985065|0.329496414713|0.326632774488|0.321662219861|0.299046680934|0.304392062231|0.298310587553|0.133660506211|0.131838670004|0.128614314914|0.114555217937|0.113531379149|0.110215900781|0.108162421316|0.0164902361797
low_eis,10,2,delay_frontier,default,optimal,0|5|10|15|35|75|125|175|225,adjoint_lbfgsb,adjoint_lbfgsb,0,structured_ramp,,4.139671941824698,4.1468056126546635,0.007133670829965411,True,True,False,False,value_and_gradient,4.1468056126546635,998,998,727,114.4880702495575,CONVERGENCE: REL_REDUCTION_OF_F_<=_FACTR*EPSMCH,0.310400932251|0.405047287448|0.273767133658|0.517897661479|0.360938944022|0.37360621465|0.229214164637|0.651651745542|0.478047455185|0.485025960592|0.489992762899|0.32237628508|0.325828782577|0.329015686469|0.186845498533|0.827940857521|0.634393632109|0.625740768552|0.641101051172|0.643743051582|0.426078744388|0.420161294434|0.419720133484|0.440535045608|0.438317841789|0.440129450955|0.249195650012|0.257048350976|0.259383858783|0.256228155567|0.131238873883|0.891867630706|0.707417531264|0.69906134625|0.682960886046|0.695059687853|0.694724132989|0.474508672083|0.472063589105|0.466807064152|0.456574346749|0.467805879718|0.475966985746|0.469329597601|0.46746585812|0.466411432439|0.471171632428|0.264484405744|0.264319135662|0.27541430778|0.275868321519|0.27208174555|0.275090089368|0.277442051564|0.275632290457|0.274526989747|0.273757552907|0.139957186525|0.139149111391|0.13851481419|0.133343809058|0.142926237941|0.0537757058964|1|1|1|1|1|1|1|0.910765366939|0.871163544696|0.850566027223|0.850677072629|0.846583066376|0.874474282081|0.843344031843|0.849068773677|0.867504237366|0.846751029687|0.822588302144|0.816190550889|0.79570419511|0.796356497518|0.816401408278|0.568502277053|0.539983727031|0.534779841979|0.529567293742|0.543178084921|0.539215896853|0.534694630455|0.517096610991|0.531591364919|0.537091729536|0.546254710606|0.539804156288|0.534955458748|0.552837199982|0.548396004106|0.544566797929|0.517187600051|0.514063184809|0.508150914428|0.515128352229|0.299030743428|0.31524049177|0.328595415333|0.314940659637|0.309413288562|0.305253785723|0.302523076567|0.302262411624|0.31016144505|0.293825727533|0.311085314851|0.309064078387|0.305959334663|0.28998642999|0.301619142465|0.145819075275|0.144116489279|0.142179979797|0.134243483127|0.138326977729|0.136356251602|0.0385905191557|1|1|1|1|1|1|1|1|1|1|1|1|1|1|1|1|1|1|1|1|1|1|1|1|1|1|1|1|1|1|1|1|1|1|0.99008578921|0.985041074597|0.980940241816|0.975415107522|0.978471004904|0.967193020162|0.958866358471|0.927971667475|0.920224679835|0.913966951514|1|0.962831144475|0.958037049897|0.950783872851|0.955391840051|0.945568385095|0.9376710016|0.906952800419|0.900204848454|0.918045632642|0.930687400971|0.919588926103|0.913781851073|0.923805942213|0.915196794823|0.906864045896|0.860560893342|0.855546068051|0.846870882711|0.841061317517|0.661626735385|0.61844961068|0.614248228385|0.607970558042|0.627073255204|0.618655002597|0.611999469507|0.586135985867|0.621187066839|0.626860970733|0.60605580973|0.596782210044|0.592066564522|0.621062128139|0.613884809887|0.606934419763|0.568697645426|0.564652852755|0.557573256497|0.565322801168|0.590709702151|0.583007939757|0.633097458386|0.606209819066|0.598929035075|0.592053782328|0.555848774597|0.551848728346|0.584901338595|0.552029992397|0.581634822154|0.577665971992|0.57062107898|0.537600845965|0.54291504127|0.343988717592|0.370580740393|0.36783039261|0.347610230322|0.342200806692|0.337067755946|0.338335242144|0.340668926043|0.335102078269|0.312303555588|0.332792343925|0.330075849851|0.325135861083|0.302847452294|0.310771715894|0.325566861938|0.322879666259|0.318165302503|0.296692661457|0.303733062778|0.297980499566|0.129785707595|0.127888000355|0.124535982159|0.110310025667|0.10965369587|0.106514903589|0.104519820465|0.0122784468597
low_eis,10,2,delay_frontier,default,optimal,0|5|10|15|35|75|125|175|225,adjoint_lbfgsb,adjoint_lbfgsb,1,structured_sigmoid,,4.135631597134543,4.1468056139023455,0.011174016767802719,True,True,False,False,value_and_gradient,4.1468056139023455,1313,1313,944,149.45832347869873,CONVERGENCE: REL_REDUCTION_OF_F_<=_FACTR*EPSMCH,0.310401230745|0.405026878655|0.273770473165|0.517895039933|0.360956310205|0.373594457297|0.229220867436|0.651647198005|0.478036101132|0.485035872296|0.489987173244|0.322339988989|0.32582541274|0.329026519879|0.186864020777|0.827939943137|0.634394951405|0.625745067776|0.641101316051|0.643745448146|0.426081185606|0.420170362479|0.419737895945|0.440537744976|0.438373883649|0.440130150914|0.249134268636|0.25707823275|0.259389136112|0.25620566467|0.131176278757|0.891754021357|0.707408995225|0.699137637842|0.682974710772|0.695049302498|0.694735463438|0.474441433789|0.472083488535|0.466801649148|0.456573918571|0.467849685202|0.475973977607|0.469370319078|0.467297093747|0.466448938481|0.471114151259|0.264561566778|0.264347000186|0.275440467215|0.275868319795|0.272061501424|0.275087292298|0.277264242918|0.275710948345|0.274549779101|0.273753371366|0.140012087963|0.139261095671|0.138689054934|0.133230545893|0.142745067383|0.0539556075295|1|1|1|1|1|1|1|0.91047247756|0.871132406217|0.850625502787|0.850732981296|0.84664762787|0.87443700086|0.84341271181|0.849131983963|0.867564526631|0.846642266781|0.822580140802|0.816175652943|0.795635351475|0.796339345514|0.816063987879|0.568551740185|0.540081100366|0.534883331949|0.529668219531|0.54314168975|0.539170937606|0.534636897941|0.517024030533|0.531862873078|0.536619291609|0.546197554723|0.539731150258|0.53487333829|0.552770867269|0.548313774131|0.544469978074|0.517048784758|0.513940260246|0.508025530096|0.515158415817|0.299314956316|0.315409670296|0.3286675986|0.314921350252|0.30938526045|0.305198294127|0.301774471435|0.302340710218|0.30993465909|0.293701473026|0.310973657413|0.308973319477|0.305867161865|0.289828077729|0.301178861703|0.144245547261|0.142789619374|0.141149536932|0.133855313413|0.138223557862|0.136281979527|0.0391618171526|1|1|1|1|1|1|1|1|1|1|1|1|1|1|1|1|1|1|1|1|1|1|1|1|1|1|1|1|1|1|1|1|1|1|0.990067056931|0.985434064602|0.981316213204|0.97569591763|0.976732773275|0.965257316326|0.957111716451|0.925760280002|0.917947357976|0.91168846026|1|0.963133293456|0.958247078162|0.950895707066|0.953963906612|0.943997388325|0.936032813893|0.904960979872|0.898131796433|0.919598214454|0.928926197635|0.917733634016|0.911951483613|0.92121457908|0.912673123965|0.90447153912|0.85878630907|0.85395398035|0.845462865955|0.841276214616|0.663445459566|0.620915378773|0.616795092316|0.610617307071|0.629503541664|0.621141614501|0.614516767021|0.588716117023|0.619523826404|0.628601860375|0.60862980938|0.599366605148|0.594640417754|0.622706617793|0.615466065911|0.608472180613|0.569789759458|0.565660282766|0.55847315056|0.564794583321|0.5933381912|0.585404449816|0.633958852285|0.607750471182|0.600473395947|0.593541550686|0.556815353405|0.551556916443|0.584710064378|0.551473460443|0.581530914886|0.577521185298|0.570341920605|0.536707994239|0.540921969995|0.348304236093|0.374331141456|0.371888785472|0.351858645747|0.346394245826|0.341260733177|0.344355746045|0.34364905956|0.33885893237|0.315641976567|0.336466208023|0.333624722836|0.328631536806|0.305893543211|0.312850224771|0.328975406362|0.326203801977|0.321392267067|0.299416468862|0.305734935017|0.299806111808|0.132003193989|0.130067851418|0.126624815702|0.111892070723|0.110866418913|0.107584639114|0.105640516017|0.0137636924408
low_eis,10,2,delay_frontier,default,optimal,0|5|10|15|35|75|125|175|225,adjoint_lbfgsb,adjoint_lbfgsb,2,structured_constant,,4.139338173999193,4.146805613800427,0.007467439801233766,True,True,False,False,value_and_gradient,4.146805613800427,1158,1158,804,131.63190054893494,CONVERGENCE: REL_REDUCTION_OF_F_<=_FACTR*EPSMCH,0.310399553006|0.405029144309|0.273769893697|0.517905775487|0.36095738757|0.373584477371|0.229240512336|0.651646281544|0.478034306152|0.485036070286|0.489988928169|0.322338646325|0.325830106364|0.329056513552|0.186844319747|0.827942981843|0.634392396316|0.625743397293|0.641100579285|0.643744417355|0.426072068206|0.42015185701|0.419729796431|0.440546296143|0.4383663983|0.440185120901|0.249145003697|0.25707911073|0.259394850514|0.256201608505|0.13116579861|0.891769369579|0.707392749007|0.69911267733|0.682984410377|0.695057051304|0.694749094354|0.47441956192|0.472080194499|0.466790980321|0.456565347171|0.467820910596|0.476024104379|0.469404703907|0.467323124851|0.466440129205|0.471280995841|0.264519521647|0.264236128322|0.275431815517|0.275906309784|0.27211963443|0.275127308751|0.277366456866|0.275685027889|0.274607459737|0.273830820212|0.140032497826|0.139299322279|0.138725008619|0.133236145192|0.142745808438|0.0539146287221|1|1|1|1|1|1|1|0.910585898206|0.871251111144|0.850761127773|0.850842557928|0.846699422122|0.874457614654|0.843453399771|0.849171597708|0.867641992893|0.846663659688|0.822500006429|0.816100236476|0.795596529302|0.79633870927|0.816256626587|0.568486321137|0.539979001883|0.534776876926|0.529573763052|0.543291911287|0.53930331242|0.534768216427|0.517151168406|0.531890551288|0.537193484161|0.54636594833|0.539877101242|0.534941304905|0.552788667983|0.548331268377|0.54447815734|0.517053904685|0.514010996664|0.50812616668|0.51520907442|0.29885185597|0.315315475678|0.328631781205|0.315010364046|0.309481116252|0.305312268908|0.302666636798|0.302206365967|0.309842357362|0.293610286556|0.310852000314|0.308825733483|0.305718968929|0.289782618119|0.301631210801|0.144905194434|0.143178166738|0.141226789699|0.133476771114|0.138226108203|0.136321646325|0.0381147669969|1|1|1|1|1|1|1|1|1|1|1|1|1|1|1|1|1|1|1|1|1|1|1|1|1|1|1|1|1|1|1|1|1|1|0.989019100117|0.984898160878|0.980782927812|0.975176142045|0.97682640949|0.965515483592|0.957422924295|0.926556263788|0.91892751277|0.912683496059|1|0.962606469651|0.957738919921|0.950421457414|0.954267178299|0.944484392946|0.936664342544|0.906178504595|0.899622990533|0.915971305041|0.929761971809|0.918813099768|0.913145517363|0.922360436993|0.913971988885|0.905794435974|0.860612552735|0.855786162294|0.847320323058|0.840775810137|0.669680287464|0.626207027888|0.621973752131|0.615595679745|0.632540237966|0.623811072344|0.616871931563|0.58997173549|0.619558777004|0.628782504624|0.610754370936|0.601085986354|0.596114236691|0.622718854861|0.615293465017|0.608119121852|0.56874569822|0.564582775226|0.557312373868|0.564733977982|0.594978963533|0.5857379888|0.634360560602|0.607470346964|0.600116231759|0.593000039019|0.555488184629|0.550385771461|0.584216068607|0.551255910443|0.580967224001|0.576956607335|0.56986881917|0.536906806354|0.545578706048|0.347917603813|0.376097431314|0.37291271358|0.352823003781|0.34728459144|0.342104107235|0.341030597381|0.343663245374|0.338480748737|0.314214716978|0.336069095243|0.333102305105|0.327857420483|0.303858142816|0.308913367768|0.328458666329|0.32554962116|0.320443252091|0.297190486332|0.301868563029|0.295574011001|0.131763987903|0.129960635006|0.126770773084|0.112764742985|0.111593590616|0.108182057857|0.106035910811|0.0144645537913
low_eis,10,2,delay_frontier,default,optimal,0|5|10|15|35|75|125|175|225,adjoint_lbfgsb,adjoint_lbfgsb,3,sobol,,4.132527319073194,4.1468056124216295,0.014278293348435334,False,True,False,False,value_and_gradient,4.1468056124217165,790,790,608,90.80484747886658,ABNORMAL_TERMINATION_IN_LNSRCH,0.31040206911|0.40503475101|0.27377680091|0.517897160196|0.360953174409|0.37359101697|0.229237248537|0.6516448678|0.478037924547|0.485032366978|0.489996473589|0.322328959972|0.325819005071|0.329041471906|0.186840956892|0.827943361516|0.634392727452|0.625743140238|0.641099830447|0.643743950124|0.426074908113|0.420149966031|0.419737129621|0.440523743724|0.438366568196|0.4401762976|0.249143811664|0.257069916135|0.259388395813|0.256229423348|0.131177620396|0.891857459463|0.707431025343|0.699096556491|0.682962582079|0.695046641158|0.694739710691|0.474510815463|0.472018142048|0.466728855181|0.456534478892|0.467828659867|0.475986827882|0.469388180606|0.467268211473|0.466477725586|0.471239054971|0.264418964697|0.264240810824|0.275454343216|0.275889021056|0.272103589967|0.275098372558|0.277487008165|0.275659935635|0.274536474499|0.273825337126|0.140050777228|0.139305788328|0.138712007103|0.13320028244|0.14275196285|0.0537839259761|1|1|1|1|1|1|1|0.91060880127|0.871112338563|0.850631248889|0.850718779936|0.846624331761|0.874427052174|0.843404142708|0.849136543368|0.867543031103|0.846705959059|0.82261599455|0.816206855869|0.795607297667|0.796261189306|0.816129656401|0.568348767111|0.539814519785|0.534188866206|0.529892455927|0.543181279724|0.539264971248|0.534700015345|0.517005274041|0.531686682674|0.538257830026|0.546385654481|0.539454855962|0.534870138376|0.552723883865|0.548376487002|0.544617642467|0.516404532499|0.513880882957|0.508046991732|0.515204699439|0.298664341632|0.314814619783|0.328548624135|0.315779904511|0.30969743952|0.305341326715|0.302027107616|0.302210230681|0.309175774236|0.293420297525|0.310621256601|0.309025618815|0.305515584233|0.290151724766|0.301369899671|0.145442562713|0.14366214253|0.141591399654|0.133598592893|0.138311468444|0.136884097372|0.0378465204914|1|1|1|1|1|1|1|1|1|1|1|1|1|1|1|1|1|1|1|1|1|1|1|1|1|1|1|1|1|1|1|1|1|1|0.989460260785|0.985754910317|0.982303008592|0.975784866724|0.976008378674|0.965079154897|0.956690248542|0.927198506868|0.919129290305|0.911747612316|1|0.963350291364|0.958583010916|0.950564610839|0.956598940922|0.945167238354|0.937733877886|0.906761585269|0.90113187427|0.913244266947|0.930223523354|0.917897330606|0.913834532994|0.922613689233|0.912951913434|0.907699692215|0.859316851164|0.85483988901|0.846012383417|0.840615110276|0.649036317137|0.623137936827|0.619143381307|0.612320229125|0.630825952596|0.622466580056|0.614756414565|0.589926043742|0.620060254919|0.62919079462|0.608057029966|0.600510223565|0.595723158461|0.621725566305|0.614086820869|0.607053721486|0.5682663198|0.564419905481|0.556975744807|0.564785151189|0.594183923187|0.585478438142|0.634398727934|0.607563018166|0.600648804299|0.592025350013|0.555095642239|0.553243137076|0.584284151429|0.5518912906|0.58093987519|0.576955698996|0.570315853275|0.537190878304|0.545504287438|0.345596627535|0.378002196812|0.376350099636|0.354100172775|0.350963291034|0.328451241708|0.34244182316|0.34540980448|0.338956304519|0.314788353825|0.338079932728|0.335518531257|0.329517919338|0.307033329377|0.310626650599|0.330789276011|0.326615329729|0.321185174502|0.298663159997|0.302987170991|0.296426640583|0.143877496586|0.129552802672|0.135931773582|0.11830303489|0.119839302899|0.110363811317|0.107827734502|0.026059388543
low_eis,10,2,delay_frontier,default,optimal,0|5|10|15|35|75|125|175|225,adjoint_lbfgsb,adjoint_lbfgsb,4,structured_ramp,,4.139531687146329,4.1468056132364,0.007273926090070937,True,True,False,False,value_and_gradient,4.1468056132364,931,931,729,106.2556848526001,CONVERGENCE: REL_REDUCTION_OF_F_<=_FACTR*EPSMCH,0.310400610062|0.405029970871|0.273779244915|0.517897445915|0.360963335897|0.373596588859|0.229248878911|0.651643723292|0.478035282733|0.485023377223|0.489992598309|0.322349793032|0.32581088436|0.329044149139|0.186846858044|0.827944604418|0.634394042855|0.625744150587|0.641101390728|0.643743845902|0.426075414798|0.420173223613|0.419730920062|0.440514382424|0.438347960721|0.440177447432|0.249160558575|0.257076843784|0.259379865629|0.256229552841|0.131156377124|0.891716514779|0.707421947608|0.699133457946|0.682982646393|0.69505814398|0.694746218298|0.474440216811|0.472095634354|0.46680233438|0.456556451382|0.467941183815|0.476033846805|0.469419881036|0.467272724641|0.466390085924|0.471282456639|0.26452593668|0.264245479912|0.275432885065|0.27587217284|0.272085474148|0.27509947042|0.277454312353|0.275640054304|0.274550428386|0.273774042013|0.14001143266|0.139265296765|0.138671531298|0.133254014016|0.142858144829|0.0539315820788|1|1|1|1|1|1|1|0.910198276782|0.870976377739|0.850655595306|0.850763852998|0.846662039285|0.874493829462|0.843417147387|0.849121435217|0.867587177178|0.846518076023|0.822439280227|0.816038093117|0.795512142637|0.796189190667|0.816299164418|0.56851539756|0.539874239921|0.534640006607|0.529389626989|0.543127894375|0.539167516777|0.534652587088|0.517104058432|0.531721061459|0.537073430311|0.546208463453|0.539779150762|0.534933994243|0.552722689884|0.548321468608|0.544543751454|0.517094169844|0.513799570278|0.507810092845|0.514563746643|0.29849962101|0.315422059406|0.328960160933|0.315124129996|0.30963291651|0.305508122651|0.301137153214|0.301719967146|0.310219666534|0.293652954566|0.311223711203|0.309158383703|0.306009377049|0.289665659551|0.300991227438|0.14524038351|0.143451092526|0.141395181229|0.133237487608|0.137776630134|0.135923739172|0.0382439699618|1|1|1|1|1|1|1|1|1|1|1|1|1|1|1|1|1|1|1|1|1|1|1|1|1|1|1|1|1|1|1|1|1|1|0.989334830015|0.982658993483|0.97858671178|0.973107323455|0.977806688155|0.965176199156|0.956934147588|0.926400537034|0.918755669708|0.912634579481|1|0.960681977884|0.955919934824|0.948744418677|0.953601141287|0.943919225177|0.936146378393|0.905883510034|0.899210559316|0.91650278896|0.929374302386|0.918477924468|0.912785032205|0.922899921052|0.914463137042|0.906323371072|0.860948325431|0.856079777657|0.847610624662|0.841947506653|0.66444054792|0.621605283024|0.617448479018|0.611218876301|0.629509209688|0.6211276442|0.614485982213|0.588698244888|0.620702094206|0.62870773475|0.608619077524|0.599372239332|0.59466248114|0.623032413749|0.615905501847|0.609036550064|0.571136420457|0.567125670841|0.560160718625|0.568393623853|0.593472071878|0.58578686837|0.635770014595|0.608447176158|0.601228065472|0.594429748633|0.558549013018|0.553350843914|0.587490885255|0.555482314489|0.584433129989|0.580572520331|0.573737429527|0.541546054953|0.549594617674|0.350234447738|0.376152292503|0.373180194967|0.353043545942|0.347536375415|0.342433575529|0.343001988871|0.344632016874|0.339331915171|0.316166763723|0.337029054736|0.334214546462|0.329205753791|0.306455059233|0.313691251334|0.329692529483|0.32692697027|0.322106622708|0.300166780117|0.306782274906|0.301000301714|0.135974712758|0.133977607135|0.130469085859|0.115431599636|0.113867471037|0.110481120319|0.108421824293|0.0173451661087
low_eis,10,2,delay_frontier,default,optimal,0|5|10|15|35|75|125|175|225,adjoint_lbfgsb,adjoint_lbfgsb,5,structured_ramp,,4.139282444747154,4.146805613239163,0.007523168492008736,False,True,False,False,value_and_gradient,4.146805613239163,828,828,608,93.86217284202576,ABNORMAL_TERMINATION_IN_LNSRCH,0.310406534703|0.40503582329|0.273780598077|0.517895387031|0.360957476259|0.373595001021|0.229230542334|0.65164589967|0.478036180479|0.485031576256|0.489994599659|0.322355271955|0.3258224034|0.32903887222|0.186847925195|0.827942482934|0.634395440873|0.625743738885|0.641101397679|0.64374438448|0.426077413018|0.420174257641|0.419745221996|0.440537786003|0.438353402912|0.440152948662|0.249153420126|0.257073706774|0.259383844786|0.25621480126|0.131177846862|0.891784093167|0.707436402503|0.699134666766|0.682977217215|0.6950703876|0.694779329039|0.474446760602|0.472072700068|0.466788706874|0.456522719252|0.467815573208|0.475991286378|0.46937866492|0.467307553119|0.466497307332|0.471226075708|0.264561865978|0.264233182021|0.275431118566|0.275896493364|0.272113498341|0.275117279748|0.277454370183|0.275673566954|0.274535781024|0.273743927955|0.140031060163|0.139285986844|0.138695137193|0.133216604897|0.142874402939|0.0538655664521|1|1|1|1|1|1|1|0.910518679296|0.871141038757|0.850532530352|0.850642598921|0.846552237476|0.874601774885|0.84332230069|0.849047413779|0.867468843809|0.846744637067|0.822609606531|0.816202281357|0.795722348254|0.796411009808|0.816107859927|0.568488948553|0.5399901873|0.534785967791|0.529570240666|0.543162736381|0.539191133598|0.534658628439|0.517049571373|0.531958787994|0.536939782487|0.546223526192|0.539763230149|0.534903212736|0.552741891689|0.548314020442|0.544483438907|0.517183716244|0.514052063576|0.508145986885|0.515241017595|0.29878917955|0.315188770731|0.328646512782|0.314917038364|0.3094056762|0.305254535761|0.302117507024|0.302355169522|0.310210974993|0.293941839863|0.311222489314|0.309199517249|0.30609645694|0.290071193956|0.301443333411|0.145189097731|0.143074582682|0.140582759007|0.131927263556|0.137938911455|0.135993125011|0.0381141926132|1|1|1|1|1|1|1|1|1|1|1|1|1|1|1|1|1|1|1|1|1|1|1|1|1|1|1|1|1|1|1|1|1|1|0.990831789629|0.985596918407|0.981247435222|0.975573174665|0.977464296998|0.966825434766|0.958461362193|0.92768870478|0.920020340109|0.913814910619|1|0.962688789368|0.957824380286|0.950521932888|0.955041924258|0.945274657141|0.937434902998|0.906983682986|0.900330666886|0.917571481196|0.930569944678|0.919613135173|0.91388307161|0.924047194095|0.915596655443|0.907418740355|0.862000824462|0.857124846296|0.848599983144|0.842836371621|0.665470877248|0.622407190393|0.618210920048|0.61191173924|0.629218506637|0.620669612887|0.613882835559|0.587573626756|0.619245517189|0.627192897391|0.607842087918|0.598394531961|0.593556908629|0.621300792944|0.614030531734|0.607000576821|0.568387164704|0.564337984566|0.557223653344|0.56536939419|0.592263729336|0.584322343289|0.633814557543|0.606254855416|0.598948577977|0.591988028051|0.55533556211|0.551904892284|0.584500996143|0.552048540474|0.581331304524|0.577413729874|0.570452857328|0.537900748814|0.546735915932|0.353774321545|0.378257121306|0.375365766591|0.354759784721|0.349092636187|0.344045000314|0.337917842307|0.344008030062|0.338765581684|0.314584569437|0.336345137683|0.3333884604|0.328147539763|0.304308247454|0.309592458221|0.328797846286|0.325915645644|0.320809270074|0.297745926326|0.302602516539|0.296478760857|0.140051976259|0.138063747512|0.134540573237|0.119256668324|0.117133641704|0.11330322733|0.111018432219|0.0114365229419
low_eis,10,2,delay_frontier,default,optimal,0|5|10|15|35|75|125|175|225,adjoint_lbfgsb,adjoint_lbfgsb,6,structured_constant,,4.139206927977337,4.146805613141582,0.007598685164244223,True,True,False,False,value_and_gradient,4.146805613141582,1012,1012,745,114.8959629535675,CONVERGENCE: REL_REDUCTION_OF_F_<=_FACTR*EPSMCH,0.310404934476|0.405033976443|0.27377551215|0.517897929778|0.360945094627|0.373600302844|0.229245237447|0.651652727595|0.47803492893|0.4850214717|0.489980191968|0.322334088986|0.325823157928|0.329053543276|0.186843955164|0.827941064112|0.634397071864|0.625745585379|0.641103503386|0.643747899802|0.42604701563|0.420180034596|0.419749929442|0.440544686341|0.438408773875|0.440227775094|0.249138231776|0.257077346275|0.259390646145|0.256226063489|0.131130487867|0.891740394054|0.707460733398|0.699135597943|0.682990457666|0.695102188388|0.694776681951|0.474494403838|0.472126390348|0.466858579532|0.456581059227|0.467840133404|0.475944779889|0.469340141015|0.467286396814|0.46640697547|0.47120422476|0.264520459525|0.264244727555|0.275476303625|0.275888131843|0.272088316905|0.275105453355|0.277217869915|0.275647499278|0.274521212946|0.273738561803|0.140108518014|0.139366213582|0.138760246919|0.13315971755|0.142817949|0.0538022410507|1|1|1|1|1|1|1|0.910734455313|0.871312114433|0.850536649341|0.850643357503|0.846596976146|0.874354005676|0.843408775649|0.849106736906|0.867522779724|0.846469636065|0.822589132609|0.816179494167|0.795375538008|0.795975491802|0.815961426038|0.569506798517|0.540811021139|0.535574555791|0.530460847612|0.543245174263|0.539255871744|0.534700924306|0.517026592124|0.53235462574|0.537561223082|0.546281422411|0.539793229965|0.534920820864|0.552899328222|0.548463986999|0.54463054088|0.517211664153|0.514101953119|0.508192209606|0.51518322073|0.298826312277|0.315423867618|0.328649276352|0.315132448989|0.309642611573|0.305483168692|0.301800355933|0.302525591499|0.309986926791|0.293622380823|0.31098858192|0.308997360811|0.305829532832|0.289717934871|0.301417165905|0.145517216697|0.143710577924|0.14164052244|0.133534786663|0.138234335542|0.136391218844|0.0395136671953|1|1|1|1|1|1|1|1|1|1|1|1|1|1|1|1|1|1|1|1|1|1|1|1|1|1|1|1|1|1|1|1|1|1|0.989373527841|0.985116693089|0.98102225093|0.975381232097|0.976717539806|0.965413758945|0.957315508212|0.926473351135|0.918801359719|0.912607654933|1|0.963002540045|0.958101669438|0.950726535781|0.954157311528|0.944378187233|0.936560324038|0.906098828927|0.899508948424|0.914694877448|0.929666840981|0.918728820256|0.913061116242|0.922273309985|0.913854127652|0.905689277941|0.860439695487|0.8556261745|0.847169400629|0.83992069179|0.667173993694|0.625845102485|0.621761399826|0.615536564708|0.634531134102|0.625852511194|0.618947362372|0.591848928633|0.617786924065|0.630727441351|0.612846375736|0.603142996278|0.59815323578|0.624593581282|0.61708663477|0.609849496283|0.570012675612|0.565797725913|0.558411234788|0.565183514881|0.59706628822|0.5867605808|0.63620701466|0.609253332451|0.601870493374|0.594690993053|0.556546854869|0.551061045997|0.585028881519|0.551709288048|0.581723726176|0.577676669418|0.570503025925|0.537206226573|0.545503242267|0.348071463604|0.376829012215|0.374026571647|0.354892201296|0.349557726441|0.344444063864|0.344518610152|0.346176531278|0.341323007103|0.317098003366|0.338924888399|0.335976517326|0.330755239174|0.306658226567|0.310963388104|0.33135328241|0.328458172734|0.323354559672|0.299947594713|0.303868771051|0.297449904118|0.137884813129|0.136150940086|0.133090169652|0.119356096872|0.117744476008|0.114231200719|0.11210387691|0.0236138981022
low_eis,10,2,delay_frontier,default,optimal,0|5|10|15|35|75|125|175|225,adjoint_lbfgsb,adjoint_lbfgsb,7,structured_ramp,,4.138773585314978,4.146805613631178,0.00803202831620009,False,True,False,False,value_and_gradient,4.146805613631179,846,846,660,101.60351610183716,ABNORMAL_TERMINATION_IN_LNSRCH,0.310400069049|0.405021177914|0.273766064204|0.517896919275|0.360946600292|0.37358969175|0.229227374764|0.6516541639|0.478039681429|0.485027320141|0.489995821236|0.322331845227|0.325817521821|0.329044901873|0.186851768001|0.827942506951|0.634394630028|0.625741171606|0.641104459698|0.643740908269|0.426073304677|0.420184043639|0.419745835423|0.440535814074|0.438367531272|0.440177112675|0.24912870384|0.25706316677|0.25937671845|0.256232231809|0.131149347926|0.891771207292|0.707375008917|0.699137979576|0.682987359879|0.695089920908|0.694752197368|0.474456641195|0.472074437077|0.466789517968|0.45656566443|0.467825109342|0.475996235663|0.469385176546|0.467290535439|0.466509796681|0.471312372429|0.264499745812|0.264299273778|0.275454972247|0.275825221048|0.272042472421|0.275044894408|0.277289717741|0.275673436788|0.27455237394|0.273744493168|0.140072885615|0.139344672361|0.138765661749|0.133334736409|0.142725387238|0.0537436024086|1|1|1|1|1|1|1|0.910929609208|0.871293620358|0.850448673784|0.850586257941|0.846576716559|0.874345081182|0.843371549038|0.849076534037|0.867448268435|0.846655619681|0.822759520675|0.816341561807|0.795658831331|0.796245261832|0.815882723514|0.568664652642|0.540070089009|0.534854917948|0.529613494493|0.543117761583|0.539152391709|0.53462964607|0.51704117737|0.531709912767|0.538128901932|0.54619153354|0.539741019758|0.534882069304|0.552933420753|0.548475318327|0.544641342409|0.517152060401|0.513982247796|0.508244463455|0.515176243625|0.298295314841|0.315282893607|0.328750155337|0.315288388529|0.309802606076|0.305688714629|0.30145272815|0.302222083893|0.310154662183|0.29364080426|0.311142526941|0.309104305782|0.305955838147|0.289694737737|0.301372165518|0.144857464704|0.143191631824|0.141378565436|0.134105634588|0.138789273655|0.136460387074|0.0387489507905|1|1|1|1|1|1|1|1|1|1|1|1|1|1|1|1|1|1|1|1|1|1|1|1|1|1|1|1|1|1|1|1|1|1|0.990920208306|0.984030536992|0.978834568988|0.97162796797|0.976012888815|0.964364022138|0.956126767942|0.925634196038|0.918072692766|0.911885828129|1|0.958778006279|0.954031697993|0.946922437187|0.952704534587|0.94306200139|0.935311891882|0.905197057934|0.898755806701|0.913278914702|0.928583579935|0.917757284996|0.912081129492|0.922014073635|0.913650551977|0.905490323909|0.86037789615|0.855587995353|0.84712554494|0.840599974469|0.667016141182|0.623807252732|0.619601674903|0.613282190056|0.630252426331|0.621695987443|0.61490065719|0.588592485502|0.619868347953|0.627337554361|0.608892135402|0.599440639052|0.594597150943|0.621456736533|0.614205234939|0.607200182983|0.568701367198|0.564616543994|0.557536834017|0.565180766243|0.593418745683|0.585006003796|0.633459504861|0.606579881277|0.599341872199|0.592399099049|0.555870691961|0.551385674522|0.584315447709|0.552002150767|0.581223401318|0.57729359944|0.570352889791|0.537899830736|0.546146663336|0.348705300045|0.376145686006|0.373098253888|0.353156985023|0.347673872507|0.342532155626|0.34534989322|0.344508401234|0.339375308198|0.31570290119|0.337007440352|0.3341138073|0.329002412147|0.30564068897|0.311297985065|0.329496414713|0.326632774488|0.321662219861|0.299046680934|0.304392062231|0.298310587553|0.133660506211|0.131838670004|0.128614314914|0.114555217937|0.113531379149|0.110215900781|0.108162421316|0.0164902361797
low_ra,15,9,delay_frontier,default,optimal,0|5|10|15|35|75|125|175|225,adjoint_lbfgsb,adjoint_lbfgsb,0,structured_ramp,,7.597707598480417,7.673125882053155,0.07541828357273772,True,True,False,False,value_and_gradient,7.673125882053155,821,821,567,92.02017951011658,CONVERGENCE: REL_REDUCTION_OF_F_<=_FACTR*EPSMCH,0.618721485078|0.745790111793|0.544472124713|0.892033795442|0.675650415328|0.683748210359|0.467842646033|1|0.813089953987|0.816733047309|0.816924045248|0.581300458085|0.585700495434|0.588395819823|0.385601790275|1|0.976238146128|0.977340394696|0.974462614735|0.976869528851|0.687689695998|0.686060098139|0.68582915041|0.705312490787|0.706734813241|0.706110678988|0.450308035528|0.448117724738|0.451623630103|0.467288534024|0.272749072485|1|1|1|1|1|1|0.778825983296|0.793735601543|0.790097660838|0.782890803231|0.791820927583|0.78973726506|0.783120143588|0.790085888569|0.794464992492|0.789056104069|0.448404626374|0.459428382906|0.47664130219|0.472917677792|0.468116554056|0.471938092206|0.494899059709|0.489977609513|0.485300555622|0.499491984551|0.268934314592|0.266068754994|0.282150333452|0.280412198028|0.294448444734|0.121622036411|1|1|1|1|1|1|1|1|1|1|1|1|1|1|1|1|1|1|1|1|1|1|0.784025538071|0.780416658959|0.77524801917|0.77017538665|0.823724606612|0.816658321365|0.808346564628|0.860803798599|0.852368561929|0.841925013027|0.808377055107|0.801800354728|0.845757042383|0.843550879808|0.835574286976|0.827080068771|0.846112657168|0.836840136211|0.826741994311|0.81236314664|0.533705885897|0.527887313863|0.523922610565|0.50284924734|0.495640929484|0.520260115167|0.525819349452|0.519218354069|0.512552725292|0.541446405028|0.511991491384|0.5047517418|0.529318706416|0.525905239979|0.53888573439|0.303485932203|0.303951557939|0.298739043954|0.281544542037|0.285590228197|0.277118311645|0.0793982230505|1|1|1|1|1|1|1|1|1|1|1|1|1|1|1|1|1|1|1|1|1|1|1|1|1|1|1|1|1|1|1|1|1|1|1|1|1|1|1|1|1|1|1|1|1|1|1|1|1|1|1|1|1|1|1|1|1|1|1|1|1|1|1|1|0.569820314423|0.625053144809|0.635010026847|0.641147310721|0.819631035471|0.812806317153|0.805177162097|0.907271362543|0.897945539373|0.885042678412|0.7984927993|0.78960697986|0.912230589318|0.874138019443|0.863271714005|0.850864083558|0.893595433975|0.880920765219|0.868375793294|0.852010558136|0.912404778953|0.900459923903|0.890747733304|0.85240931983|0.841361352847|0.831146098245|0.872999083972|0.860695644909|0.848576498216|0.875652785556|0.847684847232|0.835576083597|0.834973158446|0.852133492076|0.855317814193|0.586639816468|0.579010307589|0.57212887236|0.542674590485|0.533758547878|0.588112272831|0.550372995999|0.53962117834|0.52865396115|0.553931993322|0.527295662826|0.516844672375|0.571130181448|0.531350129581|0.536462332121|0.558619803894|0.565775152021|0.556439708503|0.516789327435|0.52225671204|0.506562521917|0.282732430037|0.275306236928|0.267554998924|0.231858831048|0.205069849829|0.190903320205|0.182036387643|0.0341944357927
low_ra,15,9,delay_frontier,default,optimal,0|5|10|15|35|75|125|175|225,adjoint_lbfgsb,adjoint_lbfgsb,1,structured_sigmoid,,7.575287578503168,7.673125903943234,0.09783832544006543,True,True,False,False,value_and_gradient,7.673125903943234,1097,1097,776,121.81586933135986,CONVERGENCE: REL_REDUCTION_OF_F_<=_FACTR*EPSMCH,0.618687487437|0.745822160393|0.544550068434|0.892045041346|0.675722189898|0.683823206154|0.467838541141|1|0.813140026876|0.816755112756|0.816952896536|0.581317256323|0.585799279106|0.588345672876|0.385878728055|1|0.976322915191|0.977292111829|0.974368771722|0.976896989582|0.687734526989|0.685902547628|0.685852630508|0.705326381367|0.706698857102|0.706031092631|0.44987499913|0.447779539691|0.451719810781|0.467631475927|0.273157860888|1|1|1|1|1|1|0.779201324647|0.79345221515|0.789944391584|0.782929890832|0.791849442574|0.789777422743|0.782894587014|0.789976113758|0.794462898052|0.789104394601|0.44874854398|0.459626389852|0.475449356404|0.472882920873|0.468065793898|0.471877405978|0.494493248055|0.489699167738|0.484980981496|0.500316300353|0.268182782355|0.266340740865|0.282706258065|0.280669592443|0.294642089685|0.122178593081|1|1|1|1|1|1|1|1|1|1|1|1|1|1|1|1|1|1|1|1|1|1|0.783021606613|0.781547568702|0.775500074318|0.769615862337|0.825211657669|0.818221219417|0.810011293665|0.860011809074|0.852013276145|0.841386818492|0.810005819163|0.802151892064|0.847432698564|0.842885715684|0.834979295938|0.826450715062|0.844584144803|0.835455465865|0.826069513202|0.812313044728|0.532004696648|0.526944753247|0.522754201658|0.50051232294|0.493121029004|0.516480966401|0.525565189753|0.519757415971|0.513565039722|0.544203873218|0.512516541058|0.507103592575|0.529503325306|0.528765699689|0.535578603991|0.301540866275|0.305360912478|0.300892936802|0.282919201527|0.282560411694|0.273965549893|0.0944372471069|1|1|1|1|1|1|1|1|1|1|1|1|1|1|1|1|1|1|1|1|1|1|1|1|1|1|1|1|1|1|1|1|1|1|1|1|1|1|1|1|1|1|1|1|1|1|1|1|1|1|1|1|1|1|1|1|1|1|1|1|1|1|1|1|0.543023205241|0.605872397125|0.617253928559|0.624192299884|0.816309822972|0.809795695343|0.802637925654|0.905114416072|0.896473276853|0.884478831942|0.796701705237|0.78835271296|0.911583794099|0.874620958289|0.864456454692|0.85285026137|0.895932675881|0.883526751792|0.871016922324|0.840596977912|0.911138362178|0.900020562105|0.891138223857|0.854929841255|0.844462660092|0.834820249539|0.875461102619|0.863174959776|0.850845847623|0.8743690475|0.849909768956|0.837677365697|0.830814142663|0.847866057478|0.843110288322|0.572932083835|0.566008633127|0.559822142315|0.53330965756|0.52525809081|0.59026958568|0.552808062355|0.542928116558|0.533013624456|0.564680912992|0.532142394591|0.522465857996|0.581120028995|0.544122266653|0.55253475826|0.573386779926|0.575792697051|0.567540716509|0.531030857913|0.539041024472|0.524215696503|0.257961605393|0.252014423148|0.245204640508|0.21512816686|0.19784821328|0.186698976872|0.180231914904|0.00494164005525
low_ra,15,9,delay_frontier,default,optimal,0|5|10|15|35|75|125|175|225,adjoint_lbfgsb,adjoint_lbfgsb,2,structured_constant,,7.6500168869726375,7.673125909474567,0.02310902250192992,True,True,False,False,value_and_gradient,7.673125909474567,1443,1443,825,157.04513001441956,CONVERGENCE: REL_REDUCTION_OF_F_<=_FACTR*EPSMCH,0.618664400824|0.745782805977|0.544533248658|0.892034663648|0.675589338422|0.683752698093|0.46799687878|1|0.81311179753|0.816738833571|0.816945665757|0.581357599599|0.58568253956|0.588480353697|0.38584034627|1|0.976193212998|0.977326823556|0.974463810861|0.976855671744|0.687730090406|0.686141982199|0.685893126741|0.705421999418|0.706794630366|0.706126530956|0.450269000056|0.447879431956|0.452178950302|0.467668087533|0.273168648174|1|1|1|1|1|1|0.778615686304|0.793704222853|0.790062415073|0.782892085151|0.791734247973|0.789664328547|0.782726724687|0.789751545694|0.794419505783|0.789055672267|0.448783873444|0.45970070664|0.477020421444|0.473075116236|0.468267401082|0.472206798189|0.494934659495|0.489814291354|0.485185388263|0.50060594896|0.268543522235|0.266579503808|0.284024088335|0.280140809496|0.294297863422|0.122207176222|1|1|1|1|1|1|1|1|1|1|1|1|1|1|1|1|1|1|1|1|1|1|0.78462406014|0.779535745329|0.774389942723|0.769441197085|0.825152169838|0.818178583083|0.809873813714|0.863057920779|0.854914462951|0.843481168525|0.809938005688|0.801908304931|0.844766710354|0.845201557107|0.836839815098|0.827450334483|0.844742804107|0.835414836982|0.825690490594|0.812900377491|0.532251536729|0.527189302924|0.523016475886|0.501352224117|0.493981919621|0.521073885568|0.525699185628|0.519272871514|0.512831413916|0.543920458388|0.5124048684|0.507690252783|0.528606276047|0.528428045837|0.536875703427|0.298986226657|0.304257530454|0.299653415064|0.281132481532|0.281627902018|0.272785420243|0.0816071074529|1|1|1|1|1|1|1|1|1|1|1|1|1|1|1|1|1|1|1|1|1|1|1|1|1|1|1|1|1|1|1|1|1|1|1|1|1|1|1|1|1|1|1|1|1|1|1|1|1|1|1|1|1|1|1|1|1|1|1|1|1|1|1|1|0.556074911083|0.616589946024|0.627772245041|0.634689707005|0.821289446883|0.814811388853|0.807582538341|0.906370339808|0.897318049673|0.884739964575|0.801507963242|0.792951582911|0.9096982468|0.874314122408|0.863677332907|0.851540388113|0.887331926809|0.874768603448|0.862508143929|0.836999643052|0.911943244451|0.90088213044|0.891560705732|0.853642416074|0.8428322609|0.832224295869|0.867099588945|0.854741916733|0.842765970865|0.86179835973|0.842072213126|0.82962503138|0.81928033465|0.838711383875|0.835664597895|0.58656970697|0.57965814744|0.573479740621|0.546259154858|0.537938974803|0.59345526076|0.558226922664|0.547779821711|0.537067462984|0.56249180099|0.536031702643|0.525802792157|0.579143528826|0.540114038343|0.54304389557|0.57246201508|0.574646870485|0.565650441688|0.525908748852|0.528697991491|0.512502894054|0.286799141732|0.281111826055|0.273692384279|0.240902088769|0.217410535724|0.204397744733|0.195895893657|0.0211554066706
low_ra,15,9,delay_frontier,default,optimal,0|5|10|15|35|75|125|175|225,adjoint_lbfgsb,adjoint_lbfgsb,3,sobol,,7.6351490839686775,7.673125744382464,0.037976660413786334,True,True,False,False,value_and_gradient,7.673125744382464,756,756,515,83.95543384552002,CONVERGENCE: REL_REDUCTION_OF_F_<=_FACTR*EPSMCH,0.618681575051|0.745848869287|0.54453121876|0.892054873153|0.675601845948|0.683736084327|0.467943985452|1|0.81310536184|0.816696306285|0.817005759347|0.581283137111|0.585763465476|0.588334452095|0.385735518564|1|0.976331426326|0.977358299327|0.97445946276|0.976836810282|0.687824193219|0.686240815484|0.685890586873|0.705350795032|0.706697536121|0.706071397443|0.449745845866|0.447933280816|0.451505137802|0.467482643512|0.273382375921|1|1|1|1|1|1|0.779805773739|0.793799956242|0.790248746507|0.783080410271|0.791694867377|0.78944279207|0.783069108395|0.790040481263|0.794196200035|0.788994008518|0.448998612072|0.459978806204|0.476050086076|0.472985002512|0.468197681626|0.472041000338|0.49488534318|0.489741805198|0.484790419246|0.499993355818|0.268791380385|0.265783273286|0.282741567112|0.279589491928|0.294865357974|0.123577635568|1|1|1|1|1|1|1|1|1|1|1|1|1|1|1|1|1|1|1|1|1|1|0.781934886824|0.779689813885|0.773626966897|0.769615672294|0.828740282179|0.821742012142|0.816442879929|0.861266855257|0.852332018331|0.841175531125|0.813938082489|0.800454244806|0.84618388644|0.842346826039|0.836667081812|0.825756389809|0.845023976786|0.835995180927|0.825625272518|0.812716680437|0.537009973022|0.527626814435|0.521871228726|0.50391013988|0.49534164488|0.526404014816|0.526397663273|0.520654069916|0.513082701244|0.542070067036|0.514300870883|0.503110964492|0.530859581686|0.525298107525|0.536114728772|0.300813408796|0.295801890781|0.298521087039|0.274123762825|0.277928556384|0.274935284058|0.0853262866367|1|1|1|1|1|1|1|1|1|1|1|1|1|1|1|1|1|1|1|1|1|1|1|1|1|1|1|1|1|1|1|1|1|1|1|1|1|1|1|1|1|1|1|1|1|1|1|1|1|1|1|1|1|1|1|1|1|1|1|1|1|1|1|1|0.45304618275|0.47154390081|0.526121325843|0.631150366087|0.826345480401|0.823006881821|0.819593831199|0.920766092943|0.900327341601|0.88425465111|0.798558303653|0.805293528228|0.911333177773|0.922122130771|0.87023324689|0.852077773558|0.917219961572|0.907942676099|0.866679347484|0.844206195939|0.913760669097|0.910231898744|0.929475637115|0.86517733557|0.845999811286|0.831412908622|0.879182651843|0.858213439721|0.848924092319|0.872563900461|0.85844066191|0.829180877318|0.829218485287|0.843329760183|0.842403164504|0.534110231929|0.500045515798|0.568118744859|0.53921672625|0.536358141594|0.59228788343|0.570231576267|0.547675585499|0.537992200536|0.564389029648|0.53631513632|0.555089499733|0.606952438611|0.557141693645|0.543724672658|0.574819266103|0.576676523874|0.590267245514|0.531418989976|0.530651369533|0.513771302226|0.257697780606|0.255454748537|0.267587121143|0.242565466184|0.226954718024|0.213061587003|0.208338312314|0.0314546821321
low_ra,15,9,delay_frontier,default,optimal,0|5|10|15|35|75|125|175|225,adjoint_lbfgsb,adjoint_lbfgsb,4,structured_constant,,7.647238473827883,7.673125883406355,0.025887409578471576,True,True,False,False,value_and_gradient,7.673125883406355,1407,1407,832,152.87375354766846,CONVERGENCE: REL_REDUCTION_OF_F_<=_FACTR*EPSMCH,0.618706768476|0.745773623788|0.544426974763|0.891967352108|0.675615435371|0.683739290882|0.467920475942|1|0.813082462964|0.816868619965|0.816985292668|0.581254134337|0.585717543539|0.588493121915|0.385619882926|1|0.976173190641|0.977351358698|0.974441249339|0.976918600212|0.68775027505|0.686241033299|0.686001951675|0.70547607533|0.706787627388|0.706083147945|0.450202608033|0.447887552832|0.451714262213|0.467403669393|0.272830649938|1|1|1|1|1|1|0.779605826513|0.794034159824|0.790375143754|0.782892956399|0.791976577196|0.789868953692|0.783352607389|0.789801252185|0.79449989324|0.789266724159|0.449026519438|0.460480540724|0.475894014232|0.472949028544|0.46813442001|0.471994030635|0.494644425533|0.489590339477|0.484770533522|0.500003786166|0.268628182969|0.267365784903|0.282962161553|0.279865930733|0.294567735521|0.123521921058|1|1|1|1|1|1|1|1|1|1|1|1|1|1|1|1|1|1|1|1|1|1|0.783071180668|0.779355396219|0.7741630921|0.769208249969|0.826053105547|0.819032715433|0.810596600766|0.861082818854|0.853241142864|0.84249010122|0.810599063766|0.802144066032|0.846109862349|0.843921739913|0.835897339986|0.827185953593|0.84507831735|0.8358473476|0.826214703141|0.812758214334|0.532956881598|0.527324486144|0.523229685998|0.50189590614|0.494665053683|0.520215440808|0.526704127496|0.520060945665|0.513443074676|0.541881196283|0.513305104904|0.50597473474|0.527799522413|0.526111877494|0.537399126311|0.301812220486|0.306057818034|0.301286291156|0.282396688338|0.283341791397|0.274713838208|0.0833150037313|1|1|1|1|1|1|1|1|1|1|1|1|1|1|1|1|1|1|1|1|1|1|1|1|1|1|1|1|1|1|1|1|1|1|1|1|1|1|1|1|1|1|1|1|1|1|1|1|1|1|1|1|1|1|1|1|1|1|1|1|1|1|1|1|0.53598802973|0.600702873178|0.613552558024|0.622153122795|0.819333245416|0.814155701087|0.808036915862|0.917646347545|0.908720681035|0.896143411363|0.802969774847|0.795984969352|0.921112454063|0.885661084996|0.874813135652|0.862210152609|0.904781610497|0.89120374212|0.877260944134|0.846547947469|0.923175131476|0.912488205031|0.903099105038|0.86433545431|0.853057249557|0.840364864022|0.881805871687|0.868341520277|0.854599001408|0.877682411966|0.853101248367|0.839691280286|0.83321181885|0.849318118856|0.847764382395|0.585703895378|0.580165655586|0.574805713974|0.550604917909|0.5429731433|0.601425963664|0.56378562765|0.553541063716|0.542932177103|0.565545104857|0.541760127079|0.531582782321|0.582968621667|0.542183487382|0.539529863|0.567192793736|0.578227644984|0.568874263279|0.527209951321|0.523719944601|0.505627227673|0.306080704745|0.29910226337|0.292417778903|0.26162125728|0.23768956566|0.224679107817|0.216449391061|0.0817766977832
low_ra,15,9,delay_frontier,default,optimal,0|5|10|15|35|75|125|175|225,adjoint_lbfgsb,adjoint_lbfgsb,5,structured_constant,,7.638580435587683,7.673125899657017,0.034545464069333676,True,True,False,False,value_and_gradient,7.673125899657017,1413,1413,832,153.3790192604065,CONVERGENCE: REL_REDUCTION_OF_F_<=_FACTR*EPSMCH,0.61872208177|0.745807531986|0.54450219977|0.892040954941|0.675600760821|0.683768632883|0.467711959035|1|0.813071188764|0.816735306243|0.816933317059|0.581244060242|0.585714423907|0.588401536796|0.385682705898|1|0.976360843845|0.977348542308|0.9744656889|0.976892527595|0.687721847569|0.686083908958|0.685884209172|0.705423093363|0.706711212011|0.706041398346|0.449873829865|0.448177124388|0.451830118742|0.46742967115|0.273124562532|1|1|1|1|1|1|0.779577056896|0.793806256493|0.790170125513|0.782955225368|0.791888073433|0.789823896006|0.782945016165|0.789939782819|0.79438176823|0.789004029758|0.448856007648|0.45944921647|0.475928904087|0.472956770659|0.468120359683|0.471778589833|0.4948530011|0.490018662546|0.485558126099|0.499901784644|0.267496442634|0.266837427448|0.28280608829|0.279823892108|0.294526031956|0.125117495295|1|1|1|1|1|1|1|1|1|1|1|1|1|1|1|1|1|1|1|1|1|1|0.782019891893|0.779465453817|0.774241315517|0.769239609405|0.825230166104|0.818167687526|0.809910099926|0.858588759805|0.851966450922|0.84101301523|0.809888555817|0.8001331534|0.846630239374|0.842335493494|0.834024708988|0.825122437603|0.844000774134|0.834877177504|0.825138466939|0.811145121384|0.533253430224|0.527434363048|0.523340012462|0.502446325296|0.495158931576|0.52010116714|0.524914261852|0.51802445434|0.51134394944|0.542208906549|0.511469069043|0.503871270476|0.527441777869|0.526840796366|0.535650560681|0.304427847941|0.301163466338|0.29656018694|0.27984237356|0.282656701745|0.273540186415|0.0838369760488|1|1|1|1|1|1|1|1|1|1|1|1|1|1|1|1|1|1|1|1|1|1|1|1|1|1|1|1|1|1|1|1|1|1|1|1|1|1|1|1|1|1|1|1|1|1|1|1|1|1|1|1|1|1|1|1|1|1|1|1|1|1|1|1|0.565190565681|0.621569846241|0.631509422068|0.637436299874|0.818319979252|0.811602270169|0.804193801996|0.905430725964|0.896424761796|0.884148764844|0.798013941377|0.789510592025|0.90873505692|0.873970690404|0.86353787761|0.851768534382|0.894187645712|0.881875662974|0.869857830503|0.851222600403|0.911012146559|0.900153483946|0.890851036983|0.853694619193|0.843002865799|0.833349400849|0.87401290524|0.861941913171|0.850213454262|0.875326591689|0.84932659396|0.837347763866|0.834877247552|0.851765827246|0.856163378076|0.583960047926|0.576545857102|0.570015225241|0.541772585247|0.5332576796|0.590532555903|0.553992459981|0.543633879397|0.53311368958|0.56102701113|0.532093024757|0.52197916272|0.577747281843|0.539439017454|0.546348830262|0.569212247533|0.572487743782|0.563932066547|0.525749448071|0.532805355989|0.517729771355|0.27677455089|0.271658076443|0.263877293384|0.229769424766|0.205408604376|0.192016838066|0.184048513932|0.0211059317699
low_ra,15,9,delay_frontier,default,optimal,0|5|10|15|35|75|125|175|225,adjoint_lbfgsb,adjoint_lbfgsb,6,sobol,,7.6336836130453545,7.673125883522583,0.03944227047722837,True,True,False,False,value_and_gradient,7.673125883522586,1283,1283,813,142.49257922172546,CONVERGENCE: REL_REDUCTION_OF_F_<=_FACTR*EPSMCH,0.61868289869|0.745803583335|0.544536518389|0.89200367508|0.675663740889|0.683802807836|0.46791929982|1|0.813083883839|0.816786834069|0.816931540273|0.58128724165|0.585740216138|0.588423011587|0.385849244267|1|0.976247029025|0.97738924387|0.9744867529|0.976849418843|0.687698249496|0.68604939963|0.685895958528|0.705491587569|0.706732936062|0.706227327575|0.450096138113|0.448049483021|0.451789836866|0.467594053688|0.272985926121|1|1|1|1|1|1|0.779321761251|0.793807742168|0.790183334243|0.782944156785|0.791815000772|0.789724923091|0.782853275086|0.789661122789|0.794537095417|0.789582978257|0.448868623742|0.460654397845|0.476751312614|0.474005122007|0.468953719032|0.473352791054|0.4947646123|0.489924391017|0.484827139202|0.500080609368|0.268313728601|0.266726433019|0.283895613718|0.279927181609|0.294628342816|0.123719876796|1|1|1|1|1|1|1|1|1|1|1|1|1|1|1|1|1|1|1|1|1|1|0.78321067153|0.779557808169|0.77412258618|0.769102828088|0.825550207425|0.816827998453|0.807308003162|0.860998124478|0.853344993212|0.842544015185|0.80663204087|0.802928853459|0.845188252076|0.844824983327|0.835770068057|0.828391463427|0.845002314568|0.835329898267|0.824852959306|0.810910526796|0.532127408374|0.528552424556|0.527141018271|0.504872998955|0.488711623037|0.516816011248|0.525465146816|0.521239457083|0.513159725979|0.538588569347|0.511555817301|0.501940505658|0.527902638527|0.527778764405|0.536180776415|0.299749831715|0.302888490119|0.298464317708|0.280163160796|0.281589534845|0.273381284006|0.0771272016221|1|1|1|1|1|1|1|1|1|1|1|1|1|1|1|1|1|1|1|1|1|1|1|1|1|1|1|1|1|1|1|1|1|1|1|1|1|1|1|1|1|1|1|1|1|1|1|1|1|1|1|1|1|1|1|1|1|1|1|1|1|1|1|1|0.470132357898|0.534045643617|0.532770345856|0.59791132928|0.821759231525|0.810351686215|0.806998807425|0.905335122487|0.896909967724|0.895473598151|0.802873513194|0.800615839331|0.918517698924|0.88216311208|0.875356944912|0.852404116628|0.886426118349|0.881772183004|0.859069557563|0.846604139927|0.910808256657|0.911124624303|0.903228586025|0.854821599098|0.842588068443|0.827293725648|0.865653709656|0.850766624455|0.844976885576|0.866767980082|0.837955531272|0.834391760372|0.827779677563|0.841797411979|0.841204897337|0.560714569208|0.56741943452|0.565909714485|0.517136086685|0.53583281624|0.596289463437|0.562969059502|0.55587329812|0.545983395422|0.575091359633|0.538917172999|0.539874071142|0.586604535631|0.550521778943|0.544647416755|0.575807523821|0.577882320576|0.576841004986|0.531895022172|0.529591006526|0.513429427563|0.266433872504|0.22937210358|0.259830408757|0.23701305999|0.21450064857|0.217321864878|0.193723843657|0.0438780852938
low_ra,15,9,delay_frontier,default,optimal,0|5|10|15|35|75|125|175|225,adjoint_lbfgsb,adjoint_lbfgsb,7,sobol,,7.632335150868792,7.673125909081363,0.04079075821257039,False,True,False,False,value_and_gradient,7.673125909081363,1431,1431,1000,166.4763584136963,STOP: TOTAL NO. of ITERATIONS REACHED LIMIT,0.618784210192|0.745841479948|0.544514079154|0.892062867606|0.675608032561|0.683762036631|0.467796435609|1|0.813072827548|0.816792606114|0.816988677447|0.581312086466|0.585617908291|0.588400237924|0.385607913904|1|0.976313147357|0.977359130522|0.97447209507|0.976895446552|0.687736522599|0.686083602183|0.685916759266|0.705396740868|0.706762955342|0.706123360799|0.450093250292|0.447886810832|0.451991514597|0.467362576117|0.272954705473|1|1|1|1|1|1|0.779512556315|0.793528883449|0.790110335409|0.782848338177|0.791783423582|0.789710437479|0.782916263136|0.78980558989|0.794434935613|0.789155722121|0.448902776329|0.460012920165|0.476414486606|0.472797981698|0.468057404084|0.472049400485|0.494473233047|0.489868473176|0.485005851623|0.499583061303|0.267857535907|0.265968435775|0.282592058355|0.280369018085|0.2946560248|0.123863509921|1|1|1|1|1|1|1|1|1|1|1|1|1|1|1|1|1|1|1|1|1|1|0.782361186777|0.779686650323|0.775027305622|0.771529705518|0.825506736549|0.818191472394|0.808905222791|0.861409420222|0.853335382156|0.842725067443|0.809485666484|0.802685953442|0.845427569702|0.844284120626|0.836116556671|0.827698148204|0.843722020742|0.835652307388|0.825266223655|0.812557540561|0.533200945726|0.528598450901|0.522117664216|0.503985447709|0.494173086925|0.520477019547|0.526298354344|0.516009550911|0.513539951136|0.541506432864|0.51338416983|0.505065005033|0.528318730213|0.526044426695|0.537283358465|0.300378309736|0.302501882611|0.298471657028|0.280160577024|0.287438406186|0.277296496893|0.0844181952864|1|1|1|1|1|1|1|1|1|1|1|1|1|1|1|1|1|1|1|1|1|1|1|1|1|1|1|1|1|1|1|1|1|1|1|1|1|1|1|1|1|1|1|1|1|1|1|1|1|1|1|1|1|1|1|1|1|1|1|1|1|1|1|1|0.508938859511|0.536015634264|0.562338910204|0.616119109273|0.825608844319|0.812076860117|0.8186123601|0.903790531681|0.920311419991|0.882424105016|0.805731767256|0.792740268117|0.920622462738|0.873939317375|0.862345373723|0.854794869368|0.888695976986|0.871207986887|0.870299772976|0.849808702404|0.91870772706|0.914365182642|0.900624787276|0.853275361182|0.840951530915|0.829936439121|0.856561240994|0.855818031831|0.844411239876|0.863697921639|0.840602561608|0.812580338536|0.831063856364|0.845552797982|0.844868690385|0.569886113746|0.575635905947|0.570906964018|0.546535942046|0.526806470226|0.598583152942|0.566370835898|0.550964961392|0.539629192779|0.569711041919|0.539496746376|0.5315184259|0.587583618234|0.548001532627|0.543881652949|0.575804881212|0.58227878842|0.571806620498|0.532122312653|0.531275250015|0.511168721274|0.266917598159|0.249940613239|0.256878775205|0.233280124365|0.210063482343|0.212652251484|0.208211655177|0.0161075836038
low_ra,5,7,delay_frontier,default,optimal,0|5|10|15|35|75|125|175|225,adjoint_lbfgsb,adjoint_lbfgsb,0,structured_ramp,,7.597707598480417,7.673125882053155,0.07541828357273772,True,True,False,False,value_and_gradient,7.673125882053155,821,821,567,91.73780512809753,CONVERGENCE: REL_REDUCTION_OF_F_<=_FACTR*EPSMCH,0.618721485078|0.745790111793|0.544472124713|0.892033795442|0.675650415328|0.683748210359|0.467842646033|1|0.813089953987|0.816733047309|0.816924045248|0.581300458085|0.585700495434|0.588395819823|0.385601790275|1|0.976238146128|0.977340394696|0.974462614735|0.976869528851|0.687689695998|0.686060098139|0.68582915041|0.705312490787|0.706734813241|0.706110678988|0.450308035528|0.448117724738|0.451623630103|0.467288534024|0.272749072485|1|1|1|1|1|1|0.778825983296|0.793735601543|0.790097660838|0.782890803231|0.791820927583|0.78973726506|0.783120143588|0.790085888569|0.794464992492|0.789056104069|0.448404626374|0.459428382906|0.47664130219|0.472917677792|0.468116554056|0.471938092206|0.494899059709|0.489977609513|0.485300555622|0.499491984551|0.268934314592|0.266068754994|0.282150333452|0.280412198028|0.294448444734|0.121622036411|1|1|1|1|1|1|1|1|1|1|1|1|1|1|1|1|1|1|1|1|1|1|0.784025538071|0.780416658959|0.77524801917|0.77017538665|0.823724606612|0.816658321365|0.808346564628|0.860803798599|0.852368561929|0.841925013027|0.808377055107|0.801800354728|0.845757042383|0.843550879808|0.835574286976|0.827080068771|0.846112657168|0.836840136211|0.826741994311|0.81236314664|0.533705885897|0.527887313863|0.523922610565|0.50284924734|0.495640929484|0.520260115167|0.525819349452|0.519218354069|0.512552725292|0.541446405028|0.511991491384|0.5047517418|0.529318706416|0.525905239979|0.53888573439|0.303485932203|0.303951557939|0.298739043954|0.281544542037|0.285590228197|0.277118311645|0.0793982230505|1|1|1|1|1|1|1|1|1|1|1|1|1|1|1|1|1|1|1|1|1|1|1|1|1|1|1|1|1|1|1|1|1|1|1|1|1|1|1|1|1|1|1|1|1|1|1|1|1|1|1|1|1|1|1|1|1|1|1|1|1|1|1|1|0.569820314423|0.625053144809|0.635010026847|0.641147310721|0.819631035471|0.812806317153|0.805177162097|0.907271362543|0.897945539373|0.885042678412|0.7984927993|0.78960697986|0.912230589318|0.874138019443|0.863271714005|0.850864083558|0.893595433975|0.880920765219|0.868375793294|0.852010558136|0.912404778953|0.900459923903|0.890747733304|0.85240931983|0.841361352847|0.831146098245|0.872999083972|0.860695644909|0.848576498216|0.875652785556|0.847684847232|0.835576083597|0.834973158446|0.852133492076|0.855317814193|0.586639816468|0.579010307589|0.57212887236|0.542674590485|0.533758547878|0.588112272831|0.550372995999|0.53962117834|0.52865396115|0.553931993322|0.527295662826|0.516844672375|0.571130181448|0.531350129581|0.536462332121|0.558619803894|0.565775152021|0.556439708503|0.516789327435|0.52225671204|0.506562521917|0.282732430037|0.275306236928|0.267554998924|0.231858831048|0.205069849829|0.190903320205|0.182036387643|0.0341944357927
low_ra,5,7,delay_frontier,default,optimal,0|5|10|15|35|75|125|175|225,adjoint_lbfgsb,adjoint_lbfgsb,1,structured_sigmoid,,7.575287578503168,7.673125903943234,0.09783832544006543,True,True,False,False,value_and_gradient,7.673125903943234,1097,1097,776,121.94200134277344,CONVERGENCE: REL_REDUCTION_OF_F_<=_FACTR*EPSMCH,0.618687487437|0.745822160393|0.544550068434|0.892045041346|0.675722189898|0.683823206154|0.467838541141|1|0.813140026876|0.816755112756|0.816952896536|0.581317256323|0.585799279106|0.588345672876|0.385878728055|1|0.976322915191|0.977292111829|0.974368771722|0.976896989582|0.687734526989|0.685902547628|0.685852630508|0.705326381367|0.706698857102|0.706031092631|0.44987499913|0.447779539691|0.451719810781|0.467631475927|0.273157860888|1|1|1|1|1|1|0.779201324647|0.79345221515|0.789944391584|0.782929890832|0.791849442574|0.789777422743|0.782894587014|0.789976113758|0.794462898052|0.789104394601|0.44874854398|0.459626389852|0.475449356404|0.472882920873|0.468065793898|0.471877405978|0.494493248055|0.489699167738|0.484980981496|0.500316300353|0.268182782355|0.266340740865|0.282706258065|0.280669592443|0.294642089685|0.122178593081|1|1|1|1|1|1|1|1|1|1|1|1|1|1|1|1|1|1|1|1|1|1|0.783021606613|0.781547568702|0.775500074318|0.769615862337|0.825211657669|0.818221219417|0.810011293665|0.860011809074|0.852013276145|0.841386818492|0.810005819163|0.802151892064|0.847432698564|0.842885715684|0.834979295938|0.826450715062|0.844584144803|0.835455465865|0.826069513202|0.812313044728|0.532004696648|0.526944753247|0.522754201658|0.50051232294|0.493121029004|0.516480966401|0.525565189753|0.519757415971|0.513565039722|0.544203873218|0.512516541058|0.507103592575|0.529503325306|0.528765699689|0.535578603991|0.301540866275|0.305360912478|0.300892936802|0.282919201527|0.282560411694|0.273965549893|0.0944372471069|1|1|1|1|1|1|1|1|1|1|1|1|1|1|1|1|1|1|1|1|1|1|1|1|1|1|1|1|1|1|1|1|1|1|1|1|1|1|1|1|1|1|1|1|1|1|1|1|1|1|1|1|1|1|1|1|1|1|1|1|1|1|1|1|0.543023205241|0.605872397125|0.617253928559|0.624192299884|0.816309822972|0.809795695343|0.802637925654|0.905114416072|0.896473276853|0.884478831942|0.796701705237|0.78835271296|0.911583794099|0.874620958289|0.864456454692|0.85285026137|0.895932675881|0.883526751792|0.871016922324|0.840596977912|0.911138362178|0.900020562105|0.891138223857|0.854929841255|0.844462660092|0.834820249539|0.875461102619|0.863174959776|0.850845847623|0.8743690475|0.849909768956|0.837677365697|0.830814142663|0.847866057478|0.843110288322|0.572932083835|0.566008633127|0.559822142315|0.53330965756|0.52525809081|0.59026958568|0.552808062355|0.542928116558|0.533013624456|0.564680912992|0.532142394591|0.522465857996|0.581120028995|0.544122266653|0.55253475826|0.573386779926|0.575792697051|0.567540716509|0.531030857913|0.539041024472|0.524215696503|0.257961605393|0.252014423148|0.245204640508|0.21512816686|0.19784821328|0.186698976872|0.180231914904|0.00494164005525
low_ra,5,7,delay_frontier,default,optimal,0|5|10|15|35|75|125|175|225,adjoint_lbfgsb,adjoint_lbfgsb,2,structured_constant,,7.6500168869726375,7.673125909474567,0.02310902250192992,True,True,False,False,value_and_gradient,7.673125909474567,1443,1443,825,157.47917437553406,CONVERGENCE: REL_REDUCTION_OF_F_<=_FACTR*EPSMCH,0.618664400824|0.745782805977|0.544533248658|0.892034663648|0.675589338422|0.683752698093|0.46799687878|1|0.81311179753|0.816738833571|0.816945665757|0.581357599599|0.58568253956|0.588480353697|0.38584034627|1|0.976193212998|0.977326823556|0.974463810861|0.976855671744|0.687730090406|0.686141982199|0.685893126741|0.705421999418|0.706794630366|0.706126530956|0.450269000056|0.447879431956|0.452178950302|0.467668087533|0.273168648174|1|1|1|1|1|1|0.778615686304|0.793704222853|0.790062415073|0.782892085151|0.791734247973|0.789664328547|0.782726724687|0.789751545694|0.794419505783|0.789055672267|0.448783873444|0.45970070664|0.477020421444|0.473075116236|0.468267401082|0.472206798189|0.494934659495|0.489814291354|0.485185388263|0.50060594896|0.268543522235|0.266579503808|0.284024088335|0.280140809496|0.294297863422|0.122207176222|1|1|1|1|1|1|1|1|1|1|1|1|1|1|1|1|1|1|1|1|1|1|0.78462406014|0.779535745329|0.774389942723|0.769441197085|0.825152169838|0.818178583083|0.809873813714|0.863057920779|0.854914462951|0.843481168525|0.809938005688|0.801908304931|0.844766710354|0.845201557107|0.836839815098|0.827450334483|0.844742804107|0.835414836982|0.825690490594|0.812900377491|0.532251536729|0.527189302924|0.523016475886|0.501352224117|0.493981919621|0.521073885568|0.525699185628|0.519272871514|0.512831413916|0.543920458388|0.5124048684|0.507690252783|0.528606276047|0.528428045837|0.536875703427|0.298986226657|0.304257530454|0.299653415064|0.281132481532|0.281627902018|0.272785420243|0.0816071074529|1|1|1|1|1|1|1|1|1|1|1|1|1|1|1|1|1|1|1|1|1|1|1|1|1|1|1|1|1|1|1|1|1|1|1|1|1|1|1|1|1|1|1|1|1|1|1|1|1|1|1|1|1|1|1|1|1|1|1|1|1|1|1|1|0.556074911083|0.616589946024|0.627772245041|0.634689707005|0.821289446883|0.814811388853|0.807582538341|0.906370339808|0.897318049673|0.884739964575|0.801507963242|0.792951582911|0.9096982468|0.874314122408|0.863677332907|0.851540388113|0.887331926809|0.874768603448|0.862508143929|0.836999643052|0.911943244451|0.90088213044|0.891560705732|0.853642416074|0.8428322609|0.832224295869|0.867099588945|0.854741916733|0.842765970865|0.86179835973|0.842072213126|0.82962503138|0.81928033465|0.838711383875|0.835664597895|0.58656970697|0.57965814744|0.573479740621|0.546259154858|0.537938974803|0.59345526076|0.558226922664|0.547779821711|0.537067462984|0.56249180099|0.536031702643|0.525802792157|0.579143528826|0.540114038343|0.54304389557|0.57246201508|0.574646870485|0.565650441688|0.525908748852|0.528697991491|0.512502894054|0.286799141732|0.281111826055|0.273692384279|0.240902088769|0.217410535724|0.204397744733|0.195895893657|0.0211554066706
low_ra,5,7,delay_frontier,default,optimal,0|5|10|15|35|75|125|175|225,adjoint_lbfgsb,adjoint_lbfgsb,3,sobol,,7.6351490839686775,7.673125744382464,0.037976660413786334,True,True,False,False,value_and_gradient,7.673125744382464,756,756,515,84.44082570075989,CONVERGENCE: REL_REDUCTION_OF_F_<=_FACTR*EPSMCH,0.618681575051|0.745848869287|0.54453121876|0.892054873153|0.675601845948|0.683736084327|0.467943985452|1|0.81310536184|0.816696306285|0.817005759347|0.581283137111|0.585763465476|0.588334452095|0.385735518564|1|0.976331426326|0.977358299327|0.97445946276|0.976836810282|0.687824193219|0.686240815484|0.685890586873|0.705350795032|0.706697536121|0.706071397443|0.449745845866|0.447933280816|0.451505137802|0.467482643512|0.273382375921|1|1|1|1|1|1|0.779805773739|0.793799956242|0.790248746507|0.783080410271|0.791694867377|0.78944279207|0.783069108395|0.790040481263|0.794196200035|0.788994008518|0.448998612072|0.459978806204|0.476050086076|0.472985002512|0.468197681626|0.472041000338|0.49488534318|0.489741805198|0.484790419246|0.499993355818|0.268791380385|0.265783273286|0.282741567112|0.279589491928|0.294865357974|0.123577635568|1|1|1|1|1|1|1|1|1|1|1|1|1|1|1|1|1|1|1|1|1|1|0.781934886824|0.779689813885|0.773626966897|0.769615672294|0.828740282179|0.821742012142|0.816442879929|0.861266855257|0.852332018331|0.841175531125|0.813938082489|0.800454244806|0.84618388644|0.842346826039|0.836667081812|0.825756389809|0.845023976786|0.835995180927|0.825625272518|0.812716680437|0.537009973022|0.527626814435|0.521871228726|0.50391013988|0.49534164488|0.526404014816|0.526397663273|0.520654069916|0.513082701244|0.542070067036|0.514300870883|0.503110964492|0.530859581686|0.525298107525|0.536114728772|0.300813408796|0.295801890781|0.298521087039|0.274123762825|0.277928556384|0.274935284058|0.0853262866367|1|1|1|1|1|1|1|1|1|1|1|1|1|1|1|1|1|1|1|1|1|1|1|1|1|1|1|1|1|1|1|1|1|1|1|1|1|1|1|1|1|1|1|1|1|1|1|1|1|1|1|1|1|1|1|1|1|1|1|1|1|1|1|1|0.45304618275|0.47154390081|0.526121325843|0.631150366087|0.826345480401|0.823006881821|0.819593831199|0.920766092943|0.900327341601|0.88425465111|0.798558303653|0.805293528228|0.911333177773|0.922122130771|0.87023324689|0.852077773558|0.917219961572|0.907942676099|0.866679347484|0.844206195939|0.913760669097|0.910231898744|0.929475637115|0.86517733557|0.845999811286|0.831412908622|0.879182651843|0.858213439721|0.848924092319|0.872563900461|0.85844066191|0.829180877318|0.829218485287|0.843329760183|0.842403164504|0.534110231929|0.500045515798|0.568118744859|0.53921672625|0.536358141594|0.59228788343|0.570231576267|0.547675585499|0.537992200536|0.564389029648|0.53631513632|0.555089499733|0.606952438611|0.557141693645|0.543724672658|0.574819266103|0.576676523874|0.590267245514|0.531418989976|0.530651369533|0.513771302226|0.257697780606|0.255454748537|0.267587121143|0.242565466184|0.226954718024|0.213061587003|0.208338312314|0.0314546821321
low_ra,5,7,delay_frontier,default,optimal,0|5|10|15|35|75|125|175|225,adjoint_lbfgsb,adjoint_lbfgsb,4,structured_constant,,7.647238473827883,7.673125883406355,0.025887409578471576,True,True,False,False,value_and_gradient,7.673125883406355,1407,1407,832,154.17509365081787,CONVERGENCE: REL_REDUCTION_OF_F_<=_FACTR*EPSMCH,0.618706768476|0.745773623788|0.544426974763|0.891967352108|0.675615435371|0.683739290882|0.467920475942|1|0.813082462964|0.816868619965|0.816985292668|0.581254134337|0.585717543539|0.588493121915|0.385619882926|1|0.976173190641|0.977351358698|0.974441249339|0.976918600212|0.68775027505|0.686241033299|0.686001951675|0.70547607533|0.706787627388|0.706083147945|0.450202608033|0.447887552832|0.451714262213|0.467403669393|0.272830649938|1|1|1|1|1|1|0.779605826513|0.794034159824|0.790375143754|0.782892956399|0.791976577196|0.789868953692|0.783352607389|0.789801252185|0.79449989324|0.789266724159|0.449026519438|0.460480540724|0.475894014232|0.472949028544|0.46813442001|0.471994030635|0.494644425533|0.489590339477|0.484770533522|0.500003786166|0.268628182969|0.267365784903|0.282962161553|0.279865930733|0.294567735521|0.123521921058|1|1|1|1|1|1|1|1|1|1|1|1|1|1|1|1|1|1|1|1|1|1|0.783071180668|0.779355396219|0.7741630921|0.769208249969|0.826053105547|0.819032715433|0.810596600766|0.861082818854|0.853241142864|0.84249010122|0.810599063766|0.802144066032|0.846109862349|0.843921739913|0.835897339986|0.827185953593|0.84507831735|0.8358473476|0.826214703141|0.812758214334|0.532956881598|0.527324486144|0.523229685998|0.50189590614|0.494665053683|0.520215440808|0.526704127496|0.520060945665|0.513443074676|0.541881196283|0.513305104904|0.50597473474|0.527799522413|0.526111877494|0.537399126311|0.301812220486|0.306057818034|0.301286291156|0.282396688338|0.283341791397|0.274713838208|0.0833150037313|1|1|1|1|1|1|1|1|1|1|1|1|1|1|1|1|1|1|1|1|1|1|1|1|1|1|1|1|1|1|1|1|1|1|1|1|1|1|1|1|1|1|1|1|1|1|1|1|1|1|1|1|1|1|1|1|1|1|1|1|1|1|1|1|0.53598802973|0.600702873178|0.613552558024|0.622153122795|0.819333245416|0.814155701087|0.808036915862|0.917646347545|0.908720681035|0.896143411363|0.802969774847|0.795984969352|0.921112454063|0.885661084996|0.874813135652|0.862210152609|0.904781610497|0.89120374212|0.877260944134|0.846547947469|0.923175131476|0.912488205031|0.903099105038|0.86433545431|0.853057249557|0.840364864022|0.881805871687|0.868341520277|0.854599001408|0.877682411966|0.853101248367|0.839691280286|0.83321181885|0.849318118856|0.847764382395|0.585703895378|0.580165655586|0.574805713974|0.550604917909|0.5429731433|0.601425963664|0.56378562765|0.553541063716|0.542932177103|0.565545104857|0.541760127079|0.531582782321|0.582968621667|0.542183487382|0.539529863|0.567192793736|0.578227644984|0.568874263279|0.527209951321|0.523719944601|0.505627227673|0.306080704745|0.29910226337|0.292417778903|0.26162125728|0.23768956566|0.224679107817|0.216449391061|0.0817766977832
low_ra,5,7,delay_frontier,default,optimal,0|5|10|15|35|75|125|175|225,adjoint_lbfgsb,adjoint_lbfgsb,5,structured_constant,,7.638580435587683,7.673125899657017,0.034545464069333676,True,True,False,False,value_and_gradient,7.673125899657017,1413,1413,832,154.35241055488586,CONVERGENCE: REL_REDUCTION_OF_F_<=_FACTR*EPSMCH,0.61872208177|0.745807531986|0.54450219977|0.892040954941|0.675600760821|0.683768632883|0.467711959035|1|0.813071188764|0.816735306243|0.816933317059|0.581244060242|0.585714423907|0.588401536796|0.385682705898|1|0.976360843845|0.977348542308|0.9744656889|0.976892527595|0.687721847569|0.686083908958|0.685884209172|0.705423093363|0.706711212011|0.706041398346|0.449873829865|0.448177124388|0.451830118742|0.46742967115|0.273124562532|1|1|1|1|1|1|0.779577056896|0.793806256493|0.790170125513|0.782955225368|0.791888073433|0.789823896006|0.782945016165|0.789939782819|0.79438176823|0.789004029758|0.448856007648|0.45944921647|0.475928904087|0.472956770659|0.468120359683|0.471778589833|0.4948530011|0.490018662546|0.485558126099|0.499901784644|0.267496442634|0.266837427448|0.28280608829|0.279823892108|0.294526031956|0.125117495295|1|1|1|1|1|1|1|1|1|1|1|1|1|1|1|1|1|1|1|1|1|1|0.782019891893|0.779465453817|0.774241315517|0.769239609405|0.825230166104|0.818167687526|0.809910099926|0.858588759805|0.851966450922|0.84101301523|0.809888555817|0.8001331534|0.846630239374|0.842335493494|0.834024708988|0.825122437603|0.844000774134|0.834877177504|0.825138466939|0.811145121384|0.533253430224|0.527434363048|0.523340012462|0.502446325296|0.495158931576|0.52010116714|0.524914261852|0.51802445434|0.51134394944|0.542208906549|0.511469069043|0.503871270476|0.527441777869|0.526840796366|0.535650560681|0.304427847941|0.301163466338|0.29656018694|0.27984237356|0.282656701745|0.273540186415|0.0838369760488|1|1|1|1|1|1|1|1|1|1|1|1|1|1|1|1|1|1|1|1|1|1|1|1|1|1|1|1|1|1|1|1|1|1|1|1|1|1|1|1|1|1|1|1|1|1|1|1|1|1|1|1|1|1|1|1|1|1|1|1|1|1|1|1|0.565190565681|0.621569846241|0.631509422068|0.637436299874|0.818319979252|0.811602270169|0.804193801996|0.905430725964|0.896424761796|0.884148764844|0.798013941377|0.789510592025|0.90873505692|0.873970690404|0.86353787761|0.851768534382|0.894187645712|0.881875662974|0.869857830503|0.851222600403|0.911012146559|0.900153483946|0.890851036983|0.853694619193|0.843002865799|0.833349400849|0.87401290524|0.861941913171|0.850213454262|0.875326591689|0.84932659396|0.837347763866|0.834877247552|0.851765827246|0.856163378076|0.583960047926|0.576545857102|0.570015225241|0.541772585247|0.5332576796|0.590532555903|0.553992459981|0.543633879397|0.53311368958|0.56102701113|0.532093024757|0.52197916272|0.577747281843|0.539439017454|0.546348830262|0.569212247533|0.572487743782|0.563932066547|0.525749448071|0.532805355989|0.517729771355|0.27677455089|0.271658076443|0.263877293384|0.229769424766|0.205408604376|0.192016838066|0.184048513932|0.0211059317699
low_ra,5,7,delay_frontier,default,optimal,0|5|10|15|35|75|125|175|225,adjoint_lbfgsb,adjoint_lbfgsb,6,sobol,,7.6336836130453545,7.673125883522583,0.03944227047722837,True,True,False,False,value_and_gradient,7.673125883522586,1283,1283,813,143.2928512096405,CONVERGENCE: REL_REDUCTION_OF_F_<=_FACTR*EPSMCH,0.61868289869|0.745803583335|0.544536518389|0.89200367508|0.675663740889|0.683802807836|0.46791929982|1|0.813083883839|0.816786834069|0.816931540273|0.58128724165|0.585740216138|0.588423011587|0.385849244267|1|0.976247029025|0.97738924387|0.9744867529|0.976849418843|0.687698249496|0.68604939963|0.685895958528|0.705491587569|0.706732936062|0.706227327575|0.450096138113|0.448049483021|0.451789836866|0.467594053688|0.272985926121|1|1|1|1|1|1|0.779321761251|0.793807742168|0.790183334243|0.782944156785|0.791815000772|0.789724923091|0.782853275086|0.789661122789|0.794537095417|0.789582978257|0.448868623742|0.460654397845|0.476751312614|0.474005122007|0.468953719032|0.473352791054|0.4947646123|0.489924391017|0.484827139202|0.500080609368|0.268313728601|0.266726433019|0.283895613718|0.279927181609|0.294628342816|0.123719876796|1|1|1|1|1|1|1|1|1|1|1|1|1|1|1|1|1|1|1|1|1|1|0.78321067153|0.779557808169|0.77412258618|0.769102828088|0.825550207425|0.816827998453|0.807308003162|0.860998124478|0.853344993212|0.842544015185|0.80663204087|0.802928853459|0.845188252076|0.844824983327|0.835770068057|0.828391463427|0.845002314568|0.835329898267|0.824852959306|0.810910526796|0.532127408374|0.528552424556|0.527141018271|0.504872998955|0.488711623037|0.516816011248|0.525465146816|0.521239457083|0.513159725979|0.538588569347|0.511555817301|0.501940505658|0.527902638527|0.527778764405|0.536180776415|0.299749831715|0.302888490119|0.298464317708|0.280163160796|0.281589534845|0.273381284006|0.0771272016221|1|1|1|1|1|1|1|1|1|1|1|1|1|1|1|1|1|1|1|1|1|1|1|1|1|1|1|1|1|1|1|1|1|1|1|1|1|1|1|1|1|1|1|1|1|1|1|1|1|1|1|1|1|1|1|1|1|1|1|1|1|1|1|1|0.470132357898|0.534045643617|0.532770345856|0.59791132928|0.821759231525|0.810351686215|0.806998807425|0.905335122487|0.896909967724|0.895473598151|0.802873513194|0.800615839331|0.918517698924|0.88216311208|0.875356944912|0.852404116628|0.886426118349|0.881772183004|0.859069557563|0.846604139927|0.910808256657|0.911124624303|0.903228586025|0.854821599098|0.842588068443|0.827293725648|0.865653709656|0.850766624455|0.844976885576|0.866767980082|0.837955531272|0.834391760372|0.827779677563|0.841797411979|0.841204897337|0.560714569208|0.56741943452|0.565909714485|0.517136086685|0.53583281624|0.596289463437|0.562969059502|0.55587329812|0.545983395422|0.575091359633|0.538917172999|0.539874071142|0.586604535631|0.550521778943|0.544647416755|0.575807523821|0.577882320576|0.576841004986|0.531895022172|0.529591006526|0.513429427563|0.266433872504|0.22937210358|0.259830408757|0.23701305999|0.21450064857|0.217321864878|0.193723843657|0.0438780852938
low_ra,5,7,delay_frontier,default,optimal,0|5|10|15|35|75|125|175|225,adjoint_lbfgsb,adjoint_lbfgsb,7,sobol,,7.632335150868792,7.673125909081363,0.04079075821257039,False,True,False,False,value_and_gradient,7.673125909081363,1431,1431,1000,167.5254521369934,STOP: TOTAL NO. of ITERATIONS REACHED LIMIT,0.618784210192|0.745841479948|0.544514079154|0.892062867606|0.675608032561|0.683762036631|0.467796435609|1|0.813072827548|0.816792606114|0.816988677447|0.581312086466|0.585617908291|0.588400237924|0.385607913904|1|0.976313147357|0.977359130522|0.97447209507|0.976895446552|0.687736522599|0.686083602183|0.685916759266|0.705396740868|0.706762955342|0.706123360799|0.450093250292|0.447886810832|0.451991514597|0.467362576117|0.272954705473|1|1|1|1|1|1|0.779512556315|0.793528883449|0.790110335409|0.782848338177|0.791783423582|0.789710437479|0.782916263136|0.78980558989|0.794434935613|0.789155722121|0.448902776329|0.460012920165|0.476414486606|0.472797981698|0.468057404084|0.472049400485|0.494473233047|0.489868473176|0.485005851623|0.499583061303|0.267857535907|0.265968435775|0.282592058355|0.280369018085|0.2946560248|0.123863509921|1|1|1|1|1|1|1|1|1|1|1|1|1|1|1|1|1|1|1|1|1|1|0.782361186777|0.779686650323|0.775027305622|0.771529705518|0.825506736549|0.818191472394|0.808905222791|0.861409420222|0.853335382156|0.842725067443|0.809485666484|0.802685953442|0.845427569702|0.844284120626|0.836116556671|0.827698148204|0.843722020742|0.835652307388|0.825266223655|0.812557540561|0.533200945726|0.528598450901|0.522117664216|0.503985447709|0.494173086925|0.520477019547|0.526298354344|0.516009550911|0.513539951136|0.541506432864|0.51338416983|0.505065005033|0.528318730213|0.526044426695|0.537283358465|0.300378309736|0.302501882611|0.298471657028|0.280160577024|0.287438406186|0.277296496893|0.0844181952864|1|1|1|1|1|1|1|1|1|1|1|1|1|1|1|1|1|1|1|1|1|1|1|1|1|1|1|1|1|1|1|1|1|1|1|1|1|1|1|1|1|1|1|1|1|1|1|1|1|1|1|1|1|1|1|1|1|1|1|1|1|1|1|1|0.508938859511|0.536015634264|0.562338910204|0.616119109273|0.825608844319|0.812076860117|0.8186123601|0.903790531681|0.920311419991|0.882424105016|0.805731767256|0.792740268117|0.920622462738|0.873939317375|0.862345373723|0.854794869368|0.888695976986|0.871207986887|0.870299772976|0.849808702404|0.91870772706|0.914365182642|0.900624787276|0.853275361182|0.840951530915|0.829936439121|0.856561240994|0.855818031831|0.844411239876|0.863697921639|0.840602561608|0.812580338536|0.831063856364|0.845552797982|0.844868690385|0.569886113746|0.575635905947|0.570906964018|0.546535942046|0.526806470226|0.598583152942|0.566370835898|0.550964961392|0.539629192779|0.569711041919|0.539496746376|0.5315184259|0.587583618234|0.548001532627|0.543881652949|0.575804881212|0.58227878842|0.571806620498|0.532122312653|0.531275250015|0.511168721274|0.266917598159|0.249940613239|0.256878775205|0.233280124365|0.210063482343|0.212652251484|0.208211655177|0.0161075836038
low_ra,10,8,delay_frontier,default,optimal,0|5|10|15|35|75|125|175|225,adjoint_lbfgsb,adjoint_lbfgsb,0,structured_ramp,,7.597707598480417,7.673125882053155,0.07541828357273772,True,True,False,False,value_and_gradient,7.673125882053155,821,821,567,91.46757197380066,CONVERGENCE: REL_REDUCTION_OF_F_<=_FACTR*EPSMCH,0.618721485078|0.745790111793|0.544472124713|0.892033795442|0.675650415328|0.683748210359|0.467842646033|1|0.813089953987|0.816733047309|0.816924045248|0.581300458085|0.585700495434|0.588395819823|0.385601790275|1|0.976238146128|0.977340394696|0.974462614735|0.976869528851|0.687689695998|0.686060098139|0.68582915041|0.705312490787|0.706734813241|0.706110678988|0.450308035528|0.448117724738|0.451623630103|0.467288534024|0.272749072485|1|1|1|1|1|1|0.778825983296|0.793735601543|0.790097660838|0.782890803231|0.791820927583|0.78973726506|0.783120143588|0.790085888569|0.794464992492|0.789056104069|0.448404626374|0.459428382906|0.47664130219|0.472917677792|0.468116554056|0.471938092206|0.494899059709|0.489977609513|0.485300555622|0.499491984551|0.268934314592|0.266068754994|0.282150333452|0.280412198028|0.294448444734|0.121622036411|1|1|1|1|1|1|1|1|1|1|1|1|1|1|1|1|1|1|1|1|1|1|0.784025538071|0.780416658959|0.77524801917|0.77017538665|0.823724606612|0.816658321365|0.808346564628|0.860803798599|0.852368561929|0.841925013027|0.808377055107|0.801800354728|0.845757042383|0.843550879808|0.835574286976|0.827080068771|0.846112657168|0.836840136211|0.826741994311|0.81236314664|0.533705885897|0.527887313863|0.523922610565|0.50284924734|0.495640929484|0.520260115167|0.525819349452|0.519218354069|0.512552725292|0.541446405028|0.511991491384|0.5047517418|0.529318706416|0.525905239979|0.53888573439|0.303485932203|0.303951557939|0.298739043954|0.281544542037|0.285590228197|0.277118311645|0.0793982230505|1|1|1|1|1|1|1|1|1|1|1|1|1|1|1|1|1|1|1|1|1|1|1|1|1|1|1|1|1|1|1|1|1|1|1|1|1|1|1|1|1|1|1|1|1|1|1|1|1|1|1|1|1|1|1|1|1|1|1|1|1|1|1|1|0.569820314423|0.625053144809|0.635010026847|0.641147310721|0.819631035471|0.812806317153|0.805177162097|0.907271362543|0.897945539373|0.885042678412|0.7984927993|0.78960697986|0.912230589318|0.874138019443|0.863271714005|0.850864083558|0.893595433975|0.880920765219|0.868375793294|0.852010558136|0.912404778953|0.900459923903|0.890747733304|0.85240931983|0.841361352847|0.831146098245|0.872999083972|0.860695644909|0.848576498216|0.875652785556|0.847684847232|0.835576083597|0.834973158446|0.852133492076|0.855317814193|0.586639816468|0.579010307589|0.57212887236|0.542674590485|0.533758547878|0.588112272831|0.550372995999|0.53962117834|0.52865396115|0.553931993322|0.527295662826|0.516844672375|0.571130181448|0.531350129581|0.536462332121|0.558619803894|0.565775152021|0.556439708503|0.516789327435|0.52225671204|0.506562521917|0.282732430037|0.275306236928|0.267554998924|0.231858831048|0.205069849829|0.190903320205|0.182036387643|0.0341944357927
low_ra,10,8,delay_frontier,default,optimal,0|5|10|15|35|75|125|175|225,adjoint_lbfgsb,adjoint_lbfgsb,1,structured_sigmoid,,7.575287578503168,7.673125903943234,0.09783832544006543,True,True,False,False,value_and_gradient,7.673125903943234,1097,1097,776,121.71656274795532,CONVERGENCE: REL_REDUCTION_OF_F_<=_FACTR*EPSMCH,0.618687487437|0.745822160393|0.544550068434|0.892045041346|0.675722189898|0.683823206154|0.467838541141|1|0.813140026876|0.816755112756|0.816952896536|0.581317256323|0.585799279106|0.588345672876|0.385878728055|1|0.976322915191|0.977292111829|0.974368771722|0.976896989582|0.687734526989|0.685902547628|0.685852630508|0.705326381367|0.706698857102|0.706031092631|0.44987499913|0.447779539691|0.451719810781|0.467631475927|0.273157860888|1|1|1|1|1|1|0.779201324647|0.79345221515|0.789944391584|0.782929890832|0.791849442574|0.789777422743|0.782894587014|0.789976113758|0.794462898052|0.789104394601|0.44874854398|0.459626389852|0.475449356404|0.472882920873|0.468065793898|0.471877405978|0.494493248055|0.489699167738|0.484980981496|0.500316300353|0.268182782355|0.266340740865|0.282706258065|0.280669592443|0.294642089685|0.122178593081|1|1|1|1|1|1|1|1|1|1|1|1|1|1|1|1|1|1|1|1|1|1|0.783021606613|0.781547568702|0.775500074318|0.769615862337|0.825211657669|0.818221219417|0.810011293665|0.860011809074|0.852013276145|0.841386818492|0.810005819163|0.802151892064|0.847432698564|0.842885715684|0.834979295938|0.826450715062|0.844584144803|0.835455465865|0.826069513202|0.812313044728|0.532004696648|0.526944753247|0.522754201658|0.50051232294|0.493121029004|0.516480966401|0.525565189753|0.519757415971|0.513565039722|0.544203873218|0.512516541058|0.507103592575|0.529503325306|0.528765699689|0.535578603991|0.301540866275|0.305360912478|0.300892936802|0.282919201527|0.282560411694|0.273965549893|0.0944372471069|1|1|1|1|1|1|1|1|1|1|1|1|1|1|1|1|1|1|1|1|1|1|1|1|1|1|1|1|1|1|1|1|1|1|1|1|1|1|1|1|1|1|1|1|1|1|1|1|1|1|1|1|1|1|1|1|1|1|1|1|1|1|1|1|0.543023205241|0.605872397125|0.617253928559|0.624192299884|0.816309822972|0.809795695343|0.802637925654|0.905114416072|0.896473276853|0.884478831942|0.796701705237|0.78835271296|0.911583794099|0.874620958289|0.864456454692|0.85285026137|0.895932675881|0.883526751792|0.871016922324|0.840596977912|0.911138362178|0.900020562105|0.891138223857|0.854929841255|0.844462660092|0.834820249539|0.875461102619|0.863174959776|0.850845847623|0.8743690475|0.849909768956|0.837677365697|0.830814142663|0.847866057478|0.843110288322|0.572932083835|0.566008633127|0.559822142315|0.53330965756|0.52525809081|0.59026958568|0.552808062355|0.542928116558|0.533013624456|0.564680912992|0.532142394591|0.522465857996|0.581120028995|0.544122266653|0.55253475826|0.573386779926|0.575792697051|0.567540716509|0.531030857913|0.539041024472|0.524215696503|0.257961605393|0.252014423148|0.245204640508|0.21512816686|0.19784821328|0.186698976872|0.180231914904|0.00494164005525
low_ra,10,8,delay_frontier,default,optimal,0|5|10|15|35|75|125|175|225,adjoint_lbfgsb,adjoint_lbfgsb,2,structured_constant,,7.6500168869726375,7.673125909474567,0.02310902250192992,True,True,False,False,value_and_gradient,7.673125909474567,1443,1443,825,157.12486171722412,CONVERGENCE: REL_REDUCTION_OF_F_<=_FACTR*EPSMCH,0.618664400824|0.745782805977|0.544533248658|0.892034663648|0.675589338422|0.683752698093|0.46799687878|1|0.81311179753|0.816738833571|0.816945665757|0.581357599599|0.58568253956|0.588480353697|0.38584034627|1|0.976193212998|0.977326823556|0.974463810861|0.976855671744|0.687730090406|0.686141982199|0.685893126741|0.705421999418|0.706794630366|0.706126530956|0.450269000056|0.447879431956|0.452178950302|0.467668087533|0.273168648174|1|1|1|1|1|1|0.778615686304|0.793704222853|0.790062415073|0.782892085151|0.791734247973|0.789664328547|0.782726724687|0.789751545694|0.794419505783|0.789055672267|0.448783873444|0.45970070664|0.477020421444|0.473075116236|0.468267401082|0.472206798189|0.494934659495|0.489814291354|0.485185388263|0.50060594896|0.268543522235|0.266579503808|0.284024088335|0.280140809496|0.294297863422|0.122207176222|1|1|1|1|1|1|1|1|1|1|1|1|1|1|1|1|1|1|1|1|1|1|0.78462406014|0.779535745329|0.774389942723|0.769441197085|0.825152169838|0.818178583083|0.809873813714|0.863057920779|0.854914462951|0.843481168525|0.809938005688|0.801908304931|0.844766710354|0.845201557107|0.836839815098|0.827450334483|0.844742804107|0.835414836982|0.825690490594|0.812900377491|0.532251536729|0.527189302924|0.523016475886|0.501352224117|0.493981919621|0.521073885568|0.525699185628|0.519272871514|0.512831413916|0.543920458388|0.5124048684|0.507690252783|0.528606276047|0.528428045837|0.536875703427|0.298986226657|0.304257530454|0.299653415064|0.281132481532|0.281627902018|0.272785420243|0.0816071074529|1|1|1|1|1|1|1|1|1|1|1|1|1|1|1|1|1|1|1|1|1|1|1|1|1|1|1|1|1|1|1|1|1|1|1|1|1|1|1|1|1|1|1|1|1|1|1|1|1|1|1|1|1|1|1|1|1|1|1|1|1|1|1|1|0.556074911083|0.616589946024|0.627772245041|0.634689707005|0.821289446883|0.814811388853|0.807582538341|0.906370339808|0.897318049673|0.884739964575|0.801507963242|0.792951582911|0.9096982468|0.874314122408|0.863677332907|0.851540388113|0.887331926809|0.874768603448|0.862508143929|0.836999643052|0.911943244451|0.90088213044|0.891560705732|0.853642416074|0.8428322609|0.832224295869|0.867099588945|0.854741916733|0.842765970865|0.86179835973|0.842072213126|0.82962503138|0.81928033465|0.838711383875|0.835664597895|0.58656970697|0.57965814744|0.573479740621|0.546259154858|0.537938974803|0.59345526076|0.558226922664|0.547779821711|0.537067462984|0.56249180099|0.536031702643|0.525802792157|0.579143528826|0.540114038343|0.54304389557|0.57246201508|0.574646870485|0.565650441688|0.525908748852|0.528697991491|0.512502894054|0.286799141732|0.281111826055|0.273692384279|0.240902088769|0.217410535724|0.204397744733|0.195895893657|0.0211554066706
low_ra,10,8,delay_frontier,default,optimal,0|5|10|15|35|75|125|175|225,adjoint_lbfgsb,adjoint_lbfgsb,3,sobol,,7.6351490839686775,7.673125744382464,0.037976660413786334,True,True,False,False,value_and_gradient,7.673125744382464,756,756,515,83.8761613368988,CONVERGENCE: REL_REDUCTION_OF_F_<=_FACTR*EPSMCH,0.618681575051|0.745848869287|0.54453121876|0.892054873153|0.675601845948|0.683736084327|0.467943985452|1|0.81310536184|0.816696306285|0.817005759347|0.581283137111|0.585763465476|0.588334452095|0.385735518564|1|0.976331426326|0.977358299327|0.97445946276|0.976836810282|0.687824193219|0.686240815484|0.685890586873|0.705350795032|0.706697536121|0.706071397443|0.449745845866|0.447933280816|0.451505137802|0.467482643512|0.273382375921|1|1|1|1|1|1|0.779805773739|0.793799956242|0.790248746507|0.783080410271|0.791694867377|0.78944279207|0.783069108395|0.790040481263|0.794196200035|0.788994008518|0.448998612072|0.459978806204|0.476050086076|0.472985002512|0.468197681626|0.472041000338|0.49488534318|0.489741805198|0.484790419246|0.499993355818|0.268791380385|0.265783273286|0.282741567112|0.279589491928|0.294865357974|0.123577635568|1|1|1|1|1|1|1|1|1|1|1|1|1|1|1|1|1|1|1|1|1|1|0.781934886824|0.779689813885|0.773626966897|0.769615672294|0.828740282179|0.821742012142|0.816442879929|0.861266855257|0.852332018331|0.841175531125|0.813938082489|0.800454244806|0.84618388644|0.842346826039|0.836667081812|0.825756389809|0.845023976786|0.835995180927|0.825625272518|0.812716680437|0.537009973022|0.527626814435|0.521871228726|0.50391013988|0.49534164488|0.526404014816|0.526397663273|0.520654069916|0.513082701244|0.542070067036|0.514300870883|0.503110964492|0.530859581686|0.525298107525|0.536114728772|0.300813408796|0.295801890781|0.298521087039|0.274123762825|0.277928556384|0.274935284058|0.0853262866367|1|1|1|1|1|1|1|1|1|1|1|1|1|1|1|1|1|1|1|1|1|1|1|1|1|1|1|1|1|1|1|1|1|1|1|1|1|1|1|1|1|1|1|1|1|1|1|1|1|1|1|1|1|1|1|1|1|1|1|1|1|1|1|1|0.45304618275|0.47154390081|0.526121325843|0.631150366087|0.826345480401|0.823006881821|0.819593831199|0.920766092943|0.900327341601|0.88425465111|0.798558303653|0.805293528228|0.911333177773|0.922122130771|0.87023324689|0.852077773558|0.917219961572|0.907942676099|0.866679347484|0.844206195939|0.913760669097|0.910231898744|0.929475637115|0.86517733557|0.845999811286|0.831412908622|0.879182651843|0.858213439721|0.848924092319|0.872563900461|0.85844066191|0.829180877318|0.829218485287|0.843329760183|0.842403164504|0.534110231929|0.500045515798|0.568118744859|0.53921672625|0.536358141594|0.59228788343|0.570231576267|0.547675585499|0.537992200536|0.564389029648|0.53631513632|0.555089499733|0.606952438611|0.557141693645|0.543724672658|0.574819266103|0.576676523874|0.590267245514|0.531418989976|0.530651369533|0.513771302226|0.257697780606|0.255454748537|0.267587121143|0.242565466184|0.226954718024|0.213061587003|0.208338312314|0.0314546821321
low_ra,10,8,delay_frontier,default,optimal,0|5|10|15|35|75|125|175|225,adjoint_lbfgsb,adjoint_lbfgsb,4,structured_constant,,7.647238473827883,7.673125883406355,0.025887409578471576,True,True,False,False,value_and_gradient,7.673125883406355,1407,1407,832,152.8026990890503,CONVERGENCE: REL_REDUCTION_OF_F_<=_FACTR*EPSMCH,0.618706768476|0.745773623788|0.544426974763|0.891967352108|0.675615435371|0.683739290882|0.467920475942|1|0.813082462964|0.816868619965|0.816985292668|0.581254134337|0.585717543539|0.588493121915|0.385619882926|1|0.976173190641|0.977351358698|0.974441249339|0.976918600212|0.68775027505|0.686241033299|0.686001951675|0.70547607533|0.706787627388|0.706083147945|0.450202608033|0.447887552832|0.451714262213|0.467403669393|0.272830649938|1|1|1|1|1|1|0.779605826513|0.794034159824|0.790375143754|0.782892956399|0.791976577196|0.789868953692|0.783352607389|0.789801252185|0.79449989324|0.789266724159|0.449026519438|0.460480540724|0.475894014232|0.472949028544|0.46813442001|0.471994030635|0.494644425533|0.489590339477|0.484770533522|0.500003786166|0.268628182969|0.267365784903|0.282962161553|0.279865930733|0.294567735521|0.123521921058|1|1|1|1|1|1|1|1|1|1|1|1|1|1|1|1|1|1|1|1|1|1|0.783071180668|0.779355396219|0.7741630921|0.769208249969|0.826053105547|0.819032715433|0.810596600766|0.861082818854|0.853241142864|0.84249010122|0.810599063766|0.802144066032|0.846109862349|0.843921739913|0.835897339986|0.827185953593|0.84507831735|0.8358473476|0.826214703141|0.812758214334|0.532956881598|0.527324486144|0.523229685998|0.50189590614|0.494665053683|0.520215440808|0.526704127496|0.520060945665|0.513443074676|0.541881196283|0.513305104904|0.50597473474|0.527799522413|0.526111877494|0.537399126311|0.301812220486|0.306057818034|0.301286291156|0.282396688338|0.283341791397|0.274713838208|0.0833150037313|1|1|1|1|1|1|1|1|1|1|1|1|1|1|1|1|1|1|1|1|1|1|1|1|1|1|1|1|1|1|1|1|1|1|1|1|1|1|1|1|1|1|1|1|1|1|1|1|1|1|1|1|1|1|1|1|1|1|1|1|1|1|1|1|0.53598802973|0.600702873178|0.613552558024|0.622153122795|0.819333245416|0.814155701087|0.808036915862|0.917646347545|0.908720681035|0.896143411363|0.802969774847|0.795984969352|0.921112454063|0.885661084996|0.874813135652|0.862210152609|0.904781610497|0.89120374212|0.877260944134|0.846547947469|0.923175131476|0.912488205031|0.903099105038|0.86433545431|0.853057249557|0.840364864022|0.881805871687|0.868341520277|0.854599001408|0.877682411966|0.853101248367|0.839691280286|0.83321181885|0.849318118856|0.847764382395|0.585703895378|0.580165655586|0.574805713974|0.550604917909|0.5429731433|0.601425963664|0.56378562765|0.553541063716|0.542932177103|0.565545104857|0.541760127079|0.531582782321|0.582968621667|0.542183487382|0.539529863|0.567192793736|0.578227644984|0.568874263279|0.527209951321|0.523719944601|0.505627227673|0.306080704745|0.29910226337|0.292417778903|0.26162125728|0.23768956566|0.224679107817|0.216449391061|0.0817766977832
low_ra,10,8,delay_frontier,default,optimal,0|5|10|15|35|75|125|175|225,adjoint_lbfgsb,adjoint_lbfgsb,5,structured_constant,,7.638580435587683,7.673125899657017,0.034545464069333676,True,True,False,False,value_and_gradient,7.673125899657017,1413,1413,832,153.44720554351807,CONVERGENCE: REL_REDUCTION_OF_F_<=_FACTR*EPSMCH,0.61872208177|0.745807531986|0.54450219977|0.892040954941|0.675600760821|0.683768632883|0.467711959035|1|0.813071188764|0.816735306243|0.816933317059|0.581244060242|0.585714423907|0.588401536796|0.385682705898|1|0.976360843845|0.977348542308|0.9744656889|0.976892527595|0.687721847569|0.686083908958|0.685884209172|0.705423093363|0.706711212011|0.706041398346|0.449873829865|0.448177124388|0.451830118742|0.46742967115|0.273124562532|1|1|1|1|1|1|0.779577056896|0.793806256493|0.790170125513|0.782955225368|0.791888073433|0.789823896006|0.782945016165|0.789939782819|0.79438176823|0.789004029758|0.448856007648|0.45944921647|0.475928904087|0.472956770659|0.468120359683|0.471778589833|0.4948530011|0.490018662546|0.485558126099|0.499901784644|0.267496442634|0.266837427448|0.28280608829|0.279823892108|0.294526031956|0.125117495295|1|1|1|1|1|1|1|1|1|1|1|1|1|1|1|1|1|1|1|1|1|1|0.782019891893|0.779465453817|0.774241315517|0.769239609405|0.825230166104|0.818167687526|0.809910099926|0.858588759805|0.851966450922|0.84101301523|0.809888555817|0.8001331534|0.846630239374|0.842335493494|0.834024708988|0.825122437603|0.844000774134|0.834877177504|0.825138466939|0.811145121384|0.533253430224|0.527434363048|0.523340012462|0.502446325296|0.495158931576|0.52010116714|0.524914261852|0.51802445434|0.51134394944|0.542208906549|0.511469069043|0.503871270476|0.527441777869|0.526840796366|0.535650560681|0.304427847941|0.301163466338|0.29656018694|0.27984237356|0.282656701745|0.273540186415|0.0838369760488|1|1|1|1|1|1|1|1|1|1|1|1|1|1|1|1|1|1|1|1|1|1|1|1|1|1|1|1|1|1|1|1|1|1|1|1|1|1|1|1|1|1|1|1|1|1|1|1|1|1|1|1|1|1|1|1|1|1|1|1|1|1|1|1|0.565190565681|0.621569846241|0.631509422068|0.637436299874|0.818319979252|0.811602270169|0.804193801996|0.905430725964|0.896424761796|0.884148764844|0.798013941377|0.789510592025|0.90873505692|0.873970690404|0.86353787761|0.851768534382|0.894187645712|0.881875662974|0.869857830503|0.851222600403|0.911012146559|0.900153483946|0.890851036983|0.853694619193|0.843002865799|0.833349400849|0.87401290524|0.861941913171|0.850213454262|0.875326591689|0.84932659396|0.837347763866|0.834877247552|0.851765827246|0.856163378076|0.583960047926|0.576545857102|0.570015225241|0.541772585247|0.5332576796|0.590532555903|0.553992459981|0.543633879397|0.53311368958|0.56102701113|0.532093024757|0.52197916272|0.577747281843|0.539439017454|0.546348830262|0.569212247533|0.572487743782|0.563932066547|0.525749448071|0.532805355989|0.517729771355|0.27677455089|0.271658076443|0.263877293384|0.229769424766|0.205408604376|0.192016838066|0.184048513932|0.0211059317699
low_ra,10,8,delay_frontier,default,optimal,0|5|10|15|35|75|125|175|225,adjoint_lbfgsb,adjoint_lbfgsb,6,sobol,,7.6336836130453545,7.673125883522583,0.03944227047722837,True,True,False,False,value_and_gradient,7.673125883522586,1283,1283,813,142.66900730133057,CONVERGENCE: REL_REDUCTION_OF_F_<=_FACTR*EPSMCH,0.61868289869|0.745803583335|0.544536518389|0.89200367508|0.675663740889|0.683802807836|0.46791929982|1|0.813083883839|0.816786834069|0.816931540273|0.58128724165|0.585740216138|0.588423011587|0.385849244267|1|0.976247029025|0.97738924387|0.9744867529|0.976849418843|0.687698249496|0.68604939963|0.685895958528|0.705491587569|0.706732936062|0.706227327575|0.450096138113|0.448049483021|0.451789836866|0.467594053688|0.272985926121|1|1|1|1|1|1|0.779321761251|0.793807742168|0.790183334243|0.782944156785|0.791815000772|0.789724923091|0.782853275086|0.789661122789|0.794537095417|0.789582978257|0.448868623742|0.460654397845|0.476751312614|0.474005122007|0.468953719032|0.473352791054|0.4947646123|0.489924391017|0.484827139202|0.500080609368|0.268313728601|0.266726433019|0.283895613718|0.279927181609|0.294628342816|0.123719876796|1|1|1|1|1|1|1|1|1|1|1|1|1|1|1|1|1|1|1|1|1|1|0.78321067153|0.779557808169|0.77412258618|0.769102828088|0.825550207425|0.816827998453|0.807308003162|0.860998124478|0.853344993212|0.842544015185|0.80663204087|0.802928853459|0.845188252076|0.844824983327|0.835770068057|0.828391463427|0.845002314568|0.835329898267|0.824852959306|0.810910526796|0.532127408374|0.528552424556|0.527141018271|0.504872998955|0.488711623037|0.516816011248|0.525465146816|0.521239457083|0.513159725979|0.538588569347|0.511555817301|0.501940505658|0.527902638527|0.527778764405|0.536180776415|0.299749831715|0.302888490119|0.298464317708|0.280163160796|0.281589534845|0.273381284006|0.0771272016221|1|1|1|1|1|1|1|1|1|1|1|1|1|1|1|1|1|1|1|1|1|1|1|1|1|1|1|1|1|1|1|1|1|1|1|1|1|1|1|1|1|1|1|1|1|1|1|1|1|1|1|1|1|1|1|1|1|1|1|1|1|1|1|1|0.470132357898|0.534045643617|0.532770345856|0.59791132928|0.821759231525|0.810351686215|0.806998807425|0.905335122487|0.896909967724|0.895473598151|0.802873513194|0.800615839331|0.918517698924|0.88216311208|0.875356944912|0.852404116628|0.886426118349|0.881772183004|0.859069557563|0.846604139927|0.910808256657|0.911124624303|0.903228586025|0.854821599098|0.842588068443|0.827293725648|0.865653709656|0.850766624455|0.844976885576|0.866767980082|0.837955531272|0.834391760372|0.827779677563|0.841797411979|0.841204897337|0.560714569208|0.56741943452|0.565909714485|0.517136086685|0.53583281624|0.596289463437|0.562969059502|0.55587329812|0.545983395422|0.575091359633|0.538917172999|0.539874071142|0.586604535631|0.550521778943|0.544647416755|0.575807523821|0.577882320576|0.576841004986|0.531895022172|0.529591006526|0.513429427563|0.266433872504|0.22937210358|0.259830408757|0.23701305999|0.21450064857|0.217321864878|0.193723843657|0.0438780852938
low_ra,10,8,delay_frontier,default,optimal,0|5|10|15|35|75|125|175|225,adjoint_lbfgsb,adjoint_lbfgsb,7,sobol,,7.632335150868792,7.673125909081363,0.04079075821257039,False,True,False,False,value_and_gradient,7.673125909081363,1431,1431,1000,254.9178113937378,STOP: TOTAL NO. of ITERATIONS REACHED LIMIT,0.618784210192|0.745841479948|0.544514079154|0.892062867606|0.675608032561|0.683762036631|0.467796435609|1|0.813072827548|0.816792606114|0.816988677447|0.581312086466|0.585617908291|0.588400237924|0.385607913904|1|0.976313147357|0.977359130522|0.97447209507|0.976895446552|0.687736522599|0.686083602183|0.685916759266|0.705396740868|0.706762955342|0.706123360799|0.450093250292|0.447886810832|0.451991514597|0.467362576117|0.272954705473|1|1|1|1|1|1|0.779512556315|0.793528883449|0.790110335409|0.782848338177|0.791783423582|0.789710437479|0.782916263136|0.78980558989|0.794434935613|0.789155722121|0.448902776329|0.460012920165|0.476414486606|0.472797981698|0.468057404084|0.472049400485|0.494473233047|0.489868473176|0.485005851623|0.499583061303|0.267857535907|0.265968435775|0.282592058355|0.280369018085|0.2946560248|0.123863509921|1|1|1|1|1|1|1|1|1|1|1|1|1|1|1|1|1|1|1|1|1|1|0.782361186777|0.779686650323|0.775027305622|0.771529705518|0.825506736549|0.818191472394|0.808905222791|0.861409420222|0.853335382156|0.842725067443|0.809485666484|0.802685953442|0.845427569702|0.844284120626|0.836116556671|0.827698148204|0.843722020742|0.835652307388|0.825266223655|0.812557540561|0.533200945726|0.528598450901|0.522117664216|0.503985447709|0.494173086925|0.520477019547|0.526298354344|0.516009550911|0.513539951136|0.541506432864|0.51338416983|0.505065005033|0.528318730213|0.526044426695|0.537283358465|0.300378309736|0.302501882611|0.298471657028|0.280160577024|0.287438406186|0.277296496893|0.0844181952864|1|1|1|1|1|1|1|1|1|1|1|1|1|1|1|1|1|1|1|1|1|1|1|1|1|1|1|1|1|1|1|1|1|1|1|1|1|1|1|1|1|1|1|1|1|1|1|1|1|1|1|1|1|1|1|1|1|1|1|1|1|1|1|1|0.508938859511|0.536015634264|0.562338910204|0.616119109273|0.825608844319|0.812076860117|0.8186123601|0.903790531681|0.920311419991|0.882424105016|0.805731767256|0.792740268117|0.920622462738|0.873939317375|0.862345373723|0.854794869368|0.888695976986|0.871207986887|0.870299772976|0.849808702404|0.91870772706|0.914365182642|0.900624787276|0.853275361182|0.840951530915|0.829936439121|0.856561240994|0.855818031831|0.844411239876|0.863697921639|0.840602561608|0.812580338536|0.831063856364|0.845552797982|0.844868690385|0.569886113746|0.575635905947|0.570906964018|0.546535942046|0.526806470226|0.598583152942|0.566370835898|0.550964961392|0.539629192779|0.569711041919|0.539496746376|0.5315184259|0.587583618234|0.548001532627|0.543881652949|0.575804881212|0.58227878842|0.571806620498|0.532122312653|0.531275250015|0.511168721274|0.266917598159|0.249940613239|0.256878775205|0.233280124365|0.210063482343|0.212652251484|0.208211655177|0.0161075836038
no_endogenous_learning,15,12,delay_frontier,default,delayed,0|5|10|15|35|75|125|175|225,adjoint_lbfgsb,adjoint_lbfgsb,0,warm_start,,7.616955424669797,7.617459254722074,0.0005038300522768324,True,True,False,False,value_and_gradient,7.617459254722074,912,912,617,99.59644818305969,CONVERGENCE: REL_REDUCTION_OF_F_<=_FACTR*EPSMCH,0|0|0|0|0|0|0|0.989319815025|0.787665879972|0.813684973742|0.816977934053|0.600108485783|0.601139023961|0.609696371137|0.392836959|1|0.862755805766|0.874210946665|0.885768890257|0.904468337446|0.636846907938|0.630179658151|0.624466630261|0.680016051055|0.676966154614|0.681385571131|0.436509055293|0.437380200078|0.4403014315|0.453400075057|0.256334167826|0.954435040027|0.754867496447|0.792384367644|0.805043892258|0.81444430051|0.80735577905|0.526700305168|0.5670168502|0.560915042055|0.550047645248|0.587915054104|0.598344742095|0.591649457499|0.606797932683|0.605332019597|0.606771004843|0.34716445334|0.341264064175|0.340717133506|0.369800559896|0.367009346604|0.372826374816|0.400876369763|0.398874903127|0.395301527435|0.416499625208|0.211019913796|0.210732642014|0.212238135212|0.218269881388|0.240851241322|0.0974286912487|1|0.973220420318|0.977465645409|0.972463470791|1|1|1|0.729101256015|0.743792761033|0.762767077031|0.758766542548|0.753849017475|0.762071007946|0.760719608755|0.780724426954|0.812996318048|0.832564823205|0.816773644704|0.815270201956|0.817120496462|0.825447910225|0.841096163039|0.448448698622|0.464697668419|0.44736601792|0.445843078715|0.490571516066|0.490395905036|0.490458705591|0.515359128364|0.512221978529|0.507156218531|0.520949786283|0.516315571936|0.514327991907|0.562754570995|0.563186738371|0.562909483161|0.582388707807|0.580299507878|0.571647157432|0.604257807854|0.307096969108|0.307640839275|0.310311051459|0.310093051992|0.307476026768|0.306468020432|0.342992753082|0.345462096239|0.348352719809|0.34987389774|0.351156896841|0.350860413031|0.35111187242|0.352402688991|0.388413375108|0.162789441608|0.162426428362|0.16178668937|0.185972269855|0.186432453434|0.187309023673|0.0552747861251|1|1|1|1|1|1|1|1|0.987896683424|0.991842591303|0.998990367255|1|1|1|0.996674539841|1|1|1|1|1|1|1|1|1|1|1|1|1|1|0.588278791216|0.610416055311|0.656266757954|0.655152960844|0.654679202284|0.655264713209|0.658010449635|0.657298373126|0.656731746725|0.700231822659|0.700015615149|0.700333928|0.701742039379|0.701751714866|0.701555270525|0.657356438186|0.659471908656|0.659193971348|0.658870663191|0.701895748631|0.701647514043|0.701711843738|0.70163803504|0.701636191145|0.701525918564|0.702835842486|0.702709152691|0.702790139758|0.751641339546|0.751657116982|0.751520443277|0.753773084381|0.75371243315|0.753654187501|0.788812495445|0.331739381242|0.393034384763|0.336606943104|0.340332334912|0.405398835406|0.405189771948|0.405408529199|0.460076637384|0.460085008854|0.459975670212|0.437150631299|0.407202223103|0.411063586987|0.461054736752|0.461090737363|0.460964905754|0.490428284662|0.48460323571|0.4638379975|0.510962908402|0.460456160014|0.460323361309|0.460354291146|0.46145198518|0.461239365415|0.461131577525|0.510100934088|0.510090706691|0.510000149298|0.510998494974|0.510559682574|0.510549800357|0.510529427045|0.511041691912|0.550869438641|0.2444500352|0.244718678044|0.244887776119|0.246274054899|0.246410272508|0.246197452533|0.278957226406|0.278970597848|0.278967115182|0.27985749886|0.279413513513|0.279466573409|0.27945701163|0.285756382435|0.311204179555|0.279505527078|0.279531313107|0.279539977287|0.31058661906|0.31124746385|0.31137701364|0.102744796054|0.10278183414|0.102778431076|0.116574302896|0.117262987399|0.121106571443|0.122764351414|0.0247120045106
no_endogenous_learning,15,12,delay_frontier,default,delayed,0|5|10|15|35|75|125|175|225,adjoint_lbfgsb,adjoint_lbfgsb,1,structured_ramp,,7.54856569967183,7.617459246842742,0.06889354717091223,True,True,False,False,value_and_gradient,7.617459246842742,1044,1044,724,114.41410541534424,CONVERGENCE: REL_REDUCTION_OF_F_<=_FACTR*EPSMCH,0|0|0|0|0|0|0|0.989329160237|0.787706673544|0.813666351243|0.816849355302|0.600022196645|0.601171844164|0.609626570513|0.393052943201|1|0.86265910694|0.874232648989|0.885752338788|0.90443014431|0.63663885861|0.63018600763|0.624506013206|0.679992282895|0.676975675298|0.681447100053|0.436479099522|0.43738002823|0.440039715682|0.45334674449|0.256528278143|0.954468451165|0.754937330582|0.792036684171|0.80494671626|0.814448153871|0.807402977845|0.526805767724|0.567277598831|0.560927453828|0.550080864944|0.587909489104|0.598421112188|0.591814029294|0.60663076799|0.605092676568|0.606634657569|0.347610698702|0.341406611932|0.340578009929|0.369653575475|0.36682851692|0.372694785522|0.400996664907|0.398826203065|0.395133359796|0.416469175395|0.210746598665|0.210456705184|0.211973926483|0.218076471575|0.240325412397|0.0974748143344|1|0.972840537533|0.977500666812|0.972645105267|1|1|1|0.729081795373|0.74471022201|0.762816756884|0.758811285293|0.753889138742|0.762150898896|0.760872321552|0.780812920301|0.813040883412|0.832871627605|0.816938765708|0.815396631624|0.817352076642|0.825667774086|0.841457280766|0.44774426764|0.464455374157|0.446871984506|0.445289330663|0.490524253122|0.490337645006|0.490382161233|0.515652838437|0.512878366146|0.507367878676|0.522410041131|0.516362273968|0.51423028148|0.563460437508|0.56390931953|0.563634297281|0.582645562056|0.580279874539|0.573339035533|0.604865756132|0.306382385825|0.307063685472|0.309688636243|0.30900622982|0.306374294296|0.305350978412|0.342831229553|0.345260839485|0.348213264585|0.349312443238|0.350618902722|0.35033662865|0.350623559098|0.352484177784|0.388700193691|0.166447962476|0.166085552902|0.165427948123|0.189731609856|0.19008084995|0.190752298141|0.0576519611963|1|1|1|1|1|1|1|1|0.989645050977|0.993416055786|0.998720618026|1|1|1|0.995899984036|1|1|1|1|1|1|1|1|1|1|1|1|1|1|0.586188057824|0.610541242548|0.652695228399|0.651474170582|0.651040737271|0.651462039294|0.654315667232|0.653662207318|0.653123704432|0.697527183425|0.697291414935|0.697631103479|0.699012014955|0.698991141557|0.698761013674|0.65396368234|0.65633255145|0.655877920318|0.655594188605|0.699003955081|0.698759504682|0.698817057436|0.700081858316|0.700499742633|0.699803340639|0.699733738248|0.699579273102|0.699664072839|0.749243051528|0.749203309154|0.748996357959|0.75135263504|0.751276476545|0.751159109933|0.787903820091|0.343135802048|0.408407483834|0.346136242981|0.345746280715|0.410561177566|0.410334773509|0.4105097889|0.464754647655|0.464626842006|0.465887181982|0.432769897619|0.411912438216|0.41210453839|0.464748271639|0.464818793392|0.46472802301|0.490356195987|0.484559327114|0.466635769204|0.513990545869|0.464659567458|0.464803621557|0.464728163188|0.465573222887|0.465351384407|0.465276304134|0.513524719349|0.513563686398|0.513601625983|0.514495726112|0.514119016086|0.5141598549|0.514193516038|0.515203629842|0.553740381867|0.254147246967|0.253821245872|0.253848359033|0.254850298797|0.254895261559|0.254940126249|0.284723705809|0.284733020563|0.284714666093|0.285432231394|0.285164468819|0.285173030016|0.285141710334|0.285810712282|0.31591061943|0.285490020417|0.285498943693|0.285469364269|0.315748051143|0.316101988368|0.316280882682|0.120318070239|0.120275239036|0.120145420114|0.134110746215|0.134954127162|0.134988731079|0.135214184009|0.0538975385415
no_endogenous_learning,15,12,delay_frontier,default,delayed,0|5|10|15|35|75|125|175|225,adjoint_lbfgsb,adjoint_lbfgsb,2,structured_sigmoid,,7.528014346249958,7.61745923695976,0.08944489070980133,True,True,False,False,value_and_gradient,7.61745923695976,885,885,600,98.54060244560242,CONVERGENCE: REL_REDUCTION_OF_F_<=_FACTR*EPSMCH,0|0|0|0|0|0|0|0.989350629473|0.787697304652|0.813681874951|0.816854798888|0.600004692429|0.601100588119|0.609870660632|0.392985612454|1|0.862803413441|0.874214873261|0.885775800975|0.904456081352|0.636810715163|0.630195379684|0.624480237634|0.680028616859|0.676882592791|0.681562573601|0.436478900282|0.437568975011|0.440098136333|0.453327673604|0.25593572949|0.954468703419|0.754900522231|0.792482988424|0.804962032524|0.814474494297|0.807389703336|0.52674947656|0.56710954329|0.560880570582|0.549996384591|0.58786399585|0.598360785806|0.591708276766|0.606711844467|0.605263957182|0.606490130545|0.34728632851|0.341490805356|0.340878021753|0.369804813923|0.366978390566|0.37287689126|0.401128474436|0.398221830929|0.394913442357|0.416745141561|0.210581484624|0.210292393677|0.211837127007|0.217673329922|0.239598193135|0.0974292932296|1|0.973351658689|0.977588792307|0.972475012805|1|1|1|0.729966786628|0.744165213118|0.762968964092|0.758941147119|0.754021340008|0.762307456209|0.760923174133|0.780979613969|0.813255189179|0.832878453408|0.816939954337|0.815419011158|0.817327363586|0.825620195031|0.841353404079|0.447883345812|0.464414536823|0.447012974776|0.445427273537|0.490353184012|0.490154543593|0.490192079868|0.515388588055|0.512487944193|0.506251811815|0.52093987638|0.516138529806|0.513991142991|0.563245539145|0.563685723893|0.563386812721|0.581218908676|0.579525279826|0.572593228064|0.605022268553|0.306506864389|0.306941704174|0.309693476289|0.309324601285|0.306714080795|0.305709739079|0.342763906463|0.345217923427|0.348098211023|0.349436054124|0.35073377471|0.35045044659|0.350713863037|0.3526089163|0.388727313205|0.165186829249|0.16485931394|0.164331188054|0.18886550773|0.189250062225|0.189932629787|0.0615739515956|1|1|1|1|1|1|1|1|0.990928539191|0.994088676295|0.998584433017|1|1|1|0.996230389089|1|1|1|1|1|1|1|1|1|1|1|1|1|1|0.58945965167|0.607868672524|0.655403236601|0.654025767982|0.653642072138|0.654102269943|0.656804583011|0.656259032035|0.655783961274|0.698082412915|0.69790840779|0.698661273511|0.69986757246|0.699904159205|0.69973658963|0.657065314143|0.659232937799|0.658952040757|0.658702060991|0.700616258443|0.700428898166|0.700524721545|0.701594220716|0.700357264383|0.701382297951|0.701383478282|0.701282106398|0.70144693971|0.748686215978|0.748678228451|0.748580188772|0.751003219478|0.750795496752|0.750590612947|0.785457858254|0.34090772234|0.408555807982|0.343951892513|0.343530490518|0.409846381822|0.409580784523|0.409763967195|0.466091376387|0.466312947276|0.467196773851|0.436700818609|0.411069253088|0.411293847169|0.465336755164|0.465369310192|0.465188271825|0.494165826949|0.48818100911|0.466941488754|0.515928177959|0.464760773618|0.464811864293|0.464666638461|0.465644309263|0.465134983692|0.465054115334|0.514679658445|0.514687950807|0.514655075766|0.515644408692|0.515128539501|0.515128574923|0.515172482359|0.516330093911|0.556054668339|0.250123534698|0.249808360035|0.249821699042|0.25080631168|0.250839288927|0.25086803073|0.280798704413|0.280793847464|0.280768469202|0.281455468944|0.281170999918|0.281167625589|0.281121105176|0.281770085069|0.312052888272|0.281410148792|0.281405289922|0.281363313879|0.31181409912|0.312114108949|0.312246766663|0.117244016459|0.117235357631|0.117139325152|0.131013015916|0.131821001699|0.131904041713|0.132150314318|0.052341390067
no_endogenous_learning,15,12,delay_frontier,default,delayed,0|5|10|15|35|75|125|175|225,adjoint_lbfgsb,adjoint_lbfgsb,3,structured_constant,,7.595983330030683,7.617459092691846,0.021475762661163245,True,True,False,False,value_and_gradient,7.617459092691846,744,744,506,85.59541964530945,CONVERGENCE: REL_REDUCTION_OF_F_<=_FACTR*EPSMCH,0|0|0|0|0|0|0|0.989262280487|0.787627172203|0.813674151332|0.816905330635|0.599993664243|0.601116878971|0.609768855545|0.392906587649|1|0.862501685567|0.874163491448|0.885758373941|0.904481733684|0.636829567346|0.630213832948|0.624446671748|0.680004292801|0.676894540928|0.681382763257|0.436686884272|0.437640667614|0.440061220666|0.453316914526|0.255731632431|0.954551114864|0.754882859136|0.791758005882|0.804827083852|0.814313620285|0.807287575857|0.526470732648|0.567210531193|0.560591591228|0.549700580624|0.587916629875|0.598221942023|0.591524714259|0.606796530307|0.605407261133|0.6061774372|0.347291077232|0.341704162866|0.340890197679|0.369812128375|0.366959575336|0.37278759513|0.401547536111|0.39909625628|0.395790936681|0.416543326531|0.211091078361|0.210788373748|0.212349810307|0.218172867602|0.240355832828|0.0973697735245|1|0.972455983216|0.977085952043|0.971956922321|1|1|1|0.729234815956|0.744623715639|0.763336453872|0.759328470528|0.754439693296|0.762744281572|0.761297853525|0.781419703825|0.813803513547|0.832468749105|0.817170968441|0.815720255383|0.817254297035|0.825649229958|0.84059910731|0.447410998371|0.464846693906|0.446721984385|0.445157624648|0.490849645832|0.490650201319|0.490719778733|0.515321779707|0.512090388013|0.50790089618|0.523114521401|0.516658736601|0.514542891308|0.56312161381|0.563553136649|0.5632608207|0.582451016444|0.580281726469|0.571648199924|0.604205214277|0.307321427103|0.307688259061|0.310574942712|0.310280478617|0.307767983454|0.306813290484|0.341573997925|0.344098086411|0.347124219975|0.348628093037|0.350013687255|0.349700909855|0.349913618623|0.351628159487|0.386535305665|0.167466571965|0.167115306463|0.166495888636|0.191857156093|0.191498210977|0.19216667384|0.0552752280023|1|1|1|1|1|1|1|1|0.990198143141|0.993430721141|0.998467808479|1|1|1|0.995706246576|1|1|1|1|1|1|1|1|1|1|1|1|1|1|0.582964873071|0.614920412103|0.652964971389|0.652066446167|0.651614947851|0.652035062041|0.655133055798|0.65439145772|0.653825668024|0.69929024449|0.699081426886|0.699258600986|0.700778078927|0.700790480064|0.700589850105|0.654087886946|0.656637204466|0.656201553571|0.655894563806|0.700687450411|0.700451019321|0.700530891434|0.701758004931|0.701837790575|0.701699715923|0.70171842986|0.701606323707|0.701670097484|0.751313599408|0.751344426873|0.75119400038|0.753648815592|0.753647242676|0.753599677348|0.789489798978|0.337484445005|0.392339613817|0.340113953165|0.339742707419|0.401596741512|0.401363740041|0.401390632458|0.453213522614|0.454116287784|0.449483712737|0.431186428913|0.402522304519|0.402468938587|0.454719232507|0.454769630575|0.454659964002|0.485827425169|0.480449245949|0.456326907555|0.504853866008|0.454750479994|0.454661749229|0.454642801502|0.455408267246|0.455609188544|0.455517643258|0.504462310983|0.504452853102|0.504430366179|0.505213902185|0.504850862999|0.504841969962|0.504780715468|0.505624282791|0.546148966598|0.258405778514|0.256857913147|0.256877213271|0.257540272287|0.257575897443|0.258571262331|0.284623572205|0.284645003254|0.284637460205|0.285118370664|0.284991959256|0.284860478322|0.284835460214|0.285630275134|0.312402325777|0.286117722324|0.286115027432|0.286014058213|0.31149625408|0.313013315047|0.31305349792|0.146054082378|0.146050460194|0.145925044143|0.156857964994|0.158424858783|0.158444820622|0.158872713986|0.093637697355
no_endogenous_learning,15,12,delay_frontier,default,delayed,0|5|10|15|35|75|125|175|225,adjoint_lbfgsb,adjoint_lbfgsb,4,warm_start_perturbed,,7.6167009588719266,7.617459235031136,0.0007582761592095366,True,True,False,False,value_and_gradient,7.617459235031136,635,635,444,73.69573664665222,CONVERGENCE: REL_REDUCTION_OF_F_<=_FACTR*EPSMCH,0|0|0|0|0|0|0|0.989235605363|0.78772566287|0.813726552126|0.816906282645|0.600162096472|0.601234250588|0.609856021581|0.392756619751|1|0.862701993319|0.874244179423|0.885783089661|0.90445850328|0.636842795204|0.630161975682|0.62449026473|0.68004638451|0.67698871617|0.681366666548|0.436639705958|0.437535573505|0.440184727764|0.453434487057|0.256613544449|0.954551013974|0.754956758165|0.792426658747|0.804777074035|0.814198621012|0.807321841645|0.526762224449|0.567025572834|0.560850499768|0.549949064197|0.58794370602|0.59833879948|0.591670831025|0.606701338261|0.605120279731|0.606415777262|0.347047579676|0.341163649011|0.340732266955|0.369840964967|0.366885238015|0.373012724262|0.401343714894|0.399139126307|0.395157335574|0.416250647486|0.210740883145|0.210446200886|0.211950063246|0.218214711869|0.240562160322|0.0975174711852|1|0.97348595524|0.977352495624|0.972497704069|1|1|1|0.729299521467|0.743935586802|0.763012845133|0.758890108575|0.75402253059|0.762340524673|0.761069234364|0.781045241449|0.813235581459|0.832946442297|0.81683031451|0.815492602911|0.817203052872|0.825206535379|0.841320375774|0.446494173846|0.463686113085|0.445941491454|0.444121645153|0.490743896613|0.490523334338|0.490571527103|0.514823099351|0.512179196482|0.507263803947|0.523118169643|0.516514616869|0.51457133644|0.564493548947|0.563490330251|0.563602073306|0.58249081375|0.579302409055|0.571724870398|0.605824015408|0.309485011583|0.309116211772|0.310268346207|0.311905974383|0.308006210528|0.308335858435|0.342725459231|0.344901058094|0.348587839966|0.349837237959|0.350617503143|0.350730681628|0.351454725631|0.353309428556|0.387461135639|0.164880266834|0.164374308186|0.1637309543|0.189089964336|0.188585660931|0.188698995805|0.0578329961305|1|1|1|1|1|1|1|1|0.991860907267|0.993632462519|0.998804292516|1|1|1|0.996745842615|1|1|1|1|1|1|1|1|1|1|1|1|1|1|0.590729108315|0.611360807095|0.656570016611|0.654830844613|0.652304974898|0.655919776|0.656569653182|0.654191820361|0.659377479404|0.699200076637|0.698972399992|0.699264225297|0.700919509978|0.701310023746|0.700863948457|0.658989820804|0.659264215897|0.658779921164|0.662010351952|0.700593501426|0.701984626495|0.700344058282|0.702279925453|0.70157454272|0.701551655751|0.7020525872|0.701443038842|0.701319895002|0.750723981497|0.751495195073|0.750028191531|0.753710094889|0.75350466052|0.753477535554|0.787267465441|0.344409716982|0.395643680399|0.344734467438|0.346521995367|0.409740133058|0.408140334598|0.404924807002|0.46217945577|0.461956022568|0.461417782687|0.432534634836|0.409311954194|0.411716154495|0.46313848694|0.462895467533|0.462939086573|0.485543653811|0.483272369355|0.464708241999|0.513452014436|0.462044332826|0.461097409092|0.462421240082|0.462914795402|0.463309909752|0.463027672599|0.511519050383|0.511993533537|0.51148041473|0.513876413315|0.512777496739|0.511945558916|0.513197902352|0.510912706918|0.551324383246|0.253737586388|0.233789057663|0.249167423685|0.254531246205|0.250834801858|0.256703159243|0.284590086642|0.279737504018|0.277453792254|0.280984132108|0.281528518846|0.273588463328|0.284476335886|0.296100090863|0.311539514352|0.291406549102|0.278802544092|0.280250536882|0.305037225901|0.298475794502|0.311339475066|0.114135433273|0.0930880013441|0.0968753686068|0.147593665744|0.121416786862|0.108345033191|0.115861443231|0.0441533024586
no_endogenous_learning,15,12,delay_frontier,default,delayed,0|5|10|15|35|75|125|175|225,adjoint_lbfgsb,adjoint_lbfgsb,5,warm_start_perturbed,,7.616432543891631,7.6174592362798474,0.0010266923882165102,True,True,False,False,value_and_gradient,7.6174592362798474,949,949,608,109.57974743843079,CONVERGENCE: REL_REDUCTION_OF_F_<=_FACTR*EPSMCH,0|0|0|0|0|0|0|0.98928916879|0.787601618943|0.813716214693|0.816880745197|0.600189258918|0.601190077878|0.609733177514|0.392915751788|1|0.862748630707|0.874233850347|0.88574381738|0.904390894839|0.636795130292|0.630144517284|0.624453908445|0.680020562704|0.676992971087|0.681513000459|0.436706074691|0.437443112475|0.440179988703|0.453253452656|0.256234181339|0.954351225309|0.754904801527|0.792291218956|0.804887605715|0.814491590069|0.807291616091|0.526677369172|0.567241455145|0.560994465181|0.550036178727|0.587877581255|0.598345081306|0.591641845436|0.606645088466|0.605145593091|0.606653693919|0.347474942874|0.341666632245|0.340903044153|0.369888238385|0.366720783315|0.372917240067|0.401006964602|0.398810597364|0.395521425287|0.416551790242|0.210705250476|0.210991595634|0.212150818033|0.218715981273|0.241280513831|0.0973877347606|1|0.973449815317|0.977298174702|0.972261867121|1|1|1|0.729489132246|0.743587713785|0.762896235053|0.758969348232|0.75443367348|0.762560086785|0.760965635623|0.781249943651|0.813453761067|0.832766567141|0.816986168084|0.815607782328|0.817262747942|0.825595388953|0.841196667496|0.447621883822|0.465557633749|0.448030998107|0.445603951941|0.491169470436|0.490967374296|0.4923584944|0.515539980472|0.513035469637|0.506665280554|0.519358742666|0.516580138428|0.515800129417|0.563591627588|0.564824269552|0.564198244353|0.581120776826|0.580281121754|0.57171668043|0.604765449281|0.308156085147|0.308379873692|0.310543598627|0.310185272442|0.307643849754|0.306660903478|0.342027838167|0.344532951822|0.348302082888|0.348736200356|0.350969376129|0.349983517223|0.35018664251|0.353077220014|0.387151940713|0.166253396823|0.164033474746|0.163683207637|0.188741060666|0.18882560953|0.190155532137|0.0545920638218|1|1|1|1|1|1|1|1|0.9911684423|0.992708484903|0.996403283897|1|1|1|0.996521001213|1|1|1|1|1|1|1|1|1|1|1|1|1|1|0.588178332496|0.611913981767|0.658448029452|0.654362189758|0.653971465032|0.654138202245|0.657446026325|0.657056931589|0.656567804652|0.6991673896|0.700218470486|0.700712242808|0.701260659104|0.700154127574|0.703016644051|0.655297774728|0.658957078757|0.662272019965|0.659311265872|0.698827890681|0.703497703411|0.703881861902|0.702039707425|0.702689523512|0.700429661606|0.703064796103|0.703166115575|0.702463685393|0.751284321355|0.751329966679|0.75114786309|0.753441909417|0.753561628902|0.753445745368|0.787929422764|0.344204255771|0.40399449968|0.344219628904|0.346518551542|0.41064744032|0.410043323123|0.410411704577|0.462475769507|0.4634378593|0.46533953547|0.44171408024|0.4115777828|0.410854312922|0.463487054166|0.462548427589|0.464753246726|0.490195207831|0.483656311152|0.465329922483|0.512618908167|0.463899859364|0.465590644446|0.461702056548|0.465119332812|0.463373099921|0.465403594837|0.510375311853|0.514434797302|0.51405149508|0.51512375541|0.512025856135|0.510088520238|0.514045556493|0.510662552744|0.549788260574|0.239130955659|0.258456575222|0.242732058742|0.259944476867|0.256197171633|0.24445197172|0.28173736056|0.282830480369|0.276820939344|0.285904318655|0.276977369596|0.278209718092|0.27685538523|0.281129749589|0.314153800105|0.282631810574|0.278478129928|0.286526276635|0.316341307043|0.313646202339|0.31242469456|0.0986861921915|0.110204069848|0.0724670649335|0.104448706178|0.12148921798|0.101897315688|0.113390317202|0.0488243928621
no_endogenous_learning,15,12,delay_frontier,default,delayed,0|5|10|15|35|75|125|175|225,adjoint_lbfgsb,adjoint_lbfgsb,6,warm_start_perturbed,,7.616373430495335,7.617459229726697,0.0010857992313626497,True,True,False,False,value_and_gradient,7.617459229726697,831,831,617,97.49147176742554,CONVERGENCE: REL_REDUCTION_OF_F_<=_FACTR*EPSMCH,0|0|0|0|0|0|0|0.989407235596|0.787726360167|0.813701456534|0.816829536801|0.600159299582|0.60118936551|0.609839592188|0.392840981687|1|0.862530672279|0.874273072037|0.885779108638|0.90445811711|0.63654215296|0.63020366376|0.624468177811|0.679986360464|0.677029928652|0.681449739576|0.436693741204|0.437319987858|0.44016380062|0.453453686945|0.256570195696|0.954520675341|0.754885444601|0.79214205605|0.804947363784|0.814420348041|0.80733143826|0.526681453282|0.566636178407|0.561033930944|0.550106763669|0.587739220737|0.598192164866|0.591586371096|0.606739917882|0.605019140173|0.606427788953|0.347816585773|0.340388090455|0.340471511013|0.370498569896|0.367077176218|0.372566696742|0.401069762771|0.399147381391|0.394717812959|0.416466920733|0.210711784401|0.21048387689|0.212027641137|0.217999870562|0.240847374417|0.0972860885951|1|0.973384976741|0.977837047984|0.972995498126|1|1|1|0.729320874533|0.744175238036|0.763543268861|0.759296520978|0.754389831218|0.762682616606|0.761074055779|0.781235021567|0.813104047133|0.832599879416|0.817346846176|0.815390899179|0.817262636259|0.825762030006|0.841240829066|0.446846095946|0.465082770957|0.446590706281|0.445369438846|0.491312947194|0.491395686598|0.490817341319|0.516458660316|0.513072046964|0.506947370553|0.521244793528|0.517215536944|0.515204044075|0.56305745493|0.564769992641|0.565021171257|0.581409145534|0.580304959054|0.572748471261|0.60478173287|0.307303507513|0.308647661873|0.31047827717|0.310206360176|0.307658584029|0.306591725438|0.34322938989|0.343500685365|0.347262999163|0.349718231303|0.350381039004|0.350098257581|0.35118868847|0.351962298821|0.387749403931|0.164862986587|0.164908870478|0.163902908493|0.187664347539|0.189260576213|0.189807567809|0.0566872139081|1|1|1|1|1|1|1|1|0.9889786411|0.993509853599|0.998459491192|1|1|1|0.996757830065|1|1|1|1|1|1|1|1|1|1|1|1|1|1|0.585256235363|0.612435083272|0.651751279306|0.650629602135|0.651438946124|0.65062332975|0.653431296208|0.652717681661|0.652884206472|0.697886215105|0.697948598977|0.696903788146|0.697491541225|0.698606189407|0.696518495876|0.653186568622|0.656098337788|0.65503738392|0.655025950299|0.697614725745|0.699063579182|0.699375763594|0.699431910666|0.701286572667|0.702632955555|0.697641694259|0.698305543907|0.699531849635|0.750955877225|0.746182127235|0.74845833895|0.754735146761|0.753781316417|0.755511587419|0.787633973901|0.337789297698|0.399120824168|0.34610021715|0.337877058187|0.405226449772|0.408781479966|0.407206162921|0.459692924422|0.46097034457|0.460688834653|0.43823153103|0.411150761186|0.408119265398|0.461901953186|0.461364490894|0.462006960902|0.489491200785|0.483460889148|0.464125735848|0.510237211693|0.461337796539|0.461673993574|0.461137746895|0.462456799837|0.462496570378|0.461738571232|0.509852193449|0.509818048999|0.50970851481|0.510732037246|0.5103161322|0.510307031882|0.510266094973|0.511129549662|0.549649341213|0.232125701831|0.234741055168|0.260207176445|0.24081727831|0.23649334023|0.253455652321|0.276278003122|0.28722152409|0.28044890681|0.288655176126|0.286690514014|0.286873841848|0.281328004309|0.290107985103|0.322601587497|0.281308144866|0.286242081612|0.27367574836|0.313516365271|0.31196122759|0.309454464076|0.112697781391|0.113500501281|0.102588184261|0.0965055416346|0.0890698210793|0.134013510016|0.113757923211|0.0178281320698
no_endogenous_learning,15,12,delay_frontier,default,delayed,0|5|10|15|35|75|125|175|225,adjoint_lbfgsb,adjoint_lbfgsb,7,warm_start_perturbed,,7.616322364569294,7.617459236612292,0.0011368720429976165,True,True,False,False,value_and_gradient,7.617459236612292,621,621,448,72.60477876663208,CONVERGENCE: REL_REDUCTION_OF_F_<=_FACTR*EPSMCH,0|0|0|0|0|0|0|0.989289971121|0.787766805155|0.813719804255|0.816953807552|0.600110625248|0.601137615116|0.60982502889|0.392911289401|1|0.86282331503|0.874123210437|0.885716773018|0.904418544922|0.636601989588|0.630137801303|0.62446559647|0.680114283659|0.676987206152|0.681478213807|0.436745536381|0.437157725487|0.440393442542|0.453428822648|0.256191840664|0.954462942461|0.755005735397|0.792172622011|0.804864523727|0.814403338028|0.807715320087|0.52663290852|0.567032357182|0.560995549392|0.550117944993|0.587969246781|0.598178455039|0.591764469275|0.60648802219|0.604984970737|0.607121932403|0.347577425905|0.340896168091|0.340424115581|0.369889997184|0.367074547882|0.372796094337|0.401480059474|0.398512420387|0.394827214092|0.416417661274|0.210714633652|0.210343123367|0.211931441071|0.218226550971|0.240612908584|0.0975015877317|1|0.973531099471|0.977588891569|0.972588116484|1|1|1|0.729010281492|0.743626599959|0.762978695768|0.759001452981|0.754042032886|0.762350041588|0.760945132926|0.781027062578|0.813223283848|0.832707853584|0.816949717882|0.815436027818|0.817266340143|0.825575737368|0.841160367382|0.446983755923|0.465681589038|0.446939397616|0.445167877264|0.490890493066|0.491247540591|0.490747313378|0.513946716551|0.513492141561|0.505720740718|0.521050770095|0.517434895894|0.514650803613|0.563195328174|0.563819178304|0.565280639506|0.581550576846|0.578770119371|0.571596047641|0.60554307714|0.30783631665|0.313443063983|0.313656864773|0.310638125567|0.309804945423|0.309348615863|0.342614919678|0.344843339283|0.349049653038|0.350234494679|0.351497132079|0.351597026361|0.350732722595|0.352297293002|0.387936795438|0.164857389449|0.164426529161|0.163646255205|0.187764633512|0.188105372185|0.191499931105|0.0575379319119|1|1|1|1|1|1|1|1|0.989518016854|0.993423430869|0.998459159092|1|1|1|0.996545608574|1|1|1|1|1|1|1|1|1|1|1|1|1|1|0.587525046672|0.611425730418|0.654496697109|0.653278193899|0.653366065469|0.654329949602|0.657440964104|0.654662393965|0.654467841343|0.698550832399|0.698078888147|0.698588857344|0.699857490261|0.700131687297|0.699689326415|0.656353024685|0.659588825436|0.664667841973|0.662309850417|0.700435111503|0.700553599469|0.701645591942|0.701585361247|0.701316676724|0.700968413118|0.701341292136|0.701097323943|0.701128204374|0.751325692835|0.749083732322|0.750430318509|0.752553313879|0.752482102974|0.750537454734|0.790465001526|0.344385389769|0.409744358675|0.345641539474|0.346905240771|0.411737708884|0.413918059643|0.412376426014|0.463128604971|0.464287176956|0.465748484718|0.436885027165|0.414266481845|0.410129650199|0.462350567096|0.464398155637|0.469036256946|0.486872964241|0.493867935192|0.460527325317|0.51670568963|0.465677552586|0.464670400105|0.463666127067|0.465689791043|0.464473266316|0.460155586195|0.516472687087|0.517652285204|0.511608168994|0.510627374932|0.504886424627|0.512154925241|0.511802262601|0.507745752727|0.552989306399|0.242560256466|0.253229994451|0.243990307187|0.248991982795|0.259004276998|0.243309886355|0.281736704815|0.287540301924|0.287472989821|0.282529812567|0.279152386446|0.282753749914|0.282883170298|0.284889155751|0.31611753657|0.277649195034|0.284463133084|0.281259929319|0.308840722916|0.316204511101|0.31590257286|0.10844932014|0.106182809219|0.0829405391806|0.128023250522|0.118147734982|0.113893467797|0.128852525141|0.0391014016984
no_endogenous_learning,10,11,delay_frontier,default,delayed,0|5|10|15|35|75|125|175|225,adjoint_lbfgsb,adjoint_lbfgsb,0,warm_start,,7.629545296833089,7.629778266636909,0.00023296980381992682,True,True,False,False,value_and_gradient,7.629778266636909,1022,1022,513,109.46926546096802,CONVERGENCE: REL_REDUCTION_OF_F_<=_FACTR*EPSMCH,0|0|0|0.854154339323|0.663174212242|0.685960937416|0.47358887588|0.978540136991|0.775163570179|0.802728375328|0.804400790009|0.578126674237|0.578586128858|0.591102679137|0.39072816834|1|0.849524507181|0.86362611761|0.875786484876|0.893687102396|0.62693108726|0.623190755656|0.616976241377|0.659788695479|0.656311616023|0.664804444907|0.415673838179|0.417308820026|0.42255195103|0.450099207317|0.255757882485|0.948681741566|0.74867303682|0.784380966338|0.789022707409|0.801550827262|0.793269413939|0.507581396317|0.55882483877|0.559241175291|0.54815885723|0.578643423017|0.591689981267|0.584931238801|0.593254054278|0.591469151215|0.595153641053|0.331955310832|0.330992553156|0.330043614774|0.354698352225|0.351666279206|0.364610742499|0.377511883424|0.375971981944|0.378148923469|0.415554712795|0.210608327538|0.210306415144|0.211593289415|0.212419563471|0.240072702279|0.097247629628|1|0.968600594217|0.971205449931|0.965833873684|1|1|1|0.725087223394|0.734455706575|0.740011906564|0.738301579997|0.733315968988|0.737665952285|0.754819296473|0.775748130701|0.807235109494|0.816007637357|0.805711850436|0.803650456319|0.815491744059|0.823337505245|0.839992964567|0.445456191271|0.448990480274|0.446086533934|0.443714366016|0.487887886636|0.489995428182|0.489370075983|0.492140470836|0.488790895185|0.48739393864|0.514223903926|0.51444711625|0.512174019412|0.527711465267|0.527243451256|0.545215331418|0.56560922955|0.564893698025|0.563766882701|0.602124425146|0.267639714165|0.268513723572|0.270887633426|0.310861235556|0.308135285811|0.307917419207|0.308047657719|0.310297835089|0.320649367378|0.349452432865|0.35063359634|0.350214470134|0.350467759327|0.351666870934|0.386578422575|0.164764934788|0.164342140328|0.163911970947|0.167067684613|0.188972147719|0.189465965087|0.0552522433893|1|1|1|1|1|1|1|1|0.984197024606|0.988102339283|0.992611175812|0.997719673701|0.997910464581|0.996983914945|0.990754879898|0.994338749806|1|1|0.9978841403|0.997495511686|1|1|1|1|1|1|1|1|1|0.579904886011|0.586911567318|0.590310235851|0.5902512011|0.589658294139|0.589425196179|0.653699429736|0.653704847471|0.652961472301|0.65670921776|0.656859406792|0.656648756983|0.700460866354|0.700423026146|0.70068759162|0.652985772981|0.656046746956|0.656151578012|0.655729548679|0.699611532872|0.699829747621|0.699887333955|0.700745390524|0.700669344064|0.700976858221|0.700877732347|0.701148305382|0.701203426335|0.701669422665|0.701681190563|0.713477187392|0.753363736253|0.752891211634|0.753170223818|0.788853418612|0.332865041485|0.338577590711|0.338804641648|0.340593077987|0.406989157367|0.407277978388|0.407393098364|0.4101388783|0.410133970519|0.410437315745|0.408681168733|0.409013081948|0.409575400846|0.462632347277|0.462621614442|0.462786306656|0.463308382443|0.463289469422|0.463500671869|0.511813260681|0.410181144747|0.410442843754|0.41043925684|0.46312112651|0.462977840736|0.463175579939|0.463787224901|0.463742466478|0.463900520139|0.512080192994|0.511613276697|0.511565765523|0.511751481738|0.510542866367|0.551318959857|0.217339347526|0.217708143079|0.217775133819|0.248262736989|0.248341785562|0.248405877712|0.255517474518|0.255486394776|0.281044514724|0.281780735822|0.281301879965|0.281309030084|0.281478523466|0.285645687232|0.313228980327|0.281454687253|0.281443511927|0.281606718293|0.285847467546|0.313296551221|0.313453620846|0.102407877786|0.102414750106|0.102550644018|0.105334055191|0.117757677934|0.120910792575|0.122264140834|0.0224271860829
no_endogenous_learning,10,11,delay_frontier,default,delayed,0|5|10|15|35|75|125|175|225,adjoint_lbfgsb,adjoint_lbfgsb,1,structured_ramp,,7.562099301108436,7.6297782387131585,0.06767893760472266,True,True,False,False,value_and_gradient,7.6297782387131585,1172,1172,663,126.91942119598389,CONVERGENCE: REL_REDUCTION_OF_F_<=_FACTR*EPSMCH,0|0|0|0.854120824239|0.663245611126|0.685960734568|0.473597811924|0.978616850021|0.775135858407|0.802739312521|0.804427891535|0.578146333409|0.578584475274|0.591042232119|0.390731753711|1|0.849506344942|0.863670083395|0.875737874744|0.893704934261|0.626936585588|0.62322198073|0.617076647442|0.659774319225|0.656289594095|0.664749889156|0.415636209092|0.41730496485|0.422552957844|0.450089240442|0.255766286322|0.948723755011|0.748783732012|0.784482849087|0.789156521533|0.801613111775|0.793313436537|0.507668344385|0.558950859578|0.559388050777|0.54829620583|0.578677501397|0.591557177742|0.585091641507|0.593232749048|0.59146905541|0.595089558754|0.332033196453|0.331128271745|0.330201221687|0.354567517734|0.351377733755|0.365120148368|0.377787341746|0.37614070973|0.378333220807|0.415384047463|0.210232748956|0.209916147177|0.211257866212|0.212168809238|0.239610661167|0.0984412034567|1|0.968456588478|0.971265674038|0.96567495157|1|1|1|0.724728659518|0.734531560815|0.740519607544|0.738141502379|0.73364041451|0.738070561835|0.755515974086|0.776475104148|0.807930806855|0.816797375741|0.806307046992|0.803343313701|0.816073555967|0.823925688667|0.840161864857|0.444830698114|0.448372856439|0.445481815343|0.443136429951|0.488363640362|0.49042639976|0.489827668254|0.492575651055|0.489264254845|0.48794126072|0.514486504945|0.514737405397|0.512436899313|0.52785384626|0.528300031698|0.545466542325|0.566348325175|0.565493620038|0.56439033084|0.602592289244|0.267156558502|0.267883099406|0.270199199876|0.310078571798|0.307263081407|0.307005730937|0.308794749403|0.310774779402|0.322284400099|0.350094133323|0.351314118236|0.350950834495|0.351155210566|0.352586275142|0.38700645753|0.166065664054|0.165044256692|0.164396039051|0.168844851872|0.19011866182|0.190821203194|0.0531653640787|1|1|1|1|1|1|1|1|0.982882613624|0.987077371749|0.992450416741|0.998138843913|0.998413608066|0.997472791538|0.989908427191|0.994613095741|1|1|0.999585441677|0.999011004432|1|1|1|1|1|1|1|1|1|0.578697794525|0.585749837879|0.589025298835|0.585986992345|0.59064746584|0.590190427492|0.651432628677|0.651457104059|0.650743176984|0.655788075735|0.655484217416|0.654354777347|0.698161246852|0.698100952843|0.698335291697|0.651174594833|0.654029006524|0.654146960935|0.653765948219|0.697335084815|0.697527063882|0.697579886241|0.699346830971|0.69928851337|0.699546863543|0.698434990429|0.698675411316|0.69875407592|0.700216746206|0.700218775493|0.711492209475|0.751062721996|0.750958084695|0.751203480627|0.787536601122|0.33826579023|0.343049432836|0.34331060262|0.342735109913|0.410534609789|0.410900791438|0.411170042823|0.413578370925|0.413550725897|0.414005389186|0.412795549973|0.413242123877|0.413519964032|0.471545981769|0.472154132241|0.469816782183|0.469809951441|0.469865412358|0.470275634778|0.516961339766|0.41452822541|0.414901501831|0.41498096371|0.468691034494|0.46829791081|0.468625526849|0.470292257737|0.470676330414|0.470074522825|0.51786167844|0.517838795651|0.517929834503|0.517992785201|0.518810783749|0.556868139543|0.21494216097|0.215545799134|0.215615280329|0.251821567067|0.251858033164|0.251833519095|0.253778828125|0.25389052168|0.285142235404|0.284827096074|0.284606549497|0.284721983831|0.284906626412|0.285506579206|0.317450978775|0.284865116761|0.285003932545|0.28520002996|0.285941747642|0.317771296013|0.318103988121|0.106489851539|0.10649139152|0.106637269196|0.107229177163|0.122423143304|0.122557859891|0.122749805029|0.0128631340069
no_endogenous_learning,10,11,delay_frontier,default,delayed,0|5|10|15|35|75|125|175|225,adjoint_lbfgsb,adjoint_lbfgsb,2,structured_sigmoid,,7.540029202876536,7.629778243785288,0.08974904090875224,True,True,False,False,value_and_gradient,7.629778243785288,866,866,448,95.70418500900269,CONVERGENCE: REL_REDUCTION_OF_F_<=_FACTR*EPSMCH,0|0|0|0.854125774646|0.663261018375|0.685968860912|0.47358455207|0.978552984467|0.7751272027|0.802733100247|0.804413495609|0.578097908282|0.578605934045|0.591092088823|0.390721675969|1|0.84950387552|0.863647397856|0.875756774955|0.893723427028|0.626932969016|0.623192717386|0.617034714757|0.659753933461|0.656337076832|0.664672052966|0.415673685007|0.417302914054|0.422521425367|0.450094945398|0.25582042099|0.94866466465|0.74870544943|0.784377399951|0.789080106104|0.801569491785|0.793241461017|0.507530699985|0.55895498237|0.559334342111|0.548199107265|0.578732615819|0.591583188713|0.585009320555|0.593368489339|0.591519401862|0.595099287063|0.332123164438|0.331143494561|0.330223372273|0.354758949671|0.351515690991|0.365144518257|0.377555751456|0.375974578569|0.378101215967|0.41553085982|0.210586068692|0.210286037265|0.211588282947|0.212505404695|0.239892842661|0.0973577772866|1|0.967998031984|0.970996385908|0.96578711455|1|1|1|0.724735134609|0.734361231908|0.739905757755|0.738307267685|0.733281664988|0.737685656844|0.754991506582|0.775917833454|0.80738696787|0.816194580868|0.805534182253|0.803116503382|0.815540209614|0.823388032366|0.839743871839|0.444738719551|0.448426133786|0.445510871108|0.443140794976|0.488029585614|0.49010971544|0.489500489424|0.492249309727|0.488901871207|0.487562712329|0.514251680438|0.514484155798|0.512170824279|0.527786434684|0.527661758479|0.545574400802|0.566401574851|0.565534381006|0.564430556858|0.602697937672|0.265696052615|0.26641850899|0.268755465872|0.308551652098|0.305722409122|0.305417090037|0.307037123184|0.309155091562|0.320775504362|0.348942695593|0.35002289378|0.34962052783|0.349931125473|0.351389248872|0.386502576131|0.163039323511|0.16228994608|0.161716418105|0.165820942204|0.187769553914|0.188456273447|0.053454043854|1|1|1|1|1|1|1|1|0.982904668837|0.987095526091|0.992943638642|0.998291049178|0.998276403125|0.997335827987|0.989980598114|0.99555201768|1|1|0.999971731916|0.999679511075|1|1|1|1|1|1|1|1|1|0.57912119308|0.586683799334|0.59104711762|0.589543870213|0.591877783167|0.591425576494|0.653100255255|0.653111143861|0.652404509587|0.657467120832|0.657124230866|0.655764665267|0.699307506361|0.699275259854|0.69952211675|0.652604706773|0.655609956246|0.655729368995|0.655360839452|0.69873050027|0.698954401037|0.699032769765|0.700778560469|0.700732999827|0.701003872028|0.699927180066|0.700188960622|0.70029218104|0.701709693075|0.701719680165|0.711550348478|0.751591808656|0.751531353996|0.751803123248|0.787182588228|0.332478807358|0.337308979678|0.337482123974|0.33683793813|0.404424896883|0.404668590046|0.404783230505|0.407132416404|0.407046706666|0.407399581294|0.406123236177|0.406452649566|0.40658975723|0.463542411138|0.463538741267|0.462171930551|0.463608995545|0.463566332211|0.463879264567|0.51223587909|0.40693201989|0.407237969857|0.407222591589|0.46179699301|0.461346927703|0.461573671022|0.463491928268|0.463444444362|0.463207031271|0.512094839438|0.511568632991|0.511681469428|0.511761274504|0.512694123988|0.552577661668|0.212190108021|0.212009512024|0.212003686165|0.246089074863|0.24609186419|0.246444134739|0.248136860807|0.248102545223|0.276085260727|0.27741424607|0.277051962977|0.277022887662|0.277163231843|0.277778744745|0.308316058965|0.277346244939|0.277312181196|0.277446229124|0.277985694913|0.308410580827|0.30857961752|0.111031327108|0.110996136363|0.111057874123|0.111515013433|0.126066084679|0.126152479659|0.126407990973|0.0181499466617
no_endogenous_learning,10,11,delay_frontier,default,delayed,0|5|10|15|35|75|125|175|225,adjoint_lbfgsb,adjoint_lbfgsb,3,structured_constant,,7.608092757882254,7.629778196437671,0.02168543855541749,True,True,False,False,value_and_gradient,7.629778196437671,593,593,366,68.18034434318542,CONVERGENCE: REL_REDUCTION_OF_F_<=_FACTR*EPSMCH,0|0|0|0.854113778791|0.663254764843|0.685958909059|0.473714749611|0.978548889996|0.775079964758|0.802779219127|0.804357072301|0.578156180084|0.578605647307|0.59102442679|0.390611511712|1|0.849468402899|0.863622990385|0.875725400843|0.893637262022|0.626971090361|0.62319866555|0.617046516151|0.659846420067|0.656304368305|0.664784058858|0.415684350602|0.417321583428|0.422593904151|0.450105080591|0.255679298289|0.948804355641|0.748568242152|0.78430016835|0.789087448309|0.801555659365|0.793243372611|0.507599144146|0.558863073725|0.559284015896|0.548184209991|0.578733161769|0.591547597804|0.58506824845|0.593290977718|0.591500800624|0.595218282476|0.331898547938|0.330971592354|0.3300382452|0.354527214484|0.351593742219|0.364990905046|0.377560398111|0.375982712699|0.378208357789|0.415617309307|0.210632389219|0.210318538457|0.211617715419|0.212486284781|0.239776466107|0.0973066746244|1|0.968443668668|0.971132236217|0.965802551735|1|1|1|0.724598672329|0.734216441326|0.740055650798|0.738395236333|0.733152905793|0.737538663602|0.754936787821|0.775838754433|0.807277666897|0.816274722567|0.805986653247|0.803837284507|0.815656578344|0.823509457755|0.840065545238|0.445813283654|0.449289547337|0.446439539503|0.444114277656|0.488228419149|0.490317386095|0.48969674363|0.492272471508|0.488891373304|0.487451673838|0.514568400628|0.514787394444|0.51249481297|0.527570032164|0.5263076823|0.546212564394|0.565432583011|0.564526696583|0.563363612433|0.602151745844|0.268623767114|0.26926901361|0.271778003588|0.308866971653|0.306152880539|0.305977122921|0.307341977914|0.309692899858|0.319494618269|0.348011484589|0.348871705257|0.348447416248|0.348817975561|0.350490817187|0.385304533776|0.166939639568|0.166591998124|0.166118449077|0.169147104684|0.190905421222|0.191558112668|0.0531922242438|1|1|1|1|1|1|1|1|0.981881219897|0.986077981225|0.992996276144|0.997611658413|0.997645575995|0.996767470665|0.988703265043|0.995317907537|1|1|0.999998974188|0.997410825107|1|1|1|1|1|1|1|1|1|0.577808130031|0.585550579495|0.590203366281|0.590008821156|0.591061196404|0.590526808052|0.651516208341|0.651486300059|0.650765721496|0.656150387314|0.655350067833|0.655235745095|0.696479174393|0.696440637141|0.696702618697|0.650273160549|0.653440569861|0.65355057135|0.653145384675|0.695470051401|0.695681500091|0.695735239035|0.697591357328|0.697580907568|0.697867436054|0.696708020373|0.696971375073|0.697005668077|0.698771915536|0.698742143448|0.709340478043|0.747111946602|0.747049427417|0.747337169282|0.782199237942|0.329571438585|0.334409312812|0.334577488081|0.333947286489|0.401225173149|0.401504845096|0.401587714078|0.40385751973|0.403809150686|0.404142926083|0.402894782091|0.403222134743|0.403298494322|0.459587125254|0.459691876651|0.458839669904|0.460506460004|0.460456039382|0.460738337391|0.509562205496|0.403766788645|0.404049371414|0.404039202788|0.45875926464|0.458465525594|0.458650046053|0.460509038377|0.46045728727|0.460487393585|0.50940854512|0.508989111678|0.508994662258|0.509131859701|0.509976887721|0.550178994557|0.212833969724|0.212210487023|0.212209906821|0.245236510837|0.245242618387|0.245887097272|0.247427664954|0.247416871289|0.272504915299|0.27595203021|0.275709283683|0.275639974141|0.275751187831|0.276377511696|0.306236045784|0.276275026236|0.276251596648|0.276332435948|0.276748225756|0.306495913258|0.306632511459|0.116240608915|0.11621326004|0.116254977101|0.116666209486|0.130634873644|0.130709317579|0.13103029902|0.0551518854717
no_endogenous_learning,10,11,delay_frontier,default,delayed,0|5|10|15|35|75|125|175|225,adjoint_lbfgsb,adjoint_lbfgsb,4,warm_start_perturbed,,7.628784605542562,7.62977824218878,0.000993636646217766,True,True,False,False,value_and_gradient,7.62977824218878,712,712,427,81.58062028884888,CONVERGENCE: REL_REDUCTION_OF_F_<=_FACTR*EPSMCH,0|0|0|0.854105942692|0.663213176772|0.685943897887|0.47354856462|0.978516001318|0.775134443624|0.802660110719|0.804360614346|0.578165298972|0.578601814965|0.591008673565|0.390790126078|1|0.849531945959|0.863572537585|0.87578081447|0.893643567709|0.626943244798|0.623205813598|0.617031615641|0.659744019499|0.656234918786|0.664708441907|0.415595471651|0.417282661096|0.422527571269|0.450149001001|0.255764687472|0.948723811465|0.748727534224|0.784548208213|0.789049494029|0.801689058421|0.793201749201|0.5075801962|0.558781095917|0.559217963961|0.548187263798|0.578545814196|0.591724669651|0.585266200543|0.593198377834|0.591443727973|0.595108279179|0.331840385104|0.330930112601|0.330005931303|0.35552578457|0.351312864202|0.3651758006|0.377570938526|0.375987808879|0.378177291817|0.415512687814|0.21034986508|0.209809445124|0.210721748845|0.21265061244|0.239467725898|0.0973009837287|1|0.96869411418|0.971244210403|0.965796521037|1|1|1|0.725436959132|0.734483410451|0.740065782067|0.737953564514|0.733337999935|0.738062685268|0.754658803014|0.775394729762|0.807333716318|0.816280069924|0.805809800717|0.803006658217|0.816027158428|0.822463276196|0.839177594759|0.444754945704|0.448327060249|0.445719232759|0.443516117546|0.488279367784|0.490822242538|0.490131449317|0.49188598547|0.489003893385|0.487023981361|0.513905665853|0.514888511014|0.512755288631|0.52634850619|0.527490930705|0.54519138336|0.565926301342|0.564956968403|0.563865941383|0.601416824266|0.268071774725|0.268997815711|0.271019916067|0.309589839384|0.306803940035|0.306522053121|0.308072716254|0.310049878849|0.320705352714|0.349036188915|0.350807702763|0.349179910237|0.350281196001|0.351637026168|0.386219185908|0.164533056682|0.164118109735|0.163639974365|0.16704704717|0.187940025765|0.188798587071|0.0578942043066|1|1|1|1|1|1|1|1|0.9839619233|0.987798311085|0.993533431606|0.996912352102|0.998230641282|0.998019836252|0.990557260641|0.995643953619|1|1|0.999628418299|0.999854660595|1|1|1|1|1|1|1|1|1|0.580607988566|0.589142965172|0.587894590496|0.589029431487|0.593467659427|0.593395761067|0.653965964289|0.653168670616|0.655735096175|0.655895044206|0.657095113608|0.655687318929|0.699323576859|0.699348275299|0.700515806732|0.649129656064|0.656035690069|0.655192139736|0.658885384164|0.699618528452|0.69880031983|0.697936367933|0.700070970833|0.700916226382|0.700606142841|0.701228233303|0.702207039462|0.700016494166|0.701908661492|0.702447175388|0.713060984948|0.75384524781|0.752344341028|0.755541518981|0.788160193379|0.338019818506|0.344221007025|0.342671712804|0.343600041734|0.410470406836|0.409159914432|0.4114044421|0.404738036074|0.413178112293|0.411961682592|0.412902881083|0.414691598569|0.409308115492|0.462768741009|0.469253225938|0.466677342221|0.462943303032|0.461259090004|0.460701750003|0.512421493406|0.406517967971|0.412595298523|0.412221698624|0.462213798746|0.464727377685|0.46370387725|0.464373574368|0.466856874136|0.463460954543|0.513316416467|0.51556264531|0.505919737645|0.516262317453|0.50664060913|0.543527384191|0.221937390368|0.221535869934|0.221341821445|0.251215531003|0.244328803616|0.248995630618|0.256998060038|0.254186115187|0.279581957225|0.281463041091|0.284711533335|0.280356000451|0.285601897477|0.285642764494|0.314842112397|0.280052548505|0.284288446463|0.279032595671|0.284039053749|0.314691579009|0.315176607817|0.0944401251735|0.102483236687|0.0977229685364|0.102129813229|0.0978013647119|0.123749772348|0.095825752597|0.0172216840747
no_endogenous_learning,10,11,delay_frontier,default,delayed,0|5|10|15|35|75|125|175|225,adjoint_lbfgsb,adjoint_lbfgsb,5,warm_start_perturbed,,7.628744667774872,7.629778244156747,0.0010335763818751786,True,True,False,False,value_and_gradient,7.629778244156747,598,598,380,69.87104153633118,CONVERGENCE: REL_REDUCTION_OF_F_<=_FACTR*EPSMCH,0|0|0|0.854134555873|0.663322126782|0.685962681347|0.473519398447|0.978497173992|0.775187007905|0.802746080005|0.804362994007|0.578149187892|0.578520115766|0.59102897756|0.390649274455|1|0.849489884827|0.863644056986|0.875663136736|0.893736967992|0.626972043745|0.623130842054|0.617008450112|0.659776481329|0.656427000927|0.664660355971|0.415665441893|0.41727287559|0.422654479114|0.450072238678|0.255651399072|0.948635443145|0.74866237307|0.784518545866|0.789124945368|0.80174838469|0.793269688355|0.507565105788|0.558932636973|0.559308424504|0.548136966538|0.578868268983|0.591695429966|0.584947204586|0.593227037371|0.591341049953|0.595078102781|0.331871778855|0.330941239422|0.330006402551|0.354521632193|0.351756810423|0.365218599804|0.377557876933|0.375993853732|0.378356954489|0.415558355102|0.210604584334|0.2102308548|0.211555519261|0.212354545603|0.239761998529|0.0974200212573|1|0.968444573731|0.971117053559|0.965807134472|1|1|1|0.72503527119|0.734499368982|0.739929338999|0.737994002676|0.733212424963|0.737952191479|0.754916085744|0.775775692551|0.807380903193|0.816135595444|0.805797740359|0.803810435525|0.815519299909|0.82335739997|0.839934741479|0.445012007826|0.448448543403|0.445759048048|0.443436728272|0.488039239669|0.490368322742|0.489530739304|0.491903591071|0.488776488777|0.4873732785|0.514555685022|0.514850297648|0.512545583837|0.527846949034|0.527665351713|0.545962845377|0.565764516542|0.564887724245|0.563842011223|0.602173146613|0.267666269256|0.26912792746|0.27088825708|0.308731108983|0.306879943673|0.305941034111|0.308426943917|0.30954361878|0.3202439208|0.348363270838|0.349288041042|0.34910980001|0.348570274366|0.350441594993|0.385832057815|0.164100839379|0.164021250539|0.163183315571|0.16710411779|0.188751210296|0.189715987431|0.0548562460717|1|1|1|1|1|1|1|1|0.982184044388|0.98725750945|0.993072720108|0.998165055939|0.99708171944|0.996478714337|0.990910523427|0.993370628045|1|1|0.999132775498|0.999048709175|1|1|1|1|1|1|1|1|1|0.578937305273|0.586611603524|0.589946704492|0.587256682769|0.586155940289|0.587829126095|0.65214302961|0.6528100075|0.650898880998|0.656183358596|0.656405402821|0.655021105967|0.69801893057|0.69891171388|0.698630127582|0.651810708083|0.653865230364|0.654674021964|0.653444073975|0.697736067765|0.697498944672|0.698131959472|0.699766977394|0.701357366179|0.702512952005|0.699829076525|0.699950921472|0.698944980194|0.702193696791|0.702588783418|0.711012470948|0.752058811096|0.752000924225|0.753065304965|0.786792636|0.335545592983|0.344577211906|0.344624950664|0.343798209093|0.413268258008|0.411706340473|0.410926898846|0.409450599556|0.408012551667|0.411022396437|0.412895160561|0.412165304862|0.410479648099|0.469031948765|0.466132566051|0.47166764128|0.469466778718|0.463699458104|0.458332229875|0.514279255976|0.410277724264|0.413682398426|0.411207812105|0.470415855881|0.464528950515|0.468265001592|0.469895812284|0.460638194807|0.462738211919|0.512160664719|0.513842414181|0.508967205635|0.512275133485|0.508423901618|0.547340906682|0.218475730306|0.220093754171|0.214692577231|0.243003599834|0.252932148691|0.252239038076|0.257319282511|0.2567442764|0.284721990058|0.284429060841|0.282100835438|0.286002810961|0.285473198319|0.285478734928|0.314198549763|0.277370192339|0.286331534674|0.285185686094|0.287105986882|0.316168973131|0.315710962796|0.100235668886|0.0803447519837|0.12501437233|0.0891395645884|0.132346274685|0.123044719785|0.126047148251|0.0290798687551
no_endogenous_learning,10,11,delay_frontier,default,delayed,0|5|10|15|35|75|125|175|225,adjoint_lbfgsb,adjoint_lbfgsb,6,warm_start_perturbed,,7.628645823336543,7.62977825643794,0.0011324331013975453,True,True,False,False,value_and_gradient,7.62977825643794,864,864,525,100.58157253265381,CONVERGENCE: REL_REDUCTION_OF_F_<=_FACTR*EPSMCH,0|0|0|0.854146787738|0.663220537964|0.685949406281|0.473631067619|0.978581061298|0.775153207605|0.802731843101|0.804415026376|0.578050120838|0.578568499143|0.59105106761|0.390686219282|1|0.84952796142|0.863678801197|0.875694721435|0.89375571379|0.626941053|0.623186886697|0.616962333675|0.659747310796|0.656354802633|0.664667484489|0.415669433887|0.417331240325|0.422551465952|0.449988742694|0.255586711894|0.948731962377|0.748700495797|0.784367078554|0.789094092536|0.801756298315|0.793252214185|0.507554332106|0.558900355318|0.559341600122|0.548379381162|0.578661920385|0.591743604156|0.58492876919|0.593273129272|0.591475674359|0.595065391658|0.331995801461|0.331179509777|0.330103062011|0.355026622395|0.351501110666|0.364612568462|0.377585044916|0.375944747249|0.378270003935|0.41549443484|0.210579524779|0.210305190383|0.211570326255|0.212500425912|0.240367826809|0.0971061428224|1|0.968490086592|0.971091106235|0.965843070899|1|1|1|0.724800192032|0.734406240742|0.739994076962|0.738324480368|0.733310570554|0.737692240901|0.75480948975|0.775854867077|0.807244057214|0.816285062342|0.80566828815|0.803834016702|0.815397267129|0.823044432002|0.839961372579|0.446170510214|0.449087089024|0.44624980705|0.444354726116|0.48814503016|0.490185829573|0.489578430759|0.492175990908|0.488794283165|0.487445020882|0.51432027379|0.514758387737|0.512355781553|0.528573644922|0.52653016029|0.545312502141|0.565720883591|0.564830148051|0.563003625312|0.602203512691|0.267816985275|0.268677026197|0.270898128216|0.309001392281|0.30688954808|0.306844322476|0.307363886335|0.31009901201|0.32036491072|0.348604105752|0.350322961747|0.34888404594|0.350613754426|0.351581434487|0.386365191844|0.164992002283|0.163783752894|0.162782905722|0.167477444726|0.187522904558|0.190679086403|0.0556297494412|1|1|1|1|1|1|1|1|0.982935507438|0.986543016627|0.993180558362|0.998110995826|0.998110180982|0.997387099215|0.990385332019|0.995228860816|1|1|0.999609350032|0.999027106504|1|1|1|1|1|1|1|1|1|0.579555422415|0.584492179907|0.589308857408|0.587488410237|0.589312488221|0.588926925183|0.652641746565|0.65113475634|0.650711425425|0.657105470502|0.657438946583|0.654999118835|0.697168953825|0.70072463375|0.698253561811|0.651065399087|0.653989789207|0.653770369827|0.653336556097|0.69645578843|0.696634304649|0.696718177331|0.699198200132|0.700610769122|0.700012158468|0.699569668972|0.698308366836|0.697905852445|0.702006596027|0.701449757301|0.715362917375|0.752563008811|0.755123741517|0.755197252616|0.782689478086|0.338895615905|0.342620947601|0.341704268646|0.343143446477|0.40816503717|0.408821380797|0.408326984872|0.407813687875|0.409661856578|0.410686347679|0.410448678941|0.410475121199|0.408850201061|0.461222534409|0.464646053947|0.463610140668|0.46442257438|0.463113593591|0.464264367409|0.509881382579|0.410396317298|0.410056598544|0.410528155359|0.465690815937|0.463477720174|0.465980090723|0.464960132087|0.462688773331|0.460337413269|0.51264331917|0.51237224824|0.512225049636|0.510850821819|0.51203833902|0.548074837088|0.208925439042|0.221950351932|0.216417452885|0.245717665405|0.253257707027|0.244713269826|0.255538663914|0.254398347417|0.280366941758|0.284923789741|0.285452786732|0.28612115396|0.279793547003|0.287803067713|0.3110824239|0.280720409919|0.283639352132|0.288334989519|0.286323576468|0.316896796589|0.316240146378|0.105025470633|0.101726890494|0.0819348334769|0.10150788499|0.110385841601|0.110302362718|0.117803405739|0.0297255049395
no_endogenous_learning,10,11,delay_frontier,default,delayed,0|5|10|15|35|75|125|175|225,adjoint_lbfgsb,adjoint_lbfgsb,7,warm_start_perturbed,,7.6286422679866455,7.629778253436104,0.0011359854494585875,True,True,False,False,value_and_gradient,7.629778253436104,861,861,471,99.67137813568115,CONVERGENCE: REL_REDUCTION_OF_F_<=_FACTR*EPSMCH,0|0|0|0.854128038589|0.663216118961|0.685972956177|0.473617228523|0.97853088295|0.775099542108|0.802788174953|0.804396681045|0.578134619761|0.578615792294|0.591074395087|0.390696336424|1|0.849496552518|0.863671430069|0.875714200083|0.893732838746|0.626949593274|0.623227442066|0.616978123587|0.65982180048|0.6563580157|0.664809702761|0.415660336964|0.417320359291|0.422532078412|0.450093367593|0.255597820455|0.948686115789|0.748650046481|0.784148647841|0.789013497489|0.801586082465|0.793237689434|0.50757423213|0.5586920283|0.559251938684|0.548135901379|0.578725702161|0.591848653022|0.58482901695|0.593267201023|0.591603281622|0.595105421557|0.331910492801|0.330845511489|0.329994165324|0.354795152357|0.351543985712|0.364841698771|0.377792656283|0.375982514087|0.378099252223|0.415842487287|0.210605947597|0.210340967178|0.211552223347|0.212517083336|0.239799510598|0.0973536199692|1|0.968212318588|0.971172026514|0.965664886018|1|1|1|0.725493697426|0.734449892331|0.739919311934|0.738472127682|0.733438210906|0.737754142919|0.754890617961|0.775821204912|0.807650137467|0.816187842118|0.805727274255|0.803917008222|0.815366119141|0.823311095632|0.839726411009|0.444759214188|0.448383696078|0.445385277008|0.443468554883|0.488049281281|0.489965997029|0.489356784663|0.492133778425|0.488255317631|0.487702059721|0.514336003471|0.514591098745|0.51227835973|0.527340054522|0.527461148499|0.545026720543|0.565928319197|0.564635667715|0.563786627536|0.602420408288|0.268417506122|0.267621866942|0.270931249879|0.309401893308|0.306732393978|0.307215702246|0.307998194081|0.31007931428|0.320590707869|0.349278564514|0.350242698035|0.349865449161|0.350098828394|0.351762383505|0.386720985639|0.164298466812|0.164103094425|0.163602905913|0.167096187618|0.188346630794|0.188884205697|0.0573288685081|1|1|1|1|1|1|1|1|0.983762160109|0.986692091318|0.993474401721|0.994246275646|0.998157588062|0.997499135419|0.987335164182|0.995622369547|1|1|0.996863729926|0.998291591925|1|1|1|1|1|1|1|1|1|0.57851639129|0.585686518643|0.589025081716|0.589108674776|0.588269465208|0.591131462457|0.651472363135|0.651225653953|0.650632218589|0.655106481568|0.656215398284|0.655157879147|0.699357170352|0.697396141638|0.69513545821|0.6519768785|0.653707067059|0.653895829999|0.653629287065|0.697598447379|0.698305929355|0.70032482383|0.699103730522|0.703746939522|0.702565141892|0.700661513784|0.70349936422|0.698894923622|0.701257025602|0.699637209914|0.713043256676|0.747989071283|0.749649989304|0.753655247487|0.785496153309|0.33908370777|0.342068395325|0.343945683466|0.343286143221|0.410609148314|0.408240523718|0.410496877631|0.412418996103|0.411260410778|0.409707702962|0.4117398571|0.411209590324|0.407479727794|0.464253698291|0.461182807887|0.460014254912|0.464262476887|0.462979739118|0.463463119043|0.512190652215|0.412652151378|0.408471550791|0.412118010327|0.462772960382|0.461802879177|0.465385049131|0.463168626947|0.46375519019|0.462300698303|0.519091937126|0.51671192225|0.513502168085|0.508902707298|0.508910555038|0.54998479576|0.223977100519|0.214268068199|0.22124738302|0.24905141762|0.243298445905|0.249196713752|0.2567658998|0.255253669338|0.279969201823|0.282277079221|0.277597946761|0.286855727302|0.283425801883|0.278994497713|0.313824940521|0.285582874993|0.287121957576|0.285382247616|0.288076697838|0.316528356062|0.315648499349|0.0863819377028|0.101076987116|0.0906008568502|0.110705862743|0.112135169285|0.126397502189|0.122621880617|0.0138680425679
low_eis,10,2,delay_frontier,default,delayed,0|5|10|15|35|75|125|175|225,adjoint_lbfgsb,adjoint_lbfgsb,0,warm_start,,4.142354853523516,4.142364843487732,9.989964215861846e-06,True,True,False,False,value_and_gradient,4.142364843487732,523,523,372,62.260905027389526,CONVERGENCE: REL_REDUCTION_OF_F_<=_FACTR*EPSMCH,0|0|0|0.523949547188|0.36999410777|0.382298337285|0.234129800946|0.648972286686|0.484995530235|0.493303907325|0.498590218013|0.324933594395|0.326514466193|0.3296284568|0.192159069441|0.816950570975|0.622548316524|0.625184347034|0.642411819459|0.646536805587|0.432154649609|0.426692269359|0.424914694037|0.433413042393|0.431834097536|0.433291890703|0.253293363544|0.253473404302|0.255414338736|0.262977919937|0.127311489472|0.874769810922|0.687872459828|0.67962918927|0.670733472092|0.682682521699|0.68568640913|0.457978955789|0.475740819977|0.470742109605|0.462812117686|0.460329501526|0.471910641033|0.467495308537|0.459696734497|0.45877382969|0.462153508798|0.277953386545|0.274938633213|0.274550283822|0.263100965967|0.261513696948|0.264663385172|0.27445685311|0.274146538293|0.271373170397|0.264932494816|0.132930792796|0.133108709311|0.132522982023|0.139842522214|0.136927394016|0.0512722830007|1|1|1|1|1|1|1|0.872491489676|0.842336065979|0.817570091193|0.819268728415|0.82108184605|0.845387052857|0.820343765074|0.828179090612|0.85213136026|0.817797880229|0.794476023735|0.793780280038|0.776550110608|0.781971770807|0.802317087076|0.536321832375|0.5594408149|0.555023182293|0.555139949426|0.515938596476|0.527446502613|0.528115369898|0.521952969683|0.521473808933|0.515567000702|0.556465555638|0.550344545018|0.548596503317|0.523442265032|0.524308863863|0.520475311272|0.51934719153|0.519397835478|0.51332117701|0.494963291759|0.313743080479|0.310621152027|0.312945998682|0.293138438678|0.291563510588|0.28711206347|0.293455263694|0.295978549603|0.292828809723|0.278666453086|0.291443473934|0.291918985007|0.288924965628|0.291343365018|0.285584806732|0.13436856462|0.134069846319|0.132154748163|0.13941120351|0.129310690289|0.127643272606|0.0354159526249|1|1|1|1|1|1|1|1|1|1|1|1|1|1|1|1|1|1|1|1|1|1|1|1|1|1|1|1|1|1|1|0.962877158589|0.961795615689|0.965754606128|0.980595869713|0.939474377917|0.94207379974|0.940865754905|0.930542903225|0.920422775403|0.921392774099|0.912578227445|0.913533702344|0.906869869719|0.958123536215|0.973433336897|0.969705689745|0.972144128571|0.908555921992|0.901010028538|0.902051337531|0.894117572419|0.89463096425|0.886318509874|0.925570424088|0.914961026592|0.91634341193|0.870795842126|0.871355084695|0.862989353728|0.847451328501|0.848706977761|0.839737083361|0.805224364316|0.621509778961|0.646495885344|0.643276207806|0.645216808119|0.591302342992|0.584833624171|0.585729165697|0.597750382314|0.598149436661|0.590655746945|0.62518551822|0.615940220447|0.61721240827|0.577118777016|0.577697464936|0.570508488064|0.570157353769|0.571252804332|0.563496924624|0.534003276808|0.60978412655|0.600809844993|0.602204242212|0.562983943003|0.563424459584|0.556292081599|0.556341838733|0.557582761157|0.549762728874|0.521208717333|0.54164865754|0.542794267175|0.535637291403|0.509779992107|0.513597006849|0.35593374699|0.353756461801|0.354445847796|0.326429659873|0.326096858812|0.32100948718|0.322712725017|0.323491575402|0.318033463474|0.297091142927|0.312339456972|0.312915488823|0.307701365515|0.313225622063|0.289067158399|0.305519123525|0.306073822304|0.300965914815|0.306678001319|0.282655489002|0.276787384433|0.118648004496|0.118522338306|0.115876810215|0.115376704188|0.105740352909|0.103009108619|0.101324068234|0.0109147873845
low_eis,10,2,delay_frontier,default,delayed,0|5|10|15|35|75|125|175|225,adjoint_lbfgsb,adjoint_lbfgsb,1,structured_ramp,,4.1348133891221845,4.142364841052563,0.007551451930378761,True,True,False,False,value_and_gradient,4.142364841052563,361,361,296,43.871702432632446,CONVERGENCE: REL_REDUCTION_OF_F_<=_FACTR*EPSMCH,0|0|0|0.52395975521|0.369979709716|0.382295957785|0.234128961487|0.648968962878|0.484965286416|0.4932875272|0.498595759437|0.324936062137|0.326517160356|0.32962837613|0.192156462551|0.8169433078|0.622554428066|0.625188546853|0.642353068899|0.646540430025|0.432151955239|0.426686337364|0.424909719629|0.433414527575|0.431835626054|0.43329541579|0.25332788301|0.253486650596|0.255426929903|0.262956383537|0.127237151902|0.874773822515|0.687798425932|0.679683822678|0.670755749862|0.682691314272|0.685645356299|0.458225569449|0.475572882916|0.470531022766|0.462874662046|0.460216031402|0.471965041056|0.467426792709|0.459626619512|0.458664928962|0.462183912918|0.277880929778|0.274843993659|0.274463203486|0.263013291898|0.261424552648|0.264656280491|0.274571739765|0.274276694568|0.271612495299|0.264959430327|0.132943470157|0.13311713672|0.132571479518|0.139955117415|0.136919354054|0.0513122929311|1|1|1|1|1|1|1|0.872341271981|0.842889736456|0.818066803878|0.819713791811|0.821516252246|0.845978882408|0.820381673966|0.828262021334|0.852380167092|0.817950276356|0.794508588447|0.793846802767|0.776876762555|0.78231405731|0.802819187259|0.536291262772|0.559338115403|0.55486886751|0.555003786989|0.515726236205|0.527409432393|0.528115608354|0.521944321445|0.521428851456|0.515456527379|0.556481693037|0.550361940839|0.54862845882|0.523295873053|0.524191262509|0.520328215361|0.518727682343|0.518747553498|0.512670304918|0.493690409936|0.313218745853|0.310352943851|0.312462884362|0.293842885124|0.292216916785|0.287883868146|0.293473054044|0.296093472953|0.292907159515|0.277706246969|0.291393716684|0.291850164466|0.288557853259|0.29303964537|0.283652970706|0.134210277091|0.133889364723|0.132118533754|0.138633191021|0.12835823603|0.126979853678|0.0350763261411|1|1|1|1|1|1|1|1|1|1|1|1|1|1|1|1|1|1|1|1|1|1|1|1|1|1|1|1|1|1|1|0.962620128678|0.961477327073|0.965455686417|0.980472438153|0.939448057938|0.943846092132|0.9407578458|0.931181751905|0.921107516309|0.921915419451|0.914565474896|0.915539667922|0.908817546041|0.957895517021|0.974039860171|0.970373188155|0.972907209735|0.908642593667|0.90111732157|0.902220035446|0.895331115644|0.895906378507|0.887272408433|0.927019903353|0.916349015709|0.917696764015|0.871270117917|0.871833921635|0.863346335114|0.847801125431|0.848980096001|0.839699510397|0.804414534099|0.618893745879|0.645705040135|0.64249390994|0.644695324037|0.589297240958|0.582933880302|0.583916671545|0.597423068668|0.597873846633|0.59064342689|0.624456087627|0.615346344522|0.616637948889|0.57771781418|0.578221955189|0.571231374393|0.572258299983|0.573326238445|0.565839588793|0.537529220433|0.609376699722|0.600587360935|0.602069346875|0.564089458305|0.564302637783|0.557376883123|0.559114040214|0.560309474212|0.553066234006|0.525515063751|0.545395003303|0.546507718576|0.539679442499|0.513461837153|0.518067224744|0.366228502243|0.357446120384|0.358668838849|0.327169086154|0.327436710536|0.322522089801|0.321508881986|0.322408514524|0.316803973167|0.2959449415|0.310826787461|0.311614113307|0.306353457189|0.313988686957|0.290087339913|0.304004796705|0.304760291055|0.299610670784|0.307465940677|0.283892495163|0.278534588598|0.132515203109|0.133045451251|0.128600591624|0.12329058199|0.105730836868|0.101700165784|0.0999032652774|0.019322125892
low_eis,10,2,delay_frontier,default,delayed,0|5|10|15|35|75|125|175|225,adjoint_lbfgsb,adjoint_lbfgsb,2,structured_sigmoid,,4.13084906547753,4.142364841856921,0.011515776379391163,False,True,False,False,value_and_gradient,4.142364841856921,401,401,319,48.34484934806824,ABNORMAL_TERMINATION_IN_LNSRCH,0|0|0|0.523967282415|0.369991299981|0.382295466788|0.234132291939|0.648981489248|0.485025090821|0.493303379644|0.498599695339|0.324933594532|0.326513201623|0.329619568057|0.192161132009|0.816930852043|0.622545796468|0.625174428475|0.642425234348|0.646529884463|0.432156348409|0.426689084622|0.424917248975|0.43341515426|0.431835718491|0.433268109228|0.253321424599|0.253451405661|0.255429481472|0.262981873924|0.127209269442|0.874771516644|0.687880976292|0.679703019122|0.670705768911|0.682643037194|0.685677441968|0.458010330063|0.475656388152|0.470724637377|0.462824617243|0.460326012959|0.471889329137|0.467426972885|0.459726923832|0.458801054428|0.462146970602|0.277930517391|0.27493280883|0.274544842006|0.263126219881|0.261537465469|0.264629420559|0.27442151758|0.27411214544|0.271365444575|0.264873481074|0.132979727469|0.1331505238|0.132544025326|0.139896491728|0.136833895829|0.0514312252902|1|1|1|1|1|1|1|0.872641503044|0.842319537936|0.817372150555|0.819006020227|0.820817369414|0.845152583481|0.820497781937|0.828369850573|0.852066920417|0.817939583495|0.794406000655|0.793693717996|0.776767038107|0.782241763059|0.802022862827|0.536275889232|0.559518792785|0.555103594829|0.55525107548|0.515993899197|0.527449860324|0.528124766887|0.521806758431|0.521274677279|0.515312826391|0.556363878252|0.550247012468|0.548512097357|0.52315001965|0.524030112805|0.520178097757|0.519337746107|0.51942306757|0.513372616295|0.494784219102|0.314269700008|0.311104765442|0.313343448846|0.293666351435|0.292097405523|0.287403170102|0.293314003487|0.295844754798|0.292711777934|0.278482019208|0.291306264724|0.291765430358|0.288731861741|0.292389498114|0.286236229968|0.134706717102|0.134347008269|0.13205884916|0.139351431754|0.129499206105|0.12788415292|0.0339253354091|1|1|1|1|1|1|1|1|1|1|1|1|1|1|1|1|1|1|1|1|1|1|1|1|1|1|1|1|1|1|1|0.962662562381|0.9616082735|0.965593244616|0.980572596313|0.93979259256|0.941430349171|0.941136108119|0.930299882775|0.919974852803|0.921010196364|0.912262147763|0.913269255895|0.906347483486|0.957920945372|0.97406894295|0.970336406841|0.972899129931|0.907619351507|0.899918890119|0.901076498255|0.892774633168|0.893324285391|0.884441857376|0.925062522846|0.914281913315|0.915782415971|0.868085599527|0.868669790219|0.859945389925|0.843645791315|0.844878460681|0.835427468377|0.799783541136|0.616645771389|0.644997598762|0.641807669322|0.644014346608|0.589351972121|0.583082243538|0.584076161372|0.598496163496|0.5989130731|0.591743418745|0.625262229166|0.616197529165|0.617483186418|0.578847139343|0.579328697194|0.5723824432|0.57300457296|0.57404907077|0.56649502176|0.537859979933|0.610129546996|0.601388448248|0.602843850258|0.565063466237|0.565241692133|0.558350267357|0.559608283453|0.560778747749|0.553488432149|0.525596335333|0.545655874098|0.546740652512|0.539777927788|0.508490265285|0.515655949151|0.360575718742|0.3524413069|0.353636034879|0.323303382753|0.323574490212|0.318553935964|0.319841195318|0.320697807891|0.315338720981|0.29540931701|0.309623240712|0.310413959872|0.305399988754|0.314673844856|0.291398526806|0.302948834998|0.303683126401|0.29883855817|0.30802460114|0.285336860313|0.280234291938|0.12588015694|0.126437839359|0.122583106|0.119694419971|0.104604333982|0.101286353729|0.0995146866358|0.0163624150798
low_eis,10,2,delay_frontier,default,delayed,0|5|10|15|35|75|125|175|225,adjoint_lbfgsb,adjoint_lbfgsb,3,structured_constant,,4.1366990949548414,4.142364841569233,0.005665746614391232,True,True,False,False,value_and_gradient,4.142364841569233,469,469,376,56.46260476112366,CONVERGENCE: REL_REDUCTION_OF_F_<=_FACTR*EPSMCH,0|0|0|0.523941991068|0.370004405875|0.382292169467|0.23413634988|0.648976370015|0.484992380999|0.493292657238|0.498593081609|0.324933441276|0.326514295617|0.329627232318|0.192166501434|0.816958422764|0.622552713341|0.62519491921|0.642387204531|0.646541054886|0.432147411577|0.426668472818|0.42490352482|0.43340579426|0.431832026039|0.433302821529|0.253296380579|0.253481212923|0.25541833722|0.262943960486|0.127319743464|0.874789239785|0.687844475206|0.679678436098|0.670794959274|0.682688143855|0.685667398411|0.458196713866|0.475855909459|0.470603791178|0.462827140041|0.460411813934|0.471838855069|0.467434435772|0.459721975873|0.458831899584|0.462173765392|0.277888015391|0.274885186592|0.274502146744|0.263103357674|0.261521498474|0.264600516079|0.274481340577|0.274172576854|0.271421776473|0.264941948166|0.13303606|0.13320845137|0.1325998004|0.139808093775|0.136876295231|0.051001117845|1|1|1|1|1|1|1|0.872442351892|0.841818784614|0.817347261407|0.819152819201|0.820983885807|0.845092118555|0.820305636782|0.827897393048|0.852446694365|0.817710429799|0.794399103197|0.793765860732|0.776523429567|0.781945345305|0.802264453867|0.536325875125|0.559440300912|0.555016624535|0.555170610582|0.515713043471|0.527002338188|0.527088030285|0.52153702046|0.521032698939|0.515275347233|0.555580962412|0.549532851162|0.547840354568|0.522945185425|0.523813600098|0.520171993359|0.51904379222|0.519130197824|0.513248354408|0.494835552525|0.313282738032|0.309999205467|0.312271007321|0.292555800702|0.290957091777|0.287050422808|0.293577086528|0.296068354614|0.292981417622|0.278902977547|0.291622788664|0.292088555393|0.289132219845|0.291357699158|0.285478045243|0.135245003226|0.134936500145|0.132761663988|0.139071351331|0.128095147735|0.126365784168|0.0361706977083|1|1|1|1|1|1|1|1|1|1|1|1|1|1|1|1|1|1|1|1|1|1|1|1|1|1|1|1|1|1|1|0.961805828887|0.960075517922|0.96409233328|0.978852351629|0.937035916315|0.944017068995|0.938752692575|0.928080081295|0.918125231674|0.919010767326|0.911691118672|0.91266955931|0.906105980478|0.95745411816|0.971170906527|0.967518759897|0.970028643291|0.906062961234|0.898685801775|0.899823302129|0.893070271078|0.893678128078|0.885274801892|0.924213728198|0.913788774413|0.915091146422|0.869857474935|0.870445836872|0.862219457909|0.847992202233|0.849200132815|0.840277737572|0.806422993147|0.618694304918|0.64920705845|0.645987355903|0.64820661944|0.592250631989|0.585226643903|0.586558306167|0.599159589566|0.599691020995|0.592157421738|0.627188244257|0.617733154427|0.619024641199|0.578459501665|0.578988645025|0.571678216418|0.570660117566|0.571728973449|0.563872201622|0.534367794463|0.611493723113|0.602320276415|0.603866934515|0.564101400784|0.564492969785|0.557188733134|0.556749457799|0.557959328825|0.550396112424|0.521529022735|0.542236950322|0.543348872452|0.536111890247|0.509733840846|0.513571819015|0.36116841501|0.353618530084|0.354776015083|0.324865755634|0.325138342812|0.320195648427|0.320094197959|0.321012588024|0.315350811039|0.29399574474|0.309299172195|0.31009994641|0.304733258998|0.311171267694|0.285599097478|0.302404414604|0.303186961135|0.297899740875|0.304407539067|0.279140240856|0.273271934281|0.131018181653|0.131563877323|0.127868619354|0.124717550908|0.108719269022|0.10502890344|0.102933070557|0.025692001693
low_eis,10,2,delay_frontier,default,delayed,0|5|10|15|35|75|125|175|225,adjoint_lbfgsb,adjoint_lbfgsb,4,warm_start_perturbed,,4.142050868573837,4.142364842821897,0.00031397424806023366,True,True,False,False,value_and_gradient,4.142364842821897,540,540,362,63.70606708526611,CONVERGENCE: REL_REDUCTION_OF_F_<=_FACTR*EPSMCH,0|0|0|0.523967547893|0.369994684648|0.382293262013|0.234108669333|0.648985766642|0.484979219636|0.493303832185|0.498593004562|0.324933929331|0.326512965732|0.329624033719|0.192149817337|0.816940317617|0.622551199904|0.625182374612|0.642409453917|0.646536108394|0.432157699249|0.426697670739|0.424906974631|0.43341627651|0.431827820737|0.433309029488|0.253324853685|0.253457241267|0.255420599265|0.262978419748|0.127238916474|0.874789629757|0.687843054766|0.679620859846|0.670738137202|0.682681538122|0.685668724415|0.457948986085|0.475706976932|0.470912508001|0.462823836321|0.460360770516|0.47190356377|0.467501578285|0.459729481705|0.458732870731|0.462159428458|0.277940553176|0.274935648114|0.274550861291|0.263108763675|0.261414754616|0.264649289827|0.274443122167|0.274155937216|0.271373229451|0.264967440226|0.132976735209|0.133162467458|0.132582225129|0.139891370598|0.136745076513|0.0512658445319|1|1|1|1|1|1|1|0.872648382538|0.84239233651|0.817574899655|0.819200549696|0.821145594052|0.845427640069|0.82019009621|0.827779594267|0.852178636744|0.818003173741|0.794661396804|0.793348231176|0.776624221354|0.781813708761|0.802541578125|0.536392844624|0.559470967541|0.555010321279|0.555158111479|0.515901395019|0.527435212213|0.528107558178|0.521974120852|0.521431734363|0.515522924706|0.556439367168|0.550365489828|0.548599964239|0.523378458887|0.524268531818|0.520423431057|0.519351653881|0.519447001359|0.513413774778|0.494670563229|0.313041021245|0.31077963646|0.312707214513|0.292958134925|0.291499035122|0.287470969543|0.293455606335|0.296057547433|0.292837301605|0.27878675348|0.291508740746|0.292285665359|0.289108415682|0.291297727386|0.285680214184|0.13328806495|0.133586276615|0.131987140615|0.139170817326|0.129343650763|0.126732387014|0.0357255320214|1|1|1|1|1|1|1|1|1|1|1|1|1|1|1|1|1|1|1|1|1|1|1|1|1|1|1|1|1|1|1|0.962970768618|0.961826440631|0.964902450025|0.980228079234|0.939574943989|0.942449811211|0.941083561919|0.930212295583|0.920092287435|0.920618865974|0.912413834443|0.913501043695|0.906734390345|0.958266441183|0.973668908936|0.970009513746|0.972616231764|0.908475550947|0.900710037266|0.902107719281|0.894000705823|0.894597701007|0.886059563418|0.925555225931|0.914909432331|0.916078326188|0.870389398073|0.871091733523|0.862723119214|0.846532812475|0.848772169518|0.840015459026|0.805877864345|0.620036830469|0.647040546839|0.64418067606|0.645389371862|0.590888002683|0.584331932467|0.585194029725|0.597620107759|0.598504332136|0.59075993549|0.625281711526|0.615906759138|0.617293741656|0.577020219298|0.577849598497|0.570777153523|0.570144242377|0.571187093256|0.563521730248|0.534294409954|0.609746925243|0.601008658762|0.602128506756|0.563343097545|0.563663800398|0.556738242363|0.556352719342|0.557562521009|0.550031039908|0.521438548446|0.541905297969|0.543021276686|0.535884535518|0.509962555191|0.513622080938|0.352751392545|0.354323379011|0.355592016941|0.318338491062|0.322745320736|0.316173773943|0.31948316119|0.323650770304|0.317556993248|0.296603043384|0.309205615138|0.310762962874|0.305006409448|0.313343413657|0.288455929094|0.305942150382|0.305383057614|0.300320400964|0.306941033188|0.28196965581|0.276438034653|0.108221291361|0.128407506517|0.123079790835|0.122684595935|0.114848847349|0.101903581767|0.0994849026583|0.0183916495188
low_eis,10,2,delay_frontier,default,delayed,0|5|10|15|35|75|125|175|225,adjoint_lbfgsb,adjoint_lbfgsb,5,warm_start_perturbed,,4.142030780257318,4.142364842619231,0.0003340623619125793,True,True,False,False,value_and_gradient,4.142364842619231,394,394,277,46.851324796676636,CONVERGENCE: REL_REDUCTION_OF_F_<=_FACTR*EPSMCH,0|0|0|0.523954982815|0.369986901638|0.382297572455|0.234119783537|0.648976595772|0.484980546027|0.493286991242|0.498572621225|0.324933066212|0.326516991467|0.329629028699|0.192156924192|0.816942056346|0.622545417484|0.625188823429|0.642380415856|0.646540026838|0.432143048454|0.426691219892|0.424903210409|0.43341872495|0.431836309633|0.433292756592|0.253272617024|0.25346359711|0.255397867905|0.26299269881|0.127261152229|0.874809401452|0.687801679106|0.679612471618|0.670675228995|0.68264261341|0.685696561303|0.457783682327|0.475803733704|0.470511277478|0.462835211251|0.46034513756|0.471954789462|0.467399727219|0.459660113583|0.45872359002|0.46226981953|0.278117285217|0.275010995772|0.274608846208|0.263102754989|0.261538788164|0.264656261328|0.274527195203|0.274113126642|0.271368623333|0.26488622991|0.132924485908|0.133131742753|0.132522860674|0.139791434918|0.137066538078|0.0511331256802|1|1|1|1|1|1|1|0.872325210984|0.84242359395|0.817563060603|0.819175904595|0.821079258051|0.845442797825|0.820272465948|0.827755395646|0.852038382663|0.817725903461|0.794387935138|0.793684180355|0.776697558216|0.782038396404|0.802311800115|0.535873718558|0.559745659731|0.555043016127|0.554912942533|0.516539552039|0.526790432963|0.528446281139|0.522012538294|0.521602577638|0.515576969396|0.556398985446|0.550265068897|0.548755534693|0.523247041678|0.524238616593|0.520429606699|0.51946244712|0.518897572965|0.513522683107|0.494919783145|0.313675274769|0.311540784992|0.312572563206|0.293720970016|0.292220357627|0.287290046016|0.292582352376|0.296689240697|0.292021101899|0.278526318097|0.291285559563|0.291794036933|0.289812038562|0.291137207536|0.285267225774|0.134455343805|0.133690310187|0.132530244192|0.137698765986|0.129103035439|0.127072330719|0.035421005288|1|1|1|1|1|1|1|1|1|1|1|1|1|1|1|1|1|1|1|1|1|1|1|1|1|1|1|1|1|1|1|0.962604466308|0.961068483615|0.966388951192|0.979669805038|0.940201532667|0.945100533452|0.939075483631|0.931089766352|0.922788596672|0.922304448266|0.911894134048|0.914407481023|0.906901724417|0.958818829796|0.971855356222|0.969376729809|0.971750871498|0.909240449582|0.901588501379|0.904422952414|0.89454073134|0.895216791547|0.886300131302|0.926411577539|0.91513221942|0.917240215724|0.872139527687|0.871588428031|0.864276147106|0.847650031187|0.848672907271|0.839736581497|0.806036125088|0.619226944807|0.647662161284|0.64429994428|0.6466690321|0.590658750555|0.583508222953|0.584887780141|0.596938359308|0.599178747999|0.590920417858|0.628535316276|0.613881627871|0.616255942443|0.575839289808|0.578383743588|0.570894585114|0.569569462643|0.572103080895|0.563966570962|0.534195698537|0.610685021283|0.602172496951|0.601165320383|0.563173371925|0.56169502385|0.55435840184|0.55684976475|0.556897638404|0.549377498168|0.520967730766|0.541539996667|0.543326589722|0.535293997286|0.509864701293|0.513454393847|0.359228686302|0.35644138409|0.353211514813|0.327217663817|0.323741935568|0.320779231681|0.321757611343|0.323678434869|0.316506310998|0.29558529519|0.312091165454|0.312964118949|0.307971630268|0.313515888583|0.288657048624|0.305324742876|0.304503475353|0.301143207318|0.306928263823|0.28122460345|0.275184959461|0.116312241642|0.119602587941|0.121375089305|0.107238958146|0.108088534662|0.095066421063|0.105490736836|0.00835768909091
low_eis,10,2,delay_frontier,default,delayed,0|5|10|15|35|75|125|175|225,adjoint_lbfgsb,adjoint_lbfgsb,6,warm_start_perturbed,,4.14198327175638,4.142364843450744,0.00038157169436381366,True,True,False,False,value_and_gradient,4.142364843450744,509,509,390,60.83821225166321,CONVERGENCE: REL_REDUCTION_OF_F_<=_FACTR*EPSMCH,0|0|0|0.523965400106|0.369991279705|0.3822945635|0.234122946345|0.648974960408|0.484988423207|0.49329578329|0.49859535353|0.324934206922|0.326514836729|0.329626204848|0.192158531477|0.816951485704|0.62254796165|0.625188800435|0.642393743641|0.64653809094|0.432152122716|0.426688860851|0.424907823399|0.433412991545|0.431830926785|0.43329307343|0.253294080254|0.253468632774|0.255406330634|0.262975640567|0.127306000318|0.874793082096|0.687861729311|0.679602098974|0.670751753439|0.682646802619|0.685654727959|0.457918586012|0.475719971172|0.470722715386|0.462825805206|0.460364016501|0.471934164149|0.467504726355|0.459660339976|0.458768346886|0.462182147107|0.277881976025|0.274944598648|0.274554487096|0.263105605194|0.261508674755|0.264723877611|0.274467977605|0.274145290935|0.271379543135|0.264989594318|0.132962175032|0.133155331799|0.13256039933|0.139867270314|0.136897555017|0.0512047361976|1|1|1|1|1|1|1|0.872498100552|0.842381127528|0.817583138209|0.819267855168|0.821063326055|0.845342662885|0.820309643118|0.827673121522|0.85215068395|0.817770260811|0.79439972706|0.793706899355|0.776594756116|0.78183165729|0.802360168527|0.536098491066|0.55948290616|0.555047212906|0.555311280507|0.51585449927|0.527439833256|0.528111453683|0.521954812342|0.521451666441|0.515486374167|0.556369180219|0.550332419219|0.548651041734|0.523322352265|0.52419052719|0.520349918507|0.519428370225|0.519533921219|0.513145934318|0.494628818475|0.313943147167|0.310591471275|0.312841677844|0.293093390843|0.291558672238|0.287264226494|0.293533855601|0.296063577821|0.292905573413|0.278680419666|0.291538301218|0.291941016639|0.289003629762|0.291487446125|0.285494107584|0.134445363004|0.133888107867|0.131958393383|0.139447199506|0.129272305602|0.127478258895|0.0352731615873|1|1|1|1|1|1|1|1|1|1|1|1|1|1|1|1|1|1|1|1|1|1|1|1|1|1|1|1|1|1|1|0.962669570852|0.961510242481|0.965496376429|0.980518070427|0.93909946023|0.94401416079|0.940593641495|0.929992234547|0.919885996455|0.920953567347|0.91245252255|0.913550539235|0.906742504687|0.957897154393|0.973564301872|0.969883441164|0.972423819721|0.907990615079|0.900499024964|0.901635641394|0.894050818523|0.894533375559|0.885908334449|0.925578206861|0.914903672214|0.916404276729|0.870466654217|0.871067230584|0.862536461008|0.847566181321|0.848768014674|0.839791682318|0.80555321594|0.619161659374|0.646963651564|0.64507217345|0.646976877892|0.589974926481|0.584561433893|0.584767146889|0.598001286845|0.598230689255|0.588895188355|0.626434532606|0.616677011786|0.616812693971|0.576868747395|0.576577841087|0.570734320585|0.57083543523|0.570700856001|0.562966127615|0.533954291918|0.609538782441|0.59950905002|0.60126027373|0.562281485684|0.563719939421|0.556840688592|0.557132546919|0.558383097038|0.550406839392|0.5222442957|0.541370992389|0.54239653416|0.535644418142|0.509996088493|0.513522609615|0.355027488422|0.3531042175|0.353058189722|0.325576358911|0.325884221128|0.319006888072|0.321435060676|0.321130631827|0.316875963733|0.295813692892|0.3110290817|0.311652156561|0.306533111469|0.313741264271|0.288264932805|0.304227406495|0.304999806487|0.299762958924|0.307150710857|0.281926166548|0.276740248995|0.122751789111|0.112384888682|0.109287450031|0.116758687446|0.103482957328|0.104053934462|0.102663597116|0.00889596903006
low_eis,10,2,delay_frontier,default,delayed,0|5|10|15|35|75|125|175|225,adjoint_lbfgsb,adjoint_lbfgsb,7,warm_start_perturbed,,4.1419810458275235,4.142364843146242,0.00038379731871884815,True,True,False,False,value_and_gradient,4.142364843146242,527,527,380,62.72109913825989,CONVERGENCE: REL_REDUCTION_OF_F_<=_FACTR*EPSMCH,0|0|0|0.523944751667|0.369993484048|0.382312486273|0.234142532058|0.648968013709|0.48499528645|0.493279114798|0.498588466902|0.324933058852|0.326515817051|0.329623849529|0.192147330533|0.816941582957|0.622554707329|0.625174829914|0.642398178624|0.646528590949|0.432151367824|0.426690962046|0.424911687357|0.433416270651|0.431838778547|0.433260156203|0.253292897158|0.253454679801|0.255411208796|0.262990790908|0.127281325582|0.874757082235|0.68783165222|0.679624708993|0.67078408579|0.682662063623|0.685625581235|0.457981829119|0.47572611988|0.470565663464|0.462796728298|0.460241419775|0.471981068521|0.467480164964|0.459761956582|0.458717375087|0.462140092891|0.277880907344|0.274963804319|0.274453075301|0.263105553927|0.261517707908|0.264661178073|0.274482377974|0.274205942076|0.271376246839|0.265000450257|0.133018408206|0.133063514754|0.132577952887|0.139873304534|0.1368737787|0.0514725498263|1|1|1|1|1|1|1|0.872562113288|0.84231994439|0.817579134415|0.819259307474|0.821089365372|0.845426679881|0.82029743029|0.827725926334|0.852127254614|0.81781376863|0.794478712243|0.793674182069|0.776452136018|0.782046125973|0.802063439292|0.53634987982|0.559521070195|0.555103735908|0.555240933207|0.515905934153|0.527422815815|0.527925571541|0.521904723255|0.521743666528|0.515495048881|0.556755381671|0.550117126746|0.548602627682|0.523295473815|0.524671402603|0.520433829897|0.519313765479|0.519549018312|0.513329885017|0.494574605953|0.313854226886|0.31055481039|0.31279305585|0.293377449013|0.291500927541|0.2871256386|0.293307552505|0.296049697252|0.292784993857|0.278544167149|0.291432639147|0.292028057068|0.288595346044|0.29120580701|0.285412467662|0.134582336151|0.134084459251|0.132117094521|0.139420820484|0.129092268066|0.127409885718|0.0352083073491|1|1|1|1|1|1|1|1|1|1|1|1|1|1|1|1|1|1|1|1|1|1|1|1|1|1|1|1|1|1|1|0.96317192011|0.962513403335|0.966383597953|0.979840852547|0.939012019445|0.944755193261|0.94118146242|0.931467762831|0.920931984396|0.918345219109|0.912125996197|0.913088825954|0.907285399214|0.958941751806|0.971757798075|0.970663920983|0.971703034028|0.909269321057|0.900641944736|0.902442170246|0.895332434882|0.894086630514|0.886144887723|0.925092456739|0.914667646145|0.915768341311|0.870562410129|0.871916849403|0.861613562082|0.847516353474|0.848730967124|0.83977983052|0.804724793874|0.61793183221|0.647993964333|0.645126270551|0.645986186907|0.590120264097|0.584938361676|0.587421758107|0.59791938214|0.599005293195|0.590532045638|0.626685012317|0.615482613867|0.617827159953|0.577584907894|0.576910755507|0.569504151949|0.570173814761|0.571193973842|0.563456435673|0.534460061379|0.609926234333|0.600363751446|0.600015121748|0.561508421935|0.56376687892|0.556625127547|0.556297934957|0.557686394357|0.550023136871|0.521800223779|0.541994080452|0.543080154844|0.53621606245|0.50920279826|0.513303265944|0.348936251953|0.351698285072|0.351922769663|0.323483146765|0.323726345329|0.318834242606|0.321050625507|0.32200436687|0.316653293937|0.295757821821|0.309647443911|0.311444371372|0.30631967381|0.314568890243|0.288137354391|0.303411318034|0.304577347818|0.299540626367|0.307991154493|0.280745757744|0.273967553498|0.119535746386|0.121607138421|0.120178244916|0.11436962601|0.104707176461|0.103680810882|0.102578241958|0.00910048039735
no_endogenous_learning,5,10,delay_frontier,default,delayed,0|5|10|15|35|75|125|175|225,adjoint_lbfgsb,adjoint_lbfgsb,0,warm_start,,7.640171254755173,7.64022763663566,5.638188048706638e-05,True,True,False,False,value_and_gradient,7.64022763663566,681,681,481,75.17174506187439,CONVERGENCE: REL_REDUCTION_OF_F_<=_FACTR*EPSMCH,0|0.723172194727|0.547613092915|0.841537974807|0.647225609709|0.671983948772|0.461485258247|0.969267238967|0.761001931141|0.785539143004|0.789923483796|0.565256685579|0.568433878635|0.581011280388|0.376666495696|1|0.840689156616|0.851916755896|0.862174376785|0.881807737759|0.611770134739|0.607133011813|0.604422915551|0.649265082274|0.647077076357|0.654134496243|0.405729833493|0.40787664961|0.413164922023|0.439646089343|0.241350748012|0.943072960466|0.741869001549|0.779214473621|0.784316652662|0.795767728034|0.790881964458|0.494499702896|0.538901732726|0.539633841508|0.530494007748|0.562508907962|0.573378075497|0.572400587283|0.589867475777|0.588639464005|0.59206437951|0.33064927966|0.329948106465|0.329538992669|0.330283013436|0.328089052868|0.337550237318|0.376371823246|0.375239172699|0.375493999048|0.399034666617|0.186961797038|0.187435220655|0.192414749623|0.212001362928|0.224221311585|0.0977324676718|1|0.963849648313|0.965529274078|0.959442419849|1|1|1|0.708500382225|0.732239338599|0.737082513554|0.735519331375|0.731842508297|0.732970376165|0.732977691637|0.752483593645|0.784528354282|0.811161096955|0.799008525051|0.798247311881|0.811617508045|0.82118082374|0.836449737562|0.386590262683|0.445898405191|0.443242974429|0.442127466844|0.445256804957|0.447936741023|0.46661988231|0.490032781464|0.488299829488|0.48636262917|0.511929488034|0.512261213336|0.511224584501|0.513873629265|0.514375333243|0.515929825585|0.563614268388|0.563914876985|0.562865493133|0.565902767722|0.266026670235|0.267454574888|0.270095647034|0.270379240259|0.268199565611|0.283649183792|0.30728112243|0.309703619222|0.312553641318|0.346760139942|0.314201757313|0.314206416263|0.314376801454|0.350752800303|0.354253349891|0.147131499503|0.148829339502|0.162415009428|0.166750234303|0.186680422064|0.187401741795|0.0553137375009|1|1|1|1|1|1|1|1|0.975037052899|0.980106583951|0.987598644744|0.994872243024|0.994482969653|0.994790558966|0.983917927942|0.990619311232|0.998017223907|0.99799650529|0.99818038233|0.996268500106|0.998434736171|0.999960677156|0.999960015748|1|1|1|1|1|1|0.5099199544|0.576419329422|0.585196992065|0.585480224979|0.585906281755|0.583675261104|0.589244315777|0.589365827944|0.589434103282|0.654457591735|0.654953653379|0.655518670754|0.700919665019|0.701419120225|0.701778027662|0.587598033428|0.653404661983|0.65371261003|0.654043193204|0.656310411593|0.656659831055|0.657086445015|0.69912490254|0.69951515839|0.699878280252|0.701064269985|0.701488136196|0.701956316665|0.700436862248|0.700848104846|0.70113156272|0.756329164386|0.752218654716|0.75246137087|0.753808205714|0.260039806826|0.317973637735|0.318528177257|0.328073897933|0.346250868312|0.346793538125|0.393955046134|0.408103839013|0.408570187778|0.408923721385|0.394817280484|0.395362105694|0.408240407229|0.409638644673|0.410047646798|0.410322214248|0.462481154381|0.462616171367|0.462808317953|0.463803027897|0.408428926257|0.408696117793|0.409120585287|0.410534575791|0.410881106656|0.428473059862|0.46295563186|0.463139310438|0.463333949162|0.505587186396|0.463518126834|0.463693247528|0.463864509597|0.510177573803|0.511162608204|0.214925281715|0.215374834144|0.215952547318|0.217786558257|0.21825608763|0.239676142312|0.254084709304|0.254271445979|0.254474269218|0.274560364109|0.25472145274|0.254898352971|0.255086145435|0.28478331104|0.285638698212|0.255085129258|0.25621379981|0.274346063354|0.285026684534|0.306246221842|0.306344315|0.0983088574743|0.102225940087|0.102339017412|0.106579521355|0.11574497843|0.120983845232|0.123237920096|0.0275563158222
no_endogenous_learning,5,10,delay_frontier,default,delayed,0|5|10|15|35|75|125|175|225,adjoint_lbfgsb,adjoint_lbfgsb,1,structured_ramp,,7.572891598741166,7.640227660492034,0.06733606175086759,True,True,False,False,value_and_gradient,7.640227660492034,923,923,650,102.27617478370667,CONVERGENCE: REL_REDUCTION_OF_F_<=_FACTR*EPSMCH,0|0.723150916596|0.547536236172|0.841519008819|0.647228906129|0.672010402425|0.461301543065|0.969369421283|0.760969335769|0.785525214242|0.789937081644|0.565322265604|0.568446843357|0.580845779062|0.376685955301|1|0.840579903508|0.85192867768|0.86216473924|0.881783512801|0.611765585431|0.607171100672|0.604511607935|0.649296433563|0.647109647867|0.654266457966|0.405707469157|0.407900951861|0.41317092056|0.439638488096|0.241238453589|0.943069390775|0.741838048402|0.779297850356|0.784283218157|0.795741995171|0.790877599524|0.494614417397|0.539019955237|0.539800925341|0.530699269879|0.562493592157|0.57342157503|0.57262548389|0.589837728125|0.588613078469|0.592087356846|0.33063062884|0.329817083591|0.329398829507|0.330179279065|0.327952031714|0.337593413685|0.376099695494|0.375206627785|0.375449783894|0.398588678717|0.187130018374|0.187582650461|0.192445478779|0.212175126607|0.224608104971|0.097919803247|1|0.963894174671|0.965540789144|0.959418863565|1|1|1|0.70864564382|0.731393588372|0.73681254196|0.735286012327|0.731594878224|0.73256759072|0.732758724901|0.752286488408|0.7842001982|0.811379087422|0.799061013851|0.798280898289|0.811394780105|0.820936433624|0.836280989266|0.387244403445|0.446079685377|0.443369329527|0.44210448808|0.444930252227|0.447617974559|0.465865461126|0.489915424751|0.488204576503|0.486307181599|0.511937088833|0.512254094255|0.51115008275|0.513712295925|0.514229528777|0.51579462973|0.564090798687|0.564112904804|0.563075760222|0.566064168971|0.265326319293|0.265976905806|0.268599706808|0.268820104915|0.266633187881|0.282753116983|0.306742268874|0.309081364075|0.311864733927|0.349556826373|0.313484877449|0.313511547636|0.314023674085|0.351384235095|0.355022517086|0.148595626084|0.14986575794|0.164354252495|0.168135063226|0.187542532123|0.188693164317|0.0542060208062|1|1|1|1|1|1|1|1|0.975830651082|0.98068539627|0.987977085765|0.994382085328|0.994574227316|0.994924796202|0.984306161063|0.990955917583|0.996795429602|0.996982879633|0.997329860362|0.995378117444|0.999651335017|0.999796339464|0.999790008069|1|1|1|1|1|1|0.513276070635|0.579783138073|0.5872787591|0.587461547652|0.587909920432|0.585787198447|0.591205733276|0.591388058878|0.591449907052|0.654388996322|0.654862286513|0.655710873547|0.6969263492|0.697388412019|0.697692771556|0.590238645337|0.651895556049|0.652165673062|0.652495477392|0.656880418144|0.657220623351|0.657080737923|0.698406003727|0.698800436435|0.699129926257|0.697480998737|0.697836379136|0.698308896276|0.699629720839|0.699996125655|0.700234315638|0.750354238641|0.750575107872|0.750858587829|0.752107023713|0.26343000013|0.340268771702|0.340749785258|0.341256364585|0.348078259854|0.34859720498|0.410627159839|0.411186434946|0.411729928495|0.412166034933|0.410277155901|0.410774491175|0.411449738261|0.413202827267|0.413657510085|0.414045658255|0.467446485116|0.467755107725|0.468117353463|0.469268229015|0.411832662612|0.412303876174|0.41278265873|0.414344742088|0.414451189075|0.431719777763|0.468159001395|0.468441429723|0.468686891776|0.516288298337|0.469018059911|0.469296202944|0.469571494802|0.516750482346|0.518020857483|0.218457916367|0.218612334967|0.219137604061|0.220754828471|0.221193647275|0.254327785847|0.255962122721|0.256176692707|0.25638871043|0.285909283656|0.256587959007|0.256763988705|0.256917451587|0.286340814676|0.287172465322|0.256975546943|0.257179903624|0.286106213733|0.28663900315|0.317550942109|0.317588418543|0.0896423397728|0.0980910296453|0.0983022732095|0.0990369894215|0.117452153389|0.117513841878|0.11766884847|0.0222496919604
no_endogenous_learning,5,10,delay_frontier,default,delayed,0|5|10|15|35|75|125|175|225,adjoint_lbfgsb,adjoint_lbfgsb,2,structured_sigmoid,,7.549530193623497,7.640227641296322,0.0906974476728255,True,True,False,False,value_and_gradient,7.640227641296322,707,707,501,78.6350610256195,CONVERGENCE: REL_REDUCTION_OF_F_<=_FACTR*EPSMCH,0|0.723183203424|0.547499706635|0.841506152584|0.647180377617|0.671913280402|0.461177497557|0.969313937251|0.760969678888|0.785513196937|0.789870447548|0.565319432758|0.568481147951|0.580969776239|0.376940999856|1|0.840608977315|0.851878785846|0.862139208391|0.881938941199|0.611576995056|0.607065624917|0.604388714018|0.649191693239|0.647183808651|0.654090142011|0.40570378053|0.408138710633|0.413149855206|0.439694535493|0.241115824746|0.942965190067|0.74180836695|0.779452617175|0.784284769162|0.7957807926|0.79097278971|0.494459177121|0.538954633761|0.539740683396|0.530585014221|0.562560107316|0.573461276268|0.572538271044|0.589850740402|0.588636389963|0.592135504189|0.330563621451|0.329778133122|0.329348086221|0.330183264533|0.32801745776|0.337854125095|0.376267081648|0.375403286374|0.375654219104|0.398822433279|0.186899602864|0.188218293211|0.192494208807|0.212050606308|0.224464690502|0.0978935887589|1|0.963998627573|0.965566294281|0.959409996285|1|1|1|0.708923516402|0.73147159067|0.736850922128|0.735164334423|0.731493163548|0.732608013427|0.732476573248|0.751950536843|0.784074989218|0.810387694481|0.798268404309|0.797672876457|0.810307356479|0.819850169846|0.835345771075|0.387571675171|0.446381757331|0.443747444554|0.442503231288|0.44530423431|0.447978232204|0.466892966891|0.489815474176|0.48807011892|0.486177255844|0.511837238383|0.512170947345|0.511049699883|0.5136133078|0.514109194655|0.515723321445|0.564461346893|0.564469291615|0.563495563847|0.566637737729|0.266958401627|0.267601853255|0.270329361643|0.270527160721|0.267787847813|0.283136847407|0.306795023629|0.309230044383|0.312095622089|0.348892978674|0.313735618406|0.313728671635|0.313807745551|0.350961424334|0.354658264303|0.144605345834|0.145663606145|0.161214171499|0.167095994656|0.190161902508|0.19123547409|0.0549010566879|1|1|1|1|1|1|1|1|0.974623596362|0.979818019923|0.98740211695|0.994070069968|0.994253942679|0.994593407882|0.983476638801|0.991667627042|0.996442105562|0.996541981881|0.996948534153|0.995026287723|0.999109534581|0.998471286079|0.999813498035|1|1|1|1|1|1|0.513024284041|0.580471967555|0.588151446076|0.588266496306|0.588683911553|0.586550154717|0.591924476605|0.592101412019|0.592163924826|0.654113492756|0.654538939543|0.655683892125|0.695374827867|0.696155769362|0.696407180014|0.590834907178|0.652088388673|0.65241733215|0.652692952976|0.657014191302|0.657317737264|0.656458731698|0.697510826986|0.697828546023|0.698097552334|0.696567837801|0.696903918731|0.697404797804|0.698571290957|0.69888281822|0.699078952965|0.74778614246|0.747998855262|0.748273563013|0.749276913041|0.257433617948|0.335140515629|0.335470214409|0.335940711143|0.342821632598|0.343311809669|0.405953830239|0.406948375231|0.407444111841|0.407876122099|0.405840148002|0.406329309561|0.406972789655|0.408717015185|0.409166935336|0.409477181511|0.464004193307|0.464274237513|0.464596899468|0.465739443673|0.406948544004|0.407369879174|0.407838976036|0.409371743153|0.409162318168|0.430643949614|0.464051354904|0.464288448217|0.464475207722|0.512922854695|0.46469943903|0.464914497947|0.464943531492|0.513357206611|0.514543085918|0.212368344687|0.212398058029|0.212913354876|0.214487153499|0.21498194034|0.247866719039|0.249439214493|0.249635556666|0.24983234491|0.279164972373|0.250016635654|0.250159312219|0.250344064566|0.279529600237|0.280302506484|0.25044930392|0.254290845624|0.279196651993|0.279768507538|0.310403164061|0.310445786424|0.106383933586|0.112020167661|0.112852895044|0.113459548076|0.128022097757|0.128195806544|0.128448966305|0.0479046086412
no_endogenous_learning,5,10,delay_frontier,default,delayed,0|5|10|15|35|75|125|175|225,adjoint_lbfgsb,adjoint_lbfgsb,3,structured_constant,,7.618999680996854,7.640227657090059,0.021227976093205037,True,True,False,False,value_and_gradient,7.640227657090059,1318,1318,800,186.61656665802002,CONVERGENCE: REL_REDUCTION_OF_F_<=_FACTR*EPSMCH,0|0.723208050027|0.547576459338|0.841517316984|0.647241959226|0.671977584894|0.461424002052|0.969388759993|0.760986333567|0.785555167735|0.789931253972|0.565299241603|0.568445019543|0.580880476057|0.376768628608|1|0.840569554743|0.85191694369|0.862162297884|0.881795588107|0.611803486267|0.607130168924|0.604413619706|0.649271699089|0.647036494546|0.654116379617|0.405707025165|0.40800306165|0.41314075345|0.439623100619|0.241208061778|0.943130194162|0.741867102241|0.779253290624|0.784377430902|0.795764345321|0.790744619822|0.494549389203|0.53895946952|0.539710075348|0.530627449388|0.562494134484|0.573402327615|0.572416748276|0.589801190789|0.58866006448|0.592279836877|0.33031029294|0.329503022465|0.329161881218|0.329995248|0.327755820762|0.336910978976|0.376273286227|0.375444979318|0.375704073618|0.3988081713|0.187188325573|0.187346758466|0.192538495483|0.211928516678|0.224421776361|0.0970898173553|1|0.964300746992|0.965620850526|0.959392464659|1|1|1|0.708722198252|0.731602687008|0.737103699989|0.73549559503|0.731793876617|0.732871023687|0.732855987231|0.752391067984|0.784426003538|0.810876761402|0.798754780104|0.798045405357|0.810743339221|0.820264159906|0.835585456363|0.387475525105|0.446233018869|0.443645333102|0.442488193858|0.445214780324|0.447909554782|0.46664585861|0.489662320971|0.487908932276|0.485991835993|0.511754711741|0.512115939307|0.511026098|0.513574138689|0.514079808123|0.515682700955|0.563882998206|0.563884261999|0.562865635595|0.56587606638|0.266125955934|0.266794306679|0.269474109086|0.269704751427|0.267482963397|0.283656495324|0.306766985089|0.309202589735|0.312045018349|0.348751219431|0.313690007648|0.313700449789|0.313862598068|0.350859122545|0.354339411008|0.147920805293|0.150001397233|0.164931656476|0.167876403759|0.189373047346|0.189831946215|0.0548487535308|1|1|1|1|1|1|1|1|0.973398173593|0.979892090404|0.990697255496|0.994042754411|0.994166546581|0.994470671686|0.982761262424|0.991887797455|0.997100904567|0.996849270923|0.997490667693|0.995218421021|0.999574963116|0.999015718349|0.997700963341|1|1|1|1|1|1|0.513932373317|0.579564171263|0.587196193104|0.587416364267|0.587826808337|0.585675128267|0.591110436929|0.591259493501|0.591317922749|0.654034152797|0.654522067412|0.65510953535|0.696888630967|0.697364038659|0.697715280479|0.589524164748|0.650701790467|0.651015960142|0.651371203696|0.655894719889|0.65623603882|0.656216677476|0.69801794872|0.698506774734|0.69888270088|0.696995947078|0.697418228584|0.697890042733|0.69944005318|0.699859052108|0.700155800565|0.752270218199|0.75264748712|0.752989560877|0.754719946384|0.260494858436|0.338335648155|0.338743646823|0.33919960859|0.346084800377|0.34656373911|0.407993708065|0.40944228337|0.409934928821|0.410341324654|0.408306303622|0.408789908866|0.40939815896|0.411092398349|0.411520061764|0.411807653329|0.465132923174|0.465382171994|0.465666108013|0.466740271072|0.409378008535|0.409795568197|0.410252966426|0.411742487232|0.411837455636|0.433532405755|0.465297083706|0.465516435374|0.465703843767|0.512698444681|0.465882465206|0.466080878392|0.466281139839|0.513136517423|0.514234666928|0.214820182354|0.214910718484|0.215432816193|0.217045246768|0.217461624817|0.250443071905|0.252449381552|0.252654500544|0.252852430434|0.282362836378|0.25303782966|0.253190496476|0.253349891138|0.282776631497|0.283573311753|0.253476338414|0.254218219261|0.282320863386|0.283027100856|0.313619470624|0.313765833336|0.106248339986|0.112468028211|0.11288364489|0.113588870991|0.128457796077|0.128704294291|0.128950511566|0.0454142357868
no_endogenous_learning,5,10,delay_frontier,default,delayed,0|5|10|15|35|75|125|175|225,adjoint_lbfgsb,adjoint_lbfgsb,4,warm_start_perturbed,,7.639416931046742,7.640227643202209,0.0008107121554674634,True,True,False,False,value_and_gradient,7.640227643202209,1002,1002,686,186.51000142097473,CONVERGENCE: REL_REDUCTION_OF_F_<=_FACTR*EPSMCH,0|0.72316908044|0.547529694848|0.841508497412|0.647231218143|0.671974191906|0.461328153952|0.969340921335|0.760974793421|0.785543774614|0.789939030965|0.565307251112|0.568457807816|0.580940191162|0.376715855129|1|0.840572235032|0.85191606014|0.862154322723|0.881809754795|0.61175905061|0.607134465328|0.604337106351|0.649286620951|0.647079514855|0.654209579378|0.405737687138|0.407911146448|0.413190480467|0.439702028709|0.24113688004|0.943026004392|0.741856246377|0.779373938766|0.784221347235|0.795900511351|0.790971999725|0.494607873151|0.538989103921|0.539798552907|0.530325803133|0.562569301714|0.573378071618|0.572541552577|0.589696721997|0.588654938348|0.591874982098|0.330566884788|0.329818206465|0.329513122909|0.330274932398|0.328083589344|0.337070582393|0.376064741195|0.375223519878|0.375474602885|0.398667300101|0.186858449819|0.187523322644|0.192436596207|0.211980082495|0.224793822898|0.0973095246737|1|0.964019610239|0.966311507671|0.9596186571|1|1|1|0.708183747873|0.73146957512|0.736972022417|0.7353745262|0.731895276317|0.732707104008|0.733003122533|0.752342732068|0.784203220519|0.810569026323|0.798413062987|0.798109882303|0.810898289975|0.819989804838|0.835958508311|0.385788007601|0.445219718263|0.443290260947|0.441998358971|0.445383416168|0.448017421611|0.466782229008|0.491281582329|0.487475274527|0.486535140503|0.512641783281|0.512307857411|0.511991328594|0.514056512055|0.513268489499|0.515953095779|0.565762447345|0.563311968715|0.562365054038|0.566329111935|0.265519490608|0.267532879345|0.269430741077|0.269900687377|0.265331195882|0.283458322138|0.306395385383|0.307645424367|0.31081719472|0.348221280113|0.315892638717|0.314441377127|0.312915012291|0.350239115816|0.354800030343|0.142594030535|0.145433809808|0.164388495049|0.167281687749|0.191501751619|0.189326262119|0.0533449242108|1|1|1|1|1|1|1|1|0.975131298728|0.97941948369|0.987544666128|0.99069478095|0.994054750644|0.994406663717|0.983962454319|0.989175520434|0.996112024279|0.996853388171|0.996905484359|0.994980482813|0.999551516686|0.99957614515|0.998580730306|1|1|1|1|1|1|0.511058630052|0.577956477663|0.585880544898|0.584043784394|0.584194915893|0.585624104318|0.587920501942|0.588014346523|0.589143318287|0.652834317791|0.653904820189|0.657153086591|0.698118187082|0.698409985273|0.69813836672|0.587171569685|0.653101501337|0.654528558448|0.651137758325|0.654654487716|0.659485729358|0.658314147795|0.698241589649|0.700299085337|0.699301786531|0.698472985908|0.698586910877|0.699334093569|0.699796024475|0.700643653133|0.70030045094|0.750635109278|0.75145487528|0.750995455289|0.752848192937|0.266256528978|0.340186160152|0.333400152474|0.33810538656|0.345777894022|0.346688134896|0.405992474068|0.406352129455|0.409444170902|0.409480025074|0.406622569042|0.408450935241|0.407238236096|0.410530963864|0.410990802707|0.410398889187|0.465849094615|0.463217414988|0.45780032862|0.467539381132|0.406661123895|0.409459770512|0.408217913377|0.411088971769|0.410935443204|0.431889375067|0.463460849311|0.466180916803|0.464797628721|0.510693033832|0.462741906756|0.462313373032|0.466842351794|0.510806841913|0.512210993013|0.208920140346|0.221909065313|0.219236581812|0.214736334432|0.221067237858|0.252613574605|0.249552448491|0.261486566938|0.258473116643|0.283086134953|0.259965256696|0.253971456321|0.254073088475|0.279634934201|0.28913436412|0.261690455524|0.256838586312|0.282937254559|0.27984635728|0.310328683745|0.309098821051|0.0640287543954|0.112903019729|0.0798849350336|0.0926037579888|0.115105032612|0.119976374035|0.106336744973|0.0143901797223
no_endogenous_learning,5,10,delay_frontier,default,delayed,0|5|10|15|35|75|125|175|225,adjoint_lbfgsb,adjoint_lbfgsb,5,warm_start_perturbed,,7.639363065007152,7.640227615500817,0.0008645504936648507,True,True,False,False,value_and_gradient,7.640227615500817,605,605,407,113.27992630004883,CONVERGENCE: REL_REDUCTION_OF_F_<=_FACTR*EPSMCH,0|0.723156281712|0.547532336199|0.841509988496|0.647213673138|0.671988046536|0.461304865295|0.969358611176|0.760955944877|0.785529188026|0.789923407421|0.565305839094|0.56845355592|0.580923096309|0.376725251963|1|0.840569048055|0.851907422237|0.86215420572|0.881822793863|0.611838056733|0.607200434896|0.604388802823|0.649291379878|0.647082795277|0.654089616365|0.405718240717|0.40792791901|0.413158451202|0.439712670561|0.241232586881|0.943047391979|0.741846318935|0.779348843477|0.784268004213|0.795772952594|0.79086780244|0.49438616403|0.538927617749|0.539673213557|0.530500046797|0.562516816771|0.573439618065|0.572427452896|0.589843376517|0.5886237148|0.592071371869|0.33062304509|0.329823874705|0.329439676418|0.33035552427|0.32811471685|0.337359664154|0.37626841427|0.375091022773|0.375299454476|0.398413439491|0.186832961458|0.187413217731|0.192316480842|0.211964639598|0.224545030924|0.0969129407488|1|0.963895592194|0.965316115132|0.959414188807|1|1|1|0.708429929459|0.731155344066|0.736993817835|0.734586215539|0.731768521859|0.73298170298|0.732636573896|0.752307478438|0.784220330836|0.810727935356|0.798723669422|0.797973000694|0.810838733961|0.820189947817|0.83598003818|0.386754459592|0.444981581406|0.443943447362|0.441426028811|0.444935002824|0.447325948923|0.466791704581|0.489397209909|0.488036613612|0.486144776327|0.51176321768|0.511899660874|0.511214016029|0.513460714977|0.514381941805|0.515919457589|0.56480916838|0.56249795453|0.563218112841|0.564859067198|0.268066433687|0.266759506373|0.271043738657|0.270104211791|0.267453995617|0.28408595466|0.306053041896|0.309556607368|0.310846342912|0.349527874841|0.315262261848|0.316720919882|0.315451177386|0.3504114959|0.354402322077|0.147443658453|0.14878363985|0.163271294915|0.166750903261|0.188298113955|0.189028973481|0.0521201707164|1|1|1|1|1|1|1|1|0.975934339857|0.981153309652|0.988054450852|0.993726903268|0.994790958122|0.995329573276|0.986331826709|0.989506644252|0.997009176951|0.996761466747|0.996960945071|0.99550641116|0.999226935734|0.999443023214|0.999811820256|1|1|1|1|1|1|0.50917684726|0.577124017102|0.585140345568|0.585152418672|0.585644472523|0.583388741159|0.589145028942|0.589289418278|0.589125258106|0.653963114448|0.654443004662|0.65506633049|0.696622100733|0.698041985292|0.696991989351|0.587571924891|0.650609575205|0.651094567946|0.651022432358|0.655988482666|0.656410209568|0.656756074445|0.698420125452|0.699398409745|0.698928736976|0.69674705062|0.697739026193|0.697752850863|0.699781576913|0.700614319164|0.700629560177|0.750326095072|0.752983739397|0.748946673603|0.752818788844|0.265417384614|0.326406742914|0.332692669429|0.338497621128|0.335283253996|0.34155128118|0.404687006896|0.406355856307|0.401747768898|0.402109642932|0.397660283213|0.385463391288|0.410182869711|0.40438165435|0.405158535896|0.413504951212|0.464379851882|0.461310684954|0.458607490507|0.465222049884|0.403186565591|0.414628269446|0.404800763931|0.410811385199|0.403325626602|0.430335344064|0.457021108443|0.46627507781|0.460446958318|0.506963190074|0.462310952164|0.457500057072|0.458765225809|0.511218681849|0.510325275974|0.210679551232|0.231853416317|0.228020549267|0.228182808347|0.213669502302|0.245589462812|0.259060373664|0.256685678554|0.24622616645|0.271514106502|0.252499844238|0.232182426634|0.238884940513|0.282055837778|0.273536132538|0.241078843506|0.262951797948|0.293257204172|0.278666286045|0.310776999328|0.318368740715|0.1001397699|0.0934758703106|0.104659541393|0.112356022839|0.132764015717|0.125216671329|0.128646622617|0.00670313354003
no_endogenous_learning,5,10,delay_frontier,default,delayed,0|5|10|15|35|75|125|175|225,adjoint_lbfgsb,adjoint_lbfgsb,6,warm_start_perturbed,,7.639271290445255,7.640227639676493,0.0009563492312381072,True,True,False,False,value_and_gradient,7.640227639676493,693,693,451,88.89052176475525,CONVERGENCE: REL_REDUCTION_OF_F_<=_FACTR*EPSMCH,0|0.723189851947|0.547521609798|0.841514712562|0.647273652075|0.671986271199|0.461328268444|0.96936911517|0.760890761743|0.785563065778|0.789927775382|0.565303898943|0.568456762614|0.580874119177|0.376684580026|1|0.840630412365|0.851908672428|0.862162684466|0.881806970518|0.611773178839|0.607174825578|0.604481521836|0.649272790779|0.647075449048|0.654096543406|0.405712012621|0.407946955595|0.413153978437|0.439637974412|0.241254550594|0.942995195918|0.74193984694|0.779150419791|0.784276752565|0.795653916781|0.790775942687|0.49462823001|0.53892178552|0.539489941399|0.530461573569|0.562484137971|0.573360791558|0.572498951423|0.58987182274|0.588167828388|0.591918934745|0.331012670681|0.32993022331|0.329500096952|0.330281473519|0.328100560334|0.337591289963|0.37589518331|0.375179505024|0.37543133177|0.398303497249|0.186020406866|0.187051333812|0.192662886384|0.212116724707|0.224563160631|0.0975309812952|1|0.963908506967|0.965515046634|0.959655809178|1|1|1|0.708512281336|0.731409240114|0.737180656323|0.735345006319|0.731653774379|0.732560696515|0.732574473901|0.752237146085|0.784173699102|0.810822305067|0.798654738307|0.797952847219|0.810652895586|0.820334204458|0.835964987908|0.387259950975|0.445093224589|0.442904575207|0.44119861382|0.44544359746|0.447870152677|0.46627288091|0.490059000363|0.488184370213|0.486279929636|0.51054382954|0.511424958228|0.511360209004|0.513786356499|0.514389353573|0.515985354713|0.564371476904|0.562686158052|0.562843126833|0.566154011605|0.265811555718|0.26749844185|0.269119195334|0.270155324725|0.26857824279|0.283619325964|0.306878621895|0.309782695768|0.312588905748|0.348503108949|0.313952802743|0.313782939544|0.314729230905|0.350759763275|0.354536561703|0.145706118135|0.147847362415|0.163099138207|0.164989172661|0.187804478472|0.188348022424|0.0508066591262|1|1|1|1|1|1|1|1|0.97537496531|0.980448298069|0.985702876932|0.986596228463|0.994491487511|0.994817813903|0.981991159643|0.991264176261|0.996634595183|0.99486229589|0.996998401869|0.995333178854|0.999340192273|0.999676939273|0.999368018658|1|1|1|1|1|1|0.510994190338|0.578138483715|0.586262163846|0.585012222953|0.586641070505|0.583732694791|0.58885316807|0.588899497182|0.590579280994|0.653540547553|0.654787141996|0.654957220203|0.696207582302|0.695348845321|0.697106589376|0.588532250384|0.651569331315|0.65119991483|0.651693247565|0.656508547812|0.65633404994|0.65644839071|0.697968536667|0.69828215466|0.698545143507|0.696573172528|0.697606375987|0.697880472367|0.700296993659|0.699717922932|0.700199582988|0.751501252972|0.750878278694|0.754271473077|0.754109371466|0.266194502618|0.340433885823|0.33522052625|0.340737691337|0.345667103458|0.348756890634|0.40573898731|0.408837292471|0.409201179619|0.409187573481|0.407128791031|0.406485354098|0.40876255669|0.4101750374|0.410447014651|0.409798499538|0.461572624326|0.461508229187|0.462742803701|0.463964970364|0.408451123614|0.409429347564|0.407450716156|0.410697823417|0.410576897479|0.43097363585|0.462906190505|0.463270280936|0.462306431561|0.509222309186|0.463720008831|0.463251468357|0.463014821369|0.510462268485|0.510219030586|0.195775604443|0.216387727023|0.208162974367|0.224122497852|0.218126708272|0.259677512455|0.263413324479|0.252799030638|0.241746187648|0.282087600713|0.268804253915|0.263920703397|0.245346354336|0.278890708024|0.289171619785|0.262709808172|0.255532329499|0.289051597923|0.289232543502|0.317770550137|0.319068280377|0.0991229574028|0.103901873463|0.0920905848582|0.105683658775|0.0895634427711|0.107208583217|0.123129551976|0.0260537917162
no_endogenous_learning,5,10,delay_frontier,default,delayed,0|5|10|15|35|75|125|175|225,adjoint_lbfgsb,adjoint_lbfgsb,7,warm_start_perturbed,,7.639248388518573,7.64022763908454,0.000979250565967149,True,True,False,False,value_and_gradient,7.64022763908454,483,483,359,57.33036494255066,CONVERGENCE: REL_REDUCTION_OF_F_<=_FACTR*EPSMCH,0|0.723215914142|0.547519870303|0.84151677894|0.647217995338|0.67196991914|0.461382664264|0.969383192819|0.760980124112|0.785539649753|0.789860669901|0.565309745599|0.568461413486|0.580952417666|0.376714477433|1|0.840562816368|0.851927503775|0.862140852137|0.881743088739|0.611809508887|0.607134868248|0.604273465514|0.64926453849|0.647070598752|0.654070209937|0.405742777851|0.407912711062|0.413151979402|0.439673354222|0.241284803492|0.942919782382|0.741703713679|0.779280240811|0.784195559653|0.795873849309|0.790887501528|0.494674545304|0.538940081954|0.539683255806|0.530545245707|0.562456229028|0.573379165419|0.572227421161|0.589867973904|0.588610496622|0.592120136666|0.330741868909|0.329932965086|0.329437369347|0.330253536445|0.328310415817|0.337683405748|0.376087956037|0.375217965438|0.375478006592|0.398228271112|0.187784321575|0.187083336869|0.192180130759|0.212040188353|0.224393428393|0.0971729743632|1|0.964226550423|0.965760773684|0.959715502566|1|1|1|0.708419511411|0.731530879238|0.736885238373|0.735222562101|0.731868692636|0.733068866967|0.732816308836|0.752578979521|0.784293806198|0.811028598603|0.798759157687|0.798161442885|0.810872538922|0.820515209081|0.836055606725|0.387527709973|0.444624752478|0.442767804363|0.442045600709|0.445005421382|0.44766019441|0.467866495727|0.490022779298|0.487767097891|0.485922830263|0.511885777108|0.512312323503|0.511157938063|0.513862832482|0.514391949957|0.515904734419|0.564058369082|0.564466323578|0.562395600731|0.566231710602|0.265945441886|0.267533302827|0.268737047145|0.271326418139|0.267813017213|0.283822458439|0.307393675769|0.310597087604|0.312185818037|0.34863246882|0.31417528757|0.314428323111|0.314781444451|0.350922246628|0.353896857251|0.147070510074|0.149356652583|0.164407464581|0.165817635236|0.18880498447|0.186382509309|0.0513663288031|1|1|1|1|1|1|1|1|0.968100551404|0.981329303155|0.986706367778|0.994208814192|0.994981033296|0.994720256699|0.983498704575|0.991150216756|0.99692678212|0.997299458013|0.99787511728|0.995289563037|0.999578345919|0.999720361897|0.999859871171|1|1|1|1|1|1|0.511723722832|0.586532554706|0.587015526578|0.58613896906|0.584712786781|0.585420766766|0.589041657644|0.585739374303|0.587710847939|0.653953374045|0.654670243815|0.655228953546|0.695915570913|0.696541852573|0.695649317863|0.590748210461|0.652812510964|0.652926948316|0.652177459644|0.655843834679|0.65722655553|0.656766677991|0.699010254413|0.698648433658|0.69827751039|0.696337681722|0.695987789956|0.697628476175|0.699351490881|0.69888928292|0.70027112004|0.751606395866|0.752762845373|0.754137394648|0.756724844035|0.260381384783|0.34054123046|0.340881772249|0.340781509432|0.346859467095|0.348773947677|0.412254396977|0.409639195148|0.41180731691|0.407030180428|0.40884720392|0.410170095973|0.409909467564|0.407022095265|0.41256369285|0.407736844298|0.463990628677|0.460022900149|0.46317947173|0.468077865655|0.411514135366|0.414066122722|0.413007196002|0.407973810868|0.406971723925|0.429265415641|0.467218782902|0.465276590067|0.472472518986|0.51288453981|0.465468339349|0.463934815571|0.462358813395|0.51036432617|0.512656129643|0.214625351284|0.20909540715|0.216701816785|0.217719940758|0.21721392139|0.25232874212|0.257309304299|0.246783538069|0.257942789763|0.281229087093|0.256096677301|0.256834601109|0.258082885173|0.284863704959|0.286873172516|0.257912006646|0.258713598358|0.281804341829|0.286305364816|0.315943732275|0.315685508097|0.106720702103|0.114051148734|0.111912979871|0.0998217414037|0.128320943408|0.105496180192|0.112514256002|0.0553544429794
high_ra,5,4,delay_frontier,default,delayed,0|5|10|15|35|75|125|175|225,adjoint_lbfgsb,adjoint_lbfgsb,0,warm_start,,7.658277154463783,7.658324006367653,4.685190387032634e-05,True,True,False,False,value_and_gradient,7.658324006367653,740,740,501,82.01325297355652,CONVERGENCE: REL_REDUCTION_OF_F_<=_FACTR*EPSMCH,0|0.767789793426|0.606115954635|0.891770793758|0.696451131583|0.743130567738|0.509784853307|1|0.807886298101|0.844753761545|0.848801724624|0.613958760407|0.616754678167|0.635895205923|0.409121388745|1|0.968958018832|0.969859093182|0.97298893066|1|0.709149079113|0.702216119508|0.688887563781|0.753869529148|0.74826576303|0.757657019727|0.460236852633|0.464734888426|0.470060889028|0.49593938956|0.278921498878|1|1|1|1|1|1|0.749933967241|0.797629029861|0.799382370969|0.776717323096|0.807908369912|0.824158106903|0.810717943074|0.828639161031|0.821988427253|0.821887097095|0.496922832366|0.494853235174|0.489234932208|0.477335011631|0.472961077521|0.486230117685|0.511010307186|0.505601192114|0.502222152798|0.545979728141|0.284615646034|0.292516419336|0.293405480099|0.280476372806|0.301808579643|0.123925439033|1|1|1|1|1|1|1|1|1|1|1|1|1|1|1|1|1|1|1|1|1|1|0.775131128621|0.761568466136|0.76087590741|0.770360261991|0.788955199251|0.791587280319|0.783262557111|0.838511502451|0.824375884074|0.813138465559|0.899865773188|0.901598117317|0.887237772742|0.866824885503|0.861755597957|0.859813373907|0.866525656588|0.86141935522|0.850745242147|0.873555038007|0.515470561682|0.512283648415|0.516851851159|0.496456706677|0.513731266444|0.516550833936|0.507000679726|0.50844119113|0.510238370459|0.539583297631|0.539028943584|0.558484897168|0.552619756632|0.525718298701|0.53986848049|0.303715803814|0.298587451552|0.286096304017|0.279222830211|0.276758220449|0.269518555637|0.0948845714775|1|1|1|1|1|1|1|1|1|1|1|1|1|1|1|1|1|1|1|1|1|1|1|1|1|1|1|1|1|1|1|1|1|1|1|1|1|1|1|1|1|1|1|1|1|1|1|1|1|1|1|1|1|1|1|1|1|1|1|1|1|1|1|1|0.514726080079|0.645505310506|0.719801298642|0.725816462536|0.808108717986|0.806418359641|0.798785486705|0.895687746822|0.887853913681|0.879709781802|0.906189334449|0.901342513538|0.893338929435|0.862772482798|0.852953381449|0.847491527503|0.863172188728|0.856730070285|0.846240606445|0.898688338855|0.887776329533|0.880689809739|0.87088605049|0.839035056256|0.832544869371|0.838809766944|0.838538819435|0.833127757205|0.825390439393|0.858646398781|0.823031160577|0.902752648431|0.893555873444|0.811840056209|0.830075985769|0.559864678325|0.568836321494|0.560847142042|0.543442328566|0.586879014143|0.582348993895|0.553331158178|0.547676144856|0.540069343324|0.561422616675|0.580471546545|0.576202198379|0.570089859366|0.535274105904|0.524306893091|0.565351267738|0.561177432005|0.56347772724|0.520751028116|0.509076571172|0.491213312947|0.247305085535|0.264789094489|0.259533157097|0.237034156084|0.219409420311|0.210984391125|0.22399427831|0.0361209988367
high_ra,5,4,delay_frontier,default,delayed,0|5|10|15|35|75|125|175|225,adjoint_lbfgsb,adjoint_lbfgsb,1,structured_ramp,,7.55205931638679,7.658324003146294,0.10626468675950385,True,True,False,False,value_and_gradient,7.658324003146294,1114,1114,720,127.39880990982056,CONVERGENCE: REL_REDUCTION_OF_F_<=_FACTR*EPSMCH,0|0.767784808049|0.606091923203|0.891772621249|0.696427420741|0.743178926576|0.509765284044|1|0.80782945537|0.844830409187|0.848775073327|0.613790104135|0.616707888182|0.635877197036|0.40898446819|1|0.968926939513|0.96982866155|0.973115711358|1|0.709061916999|0.702407308066|0.688853692047|0.753912840575|0.74846737925|0.757376190395|0.460267897637|0.464634356151|0.470061855924|0.496124952606|0.278480294054|1|1|1|1|1|1|0.749872029266|0.797175004314|0.799604809789|0.775966796403|0.807917597882|0.824015602479|0.810847779707|0.828430479044|0.821765488598|0.82201015359|0.497444965774|0.494038639978|0.488984987073|0.4770730913|0.473143239193|0.485739033793|0.511029943176|0.505782215873|0.502240255749|0.545569949041|0.283504322137|0.292569575885|0.292726195163|0.280787266765|0.302515586722|0.123785104257|1|1|1|1|1|1|1|1|1|1|1|1|1|1|1|1|1|1|1|1|1|1|0.772141829277|0.76124653476|0.764390864989|0.76247752017|0.79053734095|0.793159072671|0.784496357945|0.837384928975|0.823796297797|0.813083134972|0.899921749731|0.897676414788|0.885829544825|0.866832366605|0.861576499062|0.860119417865|0.866913474135|0.86176103025|0.851007415953|0.875938241672|0.51450263885|0.513200211558|0.517949826951|0.497932678242|0.511957547208|0.517041291518|0.508302620144|0.509844580095|0.51163337738|0.539699255138|0.535760375697|0.559531829548|0.554430854177|0.525099050804|0.538890948487|0.294666169772|0.291515785727|0.285303125286|0.277675598311|0.278938594981|0.273843231818|0.100405053667|1|1|1|1|1|1|1|1|1|1|1|1|1|1|1|1|1|1|1|1|1|1|1|1|1|1|1|1|1|1|1|1|1|1|1|1|1|1|1|1|1|1|1|1|1|1|1|1|1|1|1|1|1|1|1|1|1|1|1|1|1|1|1|1|0.604338162942|0.636989216001|0.705786472313|0.753439193607|0.803603191795|0.801532277442|0.793797191134|0.897345731282|0.888962593478|0.881852210828|0.908865573887|0.904033013433|0.89410077519|0.864179174772|0.856040729781|0.85057494243|0.87335468382|0.867871983577|0.859204684197|0.884673833283|0.887057668695|0.881951001886|0.872496152646|0.841508484983|0.834172674413|0.843700006242|0.851517522905|0.846444708771|0.838332161801|0.867175211893|0.83989213027|0.898856814736|0.88466568625|0.842063664778|0.845818215181|0.576667504941|0.576700594736|0.571093742287|0.544784473238|0.588851346351|0.59524856368|0.53748833058|0.532221157649|0.524531531584|0.546239643589|0.573238056864|0.571279233543|0.563782817905|0.518182150158|0.523979868318|0.559218621479|0.554767838433|0.54697198341|0.502485359617|0.526241861684|0.488592400862|0.29591010013|0.291462175838|0.283936655575|0.24195517254|0.203649140568|0.186798137368|0.197898707981|0.0532718872204
high_ra,5,4,delay_frontier,default,delayed,0|5|10|15|35|75|125|175|225,adjoint_lbfgsb,adjoint_lbfgsb,2,structured_sigmoid,,7.521312531340805,7.65832385814839,0.13701132680758477,True,True,False,False,value_and_gradient,7.65832385814839,709,709,518,82.81651592254639,CONVERGENCE: REL_REDUCTION_OF_F_<=_FACTR*EPSMCH,0|0.767835418421|0.606109327901|0.891748670547|0.696369244387|0.743174793071|0.50995022681|1|0.807765537312|0.844776500216|0.848844295554|0.613682396806|0.616647715989|0.63598565056|0.40903402425|1|0.968925492773|0.969840762594|0.973077448735|1|0.708927917053|0.702359834679|0.688736886394|0.753917219598|0.748461211504|0.757503044289|0.459863957044|0.464462302105|0.469908572786|0.496099707369|0.278494398098|1|1|1|1|1|1|0.74941569836|0.797124794846|0.799753130701|0.776850655496|0.807988232104|0.823887974866|0.810992636935|0.829171968342|0.822397097776|0.822467606283|0.499142663491|0.494319603072|0.489334105097|0.477766007036|0.473172525458|0.484736341264|0.509581062389|0.504917213059|0.501813204327|0.545019157784|0.284996476451|0.290921763707|0.295840491034|0.280874995925|0.302479662569|0.123882206094|1|1|1|1|1|1|1|1|1|1|1|1|1|1|1|1|1|1|1|1|1|1|0.774462370702|0.761620975837|0.7642858634|0.764945091001|0.788737268878|0.791374342853|0.783004750743|0.838536468634|0.825083353982|0.814015979295|0.897878376088|0.898957476915|0.887056752043|0.868028416137|0.862874051509|0.861145560936|0.864366921999|0.859232877112|0.848172357564|0.875389830366|0.515955439205|0.514643016383|0.519405263899|0.499018227586|0.509731807588|0.518223606372|0.5059213934|0.507318503195|0.509074118606|0.538601582116|0.538733354991|0.560408118918|0.553417456238|0.524245169943|0.541355006782|0.297307266502|0.294367290509|0.288813742111|0.279123515207|0.281587070401|0.274597379547|0.0983153425046|1|1|1|1|1|1|1|1|1|1|1|1|1|1|1|1|1|1|1|1|1|1|1|1|1|1|1|1|1|1|1|1|1|1|1|1|1|1|1|1|1|1|1|1|1|1|1|1|1|1|1|1|1|1|1|1|1|1|1|1|1|1|1|1|0.668723870238|0.679835034178|0.706442955263|0.740777100815|0.805035088544|0.80290121094|0.794525425694|0.894055747177|0.885272668003|0.878110483441|0.905626779443|0.901004534214|0.890735052037|0.85931861188|0.850327617513|0.845000703097|0.868415942765|0.861757118514|0.851855378478|0.88203574624|0.883222646403|0.878104344824|0.868145091976|0.834943492022|0.826944086676|0.841837573932|0.841632436561|0.835391089298|0.826245156858|0.856252761015|0.829877846277|0.885870178859|0.877849819035|0.823022338098|0.822089009555|0.605583371027|0.597013440965|0.588856914246|0.560402654073|0.584369615448|0.600779749695|0.54175368055|0.536082224131|0.527921529482|0.539480137681|0.565943177568|0.567479946451|0.559277148647|0.50901463054|0.493600911825|0.555984053009|0.551056343857|0.542453715112|0.492365022585|0.475770126317|0.455873895512|0.329159664765|0.324655556953|0.316825858257|0.270743133002|0.226888926077|0.208306119016|0.210861881694|0.0995928554955
high_ra,5,4,delay_frontier,default,delayed,0|5|10|15|35|75|125|175|225,adjoint_lbfgsb,adjoint_lbfgsb,3,structured_constant,,7.637081320735275,7.658323995837933,0.021242675102658204,True,True,False,False,value_and_gradient,7.658323995837933,1216,1216,780,140.40121245384216,CONVERGENCE: REL_REDUCTION_OF_F_<=_FACTR*EPSMCH,0|0.767724371728|0.606102321217|0.891796362964|0.696408872213|0.743216845792|0.509776423904|1|0.807869476321|0.844750705477|0.848816128585|0.613682322619|0.616580155842|0.635919473336|0.409016370826|1|0.968948609137|0.969797864431|0.972949150688|1|0.709100021882|0.702504090717|0.688791623734|0.753886352046|0.748362213343|0.757351475495|0.460194926965|0.464636387591|0.469920287355|0.496039552787|0.278777508959|1|1|1|1|1|1|0.749418530252|0.797229982553|0.799691988601|0.775650225928|0.807719219127|0.823987213371|0.810893199096|0.828542707334|0.821901418192|0.821849718049|0.497750703928|0.494498783695|0.488906568461|0.477450192014|0.47277913211|0.485723297405|0.510867203354|0.505568723726|0.502163755546|0.545230960229|0.283645055597|0.290770889289|0.291882193971|0.279731220914|0.301998216076|0.124676224427|1|1|1|1|1|1|1|1|1|1|1|1|1|1|1|1|1|1|1|1|1|1|0.774169956728|0.761323075326|0.762653585778|0.762934371949|0.789427107166|0.791972899|0.783731629759|0.837447602234|0.823934471752|0.812978986711|0.899099152339|0.897397902813|0.885639401921|0.866894305067|0.86184731014|0.859938849965|0.866225581606|0.861069449691|0.850136245415|0.87607338892|0.515889028297|0.514616212015|0.519344635326|0.499385511062|0.513866297645|0.518366012997|0.507094689585|0.508456753559|0.509384335353|0.538261628702|0.541443721231|0.558175953061|0.552964648492|0.523749430164|0.540793877107|0.295004404797|0.291913498845|0.286539205118|0.277069079574|0.281538534357|0.275045355526|0.0908238022137|1|1|1|1|1|1|1|1|1|1|1|1|1|1|1|1|1|1|1|1|1|1|1|1|1|1|1|1|1|1|1|1|1|1|1|1|1|1|1|1|1|1|1|1|1|1|1|1|1|1|1|1|1|1|1|1|1|1|1|1|1|1|1|1|0.631667237038|0.65210662599|0.71375571736|0.75308433847|0.804272042794|0.802339388733|0.794991650496|0.897785881976|0.889532032681|0.882522548689|0.909225971713|0.904602314365|0.894798529478|0.864841800136|0.856606987081|0.851123539698|0.868979734583|0.863151871242|0.853787145019|0.872708033672|0.888120096569|0.883126946897|0.873682390214|0.84225703612|0.835253722916|0.839615195496|0.846330603047|0.840871098677|0.832427318003|0.85364813604|0.82586129116|0.881774763604|0.871900873242|0.824507480532|0.817793635673|0.587796064133|0.581677311768|0.574725400172|0.550078599171|0.589682143289|0.600504023222|0.54411896745|0.539013808931|0.531452406327|0.551023145424|0.579173826009|0.57718970122|0.569315360941|0.52260303189|0.514977229285|0.565427778266|0.561131831848|0.553186499154|0.507171645333|0.498484286579|0.480376103203|0.308847369314|0.304887500347|0.297760703811|0.257000480833|0.219911332734|0.203309332617|0.211133779104|0.0770232054332
high_ra,5,4,delay_frontier,default,delayed,0|5|10|15|35|75|125|175|225,adjoint_lbfgsb,adjoint_lbfgsb,4,warm_start_perturbed,,7.6575978593819825,7.658323951047509,0.0007260916655269511,True,True,False,False,value_and_gradient,7.658323951047509,566,566,399,65.97972893714905,CONVERGENCE: REL_REDUCTION_OF_F_<=_FACTR*EPSMCH,0|0.767782109697|0.606052263017|0.891765320926|0.696357182233|0.743214855163|0.509842396092|1|0.807767254183|0.844840254444|0.848909210156|0.613750769116|0.616550106224|0.63600669532|0.409169184726|1|0.968924766429|0.969736329709|0.972987890093|1|0.708924248534|0.702380870431|0.688903940676|0.753889219461|0.748172766294|0.757526248966|0.460088948115|0.464703375507|0.469780941757|0.49625002421|0.278630241939|1|1|1|1|1|1|0.749450587431|0.797816844501|0.799310267348|0.776302036542|0.807844430061|0.824160057875|0.810436003073|0.828594832099|0.821919733642|0.822574012102|0.497215245362|0.494724558687|0.488793766972|0.477610000228|0.473971747456|0.486595689065|0.510567889758|0.505738638453|0.502571386215|0.545816881971|0.282950153406|0.291996989256|0.292454645945|0.280433347502|0.302850548661|0.123330044796|1|1|1|1|1|1|1|1|1|1|1|1|1|1|1|1|1|1|1|1|1|1|0.775933412932|0.766085900959|0.760331197257|0.768424083873|0.788957998032|0.79143484011|0.78310373888|0.837165221987|0.823627275718|0.81175907032|0.901124662986|0.897022321921|0.885370688698|0.869272649467|0.860823021267|0.861459722974|0.86475524271|0.860316977616|0.848851036665|0.878665984706|0.515495948626|0.514731836224|0.518111260657|0.499161591844|0.513176450949|0.517086176644|0.506527201754|0.506640747303|0.511664606081|0.539330931196|0.535583018502|0.560126664857|0.553762648492|0.524701289388|0.539783638247|0.29837878883|0.291279216393|0.28213863456|0.278441015953|0.277590476407|0.271519754122|0.0960236997764|1|1|1|1|1|1|1|1|1|1|1|1|1|1|1|1|1|1|1|1|1|1|1|1|1|1|1|1|1|1|1|1|1|1|1|1|1|1|1|1|1|1|1|1|1|1|1|1|1|1|1|1|1|1|1|1|1|1|1|1|1|1|1|1|0.561068629806|0.655167273174|0.721169304477|0.732506482456|0.794474218593|0.796790034242|0.795083127705|0.90355416005|0.895861397128|0.878225010317|0.912383737844|0.90956429325|0.899590691724|0.865406990814|0.854579536562|0.839736150654|0.856615429575|0.851391678097|0.876851384086|0.878843312604|0.893721554007|0.872550924292|0.87702012735|0.84290510306|0.823811052558|0.835882871317|0.850442573126|0.828147392848|0.824965132184|0.852171923888|0.855467741184|0.911898571287|0.896424987439|0.789764235373|0.837206488318|0.575393967125|0.56523880476|0.53486191678|0.539369181821|0.577839204735|0.584690820875|0.554791276041|0.549219147652|0.53533290294|0.549284245872|0.585240311095|0.573057996499|0.559446271372|0.53104291249|0.526445433066|0.569842232258|0.557404118234|0.559043673219|0.518218193818|0.510704999789|0.490535560283|0.243597998208|0.27018965238|0.233950427634|0.236260747009|0.200112019378|0.207375920607|0.250588063184|0.0812586369795
high_ra,5,4,delay_frontier,default,delayed,0|5|10|15|35|75|125|175|225,adjoint_lbfgsb,adjoint_lbfgsb,5,warm_start_perturbed,,7.657290421965745,7.658323979358469,0.0010335573927244823,True,True,False,False,value_and_gradient,7.658323979358469,969,969,610,111.24903059005737,CONVERGENCE: REL_REDUCTION_OF_F_<=_FACTR*EPSMCH,0|0.767744248547|0.606120400347|0.891811116927|0.696411220581|0.743136535387|0.50979902276|1|0.807837507285|0.844775280088|0.848862221645|0.61383773408|0.616611976245|0.635946004206|0.408949597492|1|0.968945348855|0.969756351572|0.972993783433|1|0.709019233344|0.702415846908|0.68872488746|0.753886982253|0.748333689028|0.757411815111|0.460346779734|0.46465259476|0.469984351144|0.496158488093|0.27887644228|1|1|1|1|1|1|0.749857129194|0.79752696422|0.798846201442|0.776976971146|0.807983209248|0.824064911719|0.811000341007|0.828624560842|0.82191740971|0.821982747748|0.497700453737|0.494430641106|0.489833309394|0.476824659272|0.47276487113|0.486353450885|0.510915391914|0.505435054025|0.502094347931|0.545783327939|0.284216032431|0.291368074164|0.294092302003|0.280530667406|0.301703755052|0.12428360053|1|1|1|1|1|1|1|1|1|1|1|1|1|1|1|1|1|1|1|1|1|1|0.772840571414|0.761305941146|0.760992810921|0.767241982579|0.789509252905|0.79194213148|0.783737308704|0.836573626077|0.824511495744|0.813143642116|0.899662892145|0.897343039865|0.8846616346|0.867357172772|0.861462135434|0.860645734178|0.865919124482|0.859549888294|0.84771214005|0.876319805261|0.515984112766|0.515449922584|0.518137232636|0.497403446075|0.514291182671|0.517463089636|0.507425762339|0.507087418859|0.509949524468|0.53945128831|0.536943973831|0.562654594947|0.556753024329|0.525002392996|0.539114710105|0.296117578673|0.2881371232|0.280368158914|0.279249453102|0.278799263022|0.274962379955|0.0991261853225|1|1|1|1|1|1|1|1|1|1|1|1|1|1|1|1|1|1|1|1|1|1|1|1|1|1|1|1|1|1|1|1|1|1|1|1|1|1|1|1|1|1|1|1|1|1|1|1|1|1|1|1|1|1|1|1|1|1|1|1|1|1|1|1|0.5338797586|0.638503694549|0.722076234302|0.733200719785|0.810295159844|0.812046557966|0.790211007669|0.892665423588|0.886860461203|0.881938284843|0.907384171858|0.903352089656|0.887711711429|0.859618476823|0.851877041747|0.847842566874|0.875894915311|0.843876065597|0.850445470303|0.899091895125|0.887208510706|0.882104824112|0.872069704864|0.837574804346|0.834625775211|0.838007717277|0.835649507502|0.829096828248|0.830561269264|0.87433635769|0.83142476028|0.906006294507|0.885335476877|0.818280953558|0.825047500467|0.551061036094|0.595048812631|0.502422827872|0.545030441938|0.5786125452|0.591735719414|0.546667225217|0.543843541169|0.524182824281|0.564312435306|0.578075942686|0.579752973239|0.562091561669|0.535131024083|0.524988823954|0.580004154078|0.554519625728|0.568983797519|0.523309822052|0.509775452449|0.492064481271|0.207290261001|0.262884305746|0.225613441386|0.235627503637|0.201162431635|0.210220599264|0.210371959823|0.0429262921664
high_ra,5,4,delay_frontier,default,delayed,0|5|10|15|35|75|125|175|225,adjoint_lbfgsb,adjoint_lbfgsb,6,warm_start_perturbed,,7.65718597549734,7.658323986033347,0.0011380105360068171,True,True,False,False,value_and_gradient,7.658323986033347,1436,1436,813,180.78163504600525,CONVERGENCE: REL_REDUCTION_OF_F_<=_FACTR*EPSMCH,0|0.767833017418|0.606038513201|0.891737305244|0.696505362229|0.743182951612|0.509788309267|1|0.807804673338|0.844836328277|0.848811198769|0.613896412927|0.616585413653|0.635860817196|0.40921317372|1|0.968948250736|0.96983236318|0.97309221493|1|0.708978029376|0.70242073597|0.688837987836|0.753844573572|0.748262667384|0.75740892145|0.460659189138|0.464595765811|0.470027522871|0.496374256522|0.278847290968|1|1|1|1|1|1|0.749848283616|0.797477238768|0.799866816549|0.775913786764|0.807868650514|0.824132491129|0.810837987503|0.828507532331|0.821826417684|0.821981300283|0.497071285755|0.49456851584|0.488992998047|0.477477453199|0.472485833219|0.485966588734|0.510821326062|0.505644512488|0.502177651254|0.545545144149|0.285478246726|0.293105542556|0.292708668072|0.280069148072|0.301935961575|0.124197297848|1|1|1|1|1|1|1|1|1|1|1|1|1|1|1|1|1|1|1|1|1|1|0.774956809896|0.761041887949|0.766621279834|0.765001293707|0.789979941558|0.792459643942|0.783578437986|0.836937440215|0.823570416507|0.812658773509|0.900990725092|0.897292058052|0.885558873315|0.867780739323|0.861445234383|0.860594511202|0.865874645703|0.85985522577|0.848279782074|0.878073586864|0.51481023975|0.512600252203|0.519531408342|0.497496002275|0.514203572518|0.5156682907|0.5071781473|0.509039964001|0.510185268566|0.53930275889|0.539018900799|0.560503862844|0.553987341105|0.52505340914|0.53998013069|0.298090722908|0.294552398163|0.289059337742|0.280171587714|0.277463889011|0.269355787152|0.0936293741426|1|1|1|1|1|1|1|1|1|1|1|1|1|1|1|1|1|1|1|1|1|1|1|1|1|1|1|1|1|1|1|1|1|1|1|1|1|1|1|1|1|1|1|1|1|1|1|1|1|1|1|1|1|1|1|1|1|1|1|1|1|1|1|1|0.56619119715|0.630235682814|0.69767964259|0.745881972768|0.79768882695|0.805820305001|0.802183704081|0.888428216677|0.88134028689|0.880564347397|0.902715482966|0.893064285063|0.882042374186|0.864304675711|0.853959968888|0.850763029446|0.871787506325|0.849620395288|0.845395577881|0.895840841884|0.875950510244|0.881222331592|0.871970624093|0.839920512991|0.828885429352|0.846571140752|0.841430446985|0.837795160311|0.818735874367|0.863814831614|0.813734768656|0.89154930115|0.899393249297|0.812694364582|0.837506892087|0.55454098312|0.611466888326|0.530064782757|0.551166787503|0.591148730242|0.607102126053|0.547858354197|0.52896556535|0.530140842862|0.560388868971|0.574809310589|0.58045522624|0.553035718052|0.532055550553|0.52707030025|0.551402852946|0.548690638629|0.562705694314|0.529184366321|0.511154755274|0.491487023512|0.272692647629|0.27517702499|0.257294748917|0.220579556116|0.241769618052|0.237952445927|0.259315612557|0.0106206037249
high_ra,5,4,delay_frontier,default,delayed,0|5|10|15|35|75|125|175|225,adjoint_lbfgsb,adjoint_lbfgsb,7,warm_start_perturbed,,7.657168893127318,7.658323972142599,0.0011550790152803359,True,True,False,False,value_and_gradient,7.658323972142599,773,773,486,89.34746408462524,CONVERGENCE: REL_REDUCTION_OF_F_<=_FACTR*EPSMCH,0|0.76780183733|0.606146264725|0.891736585399|0.696425226216|0.743299602784|0.509705840864|1|0.80781156905|0.844753335721|0.848787585544|0.613777458692|0.616663305134|0.63598155066|0.409057172786|1|0.96891530308|0.969786194812|0.973044517114|1|0.709099408759|0.702404442072|0.688787631928|0.753890634051|0.748347340473|0.75733764635|0.460291891613|0.464628671984|0.470105415806|0.496065488949|0.278434999778|1|1|1|1|1|1|0.750003847313|0.796951132386|0.799889543114|0.776367183602|0.807836084005|0.823824789052|0.810895117297|0.828703085124|0.822224668507|0.82167972142|0.497714480965|0.49463691893|0.48904755579|0.477431653128|0.47279875161|0.487158300107|0.510656040488|0.505613530689|0.501948809127|0.544515870775|0.28397824991|0.291421968576|0.292779498691|0.279945665415|0.301815189348|0.123872691762|1|1|1|1|1|1|1|1|1|1|1|1|1|1|1|1|1|1|1|1|1|1|0.77460311858|0.758914742257|0.761303968317|0.765798146384|0.790035732271|0.793776227316|0.784178039226|0.837492921573|0.823828832822|0.812776853934|0.899404923546|0.89802974555|0.886048083511|0.867071307793|0.862436883067|0.859679892179|0.865463491346|0.859029432277|0.850912165265|0.876197052465|0.514121339041|0.513132450635|0.517756916733|0.497699334573|0.513459886679|0.521283986761|0.506976823544|0.509011279649|0.50918161935|0.539500235845|0.539764244082|0.559978618589|0.554226135755|0.523539477277|0.539628498608|0.30208656955|0.289396189766|0.284684516044|0.276626018414|0.277271354862|0.270549999865|0.0976245976169|1|1|1|1|1|1|1|1|1|1|1|1|1|1|1|1|1|1|1|1|1|1|1|1|1|1|1|1|1|1|1|1|1|1|1|1|1|1|1|1|1|1|1|1|1|1|1|1|1|1|1|1|1|1|1|1|1|1|1|1|1|1|1|1|0.50528680855|0.640417188753|0.715313188169|0.740865177852|0.808233662869|0.800297261529|0.79216153715|0.901111559118|0.89416536302|0.880156704884|0.911046039322|0.907971734565|0.899336002688|0.867488472566|0.857146217502|0.851579647544|0.855807271619|0.878960178946|0.857595181498|0.894738398362|0.89225279221|0.883031663511|0.871563833031|0.829562141026|0.8279313242|0.823275644746|0.845408209499|0.85947047158|0.834192288359|0.85781500307|0.825268933255|0.908884241992|0.873161270079|0.80148850264|0.832101551949|0.561413391732|0.563376187603|0.52296836084|0.54293120174|0.566821814519|0.589810088511|0.555861084116|0.548780958169|0.543457320623|0.557635251108|0.580365266852|0.579260189662|0.57552436741|0.53301391167|0.519211397409|0.561687716344|0.564522518667|0.562019734005|0.518976093055|0.48803489481|0.486801256921|0.249987445105|0.248736634036|0.280276410108|0.263051880586|0.217297611528|0.23456906196|0.227842038561|0.0498496079629
high_ra,10,5,delay_frontier,default,delayed,0|5|10|15|35|75|125|175|225,adjoint_lbfgsb,adjoint_lbfgsb,0,warm_start,,7.644397167942221,7.644496262534357,9.909459213641725e-05,True,True,False,False,value_and_gradient,7.644496262534357,452,452,309,51.07961463928223,CONVERGENCE: REL_REDUCTION_OF_F_<=_FACTR*EPSMCH,0|0|0|0.900311900466|0.71174274556|0.758350438254|0.52445079857|1|0.81366036935|0.856978825565|0.859813670882|0.625731810125|0.627465138847|0.650352886129|0.415902820472|1|0.962297083825|0.967928868709|0.976236999701|1|0.718804533449|0.7105391616|0.696480381463|0.759912684177|0.753276861434|0.764463522255|0.472803175926|0.476128654985|0.486045912189|0.50366249442|0.28182711452|1|1|1|1|1|1|0.745377598196|0.809820985739|0.811266657879|0.787573197669|0.81556164311|0.843066565904|0.828560731705|0.816407374896|0.81256390496|0.814310798795|0.484299130576|0.48086166949|0.477471978171|0.496745095863|0.487824719293|0.508339974228|0.518378438731|0.515166721677|0.518251308541|0.534546139278|0.282441655869|0.282709125777|0.285187776897|0.297742025166|0.299206151371|0.134367450318|1|1|1|1|1|1|1|1|1|1|1|1|1|1|1|1|1|1|1|1|1|1|0.802732130095|0.823597144811|0.816662951405|0.815608817655|0.838075296873|0.84046562582|0.838898540214|0.811489780021|0.800162312571|0.789839970512|0.874406506926|0.871718570816|0.864983522186|0.865056831125|0.864878871513|0.879115671339|0.84069010553|0.840153607817|0.844371859874|0.8511559886|0.490069778373|0.488740704509|0.498409484779|0.540569843054|0.530581170031|0.526669328551|0.536629779217|0.543514661283|0.547785113191|0.518872686967|0.538473019633|0.539967938282|0.535618206224|0.542240033107|0.518993790074|0.282443273727|0.281626847828|0.270220542515|0.291961415345|0.27602365249|0.286158714591|0.0916910310314|1|1|1|1|1|1|1|1|1|1|1|1|1|1|1|1|1|1|1|1|1|1|1|1|1|1|1|1|1|1|1|1|1|1|1|1|1|1|1|1|1|1|1|1|1|1|1|1|1|1|1|1|1|1|1|1|1|1|1|1|1|1|1|1|0.69815020345|0.725407017731|0.760102052689|0.75041818996|0.905519977973|0.905003495417|0.903862703378|0.866089938421|0.867055324113|0.838989341898|0.875968472946|0.873373013746|0.873362848961|0.908561772333|0.893030064059|0.923701591888|0.796784429065|0.80528461055|0.800107438592|0.847739641513|0.848028656443|0.826459830468|0.82792369276|0.90125763924|0.902298093238|0.898840655282|0.87545587035|0.885541284061|0.882878908779|0.800746986215|0.848628201724|0.858665861394|0.85262554925|0.790844477625|0.772227208551|0.543291713955|0.548221556559|0.54516380175|0.575429808383|0.574437647375|0.570943741594|0.57390982248|0.576780195716|0.571764410356|0.526691164821|0.551052467416|0.554090839095|0.54901230759|0.548876860942|0.484812145849|0.536066348599|0.539169284702|0.534550221843|0.534908133165|0.471062974901|0.50186789679|0.238523186238|0.254890491225|0.250380969453|0.233101953088|0.227411007152|0.219246224857|0.213605808875|0.0339007039959
high_ra,10,5,delay_frontier,default,delayed,0|5|10|15|35|75|125|175|225,adjoint_lbfgsb,adjoint_lbfgsb,1,structured_ramp,,7.537846543624195,7.644496450667811,0.10664990704361621,False,True,False,False,value_and_gradient,7.644496450667811,1462,1462,1000,171.1968343257904,STOP: TOTAL NO. of ITERATIONS REACHED LIMIT,0|0|0|0.900325742001|0.712044380412|0.758315081902|0.524501775988|1|0.813551864511|0.856973794595|0.859925209668|0.626004401981|0.627459880889|0.650299280646|0.4155508644|1|0.962261738654|0.967935590901|0.976153540155|1|0.718684400493|0.71043931998|0.696403794017|0.76003225973|0.753248745903|0.764086799053|0.472602722862|0.476326596781|0.485659522783|0.502884549199|0.281876628246|1|1|1|1|1|1|0.74514245034|0.809678398172|0.811308252743|0.78735271115|0.815494572882|0.843111398142|0.82816889567|0.816461332895|0.812696472484|0.814483364149|0.484213843003|0.480624268445|0.477902276794|0.497605648531|0.487489982416|0.507989283532|0.518636685213|0.515170202098|0.518391967325|0.534559510247|0.282293607269|0.282488394732|0.284885661461|0.296321037959|0.299845966772|0.130463115939|1|1|1|1|1|1|1|1|1|1|1|1|1|1|1|1|1|1|1|1|1|1|0.802495295452|0.821857814675|0.81468266911|0.813618619901|0.837010267686|0.838945072474|0.837170880344|0.810820780354|0.800580017967|0.790744003951|0.873230134464|0.870402068783|0.863489476607|0.864721348824|0.866132312201|0.881529466761|0.839882367918|0.836823088479|0.841410347428|0.853286281398|0.492324484104|0.491947910608|0.501697761211|0.541932986509|0.532197905757|0.528247513199|0.535598511223|0.542778941636|0.547194050594|0.516965859012|0.537465567492|0.539095996472|0.534615196562|0.53675666261|0.519950752404|0.282055556015|0.282351776388|0.278490241265|0.297240737933|0.278388999099|0.290800070431|0.0858372412363|1|1|1|1|1|1|1|1|1|1|1|1|1|1|1|1|1|1|1|1|1|1|1|1|1|1|1|1|1|1|1|1|1|1|1|1|1|1|1|1|1|1|1|1|1|1|1|1|1|1|1|1|1|1|1|1|1|1|1|1|1|1|1|1|0.818046852345|0.81804538518|0.818268214642|0.821115304102|0.89960627426|0.899066249641|0.897124133101|0.857098642379|0.857278245715|0.851287374414|0.868294848527|0.864185461156|0.862986032689|0.899938047302|0.891449778594|0.913827509674|0.831159516005|0.834982382352|0.829470438444|0.847845040975|0.843615041634|0.83948760441|0.83929022757|0.893394173685|0.892907601978|0.888998633433|0.878899024014|0.88335159804|0.877734535668|0.825045788621|0.851742237719|0.856201864664|0.850029647032|0.828064401505|0.793158061675|0.556756953252|0.549162700049|0.549061585667|0.57681250747|0.576348598557|0.574774929597|0.558138447801|0.562115771917|0.556526779038|0.506680661008|0.531868643668|0.535672083052|0.529480494598|0.527748818544|0.468592826465|0.514739262003|0.518593290244|0.512239465943|0.51168787595|0.453468869508|0.48287234986|0.267215058544|0.270699803282|0.264417986671|0.231001173649|0.193533675189|0.185118850433|0.174385122339|0.0392097311799
high_ra,10,5,delay_frontier,default,delayed,0|5|10|15|35|75|125|175|225,adjoint_lbfgsb,adjoint_lbfgsb,2,structured_sigmoid,,7.508609288457858,7.644496400036825,0.13588711157896682,True,True,False,False,value_and_gradient,7.644496400036825,905,905,651,107.8178448677063,CONVERGENCE: REL_REDUCTION_OF_F_<=_FACTR*EPSMCH,0|0|0|0.900344258126|0.711926476548|0.758228152594|0.524305676351|1|0.813636933146|0.856936574089|0.859807248009|0.625968052456|0.627554806133|0.65042727485|0.415278375705|1|0.96227630979|0.967947406865|0.976216152761|1|0.718737188776|0.71037294721|0.696293656887|0.759695873738|0.753261430268|0.76425741299|0.4726933143|0.476046829743|0.486129702138|0.502751509465|0.282678746455|1|1|1|1|1|1|0.745454180478|0.809759845078|0.81124333097|0.787703754375|0.815117960417|0.843480415187|0.827893590157|0.816266893024|0.812417111808|0.814893093096|0.484668447163|0.480509049688|0.477598389987|0.497698442971|0.488314738378|0.507526093952|0.518849734737|0.51589374122|0.51817751642|0.53599141995|0.282804469179|0.282970298151|0.285372507384|0.294898390045|0.298429622856|0.132783377016|1|1|1|1|1|1|1|1|1|1|1|1|1|1|1|1|1|1|1|1|1|1|0.803003307979|0.821539629144|0.814372482527|0.813256580559|0.836824382547|0.838771196892|0.836998790393|0.810918044127|0.800566182893|0.790875012179|0.873220039233|0.870442671912|0.863478793908|0.862742545549|0.861783374968|0.881220969939|0.839103272214|0.838556299652|0.841911904265|0.851522137119|0.492345708613|0.492090973105|0.50174377916|0.543172451852|0.533471431671|0.529916365192|0.53502437692|0.541989695684|0.547064524115|0.517409725521|0.538017170412|0.539588830342|0.535154834947|0.535259995371|0.521399431008|0.279409243695|0.279702327315|0.274847941622|0.291785363584|0.279640024512|0.287685299727|0.0820133734415|1|1|1|1|1|1|1|1|1|1|1|1|1|1|1|1|1|1|1|1|1|1|1|1|1|1|1|1|1|1|1|1|1|1|1|1|1|1|1|1|1|1|1|1|1|1|1|1|1|1|1|1|1|1|1|1|1|1|1|1|1|1|1|1|0.824172219604|0.822894012117|0.823160315398|0.826265722775|0.898263689289|0.897900495122|0.896052472943|0.857943139419|0.858143643947|0.852502811796|0.86872768396|0.864968206771|0.863920630258|0.910504268492|0.899445518729|0.915938801583|0.838455113675|0.842018596499|0.837303407788|0.858799748295|0.846143921955|0.842402705477|0.842242244792|0.896047667927|0.895104999214|0.89139574019|0.885321330902|0.889432017014|0.884222834082|0.83705114678|0.860851380963|0.864864532732|0.859322770712|0.844699515214|0.814842923437|0.575218087479|0.56779989327|0.567793002887|0.593343841861|0.593008052181|0.591652706118|0.575910234566|0.579737096965|0.574754457621|0.52829704553|0.55205454493|0.555805516975|0.550207714628|0.550176248472|0.495308292909|0.537212393847|0.540990032111|0.535289560361|0.535884077412|0.481267926965|0.511899560891|0.304403234037|0.307949840957|0.302203116763|0.270115840754|0.237359355578|0.225705127224|0.217673599018|0.0896897468834
high_ra,10,5,delay_frontier,default,delayed,0|5|10|15|35|75|125|175|225,adjoint_lbfgsb,adjoint_lbfgsb,3,structured_constant,,7.623884722420586,7.644496430551377,0.02061170813079105,True,True,False,False,value_and_gradient,7.644496430551377,1167,1167,781,137.51783752441406,CONVERGENCE: REL_REDUCTION_OF_F_<=_FACTR*EPSMCH,0|0|0|0.90034216156|0.712024699341|0.75829472038|0.524443155642|1|0.813633734279|0.856878803501|0.85987581082|0.625985596881|0.627526138639|0.650418661034|0.415531662809|1|0.9622874129|0.967945838882|0.976219943077|1|0.718620928241|0.71047769808|0.696418718835|0.75989026912|0.753302273074|0.764501303619|0.472869303975|0.476154301686|0.486048348381|0.502990355752|0.281841218816|1|1|1|1|1|1|0.74532299537|0.809768148531|0.811237661269|0.787470560226|0.815567771394|0.843282469553|0.827934225461|0.816072420695|0.812366666452|0.814150156883|0.484176654332|0.479859642127|0.476979056669|0.498199204109|0.488780785685|0.508621162107|0.518826209648|0.514863458059|0.518367477897|0.534238285282|0.282938725547|0.283132788713|0.285565926571|0.295910067104|0.29996247996|0.129838965337|1|1|1|1|1|1|1|1|1|1|1|1|1|1|1|1|1|1|1|1|1|1|0.802902491663|0.821759643191|0.814657326918|0.813514989657|0.836789269058|0.838685970273|0.83691237398|0.810227434628|0.799758770595|0.789760748916|0.873178446358|0.870357311513|0.863367183555|0.866356067164|0.865584487011|0.878259870554|0.838672884606|0.839763483093|0.842785865866|0.853222506161|0.490036405565|0.489610326998|0.499396378938|0.542403445196|0.532367798451|0.52832319056|0.536717901294|0.543940548995|0.548297983494|0.518097795942|0.538668536286|0.540340052388|0.535927760716|0.538988101586|0.519221798794|0.276961149271|0.277287038881|0.271847051297|0.286571046598|0.275966628231|0.283798370536|0.0808669205205|1|1|1|1|1|1|1|1|1|1|1|1|1|1|1|1|1|1|1|1|1|1|1|1|1|1|1|1|1|1|1|1|1|1|1|1|1|1|1|1|1|1|1|1|1|1|1|1|1|1|1|1|1|1|1|1|1|1|1|1|1|1|1|1|0.821696062405|0.816427292489|0.816588371596|0.818990906338|0.900797212472|0.900280001313|0.898619016409|0.859589998693|0.859784253502|0.854002137436|0.870855784305|0.86684493757|0.86586990747|0.894215859121|0.885311868937|0.91741153692|0.83279431626|0.836664999558|0.830596196176|0.846391449531|0.847200617867|0.843125356368|0.843056343873|0.897407407335|0.897159346355|0.893447512456|0.880105254783|0.884732183353|0.878977314453|0.823330684051|0.851494995505|0.856125340475|0.84957773499|0.822330247878|0.786562284797|0.570340800585|0.563275968255|0.563310828356|0.588744242798|0.588423952682|0.587238596689|0.567937276256|0.572113912191|0.566643336322|0.515047971119|0.54169221687|0.54562555678|0.539491940503|0.534310940017|0.46879487394|0.525960847288|0.53009779814|0.523754906659|0.517521322955|0.452288698828|0.479128497879|0.302878957719|0.306531053039|0.30064110746|0.265585454476|0.220424225832|0.213660832602|0.202284579506|0.0870115003828
high_ra,10,5,delay_frontier,default,delayed,0|5|10|15|35|75|125|175|225,adjoint_lbfgsb,adjoint_lbfgsb,4,warm_start_perturbed,,7.643461460770855,7.644496446290459,0.0010349855196043478,True,True,False,False,value_and_gradient,7.644496446290459,679,679,467,80.09497547149658,CONVERGENCE: REL_REDUCTION_OF_F_<=_FACTR*EPSMCH,0|0|0|0.90039773689|0.712014722571|0.758301866066|0.524523904586|1|0.813695253043|0.856828128154|0.859821752588|0.626024056734|0.627533725995|0.650314057715|0.415461218209|1|0.962314950841|0.967950203369|0.976283424491|1|0.718467241118|0.710254482855|0.696491306437|0.759858864554|0.753271717878|0.764421197053|0.47295489529|0.476223488234|0.486256906484|0.502851964501|0.281921456634|1|1|1|1|1|1|0.746576688311|0.809873176595|0.811518457938|0.787929563861|0.814820396309|0.843967277256|0.828160572507|0.816815106839|0.811968835787|0.813836982742|0.484077961993|0.481108744564|0.47746454668|0.498927426093|0.488276466385|0.508636298626|0.518550389267|0.514821070692|0.518206003211|0.534578594733|0.282521579381|0.282305587256|0.285422209261|0.295205719571|0.299854118011|0.132531134734|1|1|1|1|1|1|1|1|1|1|1|1|1|1|1|1|1|1|1|1|1|1|0.80212628556|0.820300782355|0.812976804875|0.812451473689|0.836530940567|0.838292693547|0.836618389016|0.810791316245|0.800579142567|0.791170185518|0.871171499741|0.870755982642|0.863481024697|0.864522706793|0.864624300968|0.878873320292|0.83827166988|0.837066162782|0.841437615669|0.851389456979|0.491936506058|0.490284635776|0.499566501737|0.543590807993|0.538667454197|0.529954102182|0.535964077979|0.542875091779|0.547645525923|0.519970431266|0.538174654482|0.537948973429|0.535268629298|0.538685427843|0.520285597874|0.277416298768|0.272746200521|0.278591301445|0.29041457756|0.27638105806|0.284882767703|0.100760981187|1|1|1|1|1|1|1|1|1|1|1|1|1|1|1|1|1|1|1|1|1|1|1|1|1|1|1|1|1|1|1|1|1|1|1|1|1|1|1|1|1|1|1|1|1|1|1|1|1|1|1|1|1|1|1|1|1|1|1|1|1|1|1|1|0.780874899823|0.772018927197|0.796234432517|0.79644684702|0.912179179543|0.905311548048|0.914624398418|0.86210698219|0.873285370588|0.851147365444|0.883980527204|0.882719982216|0.880129913872|0.896075403918|0.890984940714|0.926373784507|0.821106921579|0.821906048613|0.832458433247|0.845647634691|0.855687891259|0.822288212263|0.82473162177|0.893334755288|0.883036895586|0.879290649978|0.875584486913|0.870972613457|0.882916481095|0.816666290674|0.841172854661|0.851175145655|0.840329158295|0.829076386009|0.784146305286|0.544094299714|0.54432923377|0.518744692983|0.580706953276|0.576042185662|0.576506290471|0.575358381883|0.578864237119|0.574486914721|0.52121782594|0.550043723506|0.556010493618|0.545628353085|0.549629242916|0.486123778677|0.536646874684|0.531857095203|0.524950625038|0.536065797557|0.456693446449|0.511158389894|0.240718730944|0.246254860829|0.248238685933|0.244119939234|0.228984448313|0.224420816663|0.210081581743|0.034868841966
high_ra,10,5,delay_frontier,default,delayed,0|5|10|15|35|75|125|175|225,adjoint_lbfgsb,adjoint_lbfgsb,5,warm_start_perturbed,,7.643313198631416,7.6444964691398125,0.0011832705083962836,True,True,False,False,value_and_gradient,7.6444964691398125,1098,1098,764,129.53156566619873,CONVERGENCE: REL_REDUCTION_OF_F_<=_FACTR*EPSMCH,0|0|0|0.900304692608|0.711992044565|0.758367113814|0.52419955911|1|0.813575706826|0.856932890176|0.859940697196|0.626041242113|0.627717004799|0.650371949623|0.415725626495|1|0.962258173184|0.967912276814|0.976237222531|1|0.718608528193|0.710118522985|0.696462566939|0.759869239678|0.753632159752|0.764463889566|0.473369740466|0.476425935058|0.485562606359|0.502944836743|0.281903825957|1|1|1|1|1|1|0.745379468353|0.809668340427|0.811208079717|0.78749111868|0.815417373211|0.844104676424|0.828004625495|0.816371679998|0.812633192519|0.81406786616|0.484925977595|0.480259972957|0.477903729116|0.497051155567|0.48872078903|0.508398796157|0.51858505866|0.515607175888|0.518956976218|0.534101923823|0.283530829372|0.282846425006|0.285924733504|0.297077720464|0.299525172616|0.133502294984|1|1|1|1|1|1|1|1|1|1|1|1|1|1|1|1|1|1|1|1|1|1|0.802820750461|0.821659363163|0.814600219021|0.813478240215|0.83647449737|0.838500884136|0.837133638951|0.809114021731|0.799329311489|0.788872454095|0.873057226824|0.869007771502|0.8627209479|0.869002692767|0.863458728539|0.879181903022|0.836343626486|0.83955758239|0.842932217972|0.851759497459|0.490417426848|0.489433039577|0.49976792236|0.54401747922|0.532922548917|0.526862870431|0.537716338345|0.5442429638|0.549089611231|0.518201202909|0.539263126161|0.540971082211|0.536627141596|0.538360964832|0.519823009698|0.275247242829|0.282768199117|0.276515167721|0.293738704393|0.27663230812|0.287940590441|0.0754402103284|1|1|1|1|1|1|1|1|1|1|1|1|1|1|1|1|1|1|1|1|1|1|1|1|1|1|1|1|1|1|1|1|1|1|1|1|1|1|1|1|1|1|1|1|1|1|1|1|1|1|1|1|1|1|1|1|1|1|1|1|1|1|1|1|0.761186901247|0.776885492619|0.767682889432|0.792750079699|0.899410835431|0.899385020676|0.895182444114|0.860132384404|0.859635032455|0.849461913129|0.870944276068|0.865326513988|0.866225751943|0.891783801488|0.885489088342|0.913925705616|0.827995999048|0.832271416345|0.823495618392|0.845492984754|0.846627061259|0.838953906149|0.835684284529|0.893310878797|0.895158402023|0.887799097657|0.877566026966|0.882742023894|0.877031119737|0.822638446223|0.850601209385|0.854942059252|0.848145143278|0.817555586041|0.781908047446|0.538960298658|0.538682127863|0.538584309498|0.574828272977|0.585202002027|0.577878176266|0.574938356965|0.574808791694|0.564815286995|0.528001916786|0.550657101297|0.554171686437|0.550089483042|0.546902079138|0.494428514795|0.536911620218|0.536134275658|0.535431865631|0.536003337709|0.478258474503|0.504975276277|0.228351757269|0.238575996798|0.254521129801|0.226693046975|0.213550536253|0.213205214868|0.217484427565|0.0256408393254
high_ra,10,5,delay_frontier,default,delayed,0|5|10|15|35|75|125|175|225,adjoint_lbfgsb,adjoint_lbfgsb,6,warm_start_perturbed,,7.643296887271344,7.644496362562145,0.0011994752908011108,True,True,False,False,value_and_gradient,7.644496362562145,619,619,443,73.08353233337402,CONVERGENCE: REL_REDUCTION_OF_F_<=_FACTR*EPSMCH,0|0|0|0.900346159967|0.712071059752|0.758389142873|0.524599467559|1|0.813587270693|0.856964472212|0.859818824864|0.626157771284|0.627497639232|0.650491911802|0.415404200099|1|0.962304426542|0.9679481142|0.976249758676|1|0.71857454268|0.710516753196|0.696400792747|0.760088863373|0.753308317353|0.764460467104|0.4726936907|0.476125482192|0.486082691098|0.503492507798|0.281906012542|1|1|1|1|1|1|0.745494448721|0.809795533073|0.81122246571|0.787408368307|0.815490546158|0.842975179413|0.828092190151|0.816334386466|0.812689363083|0.814376051534|0.484054527328|0.481234026864|0.477164249095|0.49873797457|0.487673258269|0.509423659286|0.518402028188|0.515914250777|0.518949681945|0.534305980873|0.28263302243|0.28300799413|0.285358259074|0.29602544803|0.299981356804|0.132374360459|1|1|1|1|1|1|1|1|1|1|1|1|1|1|1|1|1|1|1|1|1|1|0.802530073541|0.823558745221|0.814927164846|0.811053500786|0.833979164065|0.838110462542|0.833337509272|0.810703552687|0.799379733936|0.790236812044|0.872888973642|0.869050834048|0.861273836241|0.866660544077|0.865727142426|0.876695256231|0.839051478045|0.835926278836|0.840139604107|0.8504655779|0.506702966105|0.486912499053|0.508695911824|0.541960243623|0.531507303989|0.526020610971|0.535324126176|0.544503014541|0.552728174154|0.517659242901|0.540244455977|0.544087870263|0.540069860063|0.538142049159|0.519217332248|0.285631457262|0.294468971265|0.274380177623|0.289327174056|0.268856559038|0.291955966854|0.101492256824|1|1|1|1|1|1|1|1|1|1|1|1|1|1|1|1|1|1|1|1|1|1|1|1|1|1|1|1|1|1|1|1|1|1|1|1|1|1|1|1|1|1|1|1|1|1|1|1|1|1|1|1|1|1|1|1|1|1|1|1|1|1|1|1|0.781080407972|0.805075914586|0.801397790571|0.816722307827|0.911186997|0.924021836189|0.908798891487|0.862612292904|0.876674852068|0.829391158104|0.875450262929|0.873554769193|0.87443065694|0.886039272782|0.890388348798|0.895694017182|0.797305975643|0.804390991107|0.81010293684|0.851644801138|0.859589690465|0.843221226159|0.814693572082|0.89874411557|0.914049692692|0.900389085632|0.874946478416|0.88970436688|0.904344032579|0.828862105985|0.836175627293|0.848001420816|0.842389237865|0.818787381751|0.786763063962|0.543721930378|0.534766599431|0.542334914091|0.580101186262|0.575017249407|0.574972461621|0.56819015489|0.579852853281|0.575778415165|0.512602064087|0.557088600207|0.553690078735|0.544295738945|0.537038099421|0.48286090421|0.533774241695|0.538942660109|0.538271850272|0.52987468109|0.467775562827|0.477316451949|0.245051042009|0.26159914063|0.25104384603|0.211733493821|0.229070421923|0.221927303108|0.211257172402|0.0169095789867
high_ra,10,5,delay_frontier,default,delayed,0|5|10|15|35|75|125|175|225,adjoint_lbfgsb,adjoint_lbfgsb,7,warm_start_perturbed,,7.643216218462929,7.644496498805842,0.0012802803429128318,True,True,False,False,value_and_gradient,7.644496498805842,1569,1569,958,183.63201117515564,CONVERGENCE: REL_REDUCTION_OF_F_<=_FACTR*EPSMCH,0|0|0|0.900311799802|0.712042245774|0.758299494346|0.524540286965|1|0.813594834133|0.856890155357|0.859904878772|0.625974916991|0.627492944368|0.650334966253|0.415676845526|1|0.962180308816|0.96788569093|0.976215805211|1|0.718625936698|0.710422153171|0.696395102828|0.759962532819|0.753225784569|0.764370517759|0.472855579653|0.475991750134|0.486334292404|0.502741092947|0.281725558065|1|1|1|1|1|1|0.745335616153|0.80957474627|0.811225617623|0.787654800161|0.81548902194|0.843391052464|0.828156514923|0.816003079725|0.812656623234|0.814410209738|0.484832655316|0.481152277515|0.478170143346|0.497773817468|0.487924668483|0.508440606814|0.518718564285|0.515187498808|0.518365842488|0.534560731069|0.282399090525|0.282801303954|0.285140923681|0.295975898974|0.2998950343|0.132926010465|1|1|1|1|1|1|1|1|1|1|1|1|1|1|1|1|1|1|1|1|1|1|0.802933718797|0.821265795308|0.815768045881|0.815452746632|0.836330148556|0.841179997834|0.837727993558|0.81029341192|0.79991524753|0.789987175606|0.874565958842|0.871125206293|0.864370252044|0.86496548118|0.864862854873|0.879327102845|0.838770557813|0.838461327509|0.842199440849|0.851777330817|0.488640451595|0.489992555991|0.496780422906|0.541997470117|0.531993249657|0.528137157511|0.539810108822|0.544817872045|0.547514300602|0.519642675266|0.537666179713|0.540846041929|0.538357679885|0.536997098219|0.520801870077|0.273888013176|0.278378354986|0.275016875768|0.29403645565|0.275123454587|0.285199545438|0.0873576952596|1|1|1|1|1|1|1|1|1|1|1|1|1|1|1|1|1|1|1|1|1|1|1|1|1|1|1|1|1|1|1|1|1|1|1|1|1|1|1|1|1|1|1|1|1|1|1|1|1|1|1|1|1|1|1|1|1|1|1|1|1|1|1|1|0.790762086436|0.808490439852|0.819707146759|0.814041683161|0.901582625402|0.915257572147|0.907678212321|0.86371976286|0.87013849126|0.827603014657|0.87010253731|0.871900058986|0.851973156712|0.899654785984|0.893077079274|0.912658600201|0.830009291064|0.823624808587|0.816310378885|0.843524862732|0.85708523482|0.826369546938|0.832892610411|0.895738918773|0.882137928475|0.89393638567|0.875601885888|0.885070070994|0.880711655636|0.82513842506|0.845620129658|0.851194790282|0.850787406466|0.829359441744|0.787008935356|0.52537236304|0.538732210212|0.53969119986|0.578537307431|0.580557483618|0.577298327153|0.573688727419|0.576969022218|0.578897577294|0.525752099838|0.539835355061|0.554563924092|0.54240967739|0.550297887789|0.477345374499|0.535571457294|0.538570691718|0.527693424043|0.528903258932|0.462754633897|0.501540919977|0.22765191922|0.24332297208|0.235562268353|0.236834026755|0.227112464867|0.221061292662|0.213379120708|0.0302918867285
low_eis,5,1,delay_frontier,default,delayed,0|5|10|15|35|75|125|175|225,adjoint_lbfgsb,adjoint_lbfgsb,0,warm_start,,4.144831849109174,4.144837672260487,5.823151313144592e-06,True,True,False,False,value_and_gradient,4.144837672260487,408,408,293,48.31819820404053,CONVERGENCE: REL_REDUCTION_OF_F_<=_FACTR*EPSMCH,0|0.411776601738|0.282078100622|0.519204479239|0.368246838455|0.381542654854|0.232946510818|0.649332140107|0.480061466287|0.49211569432|0.498935641771|0.328053441923|0.328827658757|0.332130169619|0.188669360704|0.823734155527|0.629682116451|0.629363005061|0.645798879181|0.64853638278|0.425034362728|0.419681174026|0.425186493827|0.438533137701|0.435730128082|0.437275076467|0.256867486536|0.256049921374|0.258813308053|0.253559311933|0.129175834453|0.884575223145|0.699773660698|0.69116882348|0.676338725233|0.688805905656|0.688803207079|0.468732770609|0.479211135474|0.474487883723|0.465269054171|0.460869355151|0.47023315716|0.464256316689|0.465989695705|0.463391061915|0.467395258477|0.275916546441|0.276785223359|0.27672883685|0.270964939395|0.267003114066|0.270068766725|0.278027493525|0.277021080432|0.276823619527|0.268770746329|0.137582220071|0.136335223456|0.135768168803|0.132215718194|0.139665081813|0.0525952410089|1|1|1|1|1|1|1|0.895098902964|0.859481843585|0.837590950833|0.839332181717|0.835125457681|0.865561394952|0.831640848602|0.83876049048|0.858108032752|0.833793662901|0.810767086943|0.805976932275|0.783186533628|0.789080337108|0.810834012055|0.554528991389|0.55034442161|0.548070403924|0.550865914287|0.529916379497|0.527390293566|0.524482890366|0.539781045214|0.533971887051|0.527703244946|0.535266609291|0.545445130266|0.548823231392|0.541719584858|0.536923191255|0.533077897941|0.520553102431|0.521739130234|0.525365404846|0.504440686135|0.321328095206|0.321133583619|0.322489925882|0.307320389615|0.301393406499|0.297128230686|0.306068238912|0.304812310262|0.301976129513|0.28502515683|0.304285557715|0.300857476762|0.297651107076|0.281464135218|0.292931667097|0.14197486754|0.139683828766|0.137793960101|0.141271187899|0.134132926906|0.132296717772|0.0372570158165|1|1|1|1|1|1|1|1|1|1|1|1|1|1|1|1|1|1|1|1|1|1|1|1|1|1|1|1|1|1|0.993238042884|0.991559774037|0.991309003494|0.985658971912|1|0.966422886029|0.964716694747|0.959934861011|0.952690279568|0.943688195533|0.938751184802|0.904558782733|0.89633247867|0.909122449827|0.989705023317|0.946182025546|0.94377132492|0.937693562454|0.93071477196|0.92322280371|0.918346562213|0.927283203942|0.91803638521|0.9065989391|0.908739068702|0.90128375865|0.897574781945|0.899830023091|0.8906545984|0.882242927485|0.843989599997|0.83614947192|0.862632692816|0.818622779397|0.652029468371|0.613293943128|0.623400444377|0.647937458258|0.616037062253|0.608986000232|0.604034789772|0.618325789566|0.617527313358|0.612680241643|0.59647412726|0.589205839199|0.626276597305|0.607330161203|0.599464777089|0.592176012619|0.557737157246|0.586289239273|0.579594891669|0.548341200997|0.623378833758|0.615849525089|0.621820202539|0.59255423857|0.584793273832|0.577561099182|0.579112690378|0.572645800253|0.56949345189|0.535321556055|0.568522092934|0.561894815828|0.554752875238|0.521414220417|0.529036708943|0.361055990706|0.37036297904|0.367771583027|0.346592519089|0.340906479664|0.335733159767|0.341458667884|0.338037229949|0.3329496513|0.308606243461|0.331743945244|0.327487845919|0.322355012171|0.298719456116|0.303023382003|0.32439035313|0.320234860742|0.315235321947|0.310459570485|0.296186126144|0.29005295798|0.128037522943|0.125903743474|0.122926239227|0.11591805491|0.110219375135|0.107219153572|0.105384305392|0.0123139802292
low_eis,5,1,delay_frontier,default,delayed,0|5|10|15|35|75|125|175|225,adjoint_lbfgsb,adjoint_lbfgsb,1,structured_ramp,,4.137470620670433,4.144837673669841,0.007367052999407875,True,True,False,False,value_and_gradient,4.144837673669841,912,912,702,108.64933681488037,CONVERGENCE: REL_REDUCTION_OF_F_<=_FACTR*EPSMCH,0|0.411769606699|0.282086033249|0.519205765321|0.368254544544|0.381532940564|0.232943498751|0.649345105108|0.480062158195|0.49210334105|0.498931462372|0.328046480003|0.328825116374|0.33214183187|0.188666847368|0.823732545859|0.629679465285|0.629355901469|0.645776120338|0.648529862601|0.425040988138|0.419684751722|0.425158831099|0.43852763151|0.435727712729|0.437292747676|0.256847861246|0.256069325489|0.258833760644|0.25353768048|0.129136015864|0.884540015806|0.699705168232|0.691144521264|0.676315039955|0.688785676991|0.68874970098|0.468420000894|0.479404298333|0.474684801|0.465406757651|0.460973629192|0.470258674771|0.464286306399|0.466008436734|0.463424106201|0.467530634049|0.275897863992|0.276778422435|0.276715989066|0.270964986284|0.267005904144|0.270075462792|0.277994900282|0.277097419178|0.276822287081|0.268838979263|0.137493659963|0.136214074413|0.135640292419|0.13228167304|0.139801665536|0.0524837792507|1|1|1|1|1|1|1|0.894777414491|0.859102713426|0.837312481695|0.839098661148|0.834994792653|0.865343515404|0.831532810925|0.838600140771|0.858008369965|0.833323011089|0.810628203723|0.805893594412|0.782751947989|0.788705337184|0.811890207557|0.554976251461|0.549660962923|0.547770801995|0.549922174164|0.530297434731|0.527707519306|0.524706315719|0.539853509769|0.534215191573|0.528031221702|0.535544858694|0.545303445925|0.548071982068|0.541985635088|0.537194543986|0.53339186822|0.52081759146|0.52250625833|0.526422959187|0.504159578365|0.324480906767|0.32189033315|0.321711192046|0.30656545428|0.300622259002|0.2964073138|0.306330775559|0.305047201627|0.302080257485|0.285369852463|0.30437748311|0.300993397972|0.297859957934|0.281862473936|0.293100726036|0.141308180956|0.138962248553|0.137158356656|0.143305099251|0.13362512375|0.131793729294|0.0360381971159|1|1|1|1|1|1|1|1|1|1|1|1|1|1|1|1|1|1|1|1|1|1|1|1|1|1|1|1|1|1|0.99295908012|0.991984173971|0.99221236247|0.986547147962|1|0.967455125031|0.965583560354|0.960782193331|0.956047665965|0.946838804506|0.941344654688|0.907398977999|0.899177926451|0.904913788198|0.989800693616|0.946748540534|0.944314120618|0.938357174489|0.933292192241|0.925605212498|0.920414820552|0.926735026771|0.917556257778|0.90885003788|0.911021062129|0.903220290801|0.899097644854|0.902788084515|0.893555994184|0.884992889282|0.845445185384|0.837715165966|0.861253098812|0.820515634496|0.645384487643|0.608366943127|0.623733343463|0.661693271073|0.610239151532|0.603653927706|0.599262404376|0.624438045732|0.616555142651|0.609195536468|0.591301248243|0.584705522946|0.62899388957|0.604170542968|0.596354586787|0.589187021498|0.556188159521|0.590372001099|0.582681434668|0.54840590659|0.630563285796|0.622407867413|0.618755034519|0.589608379489|0.581719260832|0.574624230742|0.582678729692|0.576063961883|0.569037764635|0.535518290845|0.568335427102|0.561633603105|0.554670936377|0.522003127678|0.529856512857|0.377682063717|0.370617160534|0.367593754974|0.343864940579|0.33762055617|0.332496782254|0.337814494696|0.332700825538|0.327332435784|0.302343282291|0.326761488449|0.321655853838|0.316411585866|0.292535679322|0.297549047928|0.319356279438|0.314391024431|0.309272446775|0.312845057282|0.290973740246|0.28514708521|0.1399400701|0.136061126522|0.132092343304|0.124952356206|0.110873817601|0.107018190635|0.104774418484|0.0223463531796
low_eis,5,1,delay_frontier,default,delayed,0|5|10|15|35|75|125|175|225,adjoint_lbfgsb,adjoint_lbfgsb,2,structured_sigmoid,,4.13343943430246,4.144837669218266,0.011398234915805716,True,True,False,False,value_and_gradient,4.144837669218266,438,438,379,52.793071269989014,CONVERGENCE: REL_REDUCTION_OF_F_<=_FACTR*EPSMCH,0|0.411776425785|0.282087689976|0.519208308441|0.368282101189|0.381518782802|0.232932820452|0.649353602203|0.480048138844|0.492127492097|0.498913802131|0.32806020802|0.328828966111|0.332083551183|0.188677518194|0.823735288886|0.6296754467|0.629358568555|0.645806645399|0.648529521206|0.425037442379|0.419706685651|0.42516881995|0.438557957491|0.43572481884|0.437235781783|0.256830947981|0.256112911716|0.258840083231|0.253517759279|0.129119232085|0.884617194069|0.699718902864|0.691121766766|0.676302663204|0.688806767997|0.688756423402|0.468420821698|0.479365271038|0.475061260178|0.465404306986|0.460976324778|0.47026084143|0.46428873382|0.466074832318|0.463550767397|0.467430671615|0.276248492192|0.276797795384|0.276764044216|0.27098405891|0.267064854888|0.270042610275|0.278305734194|0.277002317232|0.276963685844|0.268640485789|0.13771162508|0.136413741352|0.135812636295|0.132282995158|0.139822413179|0.0526922451865|1|1|1|1|1|1|1|0.894340906483|0.859017774452|0.837283455744|0.839065891555|0.83495885966|0.865332471116|0.831489256031|0.83853672084|0.857958874028|0.833238728026|0.810578285835|0.805810572464|0.782769233422|0.788689603602|0.811457449939|0.555009534463|0.54976274697|0.548558089316|0.549927602728|0.53040717132|0.52782909904|0.524830371849|0.54015934643|0.534415777272|0.528138018985|0.535683442947|0.545517229035|0.547582964272|0.542151951218|0.537386367573|0.5335718485|0.520559694213|0.522482147989|0.526331588689|0.504169128553|0.323047037981|0.321013760704|0.32077139512|0.305660237955|0.299786484452|0.295625266435|0.306376756055|0.305054601729|0.302038284844|0.285226833187|0.30433444653|0.30094304644|0.297800496804|0.281689531718|0.292794069821|0.141897603597|0.139185237925|0.137047420587|0.142153938971|0.133140896359|0.131366280411|0.0367739058207|1|1|1|1|1|1|1|1|1|1|1|1|1|1|1|1|1|1|1|1|1|1|1|1|1|1|1|1|1|1|0.99297438351|0.991385150199|0.991014662913|0.985605308201|1|0.966736951934|0.964919065834|0.960140628202|0.954105718344|0.945063033244|0.939859571067|0.906633882634|0.898624060388|0.90808417602|0.989616511908|0.946615595993|0.944118825644|0.937074858665|0.932463219627|0.924947740066|0.919924667083|0.925539704856|0.916530668705|0.908122863842|0.910879375155|0.903286502549|0.899435467911|0.9023199449|0.893307478384|0.884996779687|0.846289887985|0.838721484119|0.860401994704|0.819265350284|0.647104805767|0.609258871194|0.618752038021|0.661047473217|0.608843446862|0.602257764476|0.597884621812|0.62367749886|0.615885427178|0.608729955544|0.589978520935|0.583406738889|0.63031970739|0.603940480838|0.59632943813|0.589420132587|0.557762526928|0.595512244577|0.586832142151|0.554906639785|0.630740418044|0.621592330139|0.61798066787|0.589580660739|0.581710632452|0.574874843234|0.586013906992|0.579772827022|0.573041028056|0.542119963277|0.572481113538|0.56623221392|0.55984836768|0.530021660992|0.543525892362|0.385891537399|0.378086576859|0.374855902344|0.34913951563|0.342386103627|0.33736713363|0.338888854586|0.33346676557|0.327753082893|0.301104529453|0.327155670646|0.321665748649|0.316066513816|0.290653757225|0.295155453536|0.319589559188|0.314278388415|0.308733201402|0.310393935019|0.288390632231|0.282483084247|0.152764257343|0.147905510881|0.142834806516|0.129586354438|0.111115180285|0.105912557142|0.103398218623|0.0266992680251
low_eis,5,1,delay_frontier,default,delayed,0|5|10|15|35|75|125|175|225,adjoint_lbfgsb,adjoint_lbfgsb,3,structured_constant,,4.138453339317899,4.144837672407295,0.006384333089395788,True,True,False,False,value_and_gradient,4.144837672407295,562,562,492,72.89128923416138,CONVERGENCE: REL_REDUCTION_OF_F_<=_FACTR*EPSMCH,0|0.411764647154|0.282086502977|0.519204243668|0.368256732108|0.381529106038|0.232922957304|0.649337014256|0.480078105637|0.492109752332|0.498939643392|0.328043592821|0.328819918072|0.332098799102|0.188660953331|0.82373547688|0.629678198174|0.629351117312|0.645806873028|0.648524717352|0.425034486512|0.419674305409|0.425182700285|0.438530100293|0.435720291578|0.43719309495|0.256838662402|0.256075802488|0.25890003836|0.25358578248|0.129032627691|0.88455105048|0.699768995565|0.691163067001|0.676315816211|0.688801449365|0.688708635846|0.468394966548|0.479247441186|0.474785437724|0.465529386799|0.461016383547|0.470251192432|0.464313829798|0.465985183478|0.46337073759|0.467234582623|0.275898072551|0.276759565633|0.276603451267|0.271020439538|0.267022980053|0.270106998328|0.278067326501|0.276967672436|0.276779982826|0.268806413142|0.13742393456|0.136223614973|0.135677398075|0.132198677309|0.139736886877|0.0526969142248|1|1|1|1|1|1|1|0.893230313658|0.859027993262|0.837367709482|0.839116265068|0.835033283271|0.865394088705|0.831620195523|0.838553052002|0.858057550063|0.833235935654|0.810629074738|0.805905366608|0.782388622144|0.788085686077|0.810679306713|0.554968886654|0.549797861045|0.547467663772|0.550498595148|0.53056068757|0.527945976019|0.524925462003|0.539767476813|0.534020036651|0.52768382107|0.53572580278|0.54547274402|0.547517861002|0.541779881242|0.536952657567|0.533050483078|0.520665786958|0.521851049137|0.525976927844|0.503907320341|0.324332446098|0.321626966823|0.32143347264|0.30606403851|0.300079170484|0.295794785971|0.305810241134|0.304539182218|0.301572975672|0.285044337259|0.303869865101|0.300504246114|0.297390243052|0.281622474664|0.293149013124|0.141283751525|0.138343973907|0.135845229649|0.141814040666|0.131872675222|0.130740745756|0.035685982588|1|1|1|1|1|1|1|1|1|1|1|1|1|1|1|1|1|1|1|1|1|1|1|1|1|1|1|1|1|1|0.994452045213|0.994307570677|0.992767932859|0.987093841208|1|0.967222848319|0.965510206137|0.960471851852|0.952102010617|0.942922393047|0.937585164836|0.903898437606|0.89567204723|0.911828703247|0.993370535515|0.947412999984|0.944403213615|0.93107420478|0.929926604742|0.922224457824|0.917071819951|0.923535851234|0.914623856615|0.906318844194|0.907743635611|0.900006734143|0.895972505142|0.900346344547|0.891364075053|0.883167070254|0.844600184146|0.837228918674|0.86180605089|0.822220117839|0.648149610876|0.611153002185|0.623699245625|0.668166301655|0.615226395486|0.608405541439|0.603840717186|0.628358748929|0.620133426266|0.612448730231|0.59553963118|0.588433330387|0.630840845153|0.607056425091|0.598855428266|0.591363607042|0.55688160804|0.589940045348|0.582685537693|0.547427539142|0.634486813279|0.626347632183|0.622492928864|0.591884998274|0.583781176295|0.576363279421|0.582939161092|0.575984744637|0.568746697875|0.534278216833|0.567997117639|0.561033745992|0.55385578261|0.520448527141|0.528787856155|0.37492642437|0.368497194599|0.365643068033|0.342859707839|0.336800864407|0.33167083456|0.337703781927|0.332549797838|0.327146536517|0.301737263309|0.326605720515|0.321425001587|0.316115772951|0.291675543057|0.295729703017|0.319148052766|0.314093080984|0.308870715722|0.313117575477|0.288862797105|0.282820621036|0.139504817966|0.136018913696|0.132402495531|0.126569604322|0.112352470384|0.108561755511|0.106337137998|0.0261279778965
low_eis,5,1,delay_frontier,default,delayed,0|5|10|15|35|75|125|175|225,adjoint_lbfgsb,adjoint_lbfgsb,4,warm_start_perturbed,,4.1444418347079415,4.144837672499849,0.00039583779190710544,True,True,False,False,value_and_gradient,4.144837672499849,661,661,496,121.83230972290039,CONVERGENCE: REL_REDUCTION_OF_F_<=_FACTR*EPSMCH,0|0.411769974688|0.28208251583|0.519207318673|0.368261688756|0.38152938793|0.232909191591|0.64934134707|0.480064818176|0.492115525034|0.498925416176|0.328044308909|0.32882703988|0.332109644317|0.188667516412|0.823724684622|0.629679475681|0.629357878604|0.645802696235|0.64852611533|0.425020256705|0.419670667863|0.425169918321|0.438509020319|0.43575686375|0.437284126886|0.256844060496|0.256076170972|0.258744616226|0.253515780692|0.129198631313|0.88455040987|0.699785358856|0.691155761421|0.676302865335|0.688800916589|0.688822285827|0.46837825617|0.479418145693|0.474661633676|0.465346523443|0.460980859127|0.470254712323|0.464300896659|0.466033226897|0.46342717599|0.467411324547|0.276083819709|0.276891416626|0.276825388568|0.270987697456|0.267105846638|0.270099151638|0.277974042975|0.277026531726|0.276793877076|0.26884354104|0.13732735066|0.136355993332|0.135859767425|0.13182222112|0.139736914884|0.0525241793138|1|1|1|1|1|1|1|0.894640689442|0.859118195159|0.83723619486|0.83890840724|0.835168566475|0.865303164498|0.831425463131|0.838524456673|0.857976028877|0.833495539879|0.810551923285|0.805853281493|0.78283312346|0.788889509288|0.811404362253|0.554491912199|0.550030778654|0.549887120202|0.549689728899|0.530302802908|0.527715054785|0.524889903355|0.539688647826|0.533952798211|0.52757919061|0.535566561174|0.545300676339|0.548157136149|0.541694196817|0.53689704058|0.533022881627|0.520564425276|0.522085908381|0.526145017358|0.503853466125|0.324592921075|0.32185383478|0.321594129815|0.306803109139|0.300709378751|0.296114305471|0.306131061551|0.30505474789|0.302015919304|0.285335988044|0.304220912889|0.300616296432|0.297476835002|0.281738932718|0.293307545734|0.140872078873|0.138822690813|0.138872215509|0.142759231984|0.13344439799|0.131743284114|0.0372019017922|1|1|1|1|1|1|1|1|1|1|1|1|1|1|1|1|1|1|1|1|1|1|1|1|1|1|1|1|1|1|0.992562450587|0.994459618725|0.991104942155|0.987661375493|1|0.96795485392|0.967479793888|0.958293997449|0.953472059311|0.948256683603|0.940020912609|0.904707278858|0.897606751126|0.907522383288|0.989154461987|0.94476009749|0.941341099093|0.938827850044|0.931769233631|0.922473185968|0.923378532765|0.925948605399|0.916892689589|0.907402873343|0.909238658997|0.901958298409|0.896607558287|0.903158018128|0.892619154989|0.884153204285|0.845499575308|0.839188397585|0.860612688648|0.819992493926|0.648144349733|0.608429984361|0.617011193391|0.663163121457|0.61099711046|0.605248125174|0.601449193509|0.62802329166|0.615000358837|0.604235981507|0.59345647771|0.587234714752|0.628138137446|0.601980116747|0.596951393606|0.586990936951|0.557919320373|0.595477815576|0.583706653719|0.544908697392|0.633134026288|0.626900346642|0.61866398838|0.584046557685|0.581927766475|0.568775925556|0.587112108973|0.581674318207|0.565590688692|0.540796528017|0.56303750024|0.56027349695|0.55158872021|0.521386998796|0.527327593482|0.371758126629|0.368360085425|0.367268522042|0.347274221019|0.337875328008|0.333948638748|0.337971352702|0.331037184713|0.327520847428|0.306782473346|0.328584530582|0.32678152673|0.319109822438|0.294776135134|0.29886431156|0.319360832177|0.314702650692|0.314692269525|0.314845557367|0.292577217301|0.286580195211|0.127428133818|0.108010682678|0.106322008028|0.111554548969|0.106650000998|0.124553125499|0.112143470529|0.00782910940479
low_eis,5,1,delay_frontier,default,delayed,0|5|10|15|35|75|125|175|225,adjoint_lbfgsb,adjoint_lbfgsb,5,warm_start_perturbed,,4.144436575855261,4.144837673562154,0.00040109770689333857,True,True,False,False,value_and_gradient,4.144837673562154,876,876,619,161.45875930786133,CONVERGENCE: REL_REDUCTION_OF_F_<=_FACTR*EPSMCH,0|0.411781004487|0.282073331627|0.519219088196|0.368258077001|0.3815460394|0.232938573608|0.649339904065|0.480064628307|0.49211980398|0.498921875619|0.328048676576|0.328824461408|0.332140298109|0.18866578387|0.823727394032|0.629676426544|0.629352188639|0.645816748013|0.648527076097|0.425038398202|0.419680667504|0.425163880321|0.43851564783|0.435723974807|0.4373360548|0.256819141879|0.2560989968|0.258812350285|0.253565620113|0.129187792371|0.884509610225|0.699714829708|0.6911223567|0.676303228188|0.688791984898|0.688766028222|0.468337278019|0.47938788295|0.474814808759|0.465324807394|0.460971120476|0.470257461363|0.464257848688|0.466021903972|0.46342999019|0.467636221604|0.275901922911|0.276782690302|0.27653459831|0.270978148766|0.267065175532|0.270036430914|0.277984396808|0.277085140119|0.276734006016|0.268897479176|0.137576452932|0.136229785767|0.135786800365|0.132420587342|0.139688446999|0.0524860652285|1|1|1|1|1|1|1|0.894415925948|0.859137126273|0.83711061858|0.839028779678|0.834953622148|0.865284140251|0.831283366691|0.838374681828|0.857882053052|0.833283746653|0.810462838899|0.805721863441|0.78268913945|0.789268522413|0.811698259049|0.554716764283|0.550122176678|0.547506104676|0.549943000542|0.530447744491|0.527957386607|0.524780602587|0.539557360157|0.533864970563|0.527865929037|0.535641479612|0.545222304364|0.548139772093|0.541897757008|0.536919814893|0.533207481844|0.52039749819|0.521402701277|0.52587184773|0.503862445604|0.324445419019|0.322014988549|0.321716989772|0.306595184967|0.300668163166|0.296413256972|0.306457328978|0.304490366067|0.302106096414|0.284711477825|0.304465794957|0.300869321268|0.297272471459|0.282630065582|0.293399941671|0.141708044063|0.138613941724|0.134027497567|0.142389278517|0.133463650732|0.131693415206|0.0386565630102|1|1|1|1|1|1|1|1|1|1|1|1|1|1|1|1|1|1|1|1|1|1|1|1|1|1|1|1|1|1|0.9929692453|0.991815533246|0.991669306418|0.986170294319|1|0.96716491232|0.96572381336|0.960570865348|0.953287014662|0.946893695749|0.939218191417|0.907035629639|0.898348476175|0.904487516363|0.989969382203|0.947001649011|0.944235220008|0.938198043652|0.933022327381|0.926739875175|0.920210356947|0.925790249376|0.914538693745|0.908684363226|0.912138766613|0.902865729451|0.898039739618|0.902119152594|0.894827834753|0.884519680256|0.844634168102|0.839269383601|0.860907860471|0.821106860451|0.64556060971|0.609310912104|0.623143012037|0.661899563358|0.611171192346|0.605244215033|0.600975252768|0.627126259343|0.617520096162|0.608791063531|0.590963780821|0.586646569499|0.62973850337|0.604277583791|0.596745573179|0.588673651084|0.555909791076|0.58962830745|0.582356484611|0.545668286588|0.632232004951|0.623212510123|0.618329518778|0.589202502022|0.58074402872|0.575573781706|0.580202038308|0.574640967683|0.5682857946|0.533466578445|0.567290114075|0.56041447617|0.552099191304|0.519737733424|0.528689195754|0.372264083578|0.373222306696|0.369500929194|0.337804982289|0.334701274314|0.321030952419|0.341911893611|0.335169694061|0.329935717114|0.305401240674|0.327637804528|0.324797431358|0.320808713198|0.296395685104|0.299454891601|0.324891801779|0.319867400836|0.312577166116|0.315064814225|0.292775488141|0.286676405785|0.133476276132|0.112076013738|0.117576591816|0.127239087255|0.108887489606|0.10589381229|0.103193764797|0.0262982100004
low_eis,5,1,delay_frontier,default,delayed,0|5|10|15|35|75|125|175|225,adjoint_lbfgsb,adjoint_lbfgsb,6,warm_start_perturbed,,4.144385740503698,4.144837671972912,0.00045193146921373994,True,True,False,False,value_and_gradient,4.144837671972912,516,516,404,97.6950089931488,CONVERGENCE: REL_REDUCTION_OF_F_<=_FACTR*EPSMCH,0|0.411773005599|0.282084289849|0.51920741695|0.36826620784|0.381533567901|0.232936283095|0.649355006269|0.480073274229|0.492107226234|0.49890579502|0.328043580664|0.328822721175|0.332105997771|0.188663490709|0.823734149275|0.629677304861|0.629358876333|0.645793345289|0.64853178989|0.425034397999|0.419679133914|0.425140521134|0.438531913118|0.435725337596|0.437259344117|0.25685540223|0.256068246827|0.258839595172|0.253561506418|0.129153855635|0.884585802084|0.699756545097|0.691101497167|0.676323644803|0.688787758125|0.688781331856|0.46851503505|0.479448331823|0.474685051386|0.46532123356|0.460824994744|0.470256391656|0.464269727099|0.466079930461|0.46345231478|0.467394861092|0.275910298506|0.276654374103|0.276886120847|0.270952571226|0.266974314053|0.270076140284|0.278305766889|0.27700174428|0.27703929112|0.268871113419|0.137556175804|0.13628796412|0.13576094269|0.132348003361|0.139643107348|0.0524846501647|1|1|1|1|1|1|1|0.894449455374|0.859183523168|0.837275667063|0.839090964016|0.834876898258|0.865377754133|0.831992258265|0.838649073824|0.858038754053|0.833336427124|0.810653980361|0.805960082905|0.783000526051|0.788876272548|0.810753594563|0.553746698107|0.549901176919|0.547897801741|0.550383833447|0.530294451857|0.527701888195|0.524807832478|0.539209993598|0.533868404007|0.528172962475|0.535547120658|0.545154938058|0.548117996055|0.542071697829|0.53675997676|0.532721236067|0.520739185419|0.521923928626|0.525589258552|0.503556242043|0.324138635997|0.321664481195|0.321644471658|0.306322633632|0.300907691144|0.29662321176|0.306246629269|0.304965499392|0.30148267757|0.285134465599|0.304113202553|0.300753231003|0.297808664229|0.281852184582|0.292612691129|0.142694413443|0.139297056084|0.13747359973|0.143273400288|0.133632171486|0.131785867085|0.0353476897629|1|1|1|1|1|1|1|1|1|1|1|1|1|1|1|1|1|1|1|1|1|1|1|1|1|1|1|1|1|1|0.993136730549|0.992085998055|0.991349214568|0.985791733827|1|0.968717258792|0.966185148736|0.95948590862|0.954948276399|0.945567637362|0.94026320856|0.906915012538|0.898172258215|0.90983401916|0.990261702625|0.944896935383|0.94526906505|0.936668299526|0.933930977248|0.924704114078|0.919752851898|0.925041835883|0.91614144242|0.910477010414|0.910811701976|0.90281947811|0.899116145026|0.903435678866|0.895653023524|0.88461617186|0.846866166184|0.837344876329|0.861993324477|0.822843503643|0.647242863656|0.609841642903|0.623053212765|0.663251923676|0.611545839965|0.605120879701|0.600482372924|0.624013341974|0.618493144044|0.606990877505|0.59271128881|0.586337879933|0.628410044268|0.606072811469|0.59495354992|0.58622509113|0.556247601176|0.592432984086|0.583392022773|0.550702657369|0.630968184202|0.625019785082|0.621760448888|0.587212164147|0.58084931805|0.574805473138|0.588458169903|0.573241642841|0.563952077736|0.530731547489|0.563585925365|0.557109155763|0.559943927518|0.523618696682|0.530231503435|0.379541264396|0.352042595416|0.367604415902|0.349118794522|0.340827929372|0.325532060994|0.339736017765|0.336591411044|0.330894822982|0.302172164181|0.33064199831|0.324011598286|0.320814376193|0.295373185867|0.299390273149|0.320825868458|0.314655492578|0.31482141916|0.315561491426|0.291456111251|0.285091940353|0.143036622968|0.121283834419|0.12286023238|0.0921319998702|0.103561757571|0.110063803391|0.108483001235|0.0260157517523
low_eis,5,1,delay_frontier,default,delayed,0|5|10|15|35|75|125|175|225,adjoint_lbfgsb,adjoint_lbfgsb,7,warm_start_perturbed,,4.144372268809255,4.144837673825636,0.0004654050163814816,True,True,False,False,value_and_gradient,4.144837673825636,845,845,626,157.23359966278076,CONVERGENCE: REL_REDUCTION_OF_F_<=_FACTR*EPSMCH,0|0.411761147556|0.282080976168|0.51920458341|0.3682594792|0.381527480686|0.232921468121|0.649354439895|0.480070243697|0.492108828839|0.498926056283|0.328050579925|0.328819786559|0.332078646567|0.188648513841|0.823732241976|0.629677110241|0.629363431639|0.645775653621|0.648519835336|0.425056712761|0.41966928604|0.425176717522|0.438514704718|0.43572495107|0.437191473731|0.256840056216|0.256099234703|0.258816721022|0.253580064998|0.129157643327|0.884599475177|0.699669062232|0.691163402739|0.676357511185|0.688780644076|0.688782527672|0.468368505631|0.479391540828|0.474681813201|0.465373847191|0.46099528211|0.470255547354|0.464233934893|0.466004199609|0.463406976726|0.467170808419|0.275886731006|0.276776256622|0.27645373587|0.270964131513|0.266998912851|0.270065211673|0.278025211605|0.277011931774|0.276789627287|0.26884155813|0.137492993581|0.136302961868|0.135791172904|0.132325726925|0.139756749604|0.0525257349424|1|1|1|1|1|1|1|0.894317915387|0.859231390018|0.837228793956|0.839113714186|0.834805853899|0.865229751299|0.831368395429|0.838586173898|0.857922590768|0.833151318499|0.810504568367|0.805738832717|0.782929172566|0.788343125192|0.810605766149|0.554958781588|0.549567343513|0.548090851446|0.549337942042|0.530373700477|0.527829746039|0.524785061043|0.540282136433|0.533516656388|0.527859758636|0.535676389244|0.544769122946|0.548476084542|0.541506816337|0.536426884551|0.533229302198|0.520581083601|0.521852047225|0.526017117723|0.503954804291|0.324395285462|0.322663379598|0.322359941627|0.306523897892|0.300466459904|0.296745976498|0.305879754298|0.305004280943|0.301637708472|0.285077911458|0.304195477139|0.300816868239|0.297539875866|0.281629772489|0.293112248477|0.142200202282|0.138221048916|0.136861858972|0.142656738709|0.133658885471|0.131616579761|0.03769311567|1|1|1|1|1|1|1|1|1|1|1|1|1|1|1|1|1|1|1|1|1|1|1|1|1|1|1|1|1|1|0.993444809595|0.991815764654|0.991698257346|0.986054976486|1|0.967613635291|0.965685938938|0.960630834945|0.955565993711|0.946556368681|0.939222595147|0.906849127347|0.898019260419|0.912608309995|0.989952291994|0.94654244712|0.944057837532|0.938020919218|0.932011528694|0.924715307031|0.91823793458|0.926467235997|0.914597852875|0.907728446387|0.909596435273|0.904452138262|0.897895817526|0.902630482774|0.893306583863|0.882597287822|0.844904930392|0.839174032359|0.860224177414|0.819807627786|0.64391367721|0.610204595493|0.622746421682|0.660649955826|0.611628893942|0.605098838941|0.60079861527|0.626241980285|0.616139632301|0.610191445781|0.592776025445|0.586057164654|0.628953687521|0.600388580242|0.59501856048|0.58855448022|0.554486380995|0.589113160291|0.58231219578|0.548137983999|0.630710142951|0.623636791593|0.62000650907|0.589835887938|0.580449434321|0.575255892526|0.582743904476|0.576560124011|0.568291145573|0.533974358267|0.568412988661|0.558900781242|0.552547889408|0.52131932414|0.529110237459|0.36937267157|0.380063643999|0.361707468038|0.347621071293|0.334411737836|0.339369438377|0.335736373107|0.334137695502|0.331249524954|0.3035389677|0.329523511045|0.32529596806|0.321614403183|0.294010708774|0.299825810488|0.311662366875|0.312810235982|0.310423842256|0.314761624424|0.293054272663|0.286398945539|0.121573104939|0.120042203573|0.116975838262|0.12360385796|0.0988794364502|0.106338230457|0.101390926407|0.0113060913527
low_ra,15,9,delay_frontier,default,delayed,0|5|10|15|35|75|125|175|225,adjoint_lbfgsb,adjoint_lbfgsb,0,warm_start,,7.637450142270591,7.637542919409778,9.277713918720565e-05,True,True,False,False,value_and_gradient,7.637542919409778,445,445,273,51.82693672180176,CONVERGENCE: REL_REDUCTION_OF_F_<=_FACTR*EPSMCH,0|0|0|0|0|0|0|1|0.821842910038|0.828985746994|0.829532914824|0.609851441642|0.610364552923|0.612657972981|0.404501614259|1|0.961067546646|0.957343211176|0.960431395407|0.965959727741|0.705821011337|0.704495673001|0.702210906151|0.715993436318|0.715274137276|0.716634117113|0.474912989274|0.475131924947|0.476231293421|0.480940256516|0.2806572057|1|1|1|1|1|1|0.774039979787|0.783480633759|0.78285314351|0.777833623174|0.773215184675|0.777981652312|0.775192275041|0.770003607681|0.769028663981|0.769839188785|0.496666958051|0.496628938217|0.495898261332|0.491646842874|0.491467561701|0.493280070019|0.496355398517|0.495782703326|0.495658811852|0.506202627184|0.287038967228|0.28692395821|0.288176024957|0.282603034925|0.293913254584|0.125068506494|1|1|1|1|1|1|1|1|1|1|1|1|1|1|1|1|1|1|1|1|1|1|0.816588910306|0.829123349825|0.82733910449|0.814769497099|0.809415899497|0.811947412047|0.811377632531|0.828104456095|0.826701801631|0.826547954159|0.852178456533|0.853385435288|0.850641933342|0.81396984713|0.813924082474|0.81461075721|0.817473210965|0.816730765015|0.81608264742|0.795128784055|0.531097746744|0.531388732892|0.531511854101|0.527212072907|0.527816820997|0.518497728946|0.511374743523|0.512083790083|0.513487088292|0.528232171629|0.51963105719|0.519551957016|0.520283700383|0.512663037162|0.513923404741|0.288660365018|0.288948767743|0.288698075563|0.268789946751|0.272665894815|0.264427278944|0.082493337305|1|1|1|1|1|1|1|1|1|1|1|1|1|1|1|1|1|1|1|1|1|1|1|1|1|1|1|1|1|1|1|1|1|1|1|1|1|1|1|1|1|1|1|1|1|1|1|1|1|1|1|1|1|1|1|1|1|1|1|1|1|1|1|1|0.722845254225|0.857537264919|0.859103084694|0.845427315353|0.841633267361|0.843508692135|0.842695558228|0.877868186977|0.879172812046|0.882679704812|0.912228908116|0.91405263558|0.900791990103|0.844735444895|0.846577722504|0.850270434011|0.832830709793|0.837181358676|0.842168064304|0.833623996834|0.873543590668|0.877576660214|0.878758135447|0.825072294917|0.827021900779|0.82958881529|0.810783520983|0.815223002419|0.820351768595|0.823694139397|0.786993083605|0.791475314954|0.796043530023|0.794318787474|0.774215187424|0.574222566405|0.573307625472|0.571439750914|0.570786577246|0.573689861557|0.550592731865|0.532185814365|0.531398593522|0.531001465869|0.534324470957|0.55306788623|0.552521396544|0.555049763026|0.511437348405|0.499966530755|0.540583498406|0.54067290294|0.541473930543|0.497085324375|0.485669031791|0.468652201111|0.253928608023|0.251811319184|0.249215602338|0.220446259354|0.212621232406|0.202279725212|0.195920818476|0.0220740463385
low_ra,15,9,delay_frontier,default,delayed,0|5|10|15|35|75|125|175|225,adjoint_lbfgsb,adjoint_lbfgsb,1,structured_ramp,,7.565921539206653,7.637542985237902,0.07162144603124876,True,True,False,False,value_and_gradient,7.637542985237902,1203,1203,673,138.64006400108337,CONVERGENCE: REL_REDUCTION_OF_F_<=_FACTR*EPSMCH,0|0|0|0|0|0|0|1|0.821849757725|0.828999588454|0.829534952363|0.609870400925|0.610272964285|0.612829120712|0.404366055458|1|0.961069516712|0.957297881921|0.960437269799|0.966130397873|0.70573129151|0.704380360599|0.702139582057|0.716280290256|0.71545596465|0.716838173117|0.474842862539|0.475189068152|0.476089379182|0.480572604428|0.280789938964|1|1|1|1|1|1|0.774030209155|0.78292493923|0.782138463423|0.777869857424|0.772913790179|0.777546907569|0.77466756997|0.76978796062|0.769068921873|0.769832496165|0.496418795616|0.496393824148|0.495817421801|0.492138547706|0.491335902638|0.49307589826|0.496450469179|0.495925720212|0.495880090879|0.503824614418|0.28738157956|0.287196442096|0.287827608973|0.282633147538|0.294031825089|0.124121561661|1|1|1|1|1|1|1|1|1|1|1|1|1|1|1|1|1|1|1|1|1|1|0.817040775187|0.830829639268|0.823352898797|0.817531674618|0.810636221479|0.812654366926|0.811444412931|0.828332452496|0.826797305289|0.826724738536|0.851006584021|0.851864552611|0.850472888975|0.81405541975|0.813839734491|0.814876334015|0.816380045863|0.816154308315|0.816029020681|0.796636628367|0.53098769311|0.531995930798|0.532782383751|0.526939481289|0.527215423201|0.521256221062|0.510848455937|0.511883460257|0.513624837521|0.528071268588|0.519746590145|0.519835448792|0.520591028076|0.512585783932|0.515549490743|0.286632157878|0.286511699768|0.28657001355|0.265747661345|0.271613741123|0.263609967177|0.0842055363752|1|1|1|1|1|1|1|1|1|1|1|1|1|1|1|1|1|1|1|1|1|1|1|1|1|1|1|1|1|1|1|1|1|1|1|1|1|1|1|1|1|1|1|1|1|1|1|1|1|1|1|1|1|1|1|1|1|1|1|1|1|1|1|1|0.81119376547|0.908165461782|0.874462666293|0.834668252183|0.8407626913|0.842637041897|0.841612648363|0.882800838094|0.882406873567|0.883355991495|0.901954895756|0.903347178247|0.902629324621|0.849670763584|0.849475328658|0.850478648129|0.847993791354|0.848329173048|0.849247416085|0.847246385868|0.879646644898|0.881070952842|0.880533166421|0.830275891691|0.829933615947|0.830354340784|0.829549206508|0.829991104276|0.830999555467|0.843005951056|0.805535515763|0.807180459404|0.809970317516|0.821510813334|0.815190395873|0.575036649712|0.575844326866|0.575284833298|0.560907417882|0.570476935683|0.538999851952|0.519499465602|0.519580593376|0.520329220793|0.523971374604|0.542836920161|0.542905945636|0.543402809302|0.500936399105|0.500198028269|0.529449283436|0.529517668799|0.530253151556|0.486313314352|0.486816110558|0.471749056508|0.254527392715|0.254366448515|0.254804160188|0.213442817046|0.193125039998|0.178487264471|0.170006723296|0.0376447401966
low_ra,15,9,delay_frontier,default,delayed,0|5|10|15|35|75|125|175|225,adjoint_lbfgsb,adjoint_lbfgsb,2,structured_sigmoid,,7.547520373759889,7.63754300482697,0.09002263106708064,True,True,False,False,value_and_gradient,7.63754300482697,1385,1385,832,161.2936282157898,CONVERGENCE: REL_REDUCTION_OF_F_<=_FACTR*EPSMCH,0|0|0|0|0|0|0|1|0.821849974714|0.82896893829|0.829523436832|0.609936973223|0.61036991683|0.612707713728|0.404535149017|1|0.961062118965|0.957330235385|0.960492983084|0.966153820802|0.705750703907|0.704382826187|0.702236494786|0.716088030219|0.715342296389|0.71665784261|0.474943593991|0.475258193837|0.476190048805|0.480794399721|0.280359566779|1|1|1|1|1|1|0.773918442189|0.783112962689|0.782274785364|0.777975124524|0.7730398366|0.777866120179|0.775116943472|0.769972383476|0.769056959596|0.769782490463|0.496594016791|0.496554719967|0.495812594014|0.491744307266|0.491550107545|0.491917027932|0.49608643914|0.495812953925|0.495797345429|0.505328386468|0.286936462163|0.286973150838|0.287780866775|0.282532942203|0.294496025607|0.12387644948|1|1|1|1|1|1|1|1|1|1|1|1|1|1|1|1|1|1|1|1|1|1|0.815823753482|0.829511662895|0.823793134817|0.817554275573|0.810466183539|0.812453544146|0.811343756366|0.828542541578|0.827365805977|0.827350496741|0.849703022719|0.85062082793|0.849660244108|0.814789219498|0.814544120533|0.816194942468|0.814401003072|0.814594549778|0.814377931612|0.79751794596|0.530870006988|0.531872607314|0.53259963085|0.527653199154|0.526967501079|0.521480428239|0.511600147402|0.512703024155|0.514446931158|0.529658858043|0.520647380898|0.520644909942|0.521199079152|0.514018139762|0.512580126202|0.288230113864|0.28822011204|0.288212714045|0.268014205345|0.272163258544|0.263062993852|0.0762824693897|1|1|1|1|1|1|1|1|1|1|1|1|1|1|1|1|1|1|1|1|1|1|1|1|1|1|1|1|1|1|1|1|1|1|1|1|1|1|1|1|1|1|1|1|1|1|1|1|1|1|1|1|1|1|1|1|1|1|1|1|1|1|1|1|0.813683102487|0.902148238401|0.872068417817|0.833903326167|0.839517784753|0.841393783875|0.840526754835|0.881725863829|0.881319145104|0.882370162975|0.900745143056|0.902147395999|0.901459932857|0.848825860789|0.848524167329|0.849748399133|0.846384352828|0.846499195187|0.847402253779|0.832137320881|0.87890945936|0.880337219783|0.879776453964|0.828950128962|0.828702971638|0.829309323446|0.825038444121|0.825222618723|0.826240921569|0.834984854566|0.801426904145|0.801585744176|0.802635182711|0.807791177581|0.792546994655|0.575920599285|0.576791853707|0.576279265224|0.566579850663|0.574662561456|0.547603320906|0.52088717644|0.521116594441|0.521898819816|0.524017398251|0.542227942357|0.542040085708|0.542425540833|0.500575641439|0.495095032295|0.530116021751|0.530325186242|0.531107568817|0.48576006508|0.480135031123|0.463218102832|0.256575671006|0.256888612295|0.257438449411|0.215420849489|0.197323487252|0.183253355149|0.175264051659|0.0418654952899
low_ra,15,9,delay_frontier,default,delayed,0|5|10|15|35|75|125|175|225,adjoint_lbfgsb,adjoint_lbfgsb,3,structured_constant,,7.618534219552998,7.63754290683037,0.019008687277371372,True,True,False,False,value_and_gradient,7.63754290683037,542,542,361,63.70154547691345,CONVERGENCE: REL_REDUCTION_OF_F_<=_FACTR*EPSMCH,0|0|0|0|0|0|0|1|0.821913916878|0.828849895326|0.82948636098|0.609980519325|0.610398668933|0.612763749677|0.404468386769|1|0.961059956452|0.95731508715|0.960404307799|0.966155585613|0.705770809201|0.70445032065|0.702263840163|0.716282309542|0.715548639632|0.716509921541|0.475085966118|0.47508944215|0.476143584305|0.480243588533|0.280692795795|1|1|1|1|1|1|0.773830317193|0.783143171085|0.782496427435|0.777556884528|0.773295693369|0.77803976767|0.775374028057|0.769833664422|0.76917805098|0.769775130385|0.496424412958|0.496393194461|0.495795929525|0.493098985325|0.492241800124|0.494101075798|0.496568005546|0.496062598787|0.495997124092|0.505461962571|0.287420963983|0.286819504933|0.287583109194|0.283079161572|0.29427472392|0.127135836438|1|1|1|1|1|1|1|1|1|1|1|1|1|1|1|1|1|1|1|1|1|1|0.816354426903|0.828952374109|0.823098406026|0.816967471254|0.810126415617|0.81198903879|0.811087579886|0.828112427554|0.826537125828|0.826541217374|0.849989546375|0.850753731961|0.849425768567|0.814086649706|0.813750432597|0.814982133745|0.816005004424|0.81570859133|0.815666265791|0.79870807424|0.53238727929|0.533390819802|0.534115189581|0.526175359894|0.525924526003|0.519837569561|0.510622292617|0.511660224294|0.513422353587|0.528796764193|0.519450490743|0.519583417933|0.520111814782|0.513611043078|0.521245954349|0.286672547927|0.286564381328|0.286699204356|0.267657348178|0.274333480763|0.266214288597|0.0756975100842|1|1|1|1|1|1|1|1|1|1|1|1|1|1|1|1|1|1|1|1|1|1|1|1|1|1|1|1|1|1|1|1|1|1|1|1|1|1|1|1|1|1|1|1|1|1|1|1|1|1|1|1|1|1|1|1|1|1|1|1|1|1|1|1|0.809128382262|0.90798941681|0.875463633807|0.838359780241|0.843040078744|0.844950477123|0.844097247438|0.888149156047|0.887726500878|0.888808391252|0.908316355842|0.909825111089|0.90909370772|0.853226164331|0.852911949428|0.854143208205|0.848756274479|0.848888469362|0.849754439654|0.835960412867|0.885323075186|0.886871457402|0.886270052081|0.83177225868|0.831515175354|0.832132730597|0.825770259253|0.825994835936|0.827005111965|0.835187578224|0.800010088112|0.799909224459|0.801198871655|0.806783205546|0.792516807245|0.580641348726|0.581466193936|0.580982057527|0.559652497336|0.565484812348|0.543781113808|0.517984544918|0.518184467177|0.51895919219|0.515453637658|0.530142159807|0.527663764386|0.529291972338|0.489483278006|0.477314221183|0.522370183427|0.522488336112|0.523278629187|0.47256416326|0.460760445612|0.44163635093|0.271108467136|0.271182831358|0.271786107569|0.227685208398|0.200375099731|0.18364851149|0.173004564282|0.0560501092933
low_ra,15,9,delay_frontier,default,delayed,0|5|10|15|35|75|125|175|225,adjoint_lbfgsb,adjoint_lbfgsb,4,warm_start_perturbed,,7.636792363910854,7.637543009914334,0.000750646003480071,True,True,False,False,value_and_gradient,7.637543009914334,1004,1004,603,117.38301467895508,CONVERGENCE: REL_REDUCTION_OF_F_<=_FACTR*EPSMCH,0|0|0|0|0|0|0|1|0.821884592183|0.828882983558|0.829449608198|0.609993622293|0.610400513056|0.612789104219|0.404509200988|1|0.961039917363|0.957335212173|0.960311822512|0.966026827294|0.705744376899|0.704512457537|0.70215110967|0.716122093001|0.715292732799|0.716576277195|0.474927209171|0.475183967918|0.476122560477|0.480518154374|0.280716611024|1|1|1|1|1|1|0.774187296197|0.782892437837|0.781913666078|0.776919627147|0.773099950979|0.777912196234|0.775143432577|0.769930407751|0.769209159051|0.769778779108|0.49628102174|0.497258669286|0.495170968929|0.492188977908|0.491570962872|0.492549011206|0.496287356147|0.495762098907|0.49576578915|0.504906379295|0.287333796697|0.287355101361|0.287928066257|0.282507545463|0.294060666816|0.124768090831|1|1|1|1|1|1|1|1|1|1|1|1|1|1|1|1|1|1|1|1|1|1|0.816522018034|0.83071274432|0.821696822985|0.816393419668|0.810401592495|0.812235489342|0.811330672505|0.828547357702|0.8269594915|0.826883344448|0.851139378484|0.852007260507|0.850569648201|0.814137883768|0.813866814117|0.814914541619|0.816675545211|0.816610161714|0.816309809794|0.799143098593|0.53014682915|0.533753932266|0.531690632354|0.524273130343|0.525420513481|0.519641012965|0.511394316755|0.509682724025|0.515016338717|0.528910777511|0.519299933706|0.519347441493|0.520555132221|0.51307798912|0.515446176114|0.291953873084|0.287541719001|0.288749281481|0.267490477095|0.273266350922|0.262406648384|0.0712008334069|1|1|1|1|1|1|1|1|1|1|1|1|1|1|1|1|1|1|1|1|1|1|1|1|1|1|1|1|1|1|1|1|1|1|1|1|1|1|1|1|1|1|1|1|1|1|1|1|1|1|1|1|1|1|1|1|1|1|1|1|1|1|1|1|0.769093910549|0.891991746852|0.883398497993|0.845071464274|0.842791982669|0.843347092813|0.843758377006|0.879436319564|0.884106648807|0.880251628243|0.908248320081|0.907059779162|0.900738890779|0.845897940954|0.845215873509|0.850162419123|0.845569329373|0.846697366416|0.848598217766|0.833512484363|0.876909913069|0.880356105088|0.874353399239|0.825518999259|0.832014219079|0.832682567968|0.824864828717|0.823042416616|0.823403108068|0.836950383788|0.801383438391|0.799662130382|0.801851385986|0.809671603346|0.79148213818|0.576585997873|0.57423662747|0.573654794144|0.573538056995|0.579321916446|0.550136844831|0.5280843719|0.528359222774|0.53026961127|0.534419764222|0.553979731701|0.553289338533|0.55263681649|0.51008315574|0.499326674324|0.537322226832|0.538605780692|0.537953010053|0.496815823372|0.48934643958|0.473816519515|0.239844293713|0.256508355671|0.22817950445|0.220084934857|0.219266433261|0.209667507556|0.186556152855|0.0251145292794
low_ra,15,9,delay_frontier,default,delayed,0|5|10|15|35|75|125|175|225,adjoint_lbfgsb,adjoint_lbfgsb,5,warm_start_perturbed,,7.6366938996508775,7.637542862218633,0.0008489625677556845,True,True,False,False,value_and_gradient,7.637542862218633,295,295,224,35.19749164581299,CONVERGENCE: REL_REDUCTION_OF_F_<=_FACTR*EPSMCH,0|0|0|0|0|0|0|1|0.821912004289|0.828957436637|0.82950956305|0.609970388181|0.610273641854|0.612594737555|0.404477999938|1|0.961121649596|0.957305526644|0.96022403975|0.966118948015|0.705793913412|0.704485393552|0.702193949587|0.716268497922|0.715294076737|0.716472778772|0.474823754326|0.474963164994|0.47628195787|0.480741683341|0.280065535359|1|1|1|1|1|1|0.774062100875|0.783168954115|0.782457884816|0.77687472537|0.773065779993|0.77791617422|0.775053972802|0.769723808578|0.769184946358|0.770173555152|0.497215718391|0.496483018536|0.496726547906|0.492134517825|0.491782502374|0.493012746545|0.496592354626|0.496509359028|0.495258671162|0.505778552355|0.287688214934|0.286959321377|0.289570249726|0.282585112805|0.293614151442|0.122804733142|1|1|1|1|1|1|1|1|1|1|1|1|1|1|1|1|1|1|1|1|1|1|0.816456016642|0.827514048634|0.822270157687|0.814114803382|0.815760938442|0.812341549266|0.811999370562|0.829583274779|0.8269005919|0.826172003242|0.850697900626|0.850749663968|0.850635722569|0.815616579405|0.813509065998|0.817440015541|0.815610696664|0.814470600676|0.814799036761|0.800043198811|0.52890688898|0.532797576717|0.533323322389|0.524106448443|0.525452918119|0.519518877163|0.510815473599|0.511800562508|0.513644527369|0.528677056818|0.520315851553|0.519719242487|0.52072623415|0.51330511448|0.51399717886|0.280575569038|0.293157920231|0.289585760197|0.270335533931|0.275251829796|0.264343077995|0.0781534178902|1|1|1|1|1|1|1|1|1|1|1|1|1|1|1|1|1|1|1|1|1|1|1|1|1|1|1|1|1|1|1|1|1|1|1|1|1|1|1|1|1|1|1|1|1|1|1|1|1|1|1|1|1|1|1|1|1|1|1|1|1|1|1|1|0.71740594208|0.84611971777|0.879277949298|0.850289948006|0.841332770397|0.843302817604|0.840192554635|0.88144484754|0.886455322926|0.884838970808|0.910152891365|0.91137676384|0.905790219722|0.850390401809|0.850884631825|0.858067726389|0.830564796692|0.829622154626|0.849323133684|0.823920141109|0.85930490027|0.871908640554|0.876151314458|0.833856983208|0.818148808538|0.832671903876|0.828623402036|0.808324203229|0.831519218674|0.829995119311|0.793850438735|0.795477719767|0.791616735194|0.796406340957|0.77762626301|0.565197251517|0.581132393729|0.569087193546|0.571667702879|0.57800167173|0.553601507013|0.529143712744|0.52547921362|0.526737625153|0.532869787512|0.554651778477|0.550919110608|0.555361808429|0.509178347832|0.494438349786|0.540080691541|0.540962427303|0.541481190596|0.497270991545|0.484699406235|0.460903825615|0.281686523232|0.254923424832|0.252496485419|0.212640954974|0.216790439429|0.18151709861|0.202670616694|0.0293436870571
low_ra,15,9,delay_frontier,default,delayed,0|5|10|15|35|75|125|175|225,adjoint_lbfgsb,adjoint_lbfgsb,6,warm_start_perturbed,,7.63661790961433,7.637542910055399,0.0009250004410690238,True,True,False,False,value_and_gradient,7.637542910055399,402,402,280,47.471147298812866,CONVERGENCE: REL_REDUCTION_OF_F_<=_FACTR*EPSMCH,0|0|0|0|0|0|0|1|0.821876816126|0.829088705327|0.829415559495|0.609779243817|0.610317123834|0.612766122956|0.404555397448|1|0.961064916671|0.957222248151|0.960567792886|0.966276245847|0.705764815702|0.704459744972|0.702216226074|0.71603334165|0.715214734816|0.716664413706|0.474840214585|0.475427841166|0.476141616373|0.480569471334|0.280771192504|1|1|1|1|1|1|0.773360910511|0.782685059243|0.782370627854|0.777322565134|0.773043728364|0.777831899132|0.77514830372|0.769835592139|0.769427707589|0.769651817595|0.496497139344|0.496494881669|0.495781676547|0.492047642582|0.491180730838|0.492680931443|0.496152967821|0.49605581733|0.496295278946|0.505154924066|0.28832778932|0.286240361863|0.289981813823|0.282120773617|0.293795472612|0.123608445794|1|1|1|1|1|1|1|1|1|1|1|1|1|1|1|1|1|1|1|1|1|1|0.816491720159|0.829873079323|0.826899523207|0.814258615357|0.810167763334|0.812403737756|0.811371813429|0.826928487363|0.825621385532|0.827387764963|0.851575589225|0.852854197118|0.84925162196|0.813937102501|0.810970465299|0.813635001003|0.818045769331|0.819388170281|0.812719347938|0.797008825593|0.531359042792|0.532641776479|0.532618213392|0.527669695868|0.527864868789|0.51814679995|0.510096489488|0.510587035458|0.515574168385|0.528713768482|0.520351802808|0.523059620218|0.522343760424|0.512328279002|0.514648439717|0.284569089625|0.289292673118|0.290317876767|0.262233043566|0.272153760003|0.263443514383|0.0757222274646|1|1|1|1|1|1|1|1|1|1|1|1|1|1|1|1|1|1|1|1|1|1|1|1|1|1|1|1|1|1|1|1|1|1|1|1|1|1|1|1|1|1|1|1|1|1|1|1|1|1|1|1|1|1|1|1|1|1|1|1|1|1|1|1|0.74758670983|0.858544749827|0.860037549509|0.846626936332|0.839718276498|0.842145947623|0.841508821985|0.869794423896|0.875502705035|0.884148621191|0.906095369796|0.907481895243|0.903771000665|0.848549081107|0.825687196779|0.852838657853|0.831607486464|0.840850292655|0.846172557769|0.837450543095|0.880090455294|0.880172669339|0.876260830972|0.830860216338|0.820139914507|0.817225587554|0.812421406807|0.831493674019|0.804373865603|0.830021034022|0.797245174098|0.783907536501|0.793011927383|0.802171437756|0.782334523257|0.583927800729|0.572180432486|0.576224584466|0.567495978232|0.575884421379|0.553073470582|0.529160218181|0.529996166207|0.536492829153|0.533804356252|0.551015088083|0.554662756402|0.545606637864|0.510992214628|0.503293358647|0.540860793843|0.54100331314|0.542156350903|0.497795694552|0.489207461666|0.475393398585|0.243997729214|0.280380595389|0.250672754711|0.182590457208|0.213551089345|0.20448852934|0.20629112428|0.0291297007513
low_ra,15,9,delay_frontier,default,delayed,0|5|10|15|35|75|125|175|225,adjoint_lbfgsb,adjoint_lbfgsb,7,warm_start_perturbed,,7.636601038409371,7.637542866964757,0.0009418285553852712,True,True,False,False,value_and_gradient,7.637542866964757,383,383,229,44.56102442741394,CONVERGENCE: REL_REDUCTION_OF_F_<=_FACTR*EPSMCH,0|0|0|0|0|0|0|1|0.821898694305|0.828996607932|0.829373716614|0.610087691168|0.610336855693|0.612520091768|0.404418224246|1|0.961074779321|0.957352110508|0.960469239177|0.965995314298|0.705706900823|0.704469190607|0.702185863035|0.716187501968|0.715400397437|0.716829719264|0.474649428914|0.475074005399|0.476345623431|0.480253924839|0.280598122961|1|1|1|1|1|1|0.774120728577|0.783174668067|0.782610196219|0.777228276404|0.773023680803|0.777901654859|0.77513573562|0.769463195923|0.768799252414|0.769922100356|0.496604057753|0.496354745545|0.49581231565|0.492579605888|0.491660386883|0.493276182488|0.496678873237|0.495235519565|0.495569777228|0.505010713928|0.287223957702|0.28682947108|0.288077900717|0.282739966206|0.29390678626|0.123587691783|1|1|1|1|1|1|1|1|1|1|1|1|1|1|1|1|1|1|1|1|1|1|0.816546210427|0.830797390257|0.825481735342|0.811916331383|0.809979261402|0.81226489482|0.811040156324|0.828046144753|0.82736574587|0.82642341925|0.850610984866|0.851610231347|0.851090807297|0.813335132855|0.814404271073|0.815576922627|0.816897580094|0.816248986735|0.815847895547|0.799905663529|0.52992442965|0.530379050948|0.531741553233|0.524130087821|0.528172583801|0.518512695341|0.509326590808|0.512580835956|0.513723313533|0.528962399515|0.519630806942|0.519829543023|0.519994388608|0.513160404737|0.515548555405|0.284783832193|0.282776971428|0.28784526125|0.264002846879|0.273990732605|0.26656077999|0.0819000817312|1|1|1|1|1|1|1|1|1|1|1|1|1|1|1|1|1|1|1|1|1|1|1|1|1|1|1|1|1|1|1|1|1|1|1|1|1|1|1|1|1|1|1|1|1|1|1|1|1|1|1|1|1|1|1|1|1|1|1|1|1|1|1|1|0.750084767|0.85909156025|0.865330392042|0.858319269459|0.83783878149|0.842328168222|0.842087185495|0.873167029299|0.875184490117|0.87875492152|0.911775061876|0.914114389488|0.90237840947|0.85134659219|0.846410088147|0.84468566567|0.846372694488|0.821726262901|0.839187416995|0.834786048963|0.873841680037|0.886309748981|0.882415461134|0.838666802704|0.835321327353|0.83098223003|0.800487905801|0.81804384427|0.781220667495|0.832871503078|0.784595984895|0.782907694436|0.79688097053|0.800153458163|0.775163360387|0.564011242054|0.554375259662|0.572647250312|0.568762881769|0.560678586275|0.549545527626|0.516964237502|0.526857560718|0.523807801905|0.530934488192|0.554397905041|0.552280472725|0.550189936162|0.511666961973|0.50002918842|0.540686301748|0.540588572959|0.540855870382|0.497285955679|0.481127500662|0.476704084754|0.284776422872|0.217242727624|0.271844795513|0.237424238228|0.218063344037|0.212100795084|0.196183917526|0.0121304564321
low_eis,15,3,delay_frontier,default,delayed,0|5|10|15|35|75|125|175|225,adjoint_lbfgsb,adjoint_lbfgsb,0,warm_start,,4.139416145608378,4.139433719500949,1.757389257139863e-05,True,True,False,False,value_and_gradient,4.139433719500949,691,691,498,128.41635155677795,CONVERGENCE: REL_REDUCTION_OF_F_<=_FACTR*EPSMCH,0|0|0|0|0|0|0|0.650520996632|0.485492560576|0.494440634781|0.500048893199|0.331006254915|0.332829307388|0.336991889042|0.192863159094|0.808684937429|0.624000746222|0.618638608848|0.638514750853|0.641503517578|0.42637507239|0.422287531791|0.420798766886|0.439027588955|0.437525261774|0.440959182283|0.249656388276|0.249427814103|0.25320817085|0.265626195173|0.125691750368|0.858331144734|0.675324986537|0.669746103787|0.660428450519|0.675626184748|0.677277699362|0.465040947982|0.466569819065|0.463433488465|0.455921287315|0.454901849536|0.467087889204|0.46275348331|0.452313190964|0.451522347993|0.458290841729|0.268068731826|0.267871366826|0.26763342083|0.271196297751|0.269582933633|0.275546926587|0.268279313948|0.267760396658|0.267340779792|0.273673994168|0.131033061969|0.130776545603|0.131337867893|0.139979208998|0.134475016431|0.0504052151114|1|1|1|1|1|1|1|0.85433819352|0.818011709183|0.810110479326|0.816716871927|0.80950006442|0.831557643021|0.806564598215|0.820376523922|0.844491093053|0.801671058074|0.781543247375|0.780974269938|0.761266821469|0.765489249425|0.792967200935|0.56216549111|0.53655568389|0.538471701355|0.538424804618|0.528326833715|0.530509633813|0.531099056836|0.508674737954|0.507934923934|0.508716462526|0.533562482784|0.533898070115|0.532587190651|0.511467194978|0.512085913128|0.513975957933|0.504775305923|0.504517033103|0.504165664255|0.486887645145|0.297248364187|0.299059282147|0.301097605941|0.311690131839|0.310034874102|0.310034903302|0.282901904264|0.28495160452|0.28656706102|0.288062498043|0.281372604234|0.281405012947|0.283175092812|0.2960029869|0.27870622687|0.141417167856|0.138942865109|0.136144096952|0.136105437829|0.125513558804|0.124004221314|0.0340611195633|1|1|1|1|1|1|1|1|1|1|1|1|1|1|1|1|1|1|1|1|1|1|1|1|1|1|1|1|1|1|0.969346569386|0.977192499075|0.989539753725|0.935487886839|0.945140148756|0.953221955672|0.962497150076|0.96583881891|0.909366629095|0.892777805056|0.892972966409|0.889728266524|0.889820825955|0.894650821988|0.979787311997|0.933305362718|0.941763939319|0.943353732564|0.908681146608|0.911276485759|0.911725658004|0.871362556627|0.871182005324|0.874351588181|0.886610934341|0.887532373944|0.888300763415|0.850592340091|0.850315969596|0.853072282394|0.823165917024|0.82332828815|0.825182619584|0.793551254563|0.653696066666|0.613316537595|0.619743406164|0.620493172555|0.610606403979|0.612801730993|0.61312633819|0.578037266054|0.578030435702|0.580636114721|0.591268784583|0.592066278962|0.59274018356|0.559456021932|0.559397037852|0.561998699648|0.54800702803|0.54835241011|0.550370124015|0.521744941221|0.576580788134|0.577477064844|0.578655672475|0.586243127244|0.586108263166|0.588692126943|0.53470617733|0.535205972582|0.536481922354|0.510211891449|0.520123578044|0.520516210997|0.522735384201|0.536937256509|0.499174562537|0.33622750055|0.341742484576|0.341864965075|0.344589036712|0.343557346897|0.344221118282|0.310620830459|0.31080604064|0.311498608317|0.314521936797|0.30076313115|0.300620409348|0.30139872705|0.305184232484|0.281249329378|0.310730013854|0.303004545084|0.295090099733|0.298429172528|0.275034524639|0.269283593468|0.123669017308|0.123156040355|0.122631866621|0.11210740436|0.103088364719|0.100358752309|0.0987076746451|0.0117693498036
low_eis,15,3,delay_frontier,default,delayed,0|5|10|15|35|75|125|175|225,adjoint_lbfgsb,adjoint_lbfgsb,1,structured_ramp,,4.13154536965884,4.139433719284556,0.007888349625716273,True,True,False,False,value_and_gradient,4.139433719284556,1185,1185,815,160.17350602149963,CONVERGENCE: REL_REDUCTION_OF_F_<=_FACTR*EPSMCH,0|0|0|0|0|0|0|0.650523217982|0.485504336816|0.494441790604|0.50005103716|0.330992944698|0.332827471273|0.336993054679|0.192864730519|0.80868638922|0.624002320854|0.618635431642|0.63850771933|0.641503033332|0.426365436262|0.422276002644|0.420792577585|0.43902356748|0.437518799812|0.440961534023|0.249673835939|0.249381652525|0.253191930202|0.26562547575|0.125682753935|0.858333541778|0.675307921749|0.669743606648|0.660400719177|0.675613110324|0.677272822086|0.465120712237|0.466640577904|0.463481707178|0.455930947781|0.454849542137|0.467088590011|0.462765022247|0.452271549985|0.451470675229|0.458339440493|0.268074966886|0.267879815454|0.267603919271|0.271155489136|0.269571051066|0.275574914437|0.268261060399|0.267738599445|0.267358553175|0.273629398642|0.1309984867|0.130740758705|0.13145281966|0.139974423366|0.134456883016|0.0506167511611|1|1|1|1|1|1|1|0.854396867274|0.818016311483|0.809964372142|0.816764585635|0.809500006665|0.831283123095|0.806393663441|0.820235754089|0.84441929481|0.80155251048|0.781512222522|0.780970142026|0.761315620134|0.765488153121|0.793372573975|0.562269753122|0.536579361359|0.538349969554|0.538195235493|0.528461951939|0.53060758965|0.531158171435|0.508763450756|0.508061046684|0.508862577887|0.533673069973|0.53397110071|0.532645942695|0.511603665737|0.512227058459|0.514125433189|0.504643284996|0.504388942201|0.504143241838|0.486494888852|0.297161126048|0.298880131028|0.300894954071|0.311730425795|0.310126330168|0.310193348292|0.282702228715|0.284751116952|0.286290072521|0.28799683529|0.281100146341|0.281151821702|0.282961736981|0.295839060151|0.278705460458|0.141090737352|0.138575529962|0.136300617635|0.136200592323|0.125560616985|0.123978564912|0.0345325003255|1|1|1|1|1|1|1|1|1|1|1|1|1|1|1|1|1|1|1|1|1|1|1|1|1|1|1|1|1|1|0.969722655233|0.978449199059|0.990185956956|0.93845830652|0.94615000232|0.955089610292|0.964140510351|0.967367743088|0.909981824817|0.895566148246|0.895331712385|0.891513331528|0.891653988399|0.896629495287|0.980756814849|0.934594070346|0.942876165408|0.944326462195|0.910256818761|0.912965016431|0.913402301387|0.872288958279|0.872118494195|0.875109449121|0.887613089451|0.888638704961|0.889410740527|0.850179852334|0.849987487684|0.852938215044|0.821920846344|0.822154012078|0.824266684481|0.790664919125|0.651535982433|0.611380735506|0.618494287334|0.619740684782|0.610028786995|0.612326375844|0.612786543535|0.578221706314|0.57806757928|0.58061436253|0.591121193768|0.592002694923|0.59278151364|0.560324266901|0.560211704663|0.562705598958|0.550494606953|0.550769724992|0.552586932155|0.525294333455|0.576778782465|0.577737501587|0.578652852916|0.588632106665|0.588295508858|0.591121799366|0.53760965261|0.538015197418|0.53988882825|0.5140270865|0.524307635775|0.524624860661|0.526623978011|0.539334749227|0.502485546869|0.335109807394|0.334947657905|0.335664409856|0.34174685867|0.3415483072|0.343610833652|0.303745784375|0.304022071509|0.305384666381|0.313052499441|0.293981471351|0.29419650647|0.295590648434|0.30394979175|0.27941569723|0.311801415431|0.304897762744|0.289445792822|0.297342779127|0.273549477987|0.268403877064|0.126330690452|0.126362352181|0.126700258947|0.114601310898|0.0993087710026|0.0960995459185|0.0944788857202|0.0155340039216
low_eis,15,3,delay_frontier,default,delayed,0|5|10|15|35|75|125|175|225,adjoint_lbfgsb,adjoint_lbfgsb,2,structured_sigmoid,,4.127722849571608,4.13943371922163,0.011710869650022104,True,True,False,False,value_and_gradient,4.13943371922163,904,904,712,107.25687146186829,CONVERGENCE: REL_REDUCTION_OF_F_<=_FACTR*EPSMCH,0|0|0|0|0|0|0|0.650528274066|0.485492510419|0.494441932367|0.500055722012|0.331010025738|0.332830116276|0.336992965272|0.192865374328|0.808673820941|0.623998784971|0.618645738867|0.638515439677|0.641503799424|0.426359459652|0.422283998372|0.420791007139|0.439022570958|0.437525141403|0.440958973444|0.249658849874|0.249416223869|0.253222372088|0.2656392201|0.12573181768|0.858310770386|0.67534062447|0.669728535184|0.660482514688|0.675620206298|0.677294241582|0.465056875078|0.466628837042|0.463478877276|0.455987061098|0.454883724968|0.467108345406|0.462758657506|0.452295150682|0.451488111739|0.458260422165|0.268073844366|0.267874224053|0.267598672029|0.271146215565|0.269566227183|0.275616245002|0.268247727583|0.267701602975|0.267325088884|0.273678016392|0.131054299996|0.130782237847|0.131486343977|0.139877875649|0.134507366779|0.0502264087565|1|1|1|1|1|1|1|0.854315622582|0.818196011646|0.810011479304|0.816719347448|0.809350823223|0.831375579386|0.806450862747|0.820292201171|0.844455453424|0.801479444191|0.781474061305|0.780886621158|0.761461377247|0.765654358364|0.793117870601|0.562211875463|0.536529720634|0.538295091671|0.538137780604|0.528549130397|0.530689217855|0.531248694457|0.508858088014|0.50816648927|0.508965089657|0.533783160585|0.53408242812|0.532767578141|0.511713196863|0.512350835012|0.514244535378|0.50458770915|0.504368768762|0.504066104006|0.486493210363|0.296962558208|0.298681456064|0.300683329016|0.311884122395|0.310289931465|0.310296605583|0.283152746357|0.285215907325|0.286770994253|0.28774127841|0.281558703364|0.281615591936|0.283431058768|0.295441324784|0.278031584169|0.141567054505|0.139192599511|0.136017748518|0.135311265358|0.124793818604|0.123343582276|0.0349039546736|1|1|1|1|1|1|1|1|1|1|1|1|1|1|1|1|1|1|1|1|1|1|1|1|1|1|1|1|1|1|0.970279973311|0.977909531543|0.988098147697|0.93790493365|0.946318484372|0.953777444614|0.963017654488|0.966287081702|0.91023213745|0.893272133884|0.893487630489|0.889173640404|0.889371510904|0.894345871809|0.980412469352|0.933781680019|0.942114595861|0.943585793351|0.908382422222|0.911074787855|0.911566001487|0.870682452328|0.870538740481|0.873534798634|0.885974878761|0.887002239208|0.887837731261|0.849071577263|0.848925919757|0.851874167763|0.82222568931|0.822520207408|0.824575133579|0.792431344325|0.648090971586|0.608579484399|0.615563635404|0.616788860928|0.608762538039|0.611042113641|0.611507661278|0.577116139467|0.576948552395|0.579481846996|0.589925510544|0.590796994195|0.591575408353|0.559183236008|0.559059869799|0.561540439589|0.548473189798|0.548735867391|0.550540885835|0.522700125495|0.575480920535|0.576427701696|0.577326021544|0.587040581179|0.58673829993|0.589535268003|0.535333913356|0.535724034736|0.537637875961|0.511063858107|0.521713508984|0.522014655317|0.523966151635|0.535553421061|0.497706576922|0.325872385565|0.3265815173|0.327247976696|0.337903195172|0.337788814081|0.339676230492|0.302309476966|0.302540923266|0.303806570076|0.314338773007|0.293433687944|0.293670349701|0.294982668558|0.304947934352|0.281667492206|0.310097016835|0.302364490482|0.289220126574|0.298562409332|0.275951347389|0.27103622888|0.11949537884|0.119548398548|0.11923130479|0.110587367372|0.0998017842268|0.0977358816486|0.0963083143298|0.0121793588848
low_eis,15,3,delay_frontier,default,delayed,0|5|10|15|35|75|125|175|225,adjoint_lbfgsb,adjoint_lbfgsb,3,structured_constant,,4.134283390594146,4.139433719036285,0.005150328442138807,True,True,False,False,value_and_gradient,4.139433719036285,950,950,694,111.78031158447266,CONVERGENCE: REL_REDUCTION_OF_F_<=_FACTR*EPSMCH,0|0|0|0|0|0|0|0.650524365174|0.485507628607|0.49443711804|0.500050458337|0.331007385975|0.332825996045|0.336998314634|0.192883997771|0.808688776367|0.623988448463|0.618644644459|0.638498546567|0.641493120749|0.426353558903|0.422282704828|0.420790961462|0.439025802097|0.437521882008|0.440961048417|0.249704347677|0.249392904662|0.253205722476|0.265648922165|0.125699428359|0.858305374223|0.675293976358|0.669739873203|0.660424122711|0.675656215215|0.677238529953|0.465042489154|0.466583911971|0.463445643553|0.455876467739|0.454897540022|0.467076803797|0.462747823687|0.452252897472|0.451450939299|0.458286865943|0.268061680484|0.267866119307|0.267590799253|0.271139319316|0.26955303474|0.275567890507|0.268239428|0.267716740956|0.267333428677|0.273669254756|0.130930339456|0.130762837008|0.131451940023|0.139912237708|0.134477886112|0.0504959998746|1|1|1|1|1|1|1|0.85411962871|0.818488880071|0.810073255914|0.816748989397|0.809273053589|0.831404980405|0.806324448928|0.820251824697|0.844620014504|0.802056305975|0.781407069013|0.780861778277|0.761395452958|0.765555307177|0.793553875633|0.562366547781|0.536653525938|0.538430876837|0.538278168578|0.528357050926|0.530473975252|0.531002897831|0.50872265824|0.50802675676|0.508823279114|0.533536746412|0.533819718078|0.532507166934|0.511534563783|0.512160794277|0.514074463128|0.504622661604|0.504399659353|0.504143765758|0.486523822277|0.296878634154|0.298578142001|0.300594507989|0.311738350068|0.310118708109|0.310373163347|0.283163115209|0.285197140216|0.286712834412|0.287906834572|0.281467123793|0.281552446527|0.283437128057|0.296088776469|0.278847222181|0.141558419832|0.139126543684|0.136029805841|0.136819086436|0.125444277152|0.123848964436|0.036622517135|1|1|1|1|1|1|1|1|1|1|1|1|1|1|1|1|1|1|1|1|1|1|1|1|1|1|1|1|1|1|0.969816340445|0.977059448603|0.988516776449|0.937254340455|0.94577700421|0.953440990221|0.962523655875|0.965751789982|0.90834797942|0.894256560501|0.894522490363|0.890175764547|0.890376775026|0.895317079786|0.979555104548|0.933478888336|0.941719279475|0.943173307889|0.909087144644|0.911787720772|0.912265277964|0.871890878541|0.871766407318|0.874743509016|0.887043525983|0.888088618226|0.888896633804|0.85053097424|0.850394415733|0.85333220553|0.822997190928|0.823300411655|0.825421236473|0.792724273909|0.654117508313|0.613886806665|0.621058331349|0.622321358932|0.611376922583|0.613731992454|0.61417228023|0.57861222219|0.578497447716|0.581102537418|0.591899093831|0.592795691113|0.59352751525|0.560050770816|0.55993236881|0.562482633412|0.54862582303|0.548882842089|0.550698812641|0.522838425702|0.577076260402|0.578051637068|0.578994905534|0.587047449007|0.586815241814|0.589438173138|0.535265693929|0.535655766053|0.537566105481|0.511064286341|0.521564413935|0.521864150896|0.523848082015|0.53694813989|0.500393529736|0.335880910456|0.336040143206|0.336746486368|0.34352580069|0.343328661985|0.345431988532|0.305176916848|0.305474431858|0.306883240961|0.313323190539|0.295171611582|0.295371328154|0.296832723018|0.303677464762|0.277567363468|0.310194602973|0.303004445587|0.290594458025|0.296823708797|0.271408173508|0.265808708517|0.131343770884|0.131372374283|0.130930876469|0.120109885271|0.104825369101|0.10151933171|0.0996490196646|0.0238603015199
low_eis,15,3,delay_frontier,default,delayed,0|5|10|15|35|75|125|175|225,adjoint_lbfgsb,adjoint_lbfgsb,4,warm_start_perturbed,,4.139154890310343,4.139433717172394,0.00027882686205060736,True,True,False,False,value_and_gradient,4.139433717172394,339,339,303,40.81268501281738,CONVERGENCE: REL_REDUCTION_OF_F_<=_FACTR*EPSMCH,0|0|0|0|0|0|0|0.650521224171|0.485523221716|0.49445183938|0.500026387018|0.331037345818|0.332797919672|0.33699875335|0.192848404032|0.808696241675|0.62401224446|0.618646774672|0.638528116409|0.641513101381|0.426415523722|0.422284882971|0.420801356878|0.439011577243|0.437528154181|0.440970616017|0.249683135821|0.249367029839|0.253257060443|0.265673864246|0.125717245153|0.858304811993|0.675310714753|0.66975082685|0.660403219004|0.675759484732|0.677272102858|0.465132881916|0.466621259687|0.463457851067|0.455905009834|0.455035250721|0.467111349672|0.462758999143|0.452487922535|0.45149418978|0.458141811459|0.268122895505|0.267836157401|0.267790787334|0.271163568835|0.269560571195|0.275734060333|0.268233221927|0.267787495166|0.267412925476|0.273637219811|0.131128248393|0.130629744362|0.131438476919|0.139936985584|0.134455985482|0.0501916788188|1|1|1|1|1|1|1|0.854496214044|0.818405693754|0.810213569024|0.816397346565|0.809017654965|0.831441666839|0.806380578324|0.820442158346|0.844626382737|0.801340439192|0.78152968925|0.780854709166|0.761414477553|0.76557941624|0.793618911405|0.562549179179|0.536151210267|0.538174793847|0.537643874899|0.529031617463|0.530457323663|0.531226893554|0.508978419991|0.50859679363|0.509077024614|0.534613572992|0.53368087289|0.532316941861|0.512307976409|0.512217240121|0.514742247329|0.504751499012|0.504471836196|0.504195836801|0.486706710833|0.297620286856|0.298727671663|0.302081479089|0.311644913564|0.310024653555|0.311238697101|0.281963428363|0.284597442236|0.285582891978|0.289541774716|0.280886183662|0.280535065888|0.282900335267|0.297156386946|0.279284817167|0.141497379926|0.13913064633|0.136325443671|0.136945297969|0.125410420027|0.125250597208|0.0346983268559|1|1|1|1|1|1|1|1|1|1|1|1|1|1|1|1|1|1|1|1|1|1|1|1|1|1|1|1|1|1|0.970407085332|0.977964459101|0.98943613563|0.936488588702|0.946096632995|0.954314706909|0.96246856392|0.96639808707|0.908855170156|0.893751414868|0.894404089041|0.891493274458|0.892624186303|0.896715876194|0.980267054096|0.934422473416|0.942501471718|0.943621008732|0.91175639515|0.911161592395|0.910630451674|0.870221827277|0.871397341633|0.874273290595|0.887886803322|0.891850787345|0.889932413891|0.849803535684|0.850473105518|0.852790945246|0.825358007353|0.822820067158|0.827944989029|0.794785264175|0.651282542147|0.611394840595|0.620540261083|0.621424670968|0.609895951695|0.612663325716|0.613096195309|0.578125889767|0.577341063692|0.580075302514|0.590936694119|0.591823870853|0.592743870671|0.558701846979|0.55874535875|0.562067159323|0.547386564896|0.547878017998|0.54976440695|0.521940940997|0.576465086055|0.577443194925|0.578267373026|0.586516651908|0.586789271258|0.589241499078|0.536159693356|0.534571551401|0.536493241862|0.510266441797|0.521439479807|0.51957091858|0.522002945046|0.537944264721|0.499623313722|0.338116560977|0.343213232345|0.34156274677|0.348319236506|0.340039923592|0.336090534396|0.31179624062|0.306771946369|0.311149855388|0.318310564804|0.302330640721|0.29566412748|0.303882963263|0.300882864362|0.280952350278|0.309342334184|0.304280504706|0.283456510623|0.296352340548|0.274724536964|0.269097731846|0.130885735307|0.110248677524|0.134875201751|0.124250148069|0.0951995701902|0.0957220937071|0.0789272376483|0.0114758832064
low_eis,15,3,delay_frontier,default,delayed,0|5|10|15|35|75|125|175|225,adjoint_lbfgsb,adjoint_lbfgsb,5,warm_start_perturbed,,4.139090191155934,4.139433719378097,0.00034352822216288104,True,True,False,False,value_and_gradient,4.139433719378097,999,999,689,117.52291655540466,CONVERGENCE: REL_REDUCTION_OF_F_<=_FACTR*EPSMCH,0|0|0|0|0|0|0|0.650523556247|0.485528572884|0.494447447156|0.500054350223|0.330979569893|0.332832228973|0.336991931397|0.192858593931|0.808678071308|0.623987889365|0.618642118487|0.638523098244|0.641499811181|0.426420002133|0.422285617714|0.4207984863|0.439027932448|0.437534768765|0.440963642057|0.249698235642|0.249406532066|0.253189917401|0.265618660824|0.125696189876|0.858295213378|0.675362173202|0.669738501528|0.660408662831|0.675640204452|0.677270722636|0.465140540084|0.466617115474|0.463469137526|0.455948093275|0.454982299181|0.467085130146|0.462753493318|0.452271922164|0.451464492475|0.458300379675|0.268060365056|0.267875312471|0.267615847061|0.271092285608|0.269547056708|0.275569694691|0.268253704658|0.267719477762|0.267352097911|0.273657133136|0.131074843517|0.130794773874|0.131439727363|0.139992026271|0.134398531335|0.0502003497322|1|1|1|1|1|1|1|0.854660050581|0.817943682|0.809959114664|0.816633795154|0.809340867955|0.831258966935|0.806459035965|0.820277258006|0.844408677526|0.802083780396|0.781420486206|0.780881132528|0.761443162851|0.765608228236|0.793311366597|0.562318225426|0.536980928673|0.538581840753|0.538252178807|0.528583426663|0.530695666815|0.53124176657|0.508763002645|0.507983663741|0.508807355103|0.533702574999|0.533959312113|0.532711492494|0.511566202765|0.512061900949|0.514088699777|0.504709981165|0.504348381838|0.504103215751|0.48672012262|0.297119155172|0.298941250462|0.300881825055|0.311607225394|0.309986356068|0.310142005477|0.283514598067|0.28482081376|0.286518742874|0.288654736606|0.280716718796|0.281544221518|0.282909837565|0.295746330405|0.278769637139|0.141298703054|0.138844375459|0.136178149608|0.135439592157|0.125727168942|0.124138533466|0.0335344570111|1|1|1|1|1|1|1|1|1|1|1|1|1|1|1|1|1|1|1|1|1|1|1|1|1|1|1|1|1|1|0.970389669806|0.977334150479|0.988382655559|0.937731480391|0.946231190504|0.954543345143|0.96159896947|0.966723478988|0.906768389341|0.894194307002|0.893887561735|0.890664569009|0.889247773793|0.89607552768|0.979523898018|0.934302185411|0.942425178087|0.944269744372|0.909387278424|0.912464394068|0.913657352798|0.872776778739|0.870307768921|0.874692784907|0.888428481035|0.88846243703|0.888230452388|0.851892635761|0.851027437327|0.854037459292|0.822672685382|0.822971725273|0.82561982597|0.792607607573|0.652772808296|0.61244638356|0.619859076598|0.620500981214|0.609800087146|0.611893406858|0.61437754616|0.577925775865|0.577064821198|0.578523321403|0.590443258529|0.590708047975|0.592045812802|0.559026543441|0.558362166439|0.561674406717|0.547270349005|0.549204358416|0.5494451235|0.521653335199|0.576236002539|0.576983720585|0.57810547653|0.58645131865|0.58734184317|0.589593547892|0.533956514962|0.535032404938|0.537895963241|0.508849103711|0.519041276113|0.519863205042|0.521969694834|0.536871164451|0.500350737775|0.333758748875|0.337922184513|0.337108876862|0.344107101569|0.343219134414|0.34200912146|0.305476225741|0.30727064096|0.305939019138|0.313983604617|0.29719933958|0.297101202994|0.298773458544|0.304483208907|0.27894770694|0.310625375623|0.303450913282|0.292477253535|0.298338395424|0.272433582059|0.267359034018|0.12217925563|0.127694360398|0.130731502032|0.109778546752|0.100593543294|0.100768206916|0.0955085469292|0.0130569115909
low_eis,15,3,delay_frontier,default,delayed,0|5|10|15|35|75|125|175|225,adjoint_lbfgsb,adjoint_lbfgsb,6,warm_start_perturbed,,4.139087317251429,4.139433718329425,0.00034640107799610576,True,True,False,False,value_and_gradient,4.139433718329425,561,561,454,67.44825029373169,CONVERGENCE: REL_REDUCTION_OF_F_<=_FACTR*EPSMCH,0|0|0|0|0|0|0|0.650525466298|0.485507724824|0.494436804443|0.500051364428|0.331023353745|0.332814048432|0.336997534025|0.192855534125|0.808682637812|0.624003715685|0.618635508304|0.638501281048|0.641502864612|0.426403610775|0.422281117071|0.420786549451|0.439034625481|0.437529434797|0.440985100675|0.249715392716|0.249400344233|0.253216709671|0.265606099122|0.12569221292|0.858301060549|0.675310706938|0.669725497206|0.660400136577|0.675541512757|0.677274608621|0.465069822651|0.466624874138|0.463494577091|0.455943767471|0.455004839079|0.46708755541|0.462744667143|0.452335602773|0.451458252152|0.45830487973|0.267990595526|0.267983114458|0.267694743621|0.271165896645|0.269558836933|0.275532142687|0.268300250684|0.267723611789|0.26734219514|0.273416223595|0.131058409723|0.130754084886|0.131485216413|0.139947504153|0.134617894883|0.0501419158605|1|1|1|1|1|1|1|0.854462625999|0.817888131402|0.810034683352|0.816928765807|0.809370068084|0.831342279031|0.806528028179|0.820403299615|0.844473556505|0.801649760011|0.781377001411|0.780767535868|0.76147340524|0.765673298532|0.793402173784|0.561809935117|0.53650100449|0.539061854012|0.538071558346|0.528456864448|0.530661687436|0.531014734168|0.508722879062|0.50783127341|0.50876330519|0.533660028043|0.533969462451|0.532590544754|0.511551642199|0.512256499656|0.514118015714|0.504296020375|0.504375309703|0.503989884364|0.486307043026|0.297182868013|0.298890227963|0.300899510436|0.311639285693|0.310062419319|0.310601043111|0.282555948732|0.284729698758|0.286254324291|0.288047971843|0.280905240585|0.281087645711|0.282825719958|0.296012209167|0.278637564515|0.141266669459|0.139005373016|0.136359965224|0.135768498789|0.125654512415|0.123853886054|0.0336655426929|1|1|1|1|1|1|1|1|1|1|1|1|1|1|1|1|1|1|1|1|1|1|1|1|1|1|1|1|1|1|0.970084159364|0.978000949706|0.989028942805|0.937333154453|0.9461874579|0.952255961088|0.963665787615|0.966818789486|0.908388643478|0.895420363431|0.894253023792|0.892536082922|0.892823531096|0.897979664287|0.978979326796|0.935059544199|0.941862136067|0.94317577758|0.908753923936|0.914275822702|0.909745893938|0.871300742594|0.871304873674|0.875069496806|0.887177160853|0.891420643651|0.892132720182|0.851362297072|0.852812712673|0.853904017246|0.824981169323|0.822611574507|0.823885509278|0.796353218841|0.652292221775|0.612396005046|0.620646606795|0.620850041636|0.609189867173|0.611854873257|0.612466224708|0.577025424435|0.573201861|0.575777341475|0.589406253949|0.590760039567|0.593636041945|0.557087854414|0.558037048202|0.563940271247|0.544785868915|0.544822546603|0.550878585984|0.521445311336|0.578942704538|0.577090072319|0.570221568158|0.586647299104|0.582678123441|0.589117938269|0.535193797666|0.538639136123|0.537562436568|0.509310366059|0.520282450141|0.521414847882|0.52184898107|0.535272311155|0.498514441424|0.335368309058|0.33877590009|0.327052038362|0.3445399327|0.342555458317|0.343676156911|0.305903877981|0.306127481454|0.308297840529|0.31429002106|0.295780878339|0.296570427325|0.298141719946|0.304925012461|0.279963932597|0.308962975174|0.303443589444|0.291869035453|0.298515610859|0.273063373745|0.265730788914|0.11869444298|0.131844837888|0.121068684123|0.106142519729|0.0958094346336|0.103672378603|0.0884192717472|0.00906754169089
low_eis,15,3,delay_frontier,default,delayed,0|5|10|15|35|75|125|175|225,adjoint_lbfgsb,adjoint_lbfgsb,7,warm_start_perturbed,,4.139051855056386,4.139433719433759,0.0003818643773731978,True,True,False,False,value_and_gradient,4.139433719433759,1039,1039,760,123.75885939598083,CONVERGENCE: REL_REDUCTION_OF_F_<=_FACTR*EPSMCH,0|0|0|0|0|0|0|0.650526540257|0.485512613632|0.494442581875|0.500051569016|0.331004485846|0.332810501889|0.336990482147|0.192864807844|0.808678460278|0.623999525432|0.61864019412|0.63851828792|0.641501166385|0.426402656411|0.422282979463|0.420793816986|0.439021363089|0.437523119492|0.440956545442|0.249679403548|0.249377236737|0.253210872856|0.265625566986|0.125710916583|0.858371446869|0.675374714057|0.669741381363|0.660401321567|0.675613516423|0.677278721419|0.465109492185|0.466679499768|0.463465318053|0.455881844815|0.454972199305|0.467101412637|0.462768970085|0.452259936261|0.451448964922|0.458311984941|0.26808785146|0.267889391038|0.267605098861|0.271125192959|0.269546926241|0.275554739678|0.268246657604|0.267751386385|0.267339447988|0.273640036884|0.13111988824|0.130750851449|0.131513701567|0.139936926879|0.134500894747|0.0503408628314|1|1|1|1|1|1|1|0.854207689967|0.817867486355|0.810038479248|0.816716027975|0.80944317928|0.831402611205|0.806470959135|0.820307445137|0.844400667422|0.801494828882|0.781505174549|0.780914063101|0.761413050782|0.765560550359|0.793442021075|0.56239955594|0.536634883979|0.538428237635|0.538242010571|0.528470872338|0.53098684314|0.531344110545|0.508340982301|0.507818515573|0.508713059648|0.533730068358|0.534272038045|0.532408127856|0.511514890989|0.512343811756|0.514025000971|0.504552970878|0.504455735988|0.504053915928|0.48660413786|0.297053979414|0.299146509857|0.300564189957|0.3114948909|0.309979695604|0.309684535512|0.282774784108|0.284715243304|0.286282938909|0.288165103061|0.28113286124|0.281013934425|0.282993252014|0.295936873464|0.279335633716|0.141921068909|0.13913765077|0.136660035251|0.135913883334|0.126386843411|0.123580078035|0.0358110281566|1|1|1|1|1|1|1|1|1|1|1|1|1|1|1|1|1|1|1|1|1|1|1|1|1|1|1|1|1|1|0.970257926327|0.977917630813|0.988151169534|0.937395249419|0.94655856175|0.9536375964|0.962772620777|0.965343430234|0.908977375224|0.895019034379|0.893178696843|0.890980919173|0.889591033207|0.894816525293|0.980438072006|0.933835623391|0.941226834944|0.943299781838|0.909345098245|0.910871318499|0.910690933796|0.869910798364|0.871090726528|0.87497490748|0.888158156091|0.887964984442|0.889828168713|0.851519119714|0.850413711659|0.854011176717|0.823308381607|0.82358623351|0.825155109746|0.793125264636|0.652908035049|0.612828384156|0.622116607551|0.620384573805|0.606993073077|0.609798788306|0.613657861838|0.578594338532|0.574036289434|0.579488820694|0.59047014105|0.591217203122|0.590525899692|0.558396017121|0.557721492966|0.562084121225|0.545264571591|0.548466148949|0.547746266249|0.520876583191|0.57565668386|0.577177137822|0.575580548223|0.584965105159|0.584229234575|0.586872715326|0.532659158127|0.535936786569|0.536518969062|0.511477576475|0.520522772702|0.520416220218|0.522864144191|0.536016200746|0.500228746693|0.335729881012|0.332033587316|0.336042322841|0.342927115519|0.343225879593|0.345171405704|0.305832020676|0.305676536124|0.307395378285|0.314620405726|0.294944316743|0.296458377429|0.297097578515|0.306100022087|0.27836554327|0.308509481384|0.30339657716|0.290989196644|0.298647653183|0.273015323225|0.264486681493|0.122116828717|0.117574729965|0.11840341057|0.115125331425|0.103686517735|0.0927035905758|0.0973772149852|0.0114340952893
high_ra,15,6,delay_frontier,default,delayed,0|5|10|15|35|75|125|175|225,adjoint_lbfgsb,adjoint_lbfgsb,0,warm_start,,7.627772108066027,7.627915915604246,0.00014380753821985337,True,True,False,False,value_and_gradient,7.627915915604246,957,957,634,107.49353361129761,CONVERGENCE: REL_REDUCTION_OF_F_<=_FACTR*EPSMCH,0|0|0|0|0|0|0|1|0.8182022692|0.862602049037|0.867936357318|0.635381919856|0.638250037716|0.657398799528|0.424708156832|1|0.953995119298|0.962348949632|0.975632811614|1|0.725114426266|0.712330755127|0.699048231103|0.76467383503|0.758290084913|0.768287940232|0.480210148337|0.481851195168|0.49044694808|0.507278271293|0.290760340722|1|1|1|1|1|1|0.735696470434|0.806149202886|0.793118118091|0.769112934237|0.805178773099|0.828461168161|0.812655209335|0.816687387831|0.812315506105|0.81375502352|0.514155096248|0.502390257801|0.503111148611|0.495397919348|0.486896605277|0.505128758112|0.529926782038|0.526091976905|0.524730389584|0.540172004401|0.283405038499|0.282876591315|0.282815155145|0.2937462449|0.308532813798|0.128880151968|1|1|1|1|1|1|1|1|1|1|1|1|1|1|1|1|1|1|1|1|1|1|0.803363576731|0.81232540023|0.783445989357|0.782867800823|0.799200742002|0.804982188315|0.802260101341|0.830199165782|0.819625995056|0.806091429027|0.893952568127|0.872452516267|0.874161829134|0.866223199022|0.866313146619|0.872188095662|0.866112293147|0.865158987626|0.862093343909|0.833412504647|0.52957707821|0.534470554776|0.543734087921|0.516603803485|0.506523352462|0.508220095479|0.50890600995|0.515263499028|0.528230347843|0.544583513299|0.512149541405|0.512024967631|0.518078813131|0.53415017847|0.52917419055|0.282355163068|0.283984261902|0.293927599472|0.282893180091|0.282642739002|0.27561880348|0.083344945473|1|1|1|1|1|1|1|1|1|1|1|1|1|1|1|1|1|1|1|1|1|1|1|1|1|1|1|1|1|1|1|1|1|1|1|1|1|1|1|1|1|1|1|1|1|1|1|1|1|1|1|1|1|1|1|1|1|1|1|1|1|1|1|1|0.786212249178|0.877671012123|0.768604753374|0.771903413951|0.849102335097|0.858428705383|0.854550163456|0.911633290282|0.909557267575|0.91264658408|0.914345024639|0.89527472477|0.916695432051|0.873859774255|0.871441055499|0.882081715674|0.862521991344|0.862501672858|0.87012641904|0.817583654453|0.888658547909|0.891640843788|0.890289127833|0.849422384952|0.846633779861|0.857223786727|0.835609653547|0.837313796455|0.845963508593|0.855595972512|0.807495339428|0.809043472772|0.817101750141|0.828128043224|0.78974078771|0.571902689556|0.57940812528|0.576910843175|0.547782360877|0.545430420689|0.552009431042|0.539493430426|0.540431905187|0.546920578414|0.548505394051|0.515753495776|0.51667354744|0.523020237746|0.523383032997|0.511102225492|0.546750484057|0.547660287425|0.553125082249|0.508723263002|0.49652648709|0.478850751031|0.236627156113|0.246740920705|0.247648814173|0.221200406082|0.217263614726|0.207783819376|0.202135404386|0.0305307190775
high_ra,15,6,delay_frontier,default,delayed,0|5|10|15|35|75|125|175|225,adjoint_lbfgsb,adjoint_lbfgsb,1,structured_ramp,,7.519645639379231,7.627915810454535,0.10827017107530423,True,True,False,False,value_and_gradient,7.627915810454535,544,544,407,63.776811599731445,CONVERGENCE: REL_REDUCTION_OF_F_<=_FACTR*EPSMCH,0|0|0|0|0|0|0|1|0.818418451563|0.862564030958|0.867945833096|0.63533633636|0.638214720187|0.657422710641|0.424656116904|1|0.953961552863|0.962522364944|0.975611599495|1|0.725321987557|0.71205467245|0.699137620168|0.764596388803|0.758234374472|0.768373691617|0.480392306853|0.482040624322|0.490682466544|0.507384617424|0.290416627025|1|1|1|1|1|1|0.7357611492|0.808048549233|0.793290198273|0.769144610342|0.804745209586|0.828829499356|0.812782086591|0.816373874459|0.812218421809|0.813260151688|0.513746666928|0.5011560088|0.503012355276|0.495286941736|0.486748963134|0.505028070541|0.529614645162|0.525709904393|0.524268643138|0.541560490262|0.283543033399|0.283222460988|0.283057465828|0.293682530812|0.308074359017|0.128295098224|1|1|1|1|1|1|1|1|1|1|1|1|1|1|1|1|1|1|1|1|1|1|0.808507538771|0.815368554041|0.787990386958|0.787629487009|0.799550397255|0.80580963073|0.803022246156|0.830167123763|0.819720347203|0.806466404357|0.894192613033|0.872328178212|0.873912080474|0.866951026613|0.866938791313|0.872606024106|0.866311682972|0.865313186415|0.862635924288|0.832307443891|0.530393296813|0.535205699853|0.544469399626|0.517282995259|0.507284400878|0.509119973976|0.509058198072|0.515154760516|0.527888915266|0.540463134468|0.511182074528|0.511197078753|0.516928575333|0.531515352114|0.52952107415|0.285598722265|0.284623354878|0.285793412526|0.275751272618|0.281360547639|0.274695620186|0.0840526380986|1|1|1|1|1|1|1|1|1|1|1|1|1|1|1|1|1|1|1|1|1|1|1|1|1|1|1|1|1|1|1|1|1|1|1|1|1|1|1|1|1|1|1|1|1|1|1|1|1|1|1|1|1|1|1|1|1|1|1|1|1|1|1|1|0.808529275526|0.854523194671|0.795937641552|0.799424915627|0.847970088032|0.857375592387|0.853085405946|0.910197260208|0.907650319873|0.914779173274|0.912908502869|0.905751587295|0.914629523858|0.874168183942|0.871833211923|0.882277629102|0.861434503507|0.862111431056|0.869227062223|0.816309402422|0.88636484585|0.892450174673|0.890540317318|0.848246170041|0.844992531201|0.855264894812|0.835336847438|0.83648833793|0.844567086152|0.857034323814|0.806326603627|0.807435564666|0.815359485896|0.826220839401|0.795946399689|0.588151816328|0.589700378556|0.588128258971|0.54964077753|0.546746866153|0.55916756011|0.523703457952|0.524706305141|0.532315370105|0.526619420488|0.495514246478|0.495902931423|0.502953938396|0.497899161428|0.480581183945|0.522765182047|0.523427046672|0.526679186745|0.479444536358|0.464776322358|0.444873621687|0.277436051262|0.277892017257|0.283076919677|0.23578990554|0.201701453431|0.182634709953|0.17175494485|0.0610601240076
high_ra,15,6,delay_frontier,default,delayed,0|5|10|15|35|75|125|175|225,adjoint_lbfgsb,adjoint_lbfgsb,2,structured_sigmoid,,7.492302727079798,7.627915889222837,0.13561316214303965,True,True,False,False,value_and_gradient,7.627915889222837,1091,1091,799,127.92320942878723,CONVERGENCE: REL_REDUCTION_OF_F_<=_FACTR*EPSMCH,0|0|0|0|0|0|0|1|0.818384231439|0.862550488453|0.867980914066|0.635339844451|0.63822311148|0.657389413139|0.42475169951|1|0.953873199881|0.962405650002|0.975572434741|1|0.724955072136|0.712310606364|0.699160643934|0.764612088626|0.758246449493|0.768393811457|0.480411459589|0.481744384643|0.490409482729|0.506950684831|0.291091301833|1|1|1|1|1|1|0.73551005062|0.80750112199|0.793340286748|0.770001936091|0.805379734273|0.828605999936|0.812859274056|0.817218137068|0.812667183311|0.813868055568|0.514093507465|0.501609985052|0.502657179572|0.495000290177|0.486425437395|0.504952635047|0.529231968177|0.525433982544|0.524073905385|0.540434765808|0.283202940718|0.282625900106|0.282463785726|0.293505659341|0.30824760141|0.128605505371|1|1|1|1|1|1|1|1|1|1|1|1|1|1|1|1|1|1|1|1|1|1|0.803071914218|0.816691253261|0.782302474579|0.782451765753|0.798642245783|0.804604370322|0.802036385972|0.829207089795|0.818292675363|0.805483652363|0.89223107206|0.870021268718|0.874281698081|0.865171750394|0.865326697418|0.871231242203|0.865455706335|0.864509196356|0.861127069879|0.833480522276|0.528443985924|0.533231927322|0.542741122089|0.514322728205|0.504394796251|0.506389320418|0.508514914368|0.514527748038|0.526494123279|0.545756817895|0.512542008146|0.511808658641|0.516744241193|0.537597477039|0.528438053655|0.29232719895|0.291574146979|0.292406523444|0.281275218781|0.280880402543|0.27345170303|0.0901561818198|1|1|1|1|1|1|1|1|1|1|1|1|1|1|1|1|1|1|1|1|1|1|1|1|1|1|1|1|1|1|1|1|1|1|1|1|1|1|1|1|1|1|1|1|1|1|1|1|1|1|1|1|1|1|1|1|1|1|1|1|1|1|1|1|0.806772642757|0.855148150483|0.792949792032|0.796617454554|0.845258743469|0.854580646087|0.850400317992|0.907602741826|0.905169523226|0.912980937712|0.910516393834|0.907275418788|0.913954940455|0.873744678547|0.871595494527|0.881623995753|0.864456879098|0.865140001075|0.872014755908|0.821653879696|0.885737999914|0.891645481671|0.889850387839|0.849688314545|0.846173521993|0.856038643774|0.839573871976|0.840715984124|0.848388115408|0.862523929571|0.812213448678|0.813353361866|0.820991402485|0.830624057476|0.788672109185|0.577809471136|0.58032095276|0.578790348986|0.54242806001|0.539833827317|0.550753316787|0.525092618798|0.526136495521|0.53334516342|0.534601926437|0.499682557365|0.50050113952|0.507248998517|0.508695509831|0.501545044282|0.530870873994|0.53177464852|0.537316969187|0.492796535964|0.486263715767|0.4691561115|0.259547961637|0.260269214566|0.265323960011|0.223451148743|0.198895882141|0.183028069885|0.175585484864|0.0457033526074
high_ra,15,6,delay_frontier,default,delayed,0|5|10|15|35|75|125|175|225,adjoint_lbfgsb,adjoint_lbfgsb,3,structured_constant,,7.607503724952245,7.6279158926762465,0.02041216772400123,True,True,False,False,value_and_gradient,7.6279158926762465,936,936,653,146.50769329071045,CONVERGENCE: REL_REDUCTION_OF_F_<=_FACTR*EPSMCH,0|0|0|0|0|0|0|1|0.818370190809|0.862604863711|0.867907168423|0.635337534705|0.638202059986|0.65740447067|0.424675929032|1|0.953984436506|0.962513652304|0.97569299552|1|0.725135705459|0.712342453976|0.699208615771|0.764732243989|0.758286206541|0.768354509631|0.480346303099|0.481934192314|0.490591605781|0.507210652654|0.290629543445|1|1|1|1|1|1|0.73581504152|0.807726559613|0.793293640495|0.769287335825|0.805121706331|0.828382781912|0.812563406113|0.816777416314|0.812368898879|0.813838414415|0.514209774672|0.501437028948|0.503094674703|0.495345668284|0.486791934015|0.50513306376|0.529975850439|0.526091450241|0.524677724076|0.54018802155|0.282844845148|0.282308410477|0.282413014964|0.293497228085|0.30875195116|0.128785873647|1|1|1|1|1|1|1|1|1|1|1|1|1|1|1|1|1|1|1|1|1|1|0.803756602433|0.817773681312|0.783851053225|0.783439216551|0.798786165165|0.804760882548|0.802107841811|0.830095128515|0.81948259501|0.805649209531|0.894982315068|0.872273466808|0.873608402212|0.867079874128|0.867151561333|0.872913733324|0.866837303803|0.865840828831|0.862740452568|0.833406545781|0.530763685676|0.535621385154|0.544806972362|0.517569998002|0.507593676038|0.509405873345|0.509186036995|0.515293404252|0.527934960512|0.543265073415|0.511817564664|0.511535557428|0.517191843568|0.532559852862|0.529669815773|0.285731494343|0.284722028862|0.288303632148|0.276211913988|0.282180923695|0.275624647043|0.0770016215986|1|1|1|1|1|1|1|1|1|1|1|1|1|1|1|1|1|1|1|1|1|1|1|1|1|1|1|1|1|1|1|1|1|1|1|1|1|1|1|1|1|1|1|1|1|1|1|1|1|1|1|1|1|1|1|1|1|1|1|1|1|1|1|1|0.806352236482|0.849542651541|0.794066464283|0.797390282175|0.849145195286|0.858361620043|0.854294744121|0.907822758222|0.905539571805|0.912447814495|0.910937716464|0.896691714959|0.912609338236|0.873318096176|0.871172288759|0.881368760684|0.856683823326|0.857316380511|0.863963869498|0.814663641916|0.88644330308|0.892313243101|0.890700435393|0.849853546903|0.847367753137|0.857391916952|0.834195449397|0.835302728152|0.84324770892|0.851157440176|0.806990228454|0.808018295078|0.815485653936|0.819500164368|0.789173421903|0.585581710566|0.588193559153|0.586841550969|0.551728520979|0.549217869716|0.559806232553|0.533675931993|0.534783497415|0.541991958786|0.541261004827|0.508141770962|0.508978309023|0.515661558595|0.514835284057|0.50337606965|0.538921264789|0.539891313338|0.540583687716|0.498789798414|0.488316726619|0.470274352962|0.27972464301|0.280565482861|0.285103742004|0.243469831474|0.217128516425|0.200581564335|0.191314873049|0.0719155683949
high_ra,15,6,delay_frontier,default,delayed,0|5|10|15|35|75|125|175|225,adjoint_lbfgsb,adjoint_lbfgsb,4,warm_start_perturbed,,7.627072918936304,7.627915858945405,0.000842940009101234,True,True,False,False,value_and_gradient,7.627915858945405,602,602,446,111.27537703514099,CONVERGENCE: REL_REDUCTION_OF_F_<=_FACTR*EPSMCH,0|0|0|0|0|0|0|1|0.81825356789|0.862580498631|0.867919355228|0.635375566873|0.638225770792|0.657423762956|0.424717416954|1|0.953935990869|0.962431219156|0.975623250425|1|0.725120263435|0.712481521238|0.699057027742|0.764663813882|0.75825421748|0.768375088946|0.480439816782|0.481858965984|0.490460400488|0.507276289218|0.290636979911|1|1|1|1|1|1|0.735688096631|0.80733751201|0.793139619105|0.769204140356|0.805076979883|0.828410234071|0.812578809724|0.815938803041|0.812052031758|0.813734760532|0.514185507417|0.501590761477|0.502046340152|0.494867752258|0.487351207879|0.504474259042|0.530095870377|0.52580015275|0.524300514071|0.540296262744|0.282226988257|0.282245162943|0.281355510161|0.294067133495|0.30801546589|0.129662771722|1|1|1|1|1|1|1|1|1|1|1|1|1|1|1|1|1|1|1|1|1|1|0.803190632307|0.815454500992|0.78119867864|0.78480818628|0.798564392853|0.804809317335|0.803334625359|0.831666040135|0.817987348066|0.80565658169|0.894495579946|0.871781287318|0.875960081999|0.866309873106|0.866932041015|0.874886659476|0.866569526864|0.86514037226|0.862609860961|0.834867911357|0.53661530278|0.535094305557|0.542538654673|0.51521517144|0.505461616052|0.507080057969|0.509715260496|0.51585582489|0.526453760131|0.546354510764|0.511959646845|0.51221395979|0.521245927448|0.534532563807|0.530929021876|0.283951747215|0.29174723826|0.290074196371|0.284960053231|0.28074700769|0.274314626849|0.0864100581309|1|1|1|1|1|1|1|1|1|1|1|1|1|1|1|1|1|1|1|1|1|1|1|1|1|1|1|1|1|1|1|1|1|1|1|1|1|1|1|1|1|1|1|1|1|1|1|1|1|1|1|1|1|1|1|1|1|1|1|1|1|1|1|1|0.723320506698|0.860746349856|0.751534583378|0.766093389385|0.847963930094|0.85682216319|0.852187824106|0.909891132182|0.907949552482|0.913967962802|0.91220476825|0.899582282407|0.914856700772|0.874967989171|0.87277246752|0.882587142854|0.861917924145|0.86165778511|0.869944048171|0.81408166873|0.887962964936|0.892824727982|0.887557799271|0.851217366723|0.844368973433|0.856808479858|0.836003599527|0.837465646984|0.84568009376|0.85765050383|0.807432542841|0.808660902478|0.816398181491|0.823077189206|0.788545471694|0.575604143571|0.586873145065|0.558425359286|0.547991454594|0.545468581584|0.562875447249|0.541684275672|0.544214575814|0.550626268202|0.550447964064|0.514273515498|0.518950702013|0.525563955409|0.525431800203|0.511452315312|0.548349273162|0.546231740776|0.553579107961|0.509808198873|0.499007460914|0.481567890789|0.251798185559|0.246707528211|0.259694218419|0.19543130495|0.228292342382|0.219147691591|0.192555957338|0.0345308469002
high_ra,15,6,delay_frontier,default,delayed,0|5|10|15|35|75|125|175|225,adjoint_lbfgsb,adjoint_lbfgsb,5,warm_start_perturbed,,7.626847597281082,7.627915698582601,0.001068101301519242,True,True,False,False,value_and_gradient,7.627915698582601,403,403,256,74.58178091049194,CONVERGENCE: REL_REDUCTION_OF_F_<=_FACTR*EPSMCH,0|0|0|0|0|0|0|1|0.818375017769|0.86252660028|0.867924141434|0.635382652193|0.638216512148|0.657360051447|0.425031312385|1|0.954016621184|0.962582584106|0.975633289488|1|0.725152359518|0.712131142698|0.699056463666|0.764671181781|0.758240858841|0.768260961235|0.480305773152|0.481811265589|0.490462571669|0.50747278734|0.291507012695|1|1|1|1|1|1|0.735894962541|0.80847812003|0.79303137482|0.76862009128|0.805313495131|0.828494221437|0.812777750483|0.816370103716|0.812014979971|0.813536828882|0.51339496352|0.501847629131|0.50283546327|0.495192432594|0.486586272084|0.504756276342|0.529028709492|0.526445952785|0.524749433666|0.54257922954|0.283505901027|0.282568147861|0.281638039582|0.293950908449|0.308914308739|0.126304783659|1|1|1|1|1|1|1|1|1|1|1|1|1|1|1|1|1|1|1|1|1|1|0.804968147985|0.815740864578|0.783596962664|0.783414180392|0.799391097404|0.804917142485|0.801031266785|0.830487757799|0.820054544123|0.806708307304|0.893722274313|0.871034962823|0.874629977381|0.866104179449|0.86564082225|0.872648655606|0.866738136776|0.862863739729|0.863777550821|0.831982051454|0.5306460446|0.534495023785|0.541604026785|0.517120788223|0.504997562626|0.506830336975|0.508833799513|0.515832631333|0.52698139736|0.543824979277|0.51207004329|0.512575193883|0.518078818383|0.533898118534|0.532030291337|0.288452474388|0.287983235928|0.290438009683|0.278349050099|0.280956471072|0.273800295384|0.0872382936448|1|1|1|1|1|1|1|1|1|1|1|1|1|1|1|1|1|1|1|1|1|1|1|1|1|1|1|1|1|1|1|1|1|1|1|1|1|1|1|1|1|1|1|1|1|1|1|1|1|1|1|1|1|1|1|1|1|1|1|1|1|1|1|1|0.71150653016|0.850949047727|0.737276543356|0.703606451431|0.847873230943|0.857779014225|0.855671239237|0.92835157414|0.917098474473|0.920124131963|0.929963821733|0.90559133665|0.931795526652|0.863188108982|0.874294267494|0.884167486937|0.841961911863|0.850840541733|0.85778398333|0.820275657966|0.895086105753|0.89133928666|0.895561519397|0.839356656323|0.847807781678|0.832476837003|0.842360388533|0.810252754578|0.821138334224|0.83532728984|0.796540403828|0.784929671432|0.825570940201|0.794029747822|0.76626368208|0.589160394016|0.579757238219|0.561750013926|0.556000429196|0.538208548471|0.539613065403|0.540636389638|0.532042949524|0.543516308734|0.549383552597|0.512976800431|0.516738221482|0.526950596558|0.523911013311|0.503243025485|0.544145387515|0.544895480246|0.554285007988|0.50958641406|0.487442600613|0.468384066198|0.237384220482|0.259412150957|0.271935394711|0.246545660655|0.22371660322|0.195406747372|0.215114525801|0.0578225525626
high_ra,15,6,delay_frontier,default,delayed,0|5|10|15|35|75|125|175|225,adjoint_lbfgsb,adjoint_lbfgsb,6,warm_start_perturbed,,7.6267010359530465,7.627915895000105,0.0012148590470584253,True,True,False,False,value_and_gradient,7.627915895000105,937,937,638,173.4765796661377,CONVERGENCE: REL_REDUCTION_OF_F_<=_FACTR*EPSMCH,0|0|0|0|0|0|0|1|0.818350113906|0.862656090892|0.867929625088|0.635386446468|0.63826331232|0.657458194994|0.424824171489|1|0.953929687588|0.962565812609|0.97564888115|1|0.725102243398|0.712346739029|0.699216598522|0.764693346439|0.758242436695|0.768385174693|0.480298071385|0.48187971508|0.490465662502|0.507281779861|0.29136106543|1|1|1|1|1|1|0.735744583082|0.807767825883|0.793383415665|0.769828907353|0.805256059513|0.828696682956|0.812704978096|0.816740535924|0.812276378427|0.813994610526|0.513958259139|0.501755173353|0.502853264698|0.495574962997|0.486913766799|0.505651788303|0.529953775822|0.52636528996|0.524375260608|0.541059050472|0.284769738736|0.282208235376|0.283625938514|0.293604898429|0.308804942026|0.128074838244|1|1|1|1|1|1|1|1|1|1|1|1|1|1|1|1|1|1|1|1|1|1|0.804355819989|0.816764811216|0.784304373018|0.783116346957|0.798495837707|0.803658411883|0.802705558379|0.829926959998|0.819376963976|0.805067665218|0.894204357324|0.872078119281|0.873897218531|0.866515361629|0.866653358616|0.872313218611|0.866283033815|0.865147128945|0.862174750338|0.8332038687|0.529908976923|0.534889441637|0.544027663984|0.516455647438|0.50647881966|0.507509982739|0.509736498632|0.516027186005|0.528247290687|0.543746138036|0.51281133741|0.512601110484|0.518075206113|0.534241857615|0.531195151412|0.285124157346|0.28327002443|0.286479222369|0.28287423812|0.2825277198|0.274179637001|0.0738328520487|1|1|1|1|1|1|1|1|1|1|1|1|1|1|1|1|1|1|1|1|1|1|1|1|1|1|1|1|1|1|1|1|1|1|1|1|1|1|1|1|1|1|1|1|1|1|1|1|1|1|1|1|1|1|1|1|1|1|1|1|1|1|1|1|0.747492291492|0.851908302801|0.764304038959|0.766622195566|0.8485698565|0.857523961355|0.853505556438|0.910585591948|0.908027544761|0.912013247129|0.912706604291|0.8984165057|0.914725226752|0.868993690344|0.869197523565|0.878119638537|0.860856602729|0.861775955624|0.86896688475|0.815868884069|0.887514674562|0.891644546656|0.889356410976|0.848211199657|0.847285535515|0.856404883554|0.834322957795|0.836808436981|0.844506347467|0.851546176966|0.807642541202|0.805258224284|0.815914456759|0.822092648301|0.773389912838|0.585113821715|0.58663648639|0.57006675091|0.548201670427|0.543478811973|0.539624295811|0.538566833256|0.543699550886|0.545669587567|0.549927340536|0.517343790409|0.519494498096|0.52128784247|0.525003646623|0.513559767359|0.543886579843|0.546239980252|0.554162276312|0.510162148398|0.498844207613|0.480357568873|0.225068160735|0.260813733981|0.235574466196|0.242026543577|0.205898291001|0.212660571258|0.189175794667|0.0252649115853
high_ra,15,6,delay_frontier,default,delayed,0|5|10|15|35|75|125|175|225,adjoint_lbfgsb,adjoint_lbfgsb,7,warm_start_perturbed,,7.626627995980558,7.627915897019918,0.001287901039360051,False,True,False,False,value_and_gradient,7.627915897019918,1492,1492,1000,255.58982276916504,STOP: TOTAL NO. of ITERATIONS REACHED LIMIT,0|0|0|0|0|0|0|1|0.818335715976|0.862523117568|0.867857908582|0.635373570439|0.638258944638|0.65730741531|0.424764526452|1|0.953793765582|0.962588139593|0.975708794547|1|0.725160587724|0.712468177487|0.699062209094|0.764674856102|0.758243446925|0.76818483657|0.480560819362|0.481933399975|0.490500960365|0.507275447298|0.290735113103|1|1|1|1|1|1|0.735795836879|0.807539636355|0.793253527795|0.769345283271|0.805175628811|0.828504970926|0.812623038794|0.816696001847|0.812329309318|0.814416095621|0.514273861378|0.501838820125|0.502147503621|0.495428139202|0.486796661233|0.50497042576|0.529911840596|0.525809550668|0.524404446282|0.540192313153|0.28324923549|0.282573029573|0.282318465072|0.293655406217|0.30872259096|0.126262674018|1|1|1|1|1|1|1|1|1|1|1|1|1|1|1|1|1|1|1|1|1|1|0.803904067885|0.814148267265|0.783987482668|0.784375578875|0.79857809172|0.804606051146|0.802043177328|0.82948154182|0.819339834223|0.805757188103|0.893461178289|0.870776020068|0.875985647033|0.867136159151|0.866494011065|0.872840496845|0.866418463749|0.86545008226|0.862383343633|0.833396532481|0.529648347883|0.533091289359|0.543562594619|0.517587624382|0.506923195689|0.508707969412|0.505726271649|0.510098411264|0.528779849086|0.543718392795|0.512770623335|0.513179173407|0.517968874502|0.533818393227|0.52902063687|0.288929593219|0.292032455944|0.289625050506|0.276842032127|0.280364345297|0.274117211776|0.0845125926393|1|1|1|1|1|1|1|1|1|1|1|1|1|1|1|1|1|1|1|1|1|1|1|1|1|1|1|1|1|1|1|1|1|1|1|1|1|1|1|1|1|1|1|1|1|1|1|1|1|1|1|1|1|1|1|1|1|1|1|1|1|1|1|1|0.746447253448|0.860726468146|0.771401997857|0.776443177474|0.848568528747|0.857727654952|0.85364355876|0.910998051607|0.909265594027|0.913676042301|0.914400863696|0.902090365722|0.913511770527|0.876298275897|0.873730514207|0.885580174531|0.872350372194|0.86292133838|0.869502081284|0.815655590402|0.888305082442|0.893326344296|0.892151932075|0.850795292305|0.847420205278|0.859363354296|0.838474703558|0.837634962293|0.845644391116|0.860725924269|0.807748075841|0.808326374204|0.816108632676|0.829034918455|0.788981922292|0.569749482182|0.577164148318|0.572140561639|0.551589136933|0.530871743773|0.562780644413|0.540910422907|0.542495335898|0.549939435354|0.549531628788|0.515670361829|0.518401556152|0.524822433411|0.524745191169|0.512667701506|0.546730058177|0.545653217374|0.553525483064|0.509533265349|0.495708700003|0.479919978325|0.210375852786|0.236626446044|0.249342989303|0.229539186458|0.220251652299|0.197805743007|0.186965505292|0.0145927332793
low_ra,5,7,delay_frontier,default,delayed,0|5|10|15|35|75|125|175|225,adjoint_lbfgsb,adjoint_lbfgsb,0,warm_start,,7.663357030490435,7.663391155817746,3.412532731150719e-05,True,True,False,False,value_and_gradient,7.663391155817746,692,692,472,81.84982991218567,CONVERGENCE: REL_REDUCTION_OF_F_<=_FACTR*EPSMCH,0|0.758951008812|0.562973054958|0.893945996741|0.684767966274|0.694597622783|0.479997996323|1|0.812573686342|0.822814848075|0.823361473127|0.587555146439|0.594528657485|0.600655263242|0.390027270722|1|0.975537215523|0.967922086304|0.971250896954|0.975527543588|0.697466204389|0.69672527672|0.694734216045|0.707415927626|0.709919394045|0.710709912491|0.450632639386|0.465159208641|0.46750642685|0.470609558895|0.268577844877|1|1|1|1|1|1|0.786738190243|0.780710036458|0.79187119097|0.790661193606|0.77748085523|0.784939038253|0.784596699281|0.784968808513|0.78042829277|0.775512015512|0.48500126796|0.480687306296|0.47592091571|0.485496619169|0.484546023224|0.492930263323|0.481512759052|0.492810795122|0.49690628104|0.501979619794|0.288576804209|0.286808714143|0.284586657663|0.282853449277|0.283524266934|0.124340230859|1|1|1|1|1|1|1|1|1|1|1|1|1|1|1|1|1|1|1|1|1|1|0.781271858697|0.7692170779|0.809151914271|0.839121292875|0.802710101548|0.797603945145|0.824809084616|0.837566817129|0.829477012642|0.81979025939|0.865434071396|0.857321590663|0.849433979258|0.821748424952|0.819901939945|0.842828827524|0.820209974098|0.816266915431|0.807604015948|0.823383396185|0.518849474957|0.513281802772|0.507905023386|0.548482600487|0.541453211765|0.537453579564|0.504958152388|0.518665850139|0.551812780584|0.520287135671|0.54793022922|0.544105721177|0.537066739079|0.504838475328|0.513346143446|0.294558074237|0.292230882487|0.287048414065|0.292032779257|0.268308335819|0.272202657476|0.0922212909157|1|1|1|1|1|1|1|1|1|1|1|1|1|1|1|1|1|1|1|1|1|1|1|1|1|1|1|1|1|1|1|1|1|1|1|1|1|1|1|1|1|1|1|1|1|1|1|1|1|1|1|1|1|1|1|1|1|1|1|1|1|1|1|1|0.563127560218|0.679495206271|0.764957762781|0.76831321347|0.803944920946|0.797314586161|0.900702124306|0.871748110539|0.862470743216|0.850821457603|0.902231447621|0.893046985333|0.879716007723|0.839944851843|0.831381374165|0.923238301837|0.848167379991|0.845562057709|0.834144562715|0.863772926883|0.881601349663|0.871123106648|0.859177228235|0.923535777598|0.913882914444|0.902945288771|0.826154562463|0.825114379172|0.902878014295|0.828245114536|0.8940294263|0.889277756204|0.876162801833|0.79992846708|0.795210599221|0.571858758609|0.565047003738|0.557807465069|0.583386396179|0.576000556054|0.582799117053|0.538525506016|0.545745528825|0.577589475358|0.540261317501|0.572478836977|0.566749731463|0.56286474616|0.518073343531|0.509262768232|0.563226130452|0.558539927824|0.548353082177|0.548933787121|0.494877565612|0.479793121676|0.267250291873|0.26307307446|0.256489525673|0.238123387362|0.211221282749|0.221754239763|0.215319503641|0.0235106897402
low_ra,5,7,delay_frontier,default,delayed,0|5|10|15|35|75|125|175|225,adjoint_lbfgsb,adjoint_lbfgsb,1,structured_ramp,,7.588889312645705,7.6633912078201245,0.07450189517441963,True,True,False,False,value_and_gradient,7.663391207820135,1450,1450,953,170.04318571090698,CONVERGENCE: REL_REDUCTION_OF_F_<=_FACTR*EPSMCH,0|0.75894511128|0.562882810795|0.893947587207|0.684738436203|0.694585985087|0.479852517892|1|0.81263331803|0.822854443253|0.823436558883|0.587563118683|0.594519001635|0.600698116601|0.389796427262|1|0.9755337698|0.967984630647|0.971248287318|0.975424511421|0.697435336227|0.696722924347|0.695080884312|0.707482338647|0.709959017891|0.710661267277|0.450921666289|0.464966210935|0.467749945522|0.470628041446|0.268820418067|1|1|1|1|1|1|0.786844876453|0.781594964904|0.79173146662|0.790820824684|0.777661021816|0.784851262245|0.784857271876|0.784988976161|0.780315108788|0.775235621762|0.483962538919|0.480891541776|0.475885768452|0.485747635415|0.484014543897|0.493757349888|0.48133163636|0.493020855133|0.496978067383|0.501368284429|0.289138996757|0.287330369046|0.284442625924|0.282567350665|0.283395736352|0.123958687846|1|1|1|1|1|1|1|1|1|1|1|1|1|1|1|1|1|1|1|1|1|1|0.780609181641|0.77213378727|0.80911962982|0.83899978102|0.803164423077|0.797958236061|0.825657360597|0.836146803162|0.828096226992|0.818308750389|0.867052054494|0.859067563756|0.849540864476|0.820386715428|0.820747035952|0.841719964073|0.819031138674|0.815806257677|0.806767625206|0.824055136889|0.517214903947|0.511373203958|0.505886169918|0.552370743164|0.544959786503|0.538427123794|0.504595041546|0.519652836435|0.552223444919|0.520742432039|0.548887223968|0.545071270514|0.537524179685|0.505341844924|0.513196805394|0.297233982926|0.294242813101|0.288409290784|0.290605713974|0.264776566097|0.272853528116|0.0965097462052|1|1|1|1|1|1|1|1|1|1|1|1|1|1|1|1|1|1|1|1|1|1|1|1|1|1|1|1|1|1|1|1|1|1|1|1|1|1|1|1|1|1|1|1|1|1|1|1|1|1|1|1|1|1|1|1|1|1|1|1|1|1|1|1|0.596709645191|0.664896149182|0.826308481481|0.824141637442|0.799313207654|0.792339892028|0.89188536231|0.874410077707|0.865199848049|0.853522452261|0.903542195468|0.893298160743|0.881762241328|0.842850499553|0.834200626887|0.9125303542|0.856106950226|0.851996663315|0.840660715725|0.858453489381|0.883742712484|0.87317385035|0.861489927507|0.913339822889|0.903593710109|0.892777949432|0.835746318922|0.833155321418|0.891073790931|0.838044901218|0.883466844822|0.877529088639|0.865184405484|0.811859676922|0.805884141328|0.557858842779|0.550198510383|0.541671245421|0.585185468161|0.577285926262|0.568491602625|0.522329212202|0.545268072239|0.575687604264|0.532860307187|0.569566460752|0.564643102364|0.554599029106|0.512211691386|0.514750204641|0.555072169362|0.550256063196|0.540479681867|0.550112923375|0.502205288905|0.488952775694|0.243462772459|0.239375012917|0.231466396234|0.215132597463|0.181271495216|0.201247823497|0.196246901651|0.00759965666377
low_ra,5,7,delay_frontier,default,delayed,0|5|10|15|35|75|125|175|225,adjoint_lbfgsb,adjoint_lbfgsb,2,structured_sigmoid,,7.567740705887072,7.663391139191997,0.09565043330492529,True,True,False,False,value_and_gradient,7.663391139191997,433,433,343,52.28303408622742,CONVERGENCE: REL_REDUCTION_OF_F_<=_FACTR*EPSMCH,0|0.758910428579|0.562939770349|0.893930305376|0.684725619592|0.694604871047|0.479721782847|1|0.812562027032|0.822824815526|0.823280883278|0.587564898179|0.594431830648|0.600836385487|0.390077479729|1|0.975530561967|0.967888541921|0.971260240904|0.975464283677|0.697328321256|0.696714984127|0.694660231675|0.707494658113|0.709675907354|0.710864700418|0.450704660913|0.465238146185|0.467558151043|0.470719078408|0.268381106786|1|1|1|1|1|1|0.78690992311|0.780653657452|0.791937627706|0.79100844261|0.777860039639|0.785182812983|0.783868328956|0.78521940859|0.779931993905|0.775948273324|0.48475804673|0.48069094514|0.475869129519|0.485782588292|0.4842373084|0.492591091504|0.481197606431|0.493034794191|0.496583952514|0.502089292233|0.288577468943|0.286890570784|0.284240916602|0.283990484078|0.28409774064|0.124065905385|1|1|1|1|1|1|1|1|1|1|1|1|1|1|1|1|1|1|1|1|1|1|0.780341863745|0.770530739068|0.807364312487|0.839772241974|0.803008138713|0.79706512225|0.827222933625|0.836835766717|0.828854011601|0.819098773668|0.867568823031|0.859620831672|0.850197585621|0.821012328062|0.821824143492|0.84237498036|0.81985924703|0.816394475365|0.807413375823|0.823813051997|0.517780951208|0.512338107659|0.507042852948|0.552238477741|0.545688461043|0.53933224883|0.50451175471|0.519200790981|0.552815345793|0.519775184484|0.548071409013|0.544190805889|0.536589284611|0.5046636181|0.51501937734|0.290545046444|0.287964107413|0.282925645511|0.293906637903|0.2687573996|0.273418585085|0.0927384024386|1|1|1|1|1|1|1|1|1|1|1|1|1|1|1|1|1|1|1|1|1|1|1|1|1|1|1|1|1|1|1|1|1|1|1|1|1|1|1|1|1|1|1|1|1|1|1|1|1|1|1|1|1|1|1|1|1|1|1|1|1|1|1|1|0.652860145056|0.676554264469|0.826492857637|0.829625994349|0.802896578334|0.796163940135|0.898977493453|0.87364476725|0.86452208249|0.852970196228|0.902436705616|0.892425186773|0.881112949451|0.842421128687|0.833805185127|0.917340106578|0.858772870371|0.854722583563|0.843908059724|0.865778807381|0.883054602124|0.872614918743|0.86103473256|0.915556014553|0.905117138367|0.894349136066|0.838706277554|0.835984855783|0.900477655385|0.847221374056|0.888781748165|0.883323454964|0.871980018087|0.823882665089|0.827395013518|0.591567622113|0.582952341126|0.573441221717|0.60164943454|0.593761596545|0.584702875522|0.534305867117|0.543100402485|0.579279561718|0.53356708481|0.573305824259|0.567812203551|0.557103074606|0.510930380502|0.508348363203|0.557949249034|0.552546042729|0.542006002913|0.545035935227|0.494443358004|0.480296864221|0.300448458162|0.295208773655|0.285417457782|0.255382157545|0.208365411942|0.215990453202|0.209767955107|0.0620518634603
low_ra,5,7,delay_frontier,default,delayed,0|5|10|15|35|75|125|175|225,adjoint_lbfgsb,adjoint_lbfgsb,3,structured_constant,,7.642045179294632,7.663391207805416,0.021346028510784265,True,True,False,False,value_and_gradient,7.663391207805416,986,986,630,115.3279881477356,CONVERGENCE: REL_REDUCTION_OF_F_<=_FACTR*EPSMCH,0|0.758973019142|0.562892550996|0.893920705586|0.684718875887|0.694555927082|0.479879796749|1|0.812599028198|0.822846338298|0.823355050788|0.58754232108|0.594471175841|0.600681748038|0.389917705305|1|0.975535786321|0.968024536636|0.97125372779|0.975536004277|0.697446884253|0.696737870845|0.694973617396|0.707467855512|0.709779124351|0.710711926544|0.450576908131|0.465249753071|0.467397893694|0.470449972592|0.268789669937|1|1|1|1|1|1|0.786826010236|0.781352944469|0.791729973989|0.790718761048|0.777621627203|0.784969313032|0.784708397773|0.784881452727|0.780112092172|0.775224108962|0.485006219669|0.480889636723|0.476170174718|0.485455067337|0.484209149774|0.492967374885|0.481185509648|0.493367933511|0.497256272311|0.501962072279|0.289027637858|0.287283679575|0.2843660078|0.282496481034|0.283834931621|0.124063847436|1|1|1|1|1|1|1|1|1|1|1|1|1|1|1|1|1|1|1|1|1|1|0.78083691724|0.771138380777|0.808563340666|0.83871193233|0.802750850325|0.797584575836|0.828338678778|0.83649057355|0.828323057545|0.818546572766|0.867667143764|0.859586997951|0.850007568323|0.820569689336|0.821378286654|0.84284484567|0.817771142927|0.814354422314|0.806234041417|0.823037765366|0.517748218467|0.512022648034|0.506550571649|0.551430164127|0.54449704658|0.538025972488|0.50405495814|0.518519783169|0.552337095248|0.521319313151|0.549376201488|0.545380627303|0.537909351008|0.506187731359|0.512667117274|0.294903730838|0.292175474228|0.286930241733|0.293156268319|0.266425294296|0.2714387107|0.0983426554058|1|1|1|1|1|1|1|1|1|1|1|1|1|1|1|1|1|1|1|1|1|1|1|1|1|1|1|1|1|1|1|1|1|1|1|1|1|1|1|1|1|1|1|1|1|1|1|1|1|1|1|1|1|1|1|1|1|1|1|1|1|1|1|1|0.614920204436|0.668943479186|0.826656302173|0.824914918983|0.801384539024|0.794844126652|0.886889873664|0.87484826401|0.865576947883|0.853804863114|0.904198224587|0.89396252235|0.882322078005|0.843062902753|0.834328456173|0.907663101204|0.852420158162|0.848230379894|0.837235683369|0.850996198579|0.884460607167|0.873801098818|0.861904988574|0.908169935931|0.899113742563|0.888269685963|0.8320835923|0.829298034188|0.884583353447|0.832134939233|0.8728322429|0.868239409802|0.856956929462|0.808291298905|0.805088304803|0.574565185947|0.566893416239|0.558233059519|0.595224626889|0.587181454644|0.578331160662|0.529883991383|0.543172846895|0.578464093855|0.533193912299|0.572355784469|0.566923850351|0.556324556895|0.511030712657|0.509038343083|0.557167790399|0.551853649548|0.541452716354|0.545832800101|0.495342767271|0.481175379641|0.279686958438|0.275230909258|0.266590193232|0.243900434815|0.203155285769|0.213175913058|0.210255159198|0.0518384890198
low_ra,5,7,delay_frontier,default,delayed,0|5|10|15|35|75|125|175|225,adjoint_lbfgsb,adjoint_lbfgsb,4,warm_start_perturbed,,7.662553487241907,7.663391219224595,0.0008377319826875507,True,True,False,False,value_and_gradient,7.663391219224595,1049,1049,696,123.93593621253967,CONVERGENCE: REL_REDUCTION_OF_F_<=_FACTR*EPSMCH,0|0.759014960718|0.562880976346|0.893952837436|0.684698416592|0.694592464581|0.48000526921|1|0.812656899384|0.822836194776|0.823423170701|0.587584749499|0.594504574231|0.600696233132|0.389769033218|1|0.975543276359|0.968007462307|0.971253203351|0.975435788277|0.697514288981|0.696750010199|0.695086252535|0.707506270066|0.709778779057|0.710685955828|0.450447958392|0.465059635655|0.46736299844|0.470723654461|0.268516500061|1|1|1|1|1|1|0.787129779705|0.78091979956|0.791578902088|0.790842575358|0.777613133186|0.784969837185|0.784644052589|0.784891355165|0.779940433674|0.77529043711|0.484895380829|0.480922131073|0.47594362156|0.485709159564|0.484415670581|0.493601634354|0.48071716786|0.493210298381|0.496814958491|0.502007577451|0.289203012938|0.287555869753|0.28436991215|0.283179614697|0.283594489308|0.124458879983|1|1|1|1|1|1|1|1|1|1|1|1|1|1|1|1|1|1|1|1|1|1|0.781060782035|0.7697930005|0.810049087024|0.837216552113|0.802712244851|0.797549180046|0.826595593024|0.837613155431|0.827903526093|0.818430699505|0.869507808614|0.860461938744|0.84952664013|0.820306403652|0.820893474913|0.841743598215|0.818659688063|0.814258517311|0.806133660618|0.823532669407|0.518429241398|0.511664252203|0.51013592711|0.55212487575|0.545175060247|0.538951319958|0.503962154038|0.519362612927|0.551594116903|0.520988701281|0.547580250183|0.543948156987|0.537770122299|0.505266642876|0.513009745661|0.294257671535|0.291558011825|0.286264124067|0.294040449706|0.271586785758|0.271921498317|0.088066420318|1|1|1|1|1|1|1|1|1|1|1|1|1|1|1|1|1|1|1|1|1|1|1|1|1|1|1|1|1|1|1|1|1|1|1|1|1|1|1|1|1|1|1|1|1|1|1|1|1|1|1|1|1|1|1|1|1|1|1|1|1|1|1|1|0.579047480034|0.67454768035|0.800927295829|0.799397480228|0.801613782512|0.795098024437|0.890205923648|0.872769841861|0.863166144221|0.85178522678|0.906441996185|0.895358009914|0.878971081714|0.841478841926|0.830560191155|0.913743722426|0.855527682728|0.851027583768|0.839577110699|0.857336527507|0.882996842419|0.874478957457|0.85920217288|0.913328106069|0.904419652431|0.893725842282|0.834002640199|0.830689529921|0.888267826016|0.838752690213|0.878488470782|0.871798466736|0.858680354144|0.819574032946|0.813366014959|0.566332379634|0.564987466335|0.559687280746|0.587578743877|0.580878672117|0.576325156799|0.535287621902|0.543443623971|0.581843714544|0.539198845068|0.576714465163|0.571588639461|0.561550487885|0.516945175197|0.511527023175|0.562407262272|0.557373549877|0.546976601128|0.550194722203|0.494581422261|0.482441768101|0.254633914993|0.23697599231|0.242030374684|0.239125339149|0.20511833297|0.226441247435|0.214899819075|0.0178776563265
low_ra,5,7,delay_frontier,default,delayed,0|5|10|15|35|75|125|175|225,adjoint_lbfgsb,adjoint_lbfgsb,5,warm_start_perturbed,,7.662547801763227,7.663391214193903,0.0008434124306759827,True,True,False,False,value_and_gradient,7.663391214193903,907,907,584,106.99180483818054,CONVERGENCE: REL_REDUCTION_OF_F_<=_FACTR*EPSMCH,0|0.758903220998|0.562817931385|0.893840981445|0.684734124213|0.694484435198|0.479853942134|1|0.81259884336|0.822809337181|0.823327281769|0.587557243382|0.594416464508|0.600758322986|0.390023144731|1|0.975536389972|0.967972131047|0.971264024214|0.975483508085|0.697373305825|0.69675497924|0.694793895094|0.707454343033|0.709888323938|0.710720088032|0.450653781438|0.464812180761|0.46754151262|0.470654777898|0.268718391999|1|1|1|1|1|1|0.786884508351|0.781248319241|0.791644736476|0.791008856425|0.777618471768|0.784945989554|0.784661177124|0.784838815592|0.780238499668|0.775310836183|0.48478816894|0.480684764505|0.475836737949|0.485713139608|0.484409192404|0.49340315991|0.481166148422|0.492779961784|0.497261466837|0.501879444157|0.288905333629|0.287323579933|0.284526378625|0.282996221897|0.283455919186|0.124796384968|1|1|1|1|1|1|1|1|1|1|1|1|1|1|1|1|1|1|1|1|1|1|0.780205229735|0.767395117555|0.809089427201|0.838761317017|0.803308299455|0.797578746591|0.824634608317|0.836288527108|0.827994205442|0.818398449811|0.866993513673|0.859181109493|0.849616094337|0.820444645882|0.820904942452|0.841903939713|0.817853735681|0.814855359497|0.805806274025|0.823687296047|0.515751891203|0.512600844155|0.506313697888|0.553516161525|0.54623780322|0.53830911891|0.504246073603|0.519134972985|0.552133333577|0.519948955907|0.548450574178|0.544566871206|0.536874969685|0.505407208355|0.514427578744|0.295123752254|0.291034439965|0.286596263722|0.292582645173|0.267358307572|0.270326762583|0.0915011018944|1|1|1|1|1|1|1|1|1|1|1|1|1|1|1|1|1|1|1|1|1|1|1|1|1|1|1|1|1|1|1|1|1|1|1|1|1|1|1|1|1|1|1|1|1|1|1|1|1|1|1|1|1|1|1|1|1|1|1|1|1|1|1|1|0.542018498264|0.681775962435|0.79812049325|0.805588017198|0.801380145635|0.793585456236|0.901231705877|0.872113254319|0.867029372778|0.85090043223|0.909210227993|0.894219911815|0.878401662412|0.836423212304|0.830588628589|0.918498695589|0.851189599042|0.850490038413|0.836415374539|0.857462579978|0.884038398136|0.869325118908|0.856956770629|0.914341394892|0.906946464704|0.894805163245|0.839375360387|0.828907408284|0.892324222552|0.835436875879|0.886076658483|0.880603154324|0.863481454485|0.808561031785|0.810191266892|0.560408592854|0.570653288821|0.561695602446|0.596930982065|0.581727727812|0.579931904661|0.532049931294|0.555190930665|0.584097270011|0.538914187334|0.577335390933|0.56759437161|0.558397395376|0.509586226026|0.513218528841|0.563872493283|0.556407010255|0.546819696266|0.550617132972|0.488914975846|0.473168021659|0.262988986916|0.257840441083|0.243096599801|0.240524950807|0.212462401661|0.22691284359|0.20640263186|0.0320371201826
low_ra,5,7,delay_frontier,default,delayed,0|5|10|15|35|75|125|175|225,adjoint_lbfgsb,adjoint_lbfgsb,6,warm_start_perturbed,,7.6625020955860625,7.663391096900179,0.000889001314116733,True,True,False,False,value_and_gradient,7.663391096900179,521,521,343,61.06885266304016,CONVERGENCE: REL_REDUCTION_OF_F_<=_FACTR*EPSMCH,0|0.758974142617|0.562800063173|0.893931303259|0.684750845094|0.694569931387|0.479812748246|1|0.812641270602|0.822831388158|0.823371786136|0.587552409501|0.594546537559|0.600819150189|0.389978575546|1|0.975542900246|0.967972485693|0.971247479302|0.975619308782|0.697494683012|0.696720457838|0.694799159784|0.70746140001|0.709866992632|0.710851675243|0.45060772885|0.465039013382|0.467603177622|0.470536837317|0.268824388281|1|1|1|1|1|1|0.786861132222|0.780917341735|0.791851855959|0.790512128255|0.777631865452|0.784931356357|0.784388363814|0.784896407385|0.779992613981|0.775264327029|0.484218168956|0.48008938825|0.474767282947|0.485791064475|0.484118744727|0.493826333203|0.481566217429|0.493021833206|0.497040832845|0.501959461096|0.289272424584|0.287455020407|0.284663086545|0.282860519708|0.283774568036|0.124619001235|1|1|1|1|1|1|1|1|1|1|1|1|1|1|1|1|1|1|1|1|1|1|0.781201203881|0.769593063122|0.810860195831|0.839194574634|0.803015123177|0.79648476669|0.824966290813|0.836460818148|0.828824627337|0.818874845259|0.868021008296|0.860054455195|0.849696370985|0.820458806683|0.820957777276|0.840474736893|0.818048570468|0.815567432516|0.806141810611|0.823677697786|0.518421335629|0.512218646837|0.504163502642|0.551166285681|0.544544892126|0.536989097409|0.503916477146|0.518279909227|0.552170257664|0.519425803349|0.549901275719|0.546452386992|0.536911449495|0.502900520142|0.513008300691|0.2940643967|0.291414712163|0.286027119272|0.294140207817|0.265821260774|0.270369649883|0.0889831771383|1|1|1|1|1|1|1|1|1|1|1|1|1|1|1|1|1|1|1|1|1|1|1|1|1|1|1|1|1|1|1|1|1|1|1|1|1|1|1|1|1|1|1|1|1|1|1|1|1|1|1|1|1|1|1|1|1|1|1|1|1|1|1|1|0.513188442796|0.675943441577|0.792988236814|0.75076713406|0.805093344294|0.789205167373|0.900876028674|0.878327216133|0.851664000136|0.849331977817|0.905979969402|0.896382974462|0.880042276578|0.836520512198|0.820128778173|0.92721968666|0.852906119194|0.835621621886|0.843909856494|0.865706872456|0.86956630933|0.869524576173|0.865394894652|0.907091188282|0.925215269229|0.898408806747|0.831370140265|0.834919606451|0.909666191858|0.83449314766|0.907761779666|0.886425838096|0.888414701819|0.79431794698|0.792595495521|0.554334022564|0.54871209851|0.552780600077|0.553674091001|0.586835907744|0.588565238158|0.51701125698|0.547733458303|0.580085795106|0.539602588545|0.575971780743|0.563440902715|0.561945295551|0.515397599779|0.512458690546|0.562755540029|0.556238598903|0.547788166747|0.548364501174|0.490922060266|0.478944901924|0.261528506601|0.270322318641|0.273381592967|0.258568372643|0.23384090183|0.238270155077|0.220369928|0.0166576281121
low_ra,5,7,delay_frontier,default,delayed,0|5|10|15|35|75|125|175|225,adjoint_lbfgsb,adjoint_lbfgsb,7,warm_start_perturbed,,7.6624974100611025,7.663391105654547,0.0008936955934446544,True,True,False,False,value_and_gradient,7.663391105654547,488,488,343,57.13519906997681,CONVERGENCE: REL_REDUCTION_OF_F_<=_FACTR*EPSMCH,0|0.759005519058|0.562916599702|0.893928643254|0.684807206272|0.694576526258|0.479826199363|1|0.812601977104|0.822826138422|0.823417091435|0.58753029828|0.594449598077|0.600644545993|0.389837736946|1|0.975549471624|0.96780930106|0.971267324025|0.975544991924|0.697380777497|0.696708094794|0.694935319461|0.707453842862|0.709844594238|0.710741855629|0.450524055693|0.46498936842|0.467605516311|0.470676597774|0.268733680232|1|1|1|1|1|1|0.786839126636|0.781373386157|0.791720977632|0.790548522552|0.777621205483|0.784870022753|0.783681043553|0.784967432997|0.779848389607|0.775453530453|0.484837725819|0.480756518402|0.476308169337|0.485774004638|0.484122012131|0.49369501475|0.48022039618|0.49293492355|0.498686075788|0.502370390505|0.289849929441|0.28644770086|0.284808543423|0.283680663145|0.283875965927|0.124521067378|1|1|1|1|1|1|1|1|1|1|1|1|1|1|1|1|1|1|1|1|1|1|0.779365947241|0.769053481285|0.809467244866|0.839420927573|0.80236309199|0.798354826025|0.825976327678|0.836318803336|0.828264537129|0.818636258528|0.867102372749|0.859236803733|0.849574211273|0.820569061624|0.821270500943|0.84166310352|0.817772674318|0.815142743811|0.806509460778|0.823742786109|0.518435138003|0.512994974946|0.503532525484|0.551442388104|0.540841144967|0.53973778354|0.50409709473|0.517553471304|0.551441358818|0.519554041042|0.548078941807|0.544476171175|0.537271675423|0.504717360771|0.512846266593|0.294446204699|0.291425005003|0.286575190214|0.294887978526|0.268337092025|0.271265637854|0.0921932684445|1|1|1|1|1|1|1|1|1|1|1|1|1|1|1|1|1|1|1|1|1|1|1|1|1|1|1|1|1|1|1|1|1|1|1|1|1|1|1|1|1|1|1|1|1|1|1|1|1|1|1|1|1|1|1|1|1|1|1|1|1|1|1|1|0.576713365341|0.677735869473|0.747194168473|0.749441726888|0.80216440061|0.802332702622|0.898823447959|0.867415691144|0.861389340603|0.853312147014|0.902224710008|0.888715667078|0.881247294214|0.839655108545|0.825865451048|0.921986099468|0.83293545435|0.850907553758|0.837335672103|0.860831729447|0.883712004648|0.873331244992|0.854608486629|0.92111088939|0.896239681409|0.887869518811|0.824632045525|0.836977274097|0.898976364438|0.844164935748|0.878826398835|0.884629899157|0.886212801722|0.800510900454|0.812570949287|0.561722402248|0.591296240503|0.549164182155|0.59874560893|0.596067534958|0.574296812709|0.536174039866|0.552642452357|0.581399441672|0.537106580431|0.569879586063|0.553633028953|0.564910167744|0.507570774137|0.506536588335|0.562794888856|0.554942254168|0.552155549599|0.543300916706|0.49682134069|0.480960914439|0.263581002991|0.273576189209|0.228593033399|0.250047227066|0.227266146081|0.199671778835|0.230583329767|0.0399767480401
low_ra,10,8,delay_frontier,default,delayed,0|5|10|15|35|75|125|175|225,adjoint_lbfgsb,adjoint_lbfgsb,0,warm_start,,7.651396732660235,7.651448777948523,5.204528828794963e-05,True,True,False,False,value_and_gradient,7.651448777948523,366,366,246,69.15591311454773,CONVERGENCE: REL_REDUCTION_OF_F_<=_FACTR*EPSMCH,0|0|0|0.899578904442|0.694196964062|0.700895377611|0.489402160611|1|0.819436784144|0.825247648308|0.825516905185|0.599672252486|0.599674599766|0.603895375467|0.402434768464|1|0.966938908157|0.964699719048|0.964944169295|0.971089349856|0.702209014193|0.698649609637|0.696395295164|0.710134380458|0.708866736067|0.711328931265|0.468149729579|0.467954758307|0.470851223622|0.480461212582|0.278204822143|1|1|1|1|1|1|0.772868109184|0.790888955225|0.786935653289|0.783837204691|0.792279413687|0.791040622802|0.788495345686|0.773704018618|0.772878565722|0.77630272602|0.469879876814|0.470774288484|0.469661942422|0.491650059318|0.49049128097|0.488432190901|0.504248020107|0.502409339055|0.507635121589|0.501262331625|0.277285462187|0.277147201188|0.27518115381|0.291807382188|0.287922542849|0.128844816738|1|1|1|1|1|1|1|1|1|1|1|1|1|1|1|1|1|1|1|1|1|1|0.783987729255|0.827218234312|0.819311642342|0.81969397914|0.852141727264|0.844150326722|0.843705864479|0.819047398047|0.817500081563|0.847850751259|0.83554683212|0.826553324806|0.824138668653|0.843042334223|0.8428933062|0.834587224101|0.825394298104|0.823175540997|0.836823592799|0.802166858667|0.49902468494|0.520162079554|0.520408594793|0.523023295606|0.520946394534|0.517801174324|0.536313757329|0.537207345286|0.531531314903|0.511894789643|0.522636147931|0.522746501602|0.515664528178|0.533538447242|0.493369549768|0.279955010759|0.280568144571|0.27755188056|0.280885027873|0.283752303983|0.275733818458|0.086957688239|1|1|1|1|1|1|1|1|1|1|1|1|1|1|1|1|1|1|1|1|1|1|1|1|1|1|1|1|1|1|1|1|1|1|1|1|1|1|1|1|1|1|1|1|1|1|1|1|1|1|1|1|1|1|1|1|1|1|1|1|1|1|1|1|0.73503933314|0.7677547943|0.770242031715|0.772695540482|0.897577211962|0.886805343556|0.886641149993|0.820987196871|0.822816577122|0.918207682735|0.866125891371|0.85453586908|0.840377026452|0.894855806681|0.897247015398|0.88500691278|0.88836175748|0.89251241036|0.883010907904|0.823011379111|0.829263636462|0.819244748302|0.821007869076|0.873331105359|0.875662295737|0.862903819123|0.867662321726|0.872158418737|0.860803733231|0.785169708547|0.838890521612|0.843675726321|0.830388881577|0.841216818622|0.750963352871|0.5495273872|0.59529497749|0.593877202575|0.559228675175|0.557589487384|0.558071249421|0.564137508424|0.563722208307|0.554299848019|0.513828091762|0.541607843069|0.541476664941|0.531866702679|0.539237727904|0.47962694365|0.527680821488|0.527959633481|0.517523451792|0.52442028324|0.512834301588|0.496884080805|0.253375378217|0.251472635555|0.246997415257|0.228921849277|0.222882431766|0.213096846407|0.206641968584|0.0229885429889
low_ra,10,8,delay_frontier,default,delayed,0|5|10|15|35|75|125|175|225,adjoint_lbfgsb,adjoint_lbfgsb,1,structured_ramp,,7.578636782080905,7.651448728780536,0.07281194669963043,False,True,False,False,value_and_gradient,7.651448728780539,656,656,334,120.92035984992981,ABNORMAL_TERMINATION_IN_LNSRCH,0|0|0|0.899652016532|0.694262442523|0.700916191041|0.489627901543|1|0.819337576938|0.825101222979|0.825650094197|0.599452422645|0.599481018383|0.603952350868|0.402556421663|1|0.966766998116|0.964676677269|0.964975099781|0.971071806224|0.702233327123|0.698661286022|0.696439568659|0.709966834221|0.708943025665|0.711341387169|0.468126388846|0.467825203904|0.471122536687|0.480621695857|0.278488072478|1|1|1|1|1|1|0.772428056853|0.790841929802|0.786846793553|0.783878176332|0.792278762512|0.791053508886|0.788523127823|0.773737425836|0.772925852034|0.7767971128|0.469004125434|0.470549334268|0.469877698581|0.491693280493|0.490563217384|0.488480175767|0.504077940716|0.502329262939|0.507298849205|0.501634331294|0.278078910487|0.278047134097|0.275272837221|0.291874664444|0.288237427378|0.129471621994|1|1|1|1|1|1|1|1|1|1|1|1|1|1|1|1|1|1|1|1|1|1|0.778847936343|0.826883929701|0.819150613544|0.819371814335|0.854132818335|0.845868689383|0.845141158697|0.817784130152|0.81621156438|0.847333966817|0.836458730404|0.82756940731|0.826432458057|0.842714414648|0.842658398705|0.834294951045|0.826484519214|0.82452835765|0.837576000701|0.803105603108|0.492105766051|0.52014864238|0.521178227542|0.526511183356|0.525224056996|0.517987802372|0.53696666851|0.538090417855|0.532310583992|0.509992172038|0.523114929335|0.523311975676|0.515703345074|0.531932615789|0.493762730962|0.278524537183|0.278475815126|0.271976886272|0.280003588718|0.2863133066|0.27855835022|0.091539640719|1|1|1|1|1|1|1|1|1|1|1|1|1|1|1|1|1|1|1|1|1|1|1|1|1|1|1|1|1|1|1|1|1|1|1|1|1|1|1|1|1|1|1|1|1|1|1|1|1|1|1|1|1|1|1|1|1|1|1|1|1|1|1|1|0.754655343326|0.820652951944|0.815821162771|0.816900865931|0.892928278412|0.882150052326|0.881851022901|0.833861547234|0.833845864583|0.911169529975|0.861629161832|0.850066968609|0.849901889558|0.890538099514|0.890559751121|0.878573625175|0.887745138958|0.88903603594|0.878163987138|0.830909654566|0.841662295483|0.832212903385|0.832154253133|0.870110762896|0.870038386317|0.858117519411|0.869623048208|0.870023745368|0.859466788725|0.814001768171|0.844561001765|0.84509436324|0.833806043223|0.849218287509|0.795245937264|0.581795983896|0.618797659585|0.61911617742|0.583358288866|0.583277381599|0.57275555834|0.571888834126|0.572122444137|0.561751722151|0.517264310865|0.547055899098|0.547343114353|0.536077373609|0.539297871005|0.483954326077|0.531611477786|0.531898911045|0.520765444525|0.52333615417|0.512633839252|0.498710862163|0.306927109627|0.307130883376|0.296603210078|0.267388367551|0.235112929106|0.222213064356|0.21239960692|0.0855676507723
low_ra,10,8,delay_frontier,default,delayed,0|5|10|15|35|75|125|175|225,adjoint_lbfgsb,adjoint_lbfgsb,2,structured_sigmoid,,7.558790112446146,7.651448839660562,0.09265872721441593,True,True,False,False,value_and_gradient,7.651448839660562,851,851,523,159.3425166606903,CONVERGENCE: REL_REDUCTION_OF_F_<=_FACTR*EPSMCH,0|0|0|0.899595436982|0.69421232734|0.700938583885|0.489278167314|1|0.819364581474|0.825000356151|0.825620438765|0.599561693454|0.599513122504|0.604058641212|0.402440653911|1|0.966820604131|0.964704553896|0.964976859745|0.971081807839|0.702190647269|0.698749840344|0.696419139806|0.709937126099|0.708976419563|0.71134292443|0.467984958592|0.467926104432|0.470982935198|0.48063978218|0.278671765065|1|1|1|1|1|1|0.772217218428|0.790723709183|0.786753047632|0.783798671801|0.792240772849|0.791015462004|0.788488140742|0.773674191797|0.772992803524|0.776733686074|0.468996822433|0.470883960119|0.46985064945|0.49191369912|0.490753578864|0.48859374405|0.5040885102|0.502534015817|0.507339650795|0.501409220258|0.277795879587|0.277776290102|0.275054168014|0.291877034781|0.288333667705|0.129124495811|1|1|1|1|1|1|1|1|1|1|1|1|1|1|1|1|1|1|1|1|1|1|0.78105266741|0.825808176665|0.817884204969|0.818130470094|0.851469058213|0.843584668928|0.842891829071|0.819752290568|0.817290022791|0.847104385675|0.835114647192|0.826285188445|0.825184057313|0.844274562548|0.844167005868|0.835759095167|0.826743676561|0.823622339261|0.837412204466|0.802136982712|0.493201212435|0.521884398363|0.522497715825|0.526953444707|0.525655557315|0.518293954342|0.536630696927|0.537786609846|0.532099386579|0.510978369424|0.52292759877|0.523078703545|0.515565748667|0.533437922413|0.496117382104|0.273776344284|0.273701113619|0.269658787374|0.280109988274|0.285372189458|0.277064058013|0.0868261228543|1|1|1|1|1|1|1|1|1|1|1|1|1|1|1|1|1|1|1|1|1|1|1|1|1|1|1|1|1|1|1|1|1|1|1|1|1|1|1|1|1|1|1|1|1|1|1|1|1|1|1|1|1|1|1|1|1|1|1|1|1|1|1|1|0.748554511784|0.822256132845|0.816504429542|0.817617646102|0.893351070054|0.882037358472|0.881654961932|0.831929414304|0.832035408908|0.91291954253|0.860535115626|0.84869792658|0.848484717889|0.891391910785|0.891362293849|0.879365434818|0.893955415709|0.893281121482|0.881657787553|0.834890617419|0.839689306941|0.828790941584|0.828610034509|0.870542410224|0.870359085326|0.85845314692|0.872448685142|0.872616116428|0.861979406339|0.817006385049|0.847038883272|0.847427279684|0.836042149508|0.852592316856|0.798064103502|0.565954333549|0.609173061261|0.609416690185|0.571269335352|0.57120805469|0.560817037708|0.564148347965|0.564422748523|0.554554561391|0.512317120063|0.540552295194|0.540900430878|0.530298305865|0.537588307814|0.486382215152|0.526001180229|0.526345217201|0.516043961851|0.522963979976|0.519963902506|0.504914199849|0.237671506119|0.237974783951|0.23028049611|0.220677900468|0.229302169758|0.217014675144|0.209283677372|0.022726580015
low_ra,10,8,delay_frontier,default,delayed,0|5|10|15|35|75|125|175|225,adjoint_lbfgsb,adjoint_lbfgsb,3,structured_constant,,7.631530183280487,7.651448790005037,0.01991860672454937,True,True,False,False,value_and_gradient,7.651448790005037,546,546,376,78.7438530921936,CONVERGENCE: REL_REDUCTION_OF_F_<=_FACTR*EPSMCH,0|0|0|0.899455351673|0.694133832113|0.70095723816|0.489040134542|1|0.819441194302|0.825109828347|0.825518030617|0.599634918471|0.599574639997|0.603882258781|0.402396074695|1|0.96662260199|0.964723327629|0.964966070827|0.97111005076|0.702190195589|0.698709813427|0.696478998402|0.709913847677|0.709159431425|0.711273573629|0.467928551916|0.467787741402|0.470982384493|0.480129657513|0.27871843817|1|1|1|1|1|1|0.771948799709|0.790818217504|0.786836803799|0.783843959596|0.792237935189|0.791063075276|0.788558673897|0.774050968159|0.772793697012|0.776356442185|0.469004224483|0.471037810923|0.470414964802|0.492340840105|0.491174600584|0.489040291282|0.504193300851|0.50234740421|0.506854315019|0.500282778121|0.277809939177|0.277815711151|0.274650780166|0.291075489672|0.288279859418|0.127354043307|1|1|1|1|1|1|1|1|1|1|1|1|1|1|1|1|1|1|1|1|1|1|0.780535454212|0.826108750696|0.818050824141|0.81830752985|0.849775861278|0.842149025125|0.84146316522|0.817418598402|0.816249984739|0.847907950597|0.833890008004|0.825494594404|0.824481953021|0.842159623492|0.84208329834|0.834046834749|0.826607851265|0.824289273369|0.837564947849|0.801751510324|0.496447624764|0.519154879557|0.520010275668|0.52692377562|0.525676100584|0.518073044799|0.532218315213|0.533280728725|0.527318677241|0.515392458339|0.517808596746|0.517949138581|0.510121576917|0.530682886781|0.495744861626|0.276586412998|0.276560323184|0.272805840979|0.286730060176|0.288766981551|0.282030257653|0.0793328301762|1|1|1|1|1|1|1|1|1|1|1|1|1|1|1|1|1|1|1|1|1|1|1|1|1|1|1|1|1|1|1|1|1|1|1|1|1|1|1|1|1|1|1|1|1|1|1|1|1|1|1|1|1|1|1|1|1|1|1|1|1|1|1|1|0.754352042935|0.816271279158|0.811331447004|0.812180338367|0.895005953148|0.883752784042|0.883394429269|0.833541167775|0.833491795345|0.911624653967|0.862254916825|0.850329490861|0.850128157346|0.890181584773|0.890162928806|0.877809370955|0.88311620058|0.882545464324|0.873001755168|0.824895277892|0.84121137064|0.831020051521|0.830946099811|0.868650807706|0.868603464209|0.856296378099|0.863351260892|0.863638202991|0.852757971981|0.806124688899|0.83706750581|0.837467338406|0.825745802562|0.83566326035|0.779389181966|0.557784926241|0.604642860198|0.604211587963|0.56774149731|0.567665759288|0.557440128509|0.562253302741|0.562502389772|0.552488041236|0.509419192255|0.538295386981|0.53864093178|0.52782523108|0.533941325867|0.480426742603|0.523272790506|0.523618232336|0.512994254291|0.518535616194|0.510952547238|0.496309356985|0.280263829129|0.280567152827|0.271296927863|0.248602265655|0.22823425481|0.215263593852|0.206221383816|0.0711009665496
low_ra,10,8,delay_frontier,default,delayed,0|5|10|15|35|75|125|175|225,adjoint_lbfgsb,adjoint_lbfgsb,4,warm_start_perturbed,,7.650721177935564,7.651448834445955,0.0007276565103913057,True,True,False,False,value_and_gradient,7.651448834445955,665,665,390,77.26890778541565,CONVERGENCE: REL_REDUCTION_OF_F_<=_FACTR*EPSMCH,0|0|0|0.899616845762|0.694175609825|0.700942743836|0.48917138346|1|0.819426765609|0.825108126008|0.825656362193|0.599630859451|0.599452396596|0.603923099579|0.402388413483|1|0.966674821198|0.964690352995|0.964960353664|0.971076752753|0.702207540333|0.698621106482|0.696427498426|0.709959839812|0.708936423719|0.711332770043|0.46819430442|0.468122119156|0.470974631885|0.480339840956|0.278488782807|1|1|1|1|1|1|0.771722335448|0.790797284632|0.786843189418|0.783940268367|0.792347962351|0.791057813038|0.788621714593|0.773515887191|0.772702600688|0.776690395582|0.46895145117|0.470329815435|0.469826055856|0.491654529673|0.490629207481|0.488498012103|0.504244293364|0.50198075104|0.507060129066|0.500982258103|0.27694275986|0.278850893086|0.274775439586|0.291783793392|0.288149595164|0.128879503587|1|1|1|1|1|1|1|1|1|1|1|1|1|1|1|1|1|1|1|1|1|1|0.777297952458|0.825865072455|0.817988374522|0.81822968386|0.853144358321|0.84249752357|0.843300782292|0.820179600641|0.814763090813|0.848749909437|0.834651239659|0.824969186247|0.821698207372|0.843150117855|0.842864421205|0.834704962761|0.825364974703|0.823918848045|0.837349949021|0.800379813742|0.493051868875|0.517389791579|0.519513566865|0.52523973671|0.522756002739|0.517753382359|0.536633210355|0.538393387018|0.532075394051|0.512591368878|0.523109362169|0.523012551404|0.515477054343|0.533127801768|0.495893158191|0.280615563858|0.278144039076|0.271353266722|0.280671054441|0.28384970648|0.27557494356|0.0755161205404|1|1|1|1|1|1|1|1|1|1|1|1|1|1|1|1|1|1|1|1|1|1|1|1|1|1|1|1|1|1|1|1|1|1|1|1|1|1|1|1|1|1|1|1|1|1|1|1|1|1|1|1|1|1|1|1|1|1|1|1|1|1|1|1|0.764111124693|0.799060201907|0.79238496123|0.790656332565|0.893145146684|0.887871642135|0.88371690217|0.831243877614|0.828697509815|0.914889507685|0.86022149459|0.851110171311|0.842917659982|0.894535213754|0.886204916411|0.879099492805|0.887803505274|0.887791358106|0.879027577496|0.825257902748|0.831929782308|0.823238187077|0.831044128489|0.868327239369|0.866624902408|0.860404715783|0.866974438581|0.868416115683|0.855710267047|0.810361032265|0.839314584921|0.839572788573|0.828478777367|0.838604221205|0.787669781563|0.542273343513|0.593894635294|0.59163367039|0.559433296181|0.562076816438|0.55419081097|0.564902235747|0.563355261918|0.555800653436|0.513874175452|0.54052443284|0.541139682626|0.527309912089|0.54007924536|0.47942506173|0.526549225901|0.525682838145|0.511375331726|0.526675735929|0.520687475836|0.497195380701|0.237453769846|0.263896727746|0.241935688982|0.242263956912|0.22801534335|0.211040521845|0.205197669425|0.0174785180395
low_ra,10,8,delay_frontier,default,delayed,0|5|10|15|35|75|125|175|225,adjoint_lbfgsb,adjoint_lbfgsb,5,warm_start_perturbed,,7.6506439049339265,7.651448830492835,0.0008049255589082094,True,True,False,False,value_and_gradient,7.651448830492835,784,784,451,98.92455577850342,CONVERGENCE: REL_REDUCTION_OF_F_<=_FACTR*EPSMCH,0|0|0|0.899605762328|0.694149931906|0.700848701865|0.489169277447|1|0.819379166632|0.825105432036|0.825640274763|0.599633455878|0.599559317448|0.603881929566|0.402483783289|1|0.96672902533|0.964714211137|0.964954527993|0.971080801912|0.702194453936|0.698655894328|0.696414866961|0.709951152632|0.708927670293|0.711310794924|0.468015258345|0.467865402653|0.470960565388|0.48047803213|0.278689215945|1|1|1|1|1|1|0.771083160337|0.790793912187|0.786853482758|0.783841270671|0.792235255002|0.79102583022|0.788470545742|0.773876383259|0.773157548272|0.776537293132|0.468954989944|0.470623363903|0.469931364542|0.491611531072|0.49040042307|0.488823462146|0.504043332203|0.50226713206|0.506482281225|0.50135714559|0.278117563672|0.27728252024|0.27539993615|0.292587420653|0.288238905213|0.128938252794|1|1|1|1|1|1|1|1|1|1|1|1|1|1|1|1|1|1|1|1|1|1|0.778580105683|0.82701681432|0.818354840425|0.818249339816|0.850916194143|0.843010667372|0.841813431066|0.817447707185|0.81567314094|0.845576127841|0.834804624537|0.825778896591|0.824723395968|0.842764389678|0.842340571258|0.834013515033|0.826478747029|0.824244553216|0.836755435952|0.802096519489|0.496182823636|0.518898384364|0.520052725043|0.528101871803|0.521044979008|0.514652970173|0.538298389154|0.535723248266|0.531366582176|0.51151789792|0.522429419533|0.5258262839|0.514455554713|0.533271761662|0.496070854841|0.284193900162|0.283849956193|0.273724556845|0.278750097867|0.284359414169|0.276454373584|0.0808542617454|1|1|1|1|1|1|1|1|1|1|1|1|1|1|1|1|1|1|1|1|1|1|1|1|1|1|1|1|1|1|1|1|1|1|1|1|1|1|1|1|1|1|1|1|1|1|1|1|1|1|1|1|1|1|1|1|1|1|1|1|1|1|1|1|0.762796449347|0.786890359807|0.801347858068|0.80311881497|0.892989703597|0.893113612579|0.889962719298|0.824288502509|0.82290013525|0.915128744965|0.86869988645|0.855020653916|0.836012776184|0.89086156378|0.885532488665|0.883188308395|0.887321389681|0.88827762412|0.877699930242|0.826697648245|0.841310045348|0.818451669952|0.820554257797|0.869580868329|0.868735953857|0.858831400359|0.867584490161|0.867793598|0.855103475061|0.80503321246|0.839048182957|0.839298389671|0.825642621849|0.838582414916|0.783826989901|0.518731844673|0.592091519425|0.603214006707|0.559608468478|0.557161575243|0.553224872811|0.564799648287|0.564975102497|0.553601149799|0.50780559113|0.541531993907|0.543012598386|0.52740797115|0.540701035353|0.478262943653|0.525563707835|0.524683529178|0.508958437896|0.527447561375|0.517127395031|0.487264101054|0.254647613439|0.227216206316|0.226717553926|0.234944065082|0.232695623393|0.213498234672|0.207813729867|0.0315683677988
low_ra,10,8,delay_frontier,default,delayed,0|5|10|15|35|75|125|175|225,adjoint_lbfgsb,adjoint_lbfgsb,6,warm_start_perturbed,,7.650628067035048,7.651448762857179,0.0008206958221306238,True,True,False,False,value_and_gradient,7.651448762857179,634,634,367,72.46851229667664,CONVERGENCE: REL_REDUCTION_OF_F_<=_FACTR*EPSMCH,0|0|0|0.899658497432|0.694135375761|0.700922927979|0.489202538942|1|0.819386945454|0.825141535179|0.82564252597|0.599517645377|0.599514713493|0.603922334494|0.402567607183|1|0.967008359903|0.964696216403|0.964965023772|0.971075368561|0.702253094769|0.698642200468|0.696481605988|0.709976199006|0.708985493184|0.711380846237|0.46762875662|0.467794182709|0.470966394908|0.480391390281|0.27878299985|1|1|1|1|1|1|0.772758184996|0.790712798955|0.786853112137|0.78383980622|0.792104196351|0.79105783504|0.788413426993|0.773495732031|0.7734005269|0.776453510181|0.468768882522|0.470408090531|0.469659123461|0.491566895943|0.490536767638|0.488444594674|0.503639083223|0.501986538357|0.507199789807|0.501033323722|0.277705772552|0.277868976884|0.275069427049|0.29192612973|0.28876481413|0.126449515421|1|1|1|1|1|1|1|1|1|1|1|1|1|1|1|1|1|1|1|1|1|1|0.782958711733|0.8260933423|0.81816439874|0.818286982127|0.850792862137|0.843283689553|0.842448167756|0.818144165537|0.81680624294|0.848313449498|0.834593993564|0.826230793143|0.825029879218|0.843263906117|0.842447403124|0.834782900815|0.829224277658|0.825106577972|0.83679786892|0.800311748419|0.4959286049|0.520320951188|0.519830576472|0.523912595549|0.523301509541|0.517292001832|0.536687263231|0.537685623194|0.531731957705|0.512323171125|0.52282905019|0.523090935621|0.515793903372|0.533244778362|0.495879497585|0.27642555303|0.280937518532|0.276058327356|0.281787175204|0.284771797284|0.276635088434|0.0873421425183|1|1|1|1|1|1|1|1|1|1|1|1|1|1|1|1|1|1|1|1|1|1|1|1|1|1|1|1|1|1|1|1|1|1|1|1|1|1|1|1|1|1|1|1|1|1|1|1|1|1|1|1|1|1|1|1|1|1|1|1|1|1|1|1|0.736390724288|0.770574890416|0.791242586474|0.768577886606|0.897789830543|0.88698921075|0.884762019318|0.829443393933|0.832629670962|0.891079145168|0.867037911215|0.853118337318|0.842978236178|0.880994557141|0.896515851839|0.8857338968|0.902276217254|0.897883031655|0.884945570192|0.823222675132|0.832734629144|0.816887763343|0.817261361254|0.850847254819|0.880014638718|0.856265472398|0.87006096097|0.867076510214|0.834412690858|0.785279832936|0.830863585222|0.83881318754|0.845216885382|0.829109461508|0.783808947339|0.551565475655|0.605227290835|0.589584204343|0.542941624389|0.562269843114|0.543059555084|0.56451930684|0.564715068176|0.554408804485|0.512613087946|0.541299858163|0.542191594895|0.530006352747|0.540196533534|0.481672771943|0.525203984648|0.52805828482|0.517916181264|0.521491057103|0.524937702379|0.505023040008|0.259626566704|0.223235006899|0.256194686726|0.239192970729|0.238899389888|0.202647156277|0.213818998425|0.014032699814
low_ra,10,8,delay_frontier,default,delayed,0|5|10|15|35|75|125|175|225,adjoint_lbfgsb,adjoint_lbfgsb,7,warm_start_perturbed,,7.650464966318516,7.65144882706499,0.0009838607464738303,True,True,False,False,value_and_gradient,7.65144882706499,645,645,412,74.08605456352234,CONVERGENCE: REL_REDUCTION_OF_F_<=_FACTR*EPSMCH,0|0|0|0.899680062368|0.694242614358|0.700917363114|0.489170527941|1|0.819346514502|0.825148762328|0.825645005274|0.599514044646|0.599497541023|0.604031493716|0.402351684692|1|0.966743298706|0.964650497425|0.965043909324|0.971192744605|0.702174341873|0.698635212058|0.696436762078|0.709931601754|0.708937078081|0.711354642543|0.467999115471|0.467859109839|0.471121414784|0.480510809072|0.278390780725|1|1|1|1|1|1|0.77104950774|0.790832210965|0.786817780369|0.783834060336|0.79186664409|0.790756066235|0.78887754642|0.77299447673|0.772915437257|0.776504866778|0.468567869284|0.469709641061|0.469519906524|0.491699614943|0.490547630245|0.488757282213|0.503770128985|0.502116845969|0.506779518801|0.501442484069|0.277597698442|0.277379772373|0.275203456233|0.292529241412|0.288666933726|0.130257912202|1|1|1|1|1|1|1|1|1|1|1|1|1|1|1|1|1|1|1|1|1|1|0.778971387853|0.825387540453|0.818805620763|0.81700236228|0.84936615549|0.843865001825|0.842442121697|0.817793954918|0.816703220788|0.847934068362|0.834451347005|0.824697624922|0.825607809289|0.842872850753|0.843073752768|0.834736196586|0.827339447379|0.824703621959|0.836530441589|0.801436565535|0.493436000716|0.522717230554|0.520523994662|0.530398496321|0.528828222298|0.519686352272|0.536258948797|0.536687384052|0.531729780126|0.511861770088|0.522229108103|0.522953461729|0.515272963496|0.534136151514|0.495907293193|0.281786727961|0.275141963145|0.27049553565|0.280945550805|0.2810247567|0.279776290359|0.0745815751846|1|1|1|1|1|1|1|1|1|1|1|1|1|1|1|1|1|1|1|1|1|1|1|1|1|1|1|1|1|1|1|1|1|1|1|1|1|1|1|1|1|1|1|1|1|1|1|1|1|1|1|1|1|1|1|1|1|1|1|1|1|1|1|1|0.761405293472|0.794532232103|0.800959213172|0.801833955072|0.901229338176|0.889042516505|0.887752253944|0.827564348486|0.818500191964|0.913009493476|0.864153098651|0.848868133975|0.850508090535|0.892905257867|0.89624022688|0.879807344422|0.888931521508|0.882633566404|0.881434731465|0.828145895484|0.828988390538|0.82102977253|0.827314691879|0.863840818265|0.872103338381|0.857616956306|0.860460302499|0.862459922636|0.850600310775|0.800098058996|0.840354659772|0.838035293484|0.822929134343|0.840295450684|0.775895388377|0.546360754065|0.599429574146|0.597977517663|0.554186414106|0.555979026003|0.552899486457|0.562823953468|0.561726651536|0.556365659043|0.508022390604|0.542839289109|0.543680918993|0.527696553987|0.536735438297|0.475667949895|0.518713656461|0.527284331211|0.518324989973|0.526268088809|0.520802549097|0.502194140739|0.255922527812|0.237034143578|0.235579415049|0.227151629544|0.212389140687|0.207672992879|0.200130088234|0.0170136604516
