sample_index,delay_year,task_id,run_type,comparison_type,tree_spec,decision_times_optimal,decision_times_delayed,ra,eis,pref,tech_chg,tech_scale,bs_premium,backstop_smoothing_width,backstop_smoothing_mode,cost_formulation,growth,baseline_num,dam_func,tip_on,d_unc,t_unc,no_free_lunch,period_len,emissions_time_step,damage_file_tag,u_optimal,u_delayed,utility_loss,mac_grid_point,mac_horizontal_shift,mac_vertical_shift,mac_shift_formula,mac_policy_cap,mac_grid_ra,mac_grid_eis,mac_grid_prtp,m_opt_2025,m_opt_2030,m_opt_2035,m_opt_2040,m_opt_2060,m_opt_2100,m_opt_2150,m_opt_2200,m_opt_2250,m_delay_2025,m_delay_2030,m_delay_2035,m_delay_2040,m_delay_2060,m_delay_2100,m_delay_2150,m_delay_2200,m_delay_2250,T_opt_2025,T_opt_2030,T_opt_2035,T_opt_2040,T_opt_2060,T_opt_2100,T_opt_2150,T_opt_2200,T_opt_2250,T_delay_2025,T_delay_2030,T_delay_2035,T_delay_2040,T_delay_2060,T_delay_2100,T_delay_2150,T_delay_2200,T_delay_2250,conc_opt_2025,conc_opt_2030,conc_opt_2035,conc_opt_2040,conc_opt_2060,conc_opt_2100,conc_opt_2150,conc_opt_2200,conc_opt_2250,conc_delay_2025,conc_delay_2030,conc_delay_2035,conc_delay_2040,conc_delay_2060,conc_delay_2100,conc_delay_2150,conc_delay_2200,conc_delay_2250,dam_opt_2025,dam_opt_2030,dam_opt_2035,dam_opt_2040,dam_opt_2060,dam_opt_2100,dam_opt_2150,dam_opt_2200,dam_opt_2250,dam_delay_2025,dam_delay_2030,dam_delay_2035,dam_delay_2040,dam_delay_2060,dam_delay_2100,dam_delay_2150,dam_delay_2200,dam_delay_2250,price_opt_2025,price_opt_2030,price_opt_2035,price_opt_2040,price_opt_2060,price_opt_2100,price_opt_2150,price_opt_2200,price_opt_2250,price_delay_2025,price_delay_2030,price_delay_2035,price_delay_2040,price_delay_2060,price_delay_2100,price_delay_2150,price_delay_2200,price_delay_2250
mac_p055_h0p2_v250,15,165,mac_shift_grid,mac_base_m_plus_h_plus_v,default,0|5|10|15|35|75|125|175|225,0|5|10|15|35|75|125|175|225,7.0,0.9,0.005,1.5,1.5,10000.0,0.0,one_sided_huber,additive_removal_premium_v1,0.015,2,0,1,1,1,True,5.0,5.0,_FIXEDLEARN_GRID5,7.4882691448049075,7.483108864131005,0.0051602806739028395,55,0.2,250.0,MAC_base(m+h)+v,1.0,7.0,0.9,0.005,0.0,0.07094615202620369,0.1146319844936548,0.15862375803126455,0.21121627764079384,0.2286919532584386,0.21773922337698642,0.22344503752815492,nan,0.0,1.1102230246251565e-16,0.0,0.0,0.14236025780042771,0.18660997503972473,0.17972987011974406,0.18706212604145322,nan,1.4196,1.522910060166807,1.6185793111644209,1.7050743474850851,2.038689769161743,2.439441425603399,2.6180379969692114,2.7070471227157826,nan,1.4196,1.5307992167000002,1.6443419239000001,1.7588945192,2.0927325393407097,2.495083195244063,2.6762690300785916,2.7673661947367476,nan,425.6,446.0525421976606,460.21270169449394,470.86641441427383,506.54967886427335,520.6751388351219,499.7034779421024,476.95725067134066,nan,425.6,447.78084386976184,465.5475315098372,481.5023071324044,514.1620990391823,526.9717558889663,505.5448524230064,482.596429796224,nan,0.0,0.0005828209493440497,0.0012445648190230368,0.0019469668194016896,0.0056705031342083835,0.02636854773404834,0.03219944305376912,0.03468009068948857,nan,0.0,0.0006332068992394159,0.0014976455049262696,0.002605083858391802,0.006611511654973369,0.029110270381797337,0.03525432371598493,0.03790247226237676,nan,324.30087975261995,333.52009948590825,340.71930624497963,324.87942530571235,224.49378233700892,93.41498939428199,46.53372194846412,21.69961849837285,nan,306.5610989664851,284.24850994506653,263.5599091939051,333.57354109115585,230.46104987502338,96.19471732819665,48.8137797164336,23.119242996456435,nan
mac_p066_h0p25_v250,15,198,mac_shift_grid,mac_base_m_plus_h_plus_v,default,0|5|10|15|35|75|125|175|225,0|5|10|15|35|75|125|175|225,7.0,0.9,0.005,1.5,1.5,10000.0,0.0,one_sided_huber,additive_removal_premium_v1,0.015,2,0,1,1,1,True,5.0,5.0,_FIXEDLEARN_GRID5,7.481479571773325,7.477107475425403,0.0043720963479216834,66,0.25,250.0,MAC_base(m+h)+v,1.0,7.0,0.9,0.005,0.0,0.043160778209315964,0.09265193250907638,0.13509813803377999,0.18792825581470435,0.2042460548276882,0.19304267648236798,0.1983610229736399,nan,0.0,1.1102230246251565e-16,0.0,0.0,0.12817712066065662,0.16577035589346362,0.15860729953241895,0.1655347668835952,nan,1.4196,1.5259997719709617,1.6235191503348574,1.7130564614110135,2.056967752907941,2.471764360662996,2.6558735641827598,2.748633802249161,nan,1.4196,1.5307992167000002,1.6443419239000001,1.7588945192,2.1038644058447344,2.52263782401909,2.708629199400636,2.803056310629167,nan,425.6,446.7294148208573,461.171718294989,472.3641564944148,509.48663401543513,524.9102156015325,503.8946211580858,481.1572433800909,nan,425.6,447.78084386976184,465.5475315098372,481.5023071324044,516.141271522471,530.7766402830475,509.20248818164396,486.2470863869184,nan,0.0,0.0006025502384988734,0.00128898986615575,0.0020329212730002327,0.0059739023331752215,0.0279580655876609,0.03423526697067823,0.036951524189316805,nan,0.0,0.0006332068992394159,0.0014976455049262696,0.002605083858391802,0.006820015583739842,0.030508384187382213,0.03704267572689374,0.03990998279180303,nan,330.4755402523845,343.0786682836873,348.5495823275352,333.6758683027177,231.13703145515058,97.32675622784956,49.64729629006651,23.4282407639377,nan,318.7599511783242,295.55948702580315,274.0476338010435,340.27136457254005,235.45628154348174,100.0999488178987,51.98707001234138,24.86626142688762,nan
mac_p066_h0p25_v250,10,197,mac_shift_grid,mac_base_m_plus_h_plus_v,default,0|5|10|15|35|75|125|175|225,0|5|10|15|35|75|125|175|225,7.0,0.9,0.005,1.5,1.5,10000.0,0.0,one_sided_huber,additive_removal_premium_v1,0.015,2,0,1,1,1,True,5.0,5.0,_FIXEDLEARN_GRID5,7.481479571773325,7.480159666398598,0.0013199053747268152,66,0.25,250.0,MAC_base(m+h)+v,1.0,7.0,0.9,0.005,0.0,0.043160778209315964,0.09265193250907638,0.13509813803377999,0.18792825581470435,0.2042460548276882,0.19304267648236798,0.1983610229736399,nan,0.0,1.1102230246251565e-16,0.0,0.07403061532845934,0.16116354021725682,0.18708832067823275,0.17759765420231272,0.18366055910752238,nan,1.4196,1.5259997719709617,1.6235191503348574,1.7130564614110135,2.056967752907941,2.471764360662996,2.6558735641827598,2.748633802249161,nan,1.4196,1.5307992167000002,1.6443419239000001,1.7337763371660502,2.077974476463727,2.494450715523453,2.6795356243519537,2.7730056378843058,nan,425.6,446.7294148208573,461.171718294989,472.3641564944148,509.48663401543513,524.9102156015325,503.8946211580858,481.1572433800909,nan,425.6,447.78084386976184,465.5475315098372,475.9891824706526,512.3800983836427,527.4897861384993,506.26628625439747,483.4273730457857,nan,0.0,0.0006025502384988734,0.00128898986615575,0.0020329212730002327,0.0059739023331752215,0.0279580655876609,0.03423526697067823,0.036951524189316805,nan,0.0,0.0006332068992394159,0.0014976455049262696,0.0022752834358127035,0.006338745501517894,0.029044637704428222,0.03544240491599954,0.03822360692613623,nan,330.4755402523845,343.0786682836873,348.5495823275352,333.6758683027177,231.13703145515058,97.32675622784956,49.64729629006651,23.4282407639377,nan,318.7599511783242,295.55948702580315,351.5089978248377,336.8269629527091,233.0623111585751,98.54030676212022,50.63161811801682,24.001702367031832,nan
mac_p054_h0p2_v225,10,161,mac_shift_grid,mac_base_m_plus_h_plus_v,default,0|5|10|15|35|75|125|175|225,0|5|10|15|35|75|125|175|225,7.0,0.9,0.005,1.5,1.5,10000.0,0.0,one_sided_huber,additive_removal_premium_v1,0.015,2,0,1,1,1,True,5.0,5.0,_FIXEDLEARN_GRID5,7.496738842055222,7.494351562221534,0.0023872798336874723,54,0.2,225.0,MAC_base(m+h)+v,1.0,7.0,0.9,0.005,0.0,0.13478877470889372,0.1562744558486151,0.19683998620169407,0.25027402463324533,0.2650677800499405,0.2540430170481592,0.25993576797067897,nan,0.0,1.1102230246251565e-16,0.0,0.0939633363482188,0.20433585575731106,0.2360932615526959,0.22834947404350847,0.23515809417284902,nan,1.4196,1.5158108105324184,1.6092205020361567,1.6921077907223618,2.0080346594223926,2.391344461998172,2.562419912732027,2.646549298113022,nan,1.4196,1.5307992167000002,1.6443419239000001,1.7270132741713031,2.0440899804932346,2.4296552437607053,2.6017828964501475,2.687628096627252,nan,425.6,444.4972878479523,458.44626759388785,468.5246299482064,501.62627456531726,514.4923081954855,493.6083113600401,470.9072853339214,nan,425.6,447.78084386976184,465.5475315098372,474.50477530555906,506.5823358225981,518.8165749555399,497.5123758303586,474.74378148892396,nan,0.0,0.0005379584833136589,0.0011655996031265236,0.0018182536676605312,0.005212580273113891,0.02447708453263018,0.029791234528531198,0.0319915556004884,nan,0.0,0.0006332068992394159,0.0014976455049262696,0.002198154501239511,0.0057807979564577245,0.026167343432588176,0.03163561277132921,0.0339444536829573,nan,315.96589027795443,317.6644464815747,329.7207118851629,315.2130974735753,214.8725832739826,86.58478831658736,42.72374067973786,19.54669953604867,nan,279.5986797944611,259.24850994506653,334.85605935736334,319.9298069874635,218.29849473815528,88.59299068776083,44.109073882702134,20.491156917916758,nan
mac_p066_h0p25_v250,5,196,mac_shift_grid,mac_base_m_plus_h_plus_v,default,0|5|10|15|35|75|125|175|225,0|5|10|15|35|75|125|175|225,7.0,0.9,0.005,1.5,1.5,10000.0,0.0,one_sided_huber,additive_removal_premium_v1,0.015,2,0,1,1,1,True,5.0,5.0,_FIXEDLEARN_GRID5,7.481479571773325,7.48144079865456,3.87731187645457e-05,66,0.25,250.0,MAC_base(m+h)+v,1.0,7.0,0.9,0.005,0.0,0.043160778209315964,0.09265193250907638,0.13509813803377999,0.18792825581470435,0.2042460548276882,0.19304267648236798,0.1983610229736399,nan,0.0,1.1102230246251565e-16,0.07159994516225276,0.12135289893823006,0.18191523811352217,0.20023034863113376,0.18939867669780008,0.19486596301506048,nan,1.4196,1.5259997719709617,1.6235191503348574,1.7130564614110135,2.056967752907941,2.471764360662996,2.6558735641827598,2.748633802249161,nan,1.4196,1.5307992167000002,1.628250414473101,1.717720145701227,2.0616871679200264,2.4770740207263136,2.6614562393382575,2.7544282470790145,nan,425.6,446.7294148208573,461.171718294989,472.3641564944148,509.48663401543513,524.9102156015325,503.8946211580858,481.1572433800909,nan,425.6,447.78084386976184,462.0156693704766,473.1109574929696,510.1163286255595,525.5130282885084,504.45477167530083,481.69872229152134,nan,0.0,0.0006025502384988734,0.00128898986615575,0.0020329212730002327,0.0059739023331752215,0.0279580655876609,0.03423526697067823,0.036951524189316805,nan,0.0,0.0006332068992394159,0.0013276226920272294,0.0020785937531959107,0.006045934163476288,0.02816953916760844,0.03447665734119326,0.037209868790268844,nan,330.4755402523845,343.0786682836873,348.5495823275352,333.6758683027177,231.13703145515058,97.32675622784956,49.64729629006651,23.4282407639377,nan,318.7599511783242,343.3536832236197,349.269749718699,334.3301572765252,231.4751039957576,97.60526594394494,49.867918817927006,23.558038939382982,nan
mac_p055_h0p2_v250,5,163,mac_shift_grid,mac_base_m_plus_h_plus_v,default,0|5|10|15|35|75|125|175|225,0|5|10|15|35|75|125|175|225,7.0,0.9,0.005,1.5,1.5,10000.0,0.0,one_sided_huber,additive_removal_premium_v1,0.015,2,0,1,1,1,True,5.0,5.0,_FIXEDLEARN_GRID5,7.4882691448049075,7.488170098064599,9.904674030813965e-05,55,0.2,250.0,MAC_base(m+h)+v,1.0,7.0,0.9,0.005,0.0,0.07094615202620369,0.1146319844936548,0.15862375803126455,0.21121627764079384,0.2286919532584386,0.21773922337698642,0.22344503752815492,nan,0.0,1.1102230246251565e-16,0.08015441042685162,0.13604043114935224,0.20160195381595034,0.22310771730834078,0.21282987778473628,0.21877966796034778,nan,1.4196,1.522910060166807,1.6185793111644209,1.7050743474850851,2.038689769161743,2.439441425603399,2.6180379969692114,2.7070471227157826,nan,1.4196,1.5307992167000002,1.626327867491599,1.7127367465214198,2.046235728020486,2.4468250321615215,2.6255592053358185,2.7147818187988,nan,425.6,446.0525421976606,460.21270169449394,470.86641441427383,506.54967886427335,520.6751388351219,499.7034779421024,476.95725067134066,nan,425.6,447.78084386976184,461.5936970921174,472.09433440562,507.54740592547876,521.4708122262701,500.4313663111475,477.6632825019789,nan,0.0,0.0005828209493440497,0.0012445648190230368,0.0019469668194016896,0.0056705031342083835,0.02636854773404834,0.03219944305376912,0.03468009068948857,nan,0.0,0.0006332068992394159,0.0013077678209683875,0.0020205908175262182,0.005781337750162356,0.0266633575823488,0.03252324113376788,0.03502223438137011,nan,324.30087975261995,333.52009948590825,340.71930624497963,324.87942530571235,224.49378233700892,93.41498939428199,46.53372194846412,21.69961849837285,nan,306.5610989664851,334.06583053587553,341.9217563530282,325.9710393392415,225.40022318986775,93.87642779726215,46.83865375734094,21.88906838596902,nan
mac_p065_h0p25_v225,15,195,mac_shift_grid,mac_base_m_plus_h_plus_v,default,0|5|10|15|35|75|125|175|225,0|5|10|15|35|75|125|175|225,7.0,0.9,0.005,1.5,1.5,10000.0,0.0,one_sided_huber,additive_removal_premium_v1,0.015,2,0,1,1,1,True,5.0,5.0,_FIXEDLEARN_GRID5,7.489118664374463,7.483527287660991,0.005591376713472762,65,0.25,225.0,MAC_base(m+h)+v,1.0,7.0,0.9,0.005,0.0,0.10176313896621536,0.1305771184459839,0.1698914441743194,0.21853436036342086,0.23368284218072782,0.22298792514318885,0.22829592054579687,nan,0.0,1.1102230246251565e-16,0.0,0.0,0.14479495369396098,0.18884664314177357,0.18254115668670554,0.1898690530385539,nan,1.4196,1.5194832353580237,1.6149957710831313,1.7012512833326807,2.032946052582619,2.4328423562756014,2.6099968886593565,2.699004864684471,nan,1.4196,1.5307992167000002,1.6443419239000001,1.7588945192,2.090821628559998,2.49212582069646,2.6719620869940104,2.7627126025755597,nan,425.6,445.3018171965658,459.5650352121259,470.2331944856769,505.69571425350256,519.8972290801407,498.8318926893495,476.1951233082393,nan,425.6,447.78084386976184,465.5475315098372,481.5023071324044,513.822351699072,526.5843062872134,505.03548335714345,482.1190003606124,nan,0.0,0.0005609679107355805,0.0012154573539014245,0.001912033626396312,0.0056000832883792056,0.026338555946305676,0.03212054966012651,0.034595036759601586,nan,0.0,0.0006332068992394159,0.0014976455049262696,0.002605083858391802,0.006603649001126356,0.029215421084220556,0.03531824250031731,0.037959744290480366,nan,321.3948387392573,326.4990314739408,336.8896333662531,321.64368874908087,221.54784255989364,90.79264160648253,45.87577701012996,21.492948319743867,nan,291.7975320063002,270.55948702580315,250.86722124190288,330.74131091119733,227.91184519122297,93.55490184169784,48.40731133672947,23.053006535269716,nan
mac_p073_h0p3_v150,5,217,mac_shift_grid,mac_base_m_plus_h_plus_v,default,0|5|10|15|35|75|125|175|225,0|5|10|15|35|75|125|175|225,7.0,0.9,0.005,1.5,1.5,10000.0,0.0,one_sided_huber,additive_removal_premium_v1,0.015,2,0,1,1,1,True,5.0,5.0,_FIXEDLEARN_GRID5,7.507417030416037,7.506153372154991,0.001263658261046352,73,0.3,150.0,MAC_base(m+h)+v,1.0,7.0,0.9,0.005,0.0,0.21299277728130295,0.23110446243028332,0.25176051120964854,0.2914420611745191,0.29537390156646526,0.28325326340821855,0.28911692308890574,nan,0.0,1.1102230246251565e-16,0.12937593133175235,0.18482307768500958,0.2628152976057321,0.2778520633277505,0.26765364894749255,0.27436170418025807,nan,1.4196,1.5071145867035618,1.5924030623915428,1.6734735575955761,1.9757232545128822,2.3512730037753613,2.517669274345364,2.5981699869115356,nan,1.4196,1.5307992167000002,1.6152657281861478,1.6961850619198007,1.9981914367880451,2.3744407855248886,2.541568172598336,2.622632600695513,nan,425.6,442.59217947278654,455.10748471616756,465.2671662455077,496.65033463810505,509.6220123379636,488.863834797604,466.15948896554437,nan,425.6,447.78084386976184,459.1657116274383,468.90547798344954,499.62472838994,512.1692267038472,491.2099800390056,468.4020689688639,nan,0.0,0.00048384771477112687,0.0010444664752800813,0.0016590959546423816,0.004795252031932007,0.023450200582596618,0.02848769027275251,0.030508242427402077,nan,0.0,0.0006332068992394159,0.0012250423212496696,0.0018695303682821182,0.005116782212181261,0.0243438204434269,0.029480838048564304,0.03155177245153738,nan,304.11990445986675,307.363945104843,311.43527010126604,302.77974328154636,201.1682991335211,76.65182549576957,39.98200625143231,18.332426887877805,nan,224.59105435095722,310.680750754497,314.6060722313854,305.87482499550583,203.09704203749544,77.53073818805171,40.776506681085536,18.798484600094703,nan
mac_p072_h0p3_v125,10,215,mac_shift_grid,mac_base_m_plus_h_plus_v,default,0|5|10|15|35|75|125|175|225,0|5|10|15|35|75|125|175|225,7.0,0.9,0.005,1.5,1.5,10000.0,0.0,one_sided_huber,additive_removal_premium_v1,0.015,2,0,1,1,1,True,5.0,5.0,_FIXEDLEARN_GRID5,7.517564392262293,7.512043970406796,0.005520421855496949,72,0.3,125.0,MAC_base(m+h)+v,1.0,7.0,0.9,0.005,0.0,0.2518034793067514,0.26910044082494006,0.28371924173748386,0.3207450453875074,0.3215287112426908,0.30874175524414504,0.31481133848419923,nan,0.0,1.1102230246251565e-16,0.0,0.10702105395799177,0.24546100218355482,0.2753736396302038,0.26793610671547885,0.27613352200723307,nan,1.4196,1.5027988670387546,1.583863773106665,1.662630135486892,1.9527243294362973,2.3166905065496772,2.4786204328152013,2.5555713264571134,nan,1.4196,1.5307992167000002,1.6443419239000001,1.722582862153046,2.011812238590022,2.3777178149395737,2.541135442066767,2.6196951115626717,nan,425.6,441.6467215544877,453.40812241695045,463.3080839977158,492.99743151982625,505.2176628575256,484.6351397000135,461.9140153588634,nan,425.6,447.78084386976184,465.5475315098372,473.53235565645537,500.99206012371536,512.0067964820763,490.7887997594018,467.8180957110833,nan,0.0,0.0004578656528763189,0.0009818911684563775,0.0015624843415238867,0.004481330272213516,0.02214525200726985,0.026875985780595104,0.0287111602259795,nan,0.0,0.0006332068992394159,0.0014976455049262696,0.002153844233439079,0.005343550179665847,0.024607856484238657,0.029554651351788176,0.031518844721685646,nan,296.31435638126743,300.15270711784024,299.97896153793937,294.1586722276629,193.00729800823729,71.39570475883025,37.49008017851171,17.027418581221596,nan,197.6286351789332,183.24453187790255,309.28640527577966,303.18213285482454,198.1964804438978,73.80204459939601,39.490050084819906,18.31973600265352,nan
mac_p062_h0p25_v150,5,184,mac_shift_grid,mac_base_m_plus_h_plus_v,default,0|5|10|15|35|75|125|175|225,0|5|10|15|35|75|125|175|225,7.0,0.9,0.005,1.5,1.5,10000.0,0.0,one_sided_huber,additive_removal_premium_v1,0.015,2,0,1,1,1,True,5.0,5.0,_FIXEDLEARN_GRID5,7.517517895416143,7.515910935507395,0.0016069599087478181,62,0.25,150.0,MAC_base(m+h)+v,1.0,7.0,0.9,0.005,0.0,0.246887668524981,0.26550065238863163,0.2840152071980298,0.3243210798294949,0.3273275447783204,0.3149117917698603,0.32139392647112885,nan,0.0,1.1102230246251565e-16,0.14843098452648779,0.20731212622593898,0.2919069851759025,0.30752360331392947,0.2973066432000345,0.3045994059658096,nan,1.4196,1.503345501347133,1.5846727964854739,1.6625297160282564,1.9499176204811695,2.309023154076438,2.4691678225909914,2.5446580822266984,nan,1.4196,1.5307992167000002,1.610983258871146,1.6885546510078406,1.9753583513277184,2.3352083857500006,2.496139236240861,2.5725016453315424,nan,425.6,441.7664744057872,453.56353965107303,463.2436709079257,492.4941624511995,504.1481036259819,483.5472052326052,460.76895700654643,nan,425.6,447.78084386976184,458.2257692742777,467.40259550786885,495.8458814974733,507.0205540995371,486.19026672990566,463.33201127486416,nan,0.0,0.000461155885355987,0.0009851498182097062,0.0015566655573364947,0.004422741798255236,0.021618477588634163,0.02620191384452598,0.02796106105654482,nan,0.0,0.0006332068992394159,0.0011904433720685958,0.0017934721771453548,0.004770101938844043,0.022606534775130662,0.02728973038529392,0.029107765708421565,nan,296.65757365309474,300.3101173815277,302.28371270500935,294.5267878172477,194.208918772587,72.92782129662973,37.10515971628445,16.545857612058253,nan,210.91027449022806,304.7115270657363,306.3423790753875,298.435929565471,196.53883361178015,73.89794697997976,37.867130866366196,17.016373121112306,nan
mac_p098_h0p4_v225,5,292,mac_shift_grid,mac_base_m_plus_h_plus_v,default,0|5|10|15|35|75|125|175|225,0|5|10|15|35|75|125|175|225,7.0,0.9,0.005,1.5,1.5,10000.0,0.0,one_sided_huber,additive_removal_premium_v1,0.015,2,0,1,1,1,True,5.0,5.0,_FIXEDLEARN_GRID5,7.467843174966137,7.467843174966154,-1.687538997430238e-14,98,0.4,225.0,MAC_base(m+h)+v,1.0,7.0,0.9,0.005,0.0,1.1102230246251565e-16,0.051770968414511176,0.08704746555072257,0.13941232332542397,0.1495876608539199,0.14053022594175965,0.14491573008616548,nan,0.0,1.1102230246251565e-16,0.051771009706643334,0.08704751900034916,0.13941234959245394,0.14958767248367152,0.1405302356401899,0.1449157396398262,nan,1.4196,1.5307992167000002,1.6327068168563565,1.729359791228389,2.0950462737927538,2.5440349595072447,2.736323610922301,2.83724052279816,nan,1.4196,1.5307992167000002,1.6327068075762834,1.7293597730932238,2.0950462531766467,2.544034944130117,2.736323596064126,2.837240506959187,nan,425.6,447.78084386976184,462.99378760895996,475.4868348762479,515.6312406800978,534.4809560752686,512.6862487150773,490.0822072445586,nan,425.6,447.78084386976184,462.99378557211315,475.486831268306,515.6312376766505,534.4809545245425,512.6862473462625,490.0822057957255,nan,0.0,0.0006332068992394159,0.0013736538459129498,0.0022156198636657906,0.006672012465059524,0.03179311764444741,0.038886598152828,0.042247444538928085,nan,0.0,0.0006332068992394159,0.0013736537500456652,0.002215619663430602,0.006672012101585453,0.03179311647206938,0.03888659705699332,0.04224744333079774,nan,338.0276279153589,357.60328970161606,359.6205408694939,349.595325015493,241.8677923839346,105.71033328453113,55.31565092709733,27.74792504919946,nan,338.0276279153589,357.6033338637317,359.6205752752875,349.59532841396435,241.8677946920519,105.71033098075911,55.31565120176973,27.74792362388161,nan
mac_p065_h0p25_v225,10,194,mac_shift_grid,mac_base_m_plus_h_plus_v,default,0|5|10|15|35|75|125|175|225,0|5|10|15|35|75|125|175|225,7.0,0.9,0.005,1.5,1.5,10000.0,0.0,one_sided_huber,additive_removal_premium_v1,0.015,2,0,1,1,1,True,5.0,5.0,_FIXEDLEARN_GRID5,7.489118664374463,7.487187611603481,0.0019310527709821557,65,0.25,225.0,MAC_base(m+h)+v,1.0,7.0,0.9,0.005,0.0,0.10176313896621536,0.1305771184459839,0.1698914441743194,0.21853436036342086,0.23368284218072782,0.22298792514318885,0.22829592054579687,nan,0.0,1.1102230246251565e-16,0.0,0.08453337019895071,0.1811248630568944,0.2106167581776734,0.20208568402402755,0.20846103375741942,nan,1.4196,1.5194832353580237,1.6149957710831313,1.7012512833326807,2.032946052582619,2.4328423562756014,2.6099968886593565,2.699004864684471,nan,1.4196,1.5307992167000002,1.6443419239000001,1.7302128100019913,2.0623075066738425,2.463340868630218,2.642019509155753,2.7318890379357823,nan,425.6,445.3018171965658,459.5650352121259,470.2331944856769,505.69571425350256,519.8972290801407,498.8318926893495,476.1951233082393,nan,425.6,447.78084386976184,465.5475315098372,475.20703313100535,509.7140531050053,523.3102815409352,502.03121208206187,479.2443700666884,nan,0.0,0.0005609679107355805,0.0012154573539014245,0.001912033626396312,0.0056000832883792056,0.026338555946305676,0.03212054966012651,0.034595036759601586,nan,0.0,0.0006332068992394159,0.0014976455049262696,0.0022357219880030175,0.006080531735566507,0.0277244943014439,0.033670209443858165,0.03623076620938284,nan,321.3948387392573,326.4990314739408,336.8896333662531,321.64368874908087,221.54784255989364,90.79264160648253,45.87577701012996,21.492948319743867,nan,291.7975320063002,270.55948702580315,341.94123269828776,326.2085539321923,224.52921191441072,92.16767078265269,47.17064130640474,22.211421511413583,nan
mac_p055_h0p2_v250,10,164,mac_shift_grid,mac_base_m_plus_h_plus_v,default,0|5|10|15|35|75|125|175|225,0|5|10|15|35|75|125|175|225,7.0,0.9,0.005,1.5,1.5,10000.0,0.0,one_sided_huber,additive_removal_premium_v1,0.015,2,0,1,1,1,True,5.0,5.0,_FIXEDLEARN_GRID5,7.4882691448049075,7.48663448698833,0.001634657816577345,55,0.2,250.0,MAC_base(m+h)+v,1.0,7.0,0.9,0.005,0.0,0.07094615202620369,0.1146319844936548,0.15862375803126455,0.21121627764079384,0.2286919532584386,0.21773922337698642,0.22344503752815492,nan,0.0,1.1102230246251565e-16,0.0,0.08409743892231397,0.17967562579957297,0.2100128644611546,0.2012227247714859,0.20772519248057864,nan,1.4196,1.522910060166807,1.6185793111644209,1.7050743474850851,2.038689769161743,2.439441425603399,2.6180379969692114,2.7070471227157826,nan,1.4196,1.5307992167000002,1.6443419239000001,1.7303607190949022,2.0634449641715866,2.464139350937475,2.6433415787123358,2.7331089860147038,nan,425.6,446.0525421976606,460.21270169449394,470.86641441427383,506.54967886427335,520.6751388351219,499.7034779421024,476.95725067134066,nan,425.6,447.78084386976184,465.5475315098372,475.2394973143894,509.9113280836883,523.3956662890392,502.18605732113105,479.3585171570345,nan,0.0,0.0005828209493440497,0.0012445648190230368,0.0019469668194016896,0.0056705031342083835,0.02636854773404834,0.03219944305376912,0.03468009068948857,nan,0.0,0.0006332068992394159,0.0014976455049262696,0.0022349814923686992,0.006079111941653741,0.027530183761579445,0.03347016574233905,0.0360199622081097,nan,324.30087975261995,333.52009948590825,340.71930624497963,324.87942530571235,224.49378233700892,93.41498939428199,46.53372194846412,21.69961849837285,nan,306.5610989664851,284.24850994506653,345.52596851480394,329.4442489262384,227.48458834516174,94.86054489325045,47.56062569910261,22.384599723833393,nan
mac_p088_h0p35_v250,5,262,mac_shift_grid,mac_base_m_plus_h_plus_v,default,0|5|10|15|35|75|125|175|225,0|5|10|15|35|75|125|175|225,7.0,0.9,0.005,1.5,1.5,10000.0,0.0,one_sided_huber,additive_removal_premium_v1,0.015,2,0,1,1,1,True,5.0,5.0,_FIXEDLEARN_GRID5,7.468557184539839,7.468557184539985,-1.4566126083082054e-13,88,0.35,250.0,MAC_base(m+h)+v,1.0,7.0,0.9,0.005,0.0,1.1102230246251565e-16,0.0515871604085546,0.08689225596522163,0.14290169820266216,0.1531355211703468,0.14428936012069468,0.14923235418088293,nan,0.0,1.1102230246251565e-16,0.05158716777678912,0.08689227196222249,0.14290170975638128,0.1531355059967352,0.14428935584303637,0.14923236193932865,nan,1.4196,1.5307992167000002,1.6327481262212435,1.729412452990077,2.0923075810103935,2.539343896139979,2.730564547742386,2.83008401033071,nan,1.4196,1.5307992167000002,1.6327481245652924,1.7294124475623822,2.092307571942269,2.5393439162028812,2.730564554295838,2.8300839974680163,nan,425.6,447.78084386976184,463.0028544390487,475.49673532813404,515.1423131629919,533.8573579276294,512.0342396825815,489.31594528296046,nan,425.6,447.78084386976184,463.0028540755905,475.49673420329265,515.142311742317,533.8573612426324,512.034240005046,489.31594298610383,nan,0.0,0.0006332068992394159,0.0013740805904838655,0.002214385259142082,0.0066142346010029125,0.0314282237251084,0.038417059965668285,0.04166475538117796,nan,0.0,0.0006332068992394159,0.0013740805733771166,0.0022143852064910553,0.006614234428994026,0.031428224446768405,0.0384170595001888,0.04166475405696917,nan,347.783464465735,361.6884222095232,361.5068212713814,352.3744845753934,243.66331200396357,107.80396458299116,55.878668481939414,27.515192580437,nan,347.783464465735,361.68842922455156,361.5068283658888,352.3744947626613,243.6632984598324,107.80397809850123,55.87867448751018,27.515119161407124,nan
mac_p019_h0p05_v175,10,56,mac_shift_grid,mac_base_m_plus_h_plus_v,default,0|5|10|15|35|75|125|175|225,0|5|10|15|35|75|125|175|225,7.0,0.9,0.005,1.5,1.5,10000.0,0.0,one_sided_huber,additive_removal_premium_v1,0.015,2,0,1,1,1,True,5.0,5.0,_FIXEDLEARN_GRID5,7.544971033411012,7.538210055533015,0.006760977877997121,19,0.05,175.0,MAC_base(m+h)+v,1.0,7.0,0.9,0.005,0.0,0.330724433660875,0.3537099737318947,0.3722393239630456,0.419137646500345,0.42029645162960055,0.4064618675984568,0.41335671854694855,nan,0.0,1.1102230246251565e-16,0.0,0.14097977429649453,0.32154817375752986,0.362125630090804,0.3554480634126176,0.36576671537669425,nan,1.4196,1.4940229187333598,1.5648484639008755,1.6325957567486251,1.8754992917187587,2.186097504719421,2.328911410947746,2.392193365913439,nan,1.4196,1.5307992167000002,1.6443419239000001,1.7110608544631465,1.9520939810364628,2.263012316923532,2.4070655037173996,2.4710926268962705,nan,425.6,439.7241476941933,449.5901685913509,457.63809715073637,480.43148419617705,488.1789699370635,468.1893528390873,445.5163365263161,nan,425.6,447.78084386976184,465.5475315098372,471.0034200566488,490.7607305096785,496.64182596758394,475.81748658615425,452.6812612258293,nan,0.0,0.0004057366004131059,0.0008357469521590553,0.0012821946930828903,0.003405786431640805,0.01625983454073917,0.019613679792647436,0.020749682677227797,nan,0.0,0.0006332068992394159,0.0014976455049262696,0.0020211854567878155,0.004403229705883995,0.019180648452127927,0.02275693295128142,0.023975729651877834,nan,277.2348327298496,281.84937719330037,282.0654991115039,273.60506619492566,176.03219857961938,63.96767037370917,29.41986980276452,11.986686863962483,nan,196.44865736795035,182.15043697913399,294.3623216998804,285.4390942030649,183.98647017673522,67.25344078260838,31.917619367689774,13.171341202809515,nan
mac_p065_h0p25_v225,5,193,mac_shift_grid,mac_base_m_plus_h_plus_v,default,0|5|10|15|35|75|125|175|225,0|5|10|15|35|75|125|175|225,7.0,0.9,0.005,1.5,1.5,10000.0,0.0,one_sided_huber,additive_removal_premium_v1,0.015,2,0,1,1,1,True,5.0,5.0,_FIXEDLEARN_GRID5,7.489118664374463,7.48888979181469,0.00022887255977366294,65,0.25,225.0,MAC_base(m+h)+v,1.0,7.0,0.9,0.005,0.0,0.10176313896621536,0.1305771184459839,0.1698914441743194,0.21853436036342086,0.23368284218072782,0.22298792514318885,0.22829592054579687,nan,0.0,1.1102230246251565e-16,0.08117427310320607,0.13758590224405398,0.20437585885439982,0.22481114820778042,0.2149192504012129,0.22061679750066474,nan,1.4196,1.5194832353580237,1.6149957710831313,1.7012512833326807,2.032946052582619,2.4328423562756014,2.6099968886593565,2.699004864684471,nan,1.4196,1.5307992167000002,1.6260986615916015,1.7122123766494057,2.044058583410054,2.4445727162363338,2.6223582477929614,2.711736049658122,nan,425.6,445.3018171965658,459.5650352121259,470.2331944856769,505.69571425350256,519.8972290801407,498.8318926893495,476.1951233082393,nan,425.6,447.78084386976184,461.54338959026387,471.98844205647237,507.179236069002,521.201122450077,500.06371812387727,477.37446627706044,nan,0.0,0.0005609679107355805,0.0012154573539014245,0.001912033626396312,0.0056000832883792056,0.026338555946305676,0.03212054966012651,0.034595036759601586,nan,0.0,0.0006332068992394159,0.0013054008740236898,0.002016790873491841,0.005762265003792859,0.02679049204772987,0.03263604208892927,0.03514455862324609,nan,321.3948387392573,326.4990314739408,336.8896333662531,321.64368874908087,221.54784255989364,90.79264160648253,45.87577701012996,21.492948319743867,nan,291.7975320063002,327.43386628737113,338.7459971801195,323.23662879254834,222.5398981559025,91.3382392159215,46.35181546488003,21.774948801031265,nan
mac_p054_h0p2_v225,15,162,mac_shift_grid,mac_base_m_plus_h_plus_v,default,0|5|10|15|35|75|125|175|225,0|5|10|15|35|75|125|175|225,7.0,0.9,0.005,1.5,1.5,10000.0,0.0,one_sided_huber,additive_removal_premium_v1,0.015,2,0,1,1,1,True,5.0,5.0,_FIXEDLEARN_GRID5,7.496738842055222,7.490199287504672,0.006539554550549553,54,0.2,225.0,MAC_base(m+h)+v,1.0,7.0,0.9,0.005,0.0,0.13478877470889372,0.1562744558486151,0.19683998620169407,0.25027402463324533,0.2650677800499405,0.2540430170481592,0.25993576797067897,nan,0.0,1.1102230246251565e-16,0.0,0.0,0.1627019255013724,0.2100158547317551,0.20454819986430645,0.21228392836194426,nan,1.4196,1.5158108105324184,1.6092205020361567,1.6921077907223618,2.0080346594223926,2.391344461998172,2.562419912732027,2.646549298113022,nan,1.4196,1.5307992167000002,1.6443419239000001,1.7588945192,2.076767049683194,2.464135397132188,2.6382468892835553,2.725551077460487,nan,425.6,444.4972878479523,458.44626759388785,468.5246299482064,501.62627456531726,514.4923081954855,493.6083113600401,470.9072853339214,nan,425.6,447.78084386976184,465.5475315098372,481.5023071324044,511.32354022238724,522.7994787201849,501.2208156604713,478.32335716898353,nan,0.0,0.0005379584833136589,0.0011655996031265236,0.0018182536676605312,0.005212580273113891,0.02447708453263018,0.029791234528531198,0.0319915556004884,nan,0.0,0.0006332068992394159,0.0014976455049262696,0.002605083858391802,0.006359145062937439,0.027861448112803618,0.03352555053338735,0.03594728509007371,nan,315.96589027795443,317.6644464815747,329.7207118851629,315.2130974735753,214.8725832739826,86.58478831658736,42.72374067973786,19.54669953604867,nan,279.5986797944611,259.24850994506653,240.3794966347645,324.6943702098765,221.5456663760151,90.02201419292909,45.37208880386706,21.30601250144007,nan
mac_p053_h0p2_v200,15,159,mac_shift_grid,mac_base_m_plus_h_plus_v,default,0|5|10|15|35|75|125|175|225,0|5|10|15|35|75|125|175|225,7.0,0.9,0.005,1.5,1.5,10000.0,0.0,one_sided_huber,additive_removal_premium_v1,0.015,2,0,1,1,1,True,5.0,5.0,_FIXEDLEARN_GRID5,7.506237505742622,7.49800849534025,0.00822901040237145,53,0.2,200.0,MAC_base(m+h)+v,1.0,7.0,0.9,0.005,0.0,0.18798440795460392,0.2091075603717374,0.240505237980646,0.28869567460585543,0.29828377650532545,0.28672275432742933,0.2930755046010429,nan,0.0,1.1102230246251565e-16,0.0,0.0,0.18645137255376448,0.23601881749258513,0.23135412834801952,0.2404162261306269,nan,1.4196,1.509895497783635,1.5973466884800203,1.6772924101142754,1.9778788008034893,2.3474254995019237,2.512353950003433,2.5916070716973767,nan,1.4196,1.5307992167000002,1.6443419239000001,1.7588945192,2.0581269088225174,2.429753675427161,2.59717971041054,2.6789106623347037,nan,425.6,443.20140217605444,456.0798465125179,465.8565646006854,496.8619839171457,508.93740740546343,488.18110022283633,465.4175966665564,nan,425.6,447.78084386976184,465.5475315098372,481.5023071324044,508.00944605293796,518.1906336920747,496.5993291360334,473.50940520281057,nan,0.0,0.0005009131694742498,0.0010761399422843138,0.0016819976413597112,0.00478380896961641,0.02278834025724212,0.02767589333268184,0.029619117959113955,nan,0.0,0.0006332068992394159,0.0014976455049262696,0.002605083858391802,0.00607436548525821,0.026546062281788768,0.03176719300508647,0.03390008432060379,nan,306.74843934343124,309.36975369498134,317.486298679339,305.18644922050714,204.96437256783608,80.2947438042304,39.66783599007777,17.755981926086942,nan,252.63626062243705,234.24850994506656,217.19908407562392,318.20785912206605,213.43360654252518,84.12669532776437,42.554862628395554,19.626968109936275,nan
mac_p098_h0p4_v225,10,293,mac_shift_grid,mac_base_m_plus_h_plus_v,default,0|5|10|15|35|75|125|175|225,0|5|10|15|35|75|125|175|225,7.0,0.9,0.005,1.5,1.5,10000.0,0.0,one_sided_huber,additive_removal_premium_v1,0.015,2,0,1,1,1,True,5.0,5.0,_FIXEDLEARN_GRID5,7.467843174966137,7.467041597597028,0.0008015773691090189,98,0.4,225.0,MAC_base(m+h)+v,1.0,7.0,0.9,0.005,0.0,1.1102230246251565e-16,0.051770968414511176,0.08704746555072257,0.13941232332542397,0.1495876608539199,0.14053022594175965,0.14491573008616548,nan,0.0,1.1102230246251565e-16,0.0,0.05296428155118674,0.12491828067773933,0.1403181275073355,0.1323788197942765,0.13713899841295574,nan,1.4196,1.5307992167000002,1.6327068168563565,1.729359791228389,2.0950462737927538,2.5440349595072447,2.736323610922301,2.83724052279816,nan,1.4196,1.5307992167000002,1.6443419239000001,1.7409240287563168,2.106422159555378,2.556291351934104,2.748811716101298,2.850133532695279,nan,425.6,447.78084386976184,462.99378760895996,475.4868348762479,515.6312406800978,534.4809560752686,512.6862487150773,490.0822072445586,nan,425.6,447.78084386976184,465.54753150983714,477.55801076911916,517.1983398647662,535.8761420873647,513.9249407889334,491.28057143482255,nan,0.0,0.0006332068992394159,0.0013736538459129498,0.0022156198636657906,0.006672012465059524,0.03179311764444741,0.038886598152828,0.042247444538928085,nan,0.0,0.0006332068992394159,0.0014976455049262696,0.002361550227511415,0.0068849419759688625,0.03242581090334148,0.039565923371010114,0.042973194315622416,nan,338.0276279153589,357.60328970161606,359.6205408694939,349.595325015493,241.8677923839346,105.71033328453113,55.31565092709733,27.74792504919946,nan,338.0276279153589,313.424794858628,361.4327419780713,351.82309751241604,242.93644727057682,106.52078829940615,55.79279730768919,28.059567738852323,nan
mac_p061_h0p25_v125,15,183,mac_shift_grid,mac_base_m_plus_h_plus_v,default,0|5|10|15|35|75|125|175|225,0|5|10|15|35|75|125|175|225,7.0,0.9,0.005,1.5,1.5,10000.0,0.0,one_sided_huber,additive_removal_premium_v1,0.015,2,0,1,1,1,True,5.0,5.0,_FIXEDLEARN_GRID5,7.528540011999193,7.515627048102377,0.01291296389681662,61,0.25,125.0,MAC_base(m+h)+v,1.0,7.0,0.9,0.005,0.0,0.2865988583946487,0.3045147682295279,0.3196339498434477,0.3554529429982931,0.3540305057903156,0.34050607852215087,0.34686094237111875,nan,0.0,1.1102230246251565e-16,0.0,0.0,0.21907749041708935,0.270896268080376,0.2671046278434165,0.27741880651692513,nan,1.4196,1.498929648139401,1.5759046890321333,1.6504444718678708,1.9254832699280158,2.2737158784148503,2.4299569012896765,2.5024364264146826,nan,1.4196,1.5307992167000002,1.6443419239000001,1.7588945192,2.0325197681018174,2.3836378996626912,2.5424092830974496,2.6175642439179563,nan,425.6,440.7990799257099,451.8180128215914,461.0230222372707,488.6295384075946,499.68677181210876,479.33914604932835,456.60259825442864,nan,425.6,447.78084386976184,465.5475315098372,481.5023071324044,503.4566652347538,512.0265303332228,490.45254191922146,467.22139194101567,nan,0.0,0.0004345824081815065,0.0009228403475792332,0.0014549985058414942,0.004105437751457756,0.020340120967047806,0.024633165622101872,0.02622636742622994,nan,0.0,0.0006332068992394159,0.0014976455049262696,0.002605083858391802,0.005709505174388953,0.02496885987537367,0.02965345086075199,0.0314653904290987,nan,288.6056539823345,292.90061538601594,292.6365960746973,285.6259918504594,185.61137573453686,67.60733546397037,34.76765208541015,15.344341062148315,nan,183.94785531820403,170.55948702580318,158.1455710053404,302.0543210397665,195.4970224003829,71.7824328321534,38.073135518641294,17.479930328914534,nan
mac_p071_h0p3_v100,15,213,mac_shift_grid,mac_base_m_plus_h_plus_v,default,0|5|10|15|35|75|125|175|225,0|5|10|15|35|75|125|175|225,7.0,0.9,0.005,1.5,1.5,10000.0,0.0,one_sided_huber,additive_removal_premium_v1,0.015,2,0,1,1,1,True,5.0,5.0,_FIXEDLEARN_GRID5,7.528392521038983,7.5149695438813975,0.013422977157585336,71,0.3,100.0,MAC_base(m+h)+v,1.0,7.0,0.9,0.005,0.0,0.28818942184072005,0.3047232055922462,0.31942733585483163,0.35058153585305774,0.34729148010141103,0.33347517226245643,0.33949370081616026,nan,0.0,1.1102230246251565e-16,0.0,0.0,0.21435569615643701,0.2642984076105072,0.2602214234727932,0.2701643627515565,nan,1.4196,1.4987527787300863,1.5758578444182234,1.6505145748617984,1.9293066732761686,2.2826263748044378,2.440728379889334,2.514650544411034,nan,1.4196,1.5307992167000002,1.6443419239000001,1.7588945192,2.0362257453373944,2.3923617441188063,2.552954479667666,2.6295913549454855,nan,425.6,440.7603326027767,451.81489864024513,461.0434920206965,489.308176856073,500.91064497752365,480.5653452491354,457.86907151249267,nan,425.6,447.78084386976184,465.5475315098372,481.5023071324044,504.11556355748303,513.2258584589412,491.6532805036709,468.4716037717441,nan,0.0,0.0004335183365179916,0.0009247352922203603,0.001463507390101527,0.004178001181788876,0.02092183201695024,0.02537020473268039,0.02704840423501932,nan,0.0,0.0006332068992394159,0.0014976455049262696,0.002605083858391802,0.005782176236762287,0.025513365778708934,0.030349866881696823,0.03224637856688781,nan,288.9282632007717,293.30782404458324,293.2461288995188,285.64681212143745,184.76474116619036,66.29413878611108,35.23607589168118,15.85630122460057,nan,170.66621600690914,158.24453187790255,146.72694136631443,302.23917824298894,194.55010475189607,70.30572180520336,38.59746809061969,18.098008524029623,nan
mac_p063_h0p25_v175,15,189,mac_shift_grid,mac_base_m_plus_h_plus_v,default,0|5|10|15|35|75|125|175|225,0|5|10|15|35|75|125|175|225,7.0,0.9,0.005,1.5,1.5,10000.0,0.0,one_sided_huber,additive_removal_premium_v1,0.015,2,0,1,1,1,True,5.0,5.0,_FIXEDLEARN_GRID5,7.507225775695618,7.498405860745749,0.008819914949868668,63,0.25,175.0,MAC_base(m+h)+v,1.0,7.0,0.9,0.005,0.0,0.2034591994567958,0.22315537920284267,0.24851352286553396,0.2920914317895463,0.29860333094135505,0.2867615506001503,0.2929089867251422,nan,0.0,1.1102230246251565e-16,0.0,0.0,0.1869983698128253,0.23484704493913558,0.23016897797303842,0.23926540653280098,nan,1.4196,1.5081747130899954,1.5941895546493192,1.6745752429446406,1.9752135853947679,2.347002977199745,2.5122945133951315,2.59188314096558,nan,1.4196,1.5307992167000002,1.6443419239000001,1.7588945192,2.0576975891024913,2.4313030203308488,2.5989953827335617,2.680818601182032,nan,425.6,442.82442460553335,455.45663370000165,465.4180665408667,496.50674622345554,508.9825266769178,488.22613691895384,465.48652453628347,nan,425.6,447.78084386976184,465.5475315098372,481.5023071324044,507.9331158367877,518.4354003154004,496.8142992102327,473.705690334861,nan,0.0,0.000490231894257687,0.0010553994864170978,0.001663435088748976,0.004767553851520587,0.02303913506269186,0.02797774060157853,0.02994273067980462,nan,0.0,0.0006332068992394159,0.0014976455049262696,0.002605083858391802,0.006089222462181617,0.02683267226348414,0.03211063352663854,0.034265762158278604,nan,304.8182885611376,307.8596717805987,313.9208213330343,303.4712862252369,202.7160576027206,78.25434141338798,39.689274312284695,17.959488586948275,nan,237.87269366225212,220.55948702580318,204.50639612362164,317.40989662842514,211.43030835594143,82.0676777775779,42.697274379654615,19.874238694197526,nan
mac_p062_h0p25_v150,10,185,mac_shift_grid,mac_base_m_plus_h_plus_v,default,0|5|10|15|35|75|125|175|225,0|5|10|15|35|75|125|175|225,7.0,0.9,0.005,1.5,1.5,10000.0,0.0,one_sided_huber,additive_removal_premium_v1,0.015,2,0,1,1,1,True,5.0,5.0,_FIXEDLEARN_GRID5,7.517517895416143,7.512440573769584,0.005077321646559163,62,0.25,150.0,MAC_base(m+h)+v,1.0,7.0,0.9,0.005,0.0,0.246887668524981,0.26550065238863163,0.2840152071980298,0.3243210798294949,0.3273275447783204,0.3149117917698603,0.32139392647112885,nan,0.0,1.1102230246251565e-16,0.0,0.10996675969965497,0.25051643524552797,0.2820202910058101,0.2746800152490776,0.2831157469241376,nan,1.4196,1.503345501347133,1.5846727964854739,1.6625297160282564,1.9499176204811695,2.309023154076438,2.4691678225909914,2.5446580822266984,nan,1.4196,1.5307992167000002,1.6443419239000001,1.7215834003397237,2.0078443994997466,2.3689294580139286,2.53080364929858,2.6081193109898315,nan,425.6,441.7664744057872,453.56353965107303,463.2436709079257,492.4941624511995,504.1481036259819,483.5472052326052,460.76895700654643,nan,425.6,447.78084386976184,465.5475315098372,473.31298637391495,500.3201034323776,510.81267914366,489.62755084927807,466.6298450579973,nan,0.0,0.000461155885355987,0.0009851498182097062,0.0015566655573364947,0.004422741798255236,0.021618477588634163,0.02620191384452598,0.02796106105654482,nan,0.0,0.0006332068992394159,0.0014976455049262696,0.00214098480560358,0.005264444176772745,0.024049380598290253,0.02885768125710353,0.03074825476226628,nan,296.65757365309474,300.3101173815277,302.28371270500935,294.5267878172477,194.208918772587,72.92782129662973,37.10515971628445,16.545857612058253,nan,210.91027449022806,195.55948702580318,311.6964424576961,303.5980445385012,199.41579481912015,75.24794734679534,39.00365731874566,17.77328163018843,nan
mac_p061_h0p25_v125,5,181,mac_shift_grid,mac_base_m_plus_h_plus_v,default,0|5|10|15|35|75|125|175|225,0|5|10|15|35|75|125|175|225,7.0,0.9,0.005,1.5,1.5,10000.0,0.0,one_sided_huber,additive_removal_premium_v1,0.015,2,0,1,1,1,True,5.0,5.0,_FIXEDLEARN_GRID5,7.528540011999193,7.52626404913507,0.0022759628641235707,61,0.25,125.0,MAC_base(m+h)+v,1.0,7.0,0.9,0.005,0.0,0.2865988583946487,0.3045147682295279,0.3196339498434477,0.3554529429982931,0.3540305057903156,0.34050607852215087,0.34686094237111875,nan,0.0,1.1102230246251565e-16,0.1679493120203403,0.2306839716465734,0.31784897770689546,0.33174062892538786,0.3210930510289862,0.3285996109881853,nan,1.4196,1.498929648139401,1.5759046890321333,1.6504444718678708,1.9254832699280158,2.2737158784148503,2.4299569012896765,2.5024364264146826,nan,1.4196,1.5307992167000002,1.6065966723988674,1.6806247119530295,1.9549973553888416,2.3031880716513733,2.4596980189313555,2.5327118089466305,nan,425.6,440.7990799257099,451.8180128215914,461.0230222372707,488.6295384075946,499.68677181210876,479.33914604932835,456.60259825442864,nan,425.6,447.78084386976184,457.26297465560907,465.83814959844824,492.5172023524973,502.8830601375647,482.20973756149976,459.34731629995935,nan,0.0,0.0004345824081815065,0.0009228403475792332,0.0014549985058414942,0.004105437751457756,0.020340120967047806,0.024633165622101872,0.02622636742622994,nan,0.0,0.0006332068992394159,0.0011579095615696353,0.0017247424108881313,0.004497077788802755,0.0214336324859595,0.025813467970985472,0.027465193587350858,nan,288.6056539823345,292.90061538601594,292.6365960746973,285.6259918504594,185.61137573453686,67.60733546397037,34.76765208541015,15.344341062148315,nan,183.94785531820403,298.0990580602205,297.6826806094733,290.2507658086997,188.59754563205848,68.86889410114254,35.58242050640282,15.868641955463321,nan
mac_p061_h0p25_v125,10,182,mac_shift_grid,mac_base_m_plus_h_plus_v,default,0|5|10|15|35|75|125|175|225,0|5|10|15|35|75|125|175|225,7.0,0.9,0.005,1.5,1.5,10000.0,0.0,one_sided_huber,additive_removal_premium_v1,0.015,2,0,1,1,1,True,5.0,5.0,_FIXEDLEARN_GRID5,7.528540011999193,7.522045497393399,0.006494514605794421,61,0.25,125.0,MAC_base(m+h)+v,1.0,7.0,0.9,0.005,0.0,0.2865988583946487,0.3045147682295279,0.3196339498434477,0.3554529429982931,0.3540305057903156,0.34050607852215087,0.34686094237111875,nan,0.0,1.1102230246251565e-16,0.0,0.12067543959648375,0.2714482601017981,0.3033261316363738,0.2959904175651188,0.3048186779839323,nan,1.4196,1.498929648139401,1.5759046890321333,1.6504444718678708,1.9254832699280158,2.2737158784148503,2.4299569012896765,2.5024364264146826,nan,1.4196,1.5307992167000002,1.6443419239000001,1.7179500039428626,1.991415715373706,2.340758380356763,2.498155718289568,2.5721381151984977,nan,425.6,440.7990799257099,451.8180128215914,461.0230222372707,488.6295384075946,499.68677181210876,479.33914604932835,456.60259825442864,nan,425.6,447.78084386976184,465.5475315098372,472.5155016174791,497.5209721717566,507.0964120651413,486.0109191285593,462.98765813020384,nan,0.0,0.0004345824081815065,0.0009228403475792332,0.0014549985058414942,0.004105437751457756,0.020340120967047806,0.024633165622101872,0.02622636742622994,nan,0.0,0.0006332068992394159,0.0014976455049262696,0.0021081931974941885,0.005029124562613552,0.022992025455460995,0.027498780596055816,0.02922347100589913,nan,288.6056539823345,292.90061538601594,292.6365960746973,285.6259918504594,185.61137573453686,67.60733546397037,34.76765208541015,15.344341062148315,nan,183.94785531820403,170.55948702580318,303.94495427840053,296.2623378269501,191.89701137920056,70.28549834055283,36.666957255380495,16.59812725179988,nan
mac_p063_h0p25_v175,5,187,mac_shift_grid,mac_base_m_plus_h_plus_v,default,0|5|10|15|35|75|125|175|225,0|5|10|15|35|75|125|175|225,7.0,0.9,0.005,1.5,1.5,10000.0,0.0,one_sided_huber,additive_removal_premium_v1,0.015,2,0,1,1,1,True,5.0,5.0,_FIXEDLEARN_GRID5,7.507225775695618,7.506183752796487,0.001042022899130579,63,0.25,175.0,MAC_base(m+h)+v,1.0,7.0,0.9,0.005,0.0,0.2034591994567958,0.22315537920284267,0.24851352286553396,0.2920914317895463,0.29860333094135505,0.2867615506001503,0.2929089867251422,nan,0.0,1.1102230246251565e-16,0.1268357992290498,0.18549954460311846,0.265684348072938,0.282525992616718,0.27246413308174233,0.2793945534390989,nan,1.4196,1.5081747130899954,1.5941895546493192,1.6745752429446406,1.9752135853947679,2.347002977199745,2.5122945133951315,2.59188314096558,nan,1.4196,1.5307992167000002,1.615836602361869,1.6959555404020659,1.9959396157360798,2.3682608075908234,2.5341984218162628,2.614288661617805,nan,425.6,442.82442460553335,455.45663370000165,465.4180665408667,496.50674622345554,508.9825266769178,488.22613691895384,465.48652453628347,nan,425.6,447.78084386976184,459.29101055584084,468.8321862354183,499.22873278307634,511.30910079872376,490.3709163333413,467.5366370583911,nan,0.0,0.000490231894257687,0.0010553994864170978,0.001663435088748976,0.004767553851520587,0.02303913506269186,0.02797774060157853,0.02994273067980462,nan,0.0,0.0006332068992394159,0.001226427121596297,0.0018619861044598953,0.005062071021983861,0.023854553568638692,0.028875842582448356,0.03088942782466028,nan,304.8182885611376,307.8596717805987,313.9208213330343,303.4712862252369,202.7160576027206,78.25434141338798,39.689274312284695,17.959488586948275,nan,237.87269366225212,311.44461321991076,317.3859821570592,306.88146743186957,204.68260674369625,79.18261148769996,40.41914709467576,18.39246497753149,nan
mac_p060_h0p25_v100,5,178,mac_shift_grid,mac_base_m_plus_h_plus_v,default,0|5|10|15|35|75|125|175|225,0|5|10|15|35|75|125|175|225,7.0,0.9,0.005,1.5,1.5,10000.0,0.0,one_sided_huber,additive_removal_premium_v1,0.015,2,0,1,1,1,True,5.0,5.0,_FIXEDLEARN_GRID5,7.540293790474037,7.537213380281772,0.003080410192264793,60,0.25,100.0,MAC_base(m+h)+v,1.0,7.0,0.9,0.005,0.0,0.3258089205314695,0.3428586138516645,0.3586320165315864,0.38788400505118903,0.3866072435462192,0.37179749679584406,0.37766442541493167,nan,0.0,1.1102230246251565e-16,0.1861945704768685,0.25557794603008227,0.3437619603566189,0.35952373900038154,0.34780898780109454,0.3550582436285852,nan,1.4196,1.4945695199430282,1.5672872193972898,1.637212641581189,1.9000292219413941,2.2306421586282594,2.382017868988785,2.4513674647430626,nan,1.4196,1.5307992167000002,1.6024961979112944,1.6721783228835996,1.9346591283284154,2.26645259779462,2.418768709027132,2.488846156017895,nan,425.6,439.8438932944571,450.10329066188683,458.5436567439037,484.62087458321275,494.0989765650713,474.14176099812846,451.5613310228703,nan,425.6,447.78084386976184,456.3629776315969,464.1488649914562,489.20821250518213,498.04126250384206,477.7419920182488,454.9871210484936,nan,0.0,0.00040891676938792327,0.0008612177513495354,0.0013501495071429513,0.0037841972169396494,0.01892495887820087,0.02288675851409331,0.024306853931869866,nan,0.0,0.0006332068992394159,0.0011278394423028955,0.0016555855977636745,0.004235746954557296,0.020242777947329108,0.024334773249803404,0.025822125017381292,nan,282.08320449608726,286.93673788150545,287.18864649723866,278.03152736211166,179.77720765861358,62.83537688965589,32.36763858541775,14.177915106979997,nan,156.98543614618,291.88020932708855,291.92004080716487,282.42751265626714,182.2711597663851,63.882113369769016,33.35480368106444,14.788195935495429,nan
mac_p109_h0p45_v225,5,325,mac_shift_grid,mac_base_m_plus_h_plus_v,default,0|5|10|15|35|75|125|175|225,0|5|10|15|35|75|125|175|225,7.0,0.9,0.005,1.5,1.5,10000.0,0.0,one_sided_huber,additive_removal_premium_v1,0.015,2,0,1,1,1,True,5.0,5.0,_FIXEDLEARN_GRID5,7.461500825570383,7.461500825570383,0.0,109,0.45,225.0,MAC_base(m+h)+v,1.0,7.0,0.9,0.005,0.0,1.1102230246251565e-16,0.04207576566669807,0.07068448829747426,0.12141198744104854,0.128729121744373,0.12091504865822109,0.12488023872805099,nan,0.0,1.1102230246251565e-16,0.04207576575780553,0.0706844891081023,0.12141198922410161,0.12872912316204524,0.12091504990302081,0.12488023988562606,nan,1.4196,1.5307992167000002,1.6348857353745008,1.7349116597282106,2.109174130988084,2.5716146046974524,2.766374425786573,2.8704572775003574,nan,1.4196,1.5307992167000002,1.6348857353540251,1.7349116594531688,2.1091741295886255,2.571614602822973,2.7663744238795167,2.8704572755812183,nan,425.6,447.78084386976184,463.4720298679565,476.6179391682894,517.9442904770698,538.1570541239674,515.9540356918743,493.4305047223272,nan,425.6,447.78084386976184,463.4720298634624,476.61793910874314,517.9442902375933,538.1570538859243,515.954035493515,493.4305045412318,nan,0.0,0.0006332068992394159,0.0013967606118163941,0.0022829995184289534,0.006948253493781341,0.03330866939917927,0.04068123893576668,0.044318850690252994,nan,0.0,0.0006332068992394159,0.001396760611597992,0.0022829995154946734,0.006948253467940949,0.033308669322927545,0.04068123884965412,0.04431885059992775,nan,357.3244818254141,369.7308080118997,368.13133051385876,361.87157753945525,249.96069874081576,112.26411918949428,58.35994430708171,29.6273388307713,nan,357.3244818254141,369.73080811197053,368.1313315351349,361.87157871462597,249.96069885571688,112.26411906574619,58.359944189570676,29.627338737335435,nan
mac_p067_h0p3_v0,10,200,mac_shift_grid,mac_base_m_plus_h_plus_v,default,0|5|10|15|35|75|125|175|225,0|5|10|15|35|75|125|175|225,7.0,0.9,0.005,1.5,1.5,10000.0,0.0,one_sided_huber,additive_removal_premium_v1,0.015,2,0,1,1,1,True,5.0,5.0,_FIXEDLEARN_GRID5,7.57927495735099,7.565210298459726,0.014064658891264514,67,0.3,0.0,MAC_base(m+h)+v,1.0,7.0,0.9,0.005,0.0,0.4109216114305668,0.42397380753055586,0.43782757626409596,0.4620396115897242,0.4638325288277302,0.452471855271512,0.4591283485117544,nan,0.0,1.1102230246251565e-16,0.0,0.16019125134710255,0.34517412585978,0.3948560100549291,0.3919563372319489,0.40224974210199893,nan,1.4196,1.4851050553838192,1.5490572347123746,1.6103420222189726,1.84182698470876,2.128533091613023,2.2584232577445236,2.3163087780246103,nan,1.4196,1.5307992167000002,1.6443419239000001,1.7045425055941386,1.9335507672015462,2.2197354478383864,2.351134152106339,2.410607574253059,nan,425.6,437.7704840707459,446.48560646084815,453.5490202109473,475.3300910313386,480.75087808541633,460.3102329691004,437.91314328029307,nan,425.6,447.78084386976184,465.5475315098372,469.5727245606508,487.6823447040056,490.7440481074806,469.3459264558803,446.5076144116662,nan,0.0,0.000354104830741849,0.0007384231831712638,0.0011496525057397454,0.003159037788476013,0.016245809643614485,0.019364861626991206,0.02041014169836497,nan,0.0,0.0006332068992394159,0.0014976455049262696,0.002001915329020602,0.004337054846778139,0.01969009851422128,0.023062184045212306,0.02423305022186368,nan,260.56451085908884,266.15812577461145,267.558993187382,259.21873610730427,166.61275865253072,54.25674728539596,28.3766705385827,12.065309893764123,nan,62.816539318813,58.24453187790255,282.76371591833936,273.09545259520587,174.8729242111421,56.88110786586949,30.58951167772036,13.466594497249872,nan
mac_p020_h0p05_v200,10,59,mac_shift_grid,mac_base_m_plus_h_plus_v,default,0|5|10|15|35|75|125|175|225,0|5|10|15|35|75|125|175|225,7.0,0.9,0.005,1.5,1.5,10000.0,0.0,one_sided_huber,additive_removal_premium_v1,0.015,2,0,1,1,1,True,5.0,5.0,_FIXEDLEARN_GRID5,7.532189049174049,7.526994866301379,0.005194182872669373,20,0.05,200.0,MAC_base(m+h)+v,1.0,7.0,0.9,0.005,0.0,0.2804660249023466,0.3042053174606246,0.3317192331568052,0.3826818270727086,0.3892438371964192,0.3766781216718912,0.38418538945936875,nan,0.0,1.1102230246251565e-16,0.0,0.13237144727902356,0.2986315462722258,0.3385910630578873,0.3317772524403071,0.34165769118531586,nan,1.4196,1.4996116144198965,1.5759742355932889,1.6463440014766695,1.9041122361727263,2.227155993226101,2.3745406612912983,2.4405563865810986,nan,1.4196,1.5307992167000002,1.6443419239000001,1.7139816126396556,1.9700804698770398,2.2941302684283875,2.4433296245017195,2.511062874112095,nan,425.6,440.9484803664209,451.80564092477493,460.10788006772833,484.96331883326934,493.36032325355774,473.08517795251527,450.2509904657138,nan,425.6,447.78084386976184,465.5475315098372,471.6444896974437,493.8607146614622,500.75943930006383,479.84701316753194,456.73267936045954,nan,0.0,0.0004386854219096308,0.0009124314797950909,0.001394807278159705,0.0037507859742788516,0.017647663873165957,0.021306971704785023,0.022574694932599212,nan,0.0,0.0006332068992394159,0.0014976455049262696,0.0020523622169059145,0.004648800571995912,0.02030025861436177,0.024189791344075277,0.025572845389427817,nan,287.6543453568554,291.4672513993178,295.54508964492294,284.1404638857435,186.2094642107655,69.62474550274202,32.298326578828764,13.248007050673696,nan,223.41107653997437,207.15043697913399,305.4433683856227,293.98268311926904,192.92284724601842,72.44803538322887,34.388888681501754,14.33893358717673,nan
mac_p071_h0p3_v100,10,212,mac_shift_grid,mac_base_m_plus_h_plus_v,default,0|5|10|15|35|75|125|175|225,0|5|10|15|35|75|125|175|225,7.0,0.9,0.005,1.5,1.5,10000.0,0.0,one_sided_huber,additive_removal_premium_v1,0.015,2,0,1,1,1,True,5.0,5.0,_FIXEDLEARN_GRID5,7.528392521038983,7.521431955575296,0.006960565463686841,71,0.3,100.0,MAC_base(m+h)+v,1.0,7.0,0.9,0.005,0.0,0.28818942184072005,0.3047232055922462,0.31942733585483163,0.35058153585305774,0.34729148010141103,0.33347517226245643,0.33949370081616026,nan,0.0,1.1102230246251565e-16,0.0,0.11997437783856585,0.2660884443898497,0.29611234360229205,0.28855542357134645,0.2970151502141215,nan,1.4196,1.4987527787300863,1.5758578444182234,1.6505145748617984,1.9293066732761686,2.2826263748044378,2.440728379889334,2.514650544411034,nan,1.4196,1.5307992167000002,1.6443419239000001,1.718187870354945,1.995622454151143,2.350296618553238,2.50954626678139,2.5850755502285905,nan,425.6,440.7603326027767,451.81489864024513,461.0434920206965,489.308176856073,500.91064497752365,480.5653452491354,457.86907151249267,nan,425.6,447.78084386976184,465.5475315098372,472.5677102996553,498.2609300315148,508.40145779189015,487.30098321875033,464.32746526307267,nan,0.0,0.0004335183365179916,0.0009247352922203603,0.001463507390101527,0.004178001181788876,0.02092183201695024,0.02537020473268039,0.02704840423501932,nan,0.0,0.0006332068992394159,0.0014976455049262696,0.0021169871516083234,0.0051128730099494115,0.023586412051592225,0.028242287128802654,0.030050494647151416,nan,288.9282632007717,293.30782404458324,293.2461288995188,285.64681212143745,184.76474116619036,66.29413878611108,35.23607589168118,15.85630122460057,nan,170.66621600690914,158.24453187790255,304.65227915378875,296.2934989538191,190.98961322587118,68.96507628993366,37.1837886809372,17.159637906586283,nan
mac_p024_h0p1_v25,15,72,mac_shift_grid,mac_base_m_plus_h_plus_v,default,0|5|10|15|35|75|125|175|225,0|5|10|15|35|75|125|175|225,7.0,0.9,0.005,1.5,1.5,10000.0,0.0,one_sided_huber,additive_removal_premium_v1,0.015,2,0,1,1,1,True,5.0,5.0,_FIXEDLEARN_GRID5,7.624663748152829,7.594542469892259,0.030121278260570428,24,0.1,25.0,MAC_base(m+h)+v,1.0,7.0,0.9,0.005,0.0,0.5275784308730272,0.5417700658155535,0.5578471698939496,0.5858474126201165,0.5904233724028207,0.5805600811565221,0.5865191479841647,nan,0.0,1.1102230246251565e-16,0.0,0.0,0.35177593417592223,0.45283482910960093,0.46069683125281435,0.47505524486432343,nan,1.4196,1.4721329084391044,1.522583476997183,1.5696200319037519,1.7446544128267254,1.9611517361022652,2.0621897235417106,2.105108121062529,nan,1.4196,1.5307992167000002,1.6443419239000001,1.7588945192,1.9283692302724291,2.143074505781172,2.245822442217629,2.28990364526023,nan,425.6,434.92863612908513,441.2006762889138,445.90860076640024,459.64159712900323,458.8842672660951,438.58077324006405,416.7936299574029,nan,425.6,447.78084386976184,465.5475315098372,481.5023071324044,484.9393861677514,479.0117524059307,456.5010394113954,433.55917814464664,nan,0.0,0.00028188645407831885,0.000560303432106647,0.0008354900944011109,0.0020800873315389616,0.010448938642078832,0.012203997716652802,0.012768521263269807,nan,0.0,0.0006332068992394159,0.0014976455049262696,0.002605083858391802,0.00429060459578753,0.016976201466131075,0.019087923556124133,0.019734619586447198,nan,231.15760995538682,237.33120858700693,239.36654531585341,231.3111822241446,144.08127384060947,45.81313426868471,18.979695959326836,7.09424174381369,nan,43.32269263533323,40.169515538394705,37.24583769923196,258.896128962517,161.45875633413752,51.38435163469861,23.416211100712403,9.194110793427125,nan
mac_p019_h0p05_v175,15,57,mac_shift_grid,mac_base_m_plus_h_plus_v,default,0|5|10|15|35|75|125|175|225,0|5|10|15|35|75|125|175|225,7.0,0.9,0.005,1.5,1.5,10000.0,0.0,one_sided_huber,additive_removal_premium_v1,0.015,2,0,1,1,1,True,5.0,5.0,_FIXEDLEARN_GRID5,7.544971033411012,7.530988168089224,0.01398286532178794,19,0.05,175.0,MAC_base(m+h)+v,1.0,7.0,0.9,0.005,0.0,0.330724433660875,0.3537099737318947,0.3722393239630456,0.419137646500345,0.42029645162960055,0.4064618675984568,0.41335671854694855,nan,0.0,1.1102230246251565e-16,0.0,0.0,0.2619937850946214,0.3258891998974306,0.32305967278966474,0.3351268295504265,nan,1.4196,1.4940229187333598,1.5648484639008755,1.6325957567486251,1.8754992917187587,2.186097504719421,2.328911410947746,2.392193365913439,nan,1.4196,1.5307992167000002,1.6443419239000001,1.7588945192,1.9988362142808485,2.3109249671069554,2.4566851179728824,2.5218903614465775,nan,425.6,439.7241476941933,449.5901685913509,457.63809715073637,480.43148419617705,488.1789699370635,468.1893528390873,445.5163365263161,nan,425.6,447.78084386976184,465.5475315098372,481.5023071324044,497.4679514069576,502.1118004742774,480.79199119869895,457.4033810308946,nan,0.0,0.0004057366004131059,0.0008357469521590553,0.0012821946930828903,0.003405786431640805,0.01625983454073917,0.019613679792647436,0.020749682677227797,nan,0.0,0.0006332068992394159,0.0014976455049262696,0.002605083858391802,0.005141213312442739,0.021368740158789777,0.025124426096480166,0.026421286231982196,nan,277.2348327298496,281.84937719330037,282.0654991115039,273.60506619492566,176.03219857961938,63.96767037370917,29.41986980276452,11.986686863962483,nan,196.44865736795035,182.15043697913399,168.8928910801628,292.90281223171,188.82957694123164,69.0022348172019,33.40435410183522,13.990242514073726,nan
mac_p070_h0p3_v75,5,208,mac_shift_grid,mac_base_m_plus_h_plus_v,default,0|5|10|15|35|75|125|175|225,0|5|10|15|35|75|125|175|225,7.0,0.9,0.005,1.5,1.5,10000.0,0.0,one_sided_huber,additive_removal_premium_v1,0.015,2,0,1,1,1,True,5.0,5.0,_FIXEDLEARN_GRID5,7.539945202245759,7.5366148690781,0.00333033316765885,70,0.3,75.0,MAC_base(m+h)+v,1.0,7.0,0.9,0.005,0.0,0.3226455296033647,0.338361315951024,0.3533263538020474,0.3791366241558526,0.3788898765114099,0.364989413380027,0.37041402388222705,nan,0.0,1.1102230246251565e-16,0.18310178603177046,0.25141452521414365,0.33552384335047747,0.35266472849706715,0.3418046131942334,0.34848750731376255,nan,1.4196,1.4949212865363493,1.5682979507798311,1.639012823866045,1.9068947465025077,2.240846240683327,2.3924479788650252,2.4633878741704933,nan,1.4196,1.5307992167000002,1.6031912762376939,1.6735909487475709,1.9411249488202547,2.2755217408944235,2.4279675221236596,2.499739751412245,nan,425.6,439.9209558788878,450.31087692531725,458.89183397017655,485.7734205233187,495.4118039856752,475.23368096977094,452.77833509014954,nan,425.6,447.78084386976184,456.51553764071554,464.43101840955995,490.306391873345,499.1999593887034,478.69960911822346,456.1010821962856,nan,0.0,0.00041096349266549827,0.0008705609799061682,0.0013721811031421566,0.0038927991930673435,0.019604916213757012,0.023695388473113366,0.025208380515072855,nan,0.0,0.0006332068992394159,0.0011352560325448456,0.0016758446648076283,0.004344181477533313,0.020893894953864383,0.025110619003959472,0.02668880119086732,nan,282.07178310187857,286.92134952338984,287.3085579718291,277.81353562611486,180.16308913487848,62.30731535988648,32.83442771204049,14.681278133857159,nan,143.7037968348851,292.128346330979,292.3128260512558,282.266197488082,182.86322805066965,63.2962088027327,33.771432203570356,15.283899838545606,nan
mac_p009_h0_v200,10,26,mac_shift_grid,mac_base_m_plus_h_plus_v,default,0|5|10|15|35|75|125|175|225,0|5|10|15|35|75|125|175|225,7.0,0.9,0.005,1.5,1.5,10000.0,0.0,one_sided_huber,additive_removal_premium_v1,0.015,2,0,1,1,1,True,5.0,5.0,_FIXEDLEARN_GRID5,7.540680626697713,7.53494580446773,0.005734822229983116,9,0.0,200.0,MAC_base(m+h)+v,1.0,7.0,0.9,0.005,0.0,0.30655518470342513,0.3316423249563645,0.35817895749252426,0.4112122164340358,0.41589343101981663,0.40292446568854623,0.40991190686938905,nan,0.0,1.1102230246251565e-16,0.0,0.1414244525728635,0.3195533820158989,0.3611688165599213,0.3548580451177398,0.3650115716819196,nan,1.4196,1.4967105202856554,1.5698079897426376,1.637366362030017,1.8817196947661032,2.1919192809016,2.334330776185115,2.397904504334929,nan,1.4196,1.5307992167000002,1.6443419239000001,1.7109099775611671,1.9536596258689376,2.264277438011656,2.407969422672075,2.4723445763706255,nan,425.6,440.31292879357073,450.56980149159983,458.43744468290504,481.334340959894,488.81820829572894,468.6938913799843,446.0397442812033,nan,425.6,447.78084386976184,465.5475315098372,470.9703044765456,491.04414877849246,496.78680721063654,475.88981101567435,452.8090151488768,nan,0.0,0.0004213754035245201,0.0008671464859069794,0.001315814506233733,0.003464102982972892,0.016267065617191316,0.019592743795297084,0.020746592048830587,nan,0.0,0.0006332068992394159,0.0014976455049262696,0.002017639186829291,0.0044077795248980995,0.019042968043656756,0.022586319465926166,0.02382020566999404,nan,280.42861503463473,284.6384145036902,287.647891069202,276.74274668403507,178.3711014786424,66.4484930331485,29.61266742713237,11.986303989021964,nan,215.6993533761923,200.0,298.9697507385258,287.69522258036625,185.96811289736073,69.67697836168188,31.99934252222258,13.133348995883376,nan
mac_p010_h0_v225,5,28,mac_shift_grid,mac_base_m_plus_h_plus_v,default,0|5|10|15|35|75|125|175|225,0|5|10|15|35|75|125|175|225,7.0,0.9,0.005,1.5,1.5,10000.0,0.0,one_sided_huber,additive_removal_premium_v1,0.015,2,0,1,1,1,True,5.0,5.0,_FIXEDLEARN_GRID5,7.528053633707743,7.527012014529816,0.0010416191779274442,10,0.0,225.0,MAC_base(m+h)+v,1.0,7.0,0.9,0.005,0.0,0.24899320667213842,0.27555929230570153,0.3121059573349425,0.37012028074458125,0.38124144491328177,0.36951124330846774,0.37705830679491137,nan,0.0,1.1102230246251565e-16,0.16037403749025353,0.2368482133620049,0.33876568841638965,0.36242297120703626,0.35293925245635993,0.3615014228007203,nan,1.4196,1.5031113671544372,1.5824121983986943,1.6529986784665853,1.9139713706808967,2.2377369422888655,2.385520451672022,2.452372346188782,nan,1.4196,1.5307992167000002,1.6082991541708298,1.6785332185239596,1.9385805338474014,2.262619165589056,2.410909048564646,2.478164037060207,nan,425.6,441.7151819114591,453.07685805485306,461.24670737925953,486.43703536528574,494.58783725288856,474.19315873451956,451.38371212382765,nan,425.6,447.78084386976184,457.6366456863263,465.31075617807693,489.6585707838956,497.2932353068984,476.65994403081345,453.7252514634388,nan,0.0,0.0004597465895106414,0.0009560496973483633,0.0014467004134500739,0.003858680369030285,0.017821966614392164,0.02149737788369284,0.022804961654406188,nan,0.0,0.0006332068992394159,0.0011570924082820433,0.0016730400669075452,0.004175710016202012,0.018733961591148093,0.022496031370982897,0.023839458426871827,nan,291.5378474049962,294.8842570304229,301.0278928356996,287.77089451802254,189.24058561651447,72.44701764435624,32.7560647607827,13.422964119483057,nan,242.66177254821633,298.9256286961545,304.90450171324045,291.60721902123123,191.71709202257944,73.58996098163169,33.59996552147337,13.860485492294234,nan
mac_p060_h0p25_v100,10,179,mac_shift_grid,mac_base_m_plus_h_plus_v,default,0|5|10|15|35|75|125|175|225,0|5|10|15|35|75|125|175|225,7.0,0.9,0.005,1.5,1.5,10000.0,0.0,one_sided_huber,additive_removal_premium_v1,0.015,2,0,1,1,1,True,5.0,5.0,_FIXEDLEARN_GRID5,7.540293790474037,7.532190548967177,0.008103241506859149,60,0.25,100.0,MAC_base(m+h)+v,1.0,7.0,0.9,0.005,0.0,0.3258089205314695,0.3428586138516645,0.3586320165315864,0.38788400505118903,0.3866072435462192,0.37179749679584406,0.37766442541493167,nan,0.0,1.1102230246251565e-16,0.0,0.13357956090675582,0.29140636827724764,0.32687046202689063,0.31882936469972667,0.3277200094292122,nan,1.4196,1.4945695199430282,1.5672872193972898,1.637212641581189,1.9000292219413941,2.2306421586282594,2.382017868988785,2.4513674647430626,nan,1.4196,1.5307992167000002,1.6443419239000001,1.7135717063071954,1.975751268665439,2.309627519513576,2.4631660283104218,2.534170096577207,nan,425.6,439.8438932944571,450.10329066188683,458.5436567439037,484.62087458321275,494.0989765650713,474.14176099812846,451.5613310228703,nan,425.6,447.78084386976184,465.5475315098372,471.5545204191161,494.88268412710806,502.9195788177953,482.1533003555188,459.17270358466317,nan,0.0,0.00040891676938792327,0.0008612177513495354,0.0013501495071429513,0.0037841972169396494,0.01892495887820087,0.02288675851409331,0.024306853931869866,nan,0.0,0.0006332068992394159,0.0014976455049262696,0.0020722233362926636,0.004813184667019877,0.02192278680664541,0.02616470659448719,0.02773693906774419,nan,282.08320449608726,286.93673788150545,287.18864649723866,278.03152736211166,179.77720765861358,62.83537688965589,32.36763858541775,14.177915106979997,nan,156.98543614618,145.55948702580318,298.65444543837157,288.6205263821566,185.82057188595772,65.26789621858525,34.46953433824895,15.455664373129133,nan
mac_p018_h0p05_v150,15,54,mac_shift_grid,mac_base_m_plus_h_plus_v,default,0|5|10|15|35|75|125|175|225,0|5|10|15|35|75|125|175|225,7.0,0.9,0.005,1.5,1.5,10000.0,0.0,one_sided_huber,additive_removal_premium_v1,0.015,2,0,1,1,1,True,5.0,5.0,_FIXEDLEARN_GRID5,7.558490605601696,7.5419170889270815,0.016573516674614375,18,0.05,150.0,MAC_base(m+h)+v,1.0,7.0,0.9,0.005,0.0,0.3794109871356067,0.40080308803101444,0.4194830833240991,0.4576994197511438,0.45375107871999626,0.4382745811979118,0.44424398560988515,nan,0.0,1.1102230246251565e-16,0.0,0.0,0.27970805181936576,0.3457756413955539,0.3432818224045374,0.3556529903301145,nan,1.4196,1.4886090121231468,1.5542646667908486,1.6165662081310166,1.8452334550596285,2.141863019251475,2.2801737445535895,2.340985499077904,nan,1.4196,1.5307992167000002,1.6443419239000001,1.7588945192,1.9849328831310997,2.2846306519713844,2.425704410256101,2.4878601280267905,nan,425.6,438.53810659998214,447.4865688740441,454.64267704584955,475.6781497373736,482.5847627258212,462.97363285570145,440.52902691485144,nan,425.6,447.78084386976184,465.5475315098372,481.5023071324044,494.99603077912,498.5767781900978,477.3174657286844,453.9441534597398,nan,0.0,0.00037425034150745254,0.0007635932879363422,0.0011613093123298964,0.0030567080642424395,0.01483066315448917,0.0178909511395653,0.018922385505038164,nan,0.0,0.0006332068992394159,0.0014976455049262696,0.002605083858391802,0.004941018947675841,0.02044177020101431,0.02391245409421407,0.025074030394423213,nan,268.2223899315859,273.42793810071214,273.6433955901591,264.0113155186914,166.9249595465048,58.65764758269178,26.517271227528756,10.678481211611697,nan,169.4862381959263,157.15043697913399,145.71247852102218,284.5213188079177,180.33233263661063,64.1031944265357,30.99400214597013,12.890816302900468,nan
mac_p012_h0p05_v0,10,35,mac_shift_grid,mac_base_m_plus_h_plus_v,default,0|5|10|15|35|75|125|175|225,0|5|10|15|35|75|125|175|225,7.0,0.9,0.005,1.5,1.5,10000.0,0.0,one_sided_huber,additive_removal_premium_v1,0.015,2,0,1,1,1,True,5.0,5.0,_FIXEDLEARN_GRID5,7.657305139684765,7.635783889807134,0.021521249877631377,12,0.05,0.0,MAC_base(m+h)+v,1.0,7.0,0.9,0.005,0.0,0.591251041163787,0.6042162980758317,0.619653051177125,0.6480489056213387,0.6551188878476046,0.6474585357934471,0.6531538886521029,nan,0.0,1.1102230246251565e-16,0.0,0.22490498173242052,0.48314815307904324,0.5590620166402085,0.5646089392952571,0.5764077949841733,nan,1.4196,1.4650525640495276,1.5085491906187016,1.5486496351300443,1.6958345565694661,1.8756098219732888,1.959700052103091,1.9946346719292236,nan,1.4196,1.5307992167000002,1.6443419239000001,1.6825854915574134,1.8252596016511102,2.002618449570269,2.086627168282467,2.121871689587242,nan,425.6,433.3775234092308,438.40727394144756,441.9974036895225,451.78405383857734,447.68784342980666,427.1430272346938,405.7079918525035,nan,425.6,447.78084386976184,465.5475315098372,464.753436468038,469.1648221533495,461.52337357861643,439.3735149833282,417.1434223790508,nan,0.0,0.0002438268366456527,0.00047446086237568536,0.0006909864132067805,0.0016291410796067814,0.008088082818367707,0.009398757861725868,0.00982788728641863,nan,0.0,0.0006332068992394159,0.0014976455049262696,0.0017911719462028676,0.0029833280099332738,0.012341662509012563,0.013789197217939907,0.014245590797674177,nan,212.7201238946324,218.89261028994673,221.38591803352375,215.11395208000164,131.71134962838946,39.932144661121846,15.450314172453199,5.469301966916702,nan,7.711723163782066,7.150436979133979,241.97908775810012,233.79630835814305,142.88432637473608,44.409308956485674,17.95363984788535,6.587829073729428,nan
mac_p060_h0p25_v100,15,180,mac_shift_grid,mac_base_m_plus_h_plus_v,default,0|5|10|15|35|75|125|175|225,0|5|10|15|35|75|125|175|225,7.0,0.9,0.005,1.5,1.5,10000.0,0.0,one_sided_huber,additive_removal_premium_v1,0.015,2,0,1,1,1,True,5.0,5.0,_FIXEDLEARN_GRID5,7.540293790474037,7.524977151786497,0.01531663868753963,60,0.25,100.0,MAC_base(m+h)+v,1.0,7.0,0.9,0.005,0.0,0.3258089205314695,0.3428586138516645,0.3586320165315864,0.38788400505118903,0.3866072435462192,0.37179749679584406,0.37766442541493167,nan,0.0,1.1102230246251565e-16,0.0,0.0,0.234519073317923,0.2925120392714179,0.288479834152748,0.29896339068225264,nan,1.4196,1.4945695199430282,1.5672872193972898,1.637212641581189,1.9000292219413941,2.2306421586282594,2.382017868988785,2.4513674647430626,nan,1.4196,1.5307992167000002,1.6443419239000001,1.7588945192,2.020400189917602,2.355057024615273,2.5096620711705713,2.581845570759951,nan,425.6,439.8438932944571,450.10329066188683,458.5436567439037,484.62087458321275,494.0989765650713,474.14176099812846,451.5613310228703,nan,425.6,447.78084386976184,465.5475315098372,481.5023071324044,501.30188412571044,508.09667810323685,486.7852451632061,463.59749704362855,nan,0.0,0.00040891676938792327,0.0008612177513495354,0.0013501495071429513,0.0037841972169396494,0.01892495887820087,0.02288675851409331,0.024306853931869866,nan,0.0,0.0006332068992394159,0.0014976455049262696,0.002605083858391802,0.005528893773960473,0.023975127169875432,0.02836611926560202,0.030025328273831302,nan,282.08320449608726,286.93673788150545,287.18864649723866,278.03152736211166,179.77720765861358,62.83537688965589,32.36763858541775,14.177915106979997,nan,156.98543614618,145.55948702580318,134.96515844619978,295.6899692026269,190.079918785671,66.91634282656885,35.790319011175555,16.343163667721605,nan
mac_p054_h0p2_v225,5,160,mac_shift_grid,mac_base_m_plus_h_plus_v,default,0|5|10|15|35|75|125|175|225,0|5|10|15|35|75|125|175|225,7.0,0.9,0.005,1.5,1.5,10000.0,0.0,one_sided_huber,additive_removal_premium_v1,0.015,2,0,1,1,1,True,5.0,5.0,_FIXEDLEARN_GRID5,7.496738842055222,7.496360311210998,0.0003785308442232349,54,0.2,225.0,MAC_base(m+h)+v,1.0,7.0,0.9,0.005,0.0,0.13478877470889372,0.1562744558486151,0.19683998620169407,0.25027402463324533,0.2650677800499405,0.2540430170481592,0.25993576797067897,nan,0.0,1.1102230246251565e-16,0.09256367286209166,0.1547409363745142,0.231459231113064,0.2532702466118022,0.2435348980175109,0.24977762268106118,nan,1.4196,1.5158108105324184,1.6092205020361567,1.6921077907223618,2.0080346594223926,2.391344461998172,2.562419912732027,2.646549298113022,nan,1.4196,1.5307992167000002,1.6235389859777234,1.7063917675922515,2.022801756976582,2.406943434900092,2.5785185456934916,2.663390443372874,nan,425.6,444.4972878479523,458.44626759388785,468.5246299482064,501.62627456531726,514.4923081954855,493.6083113600401,470.9072853339214,nan,425.6,447.78084386976184,460.98157645329434,470.81363603634844,503.6099306152855,516.2297607596511,495.19756674338555,472.476213974802,nan,0.0,0.0005379584833136589,0.0011655996031265236,0.0018182536676605312,0.005212580273113891,0.02447708453263018,0.029791234528531198,0.0319915556004884,nan,0.0,0.0006332068992394159,0.0012808568463545916,0.001952030357180592,0.005427332576012052,0.025078920525014543,0.030455993932389694,0.032703179175112174,nan,315.96589027795443,317.6644464815747,329.7207118851629,315.2130974735753,214.8725832739826,86.58478831658736,42.72374067973786,19.54669953604867,nan,279.5986797944611,319.48648469752123,331.54775461642805,316.8961223523144,216.24500718242606,87.37956074957256,43.236989829319114,19.897697788718098,nan
mac_p072_h0p3_v125,15,216,mac_shift_grid,mac_base_m_plus_h_plus_v,default,0|5|10|15|35|75|125|175|225,0|5|10|15|35|75|125|175|225,7.0,0.9,0.005,1.5,1.5,10000.0,0.0,one_sided_huber,additive_removal_premium_v1,0.015,2,0,1,1,1,True,5.0,5.0,_FIXEDLEARN_GRID5,7.517564392262293,7.506312087498549,0.011252304763743837,72,0.3,125.0,MAC_base(m+h)+v,1.0,7.0,0.9,0.005,0.0,0.2518034793067514,0.26910044082494006,0.28371924173748386,0.3207450453875074,0.3215287112426908,0.30874175524414504,0.31481133848419923,nan,0.0,1.1102230246251565e-16,0.0,0.0,0.19960288976323873,0.24757383145823547,0.2432098042522689,0.25278494812811525,nan,1.4196,1.5027988670387546,1.583863773106665,1.662630135486892,1.9527243294362973,2.3166905065496772,2.4786204328152013,2.5555713264571134,nan,1.4196,1.5307992167000002,1.6443419239000001,1.7588945192,2.0478047260459915,2.414475367408232,2.5790165953624595,2.658404611485901,nan,425.6,441.6467215544877,453.40812241695045,463.3080839977158,492.99743151982625,505.2176628575256,484.6351397000135,461.9140153588634,nan,425.6,447.78084386976184,465.5475315098372,481.5023071324044,506.17422999897343,516.2021497698522,494.5775048986501,471.4095151319377,nan,0.0,0.0004578656528763189,0.0009818911684563775,0.0015624843415238867,0.004481330272213516,0.02214525200726985,0.026875985780595104,0.0287111602259795,nan,0.0,0.0006332068992394159,0.0014976455049262696,0.002605083858391802,0.005958011092193,0.026369792417121243,0.031474845740751295,0.0335166828847494,nan,296.31435638126743,300.15270711784024,299.97896153793937,294.1586722276629,193.00729800823729,71.39570475883025,37.49008017851171,17.027418581221596,nan,197.6286351789332,183.24453187790255,169.90735392545506,309.2839180039588,201.94237568021975,75.19211627888157,40.86164035978062,19.158862132017784,nan
mac_p072_h0p3_v125,5,214,mac_shift_grid,mac_base_m_plus_h_plus_v,default,0|5|10|15|35|75|125|175|225,0|5|10|15|35|75|125|175|225,7.0,0.9,0.005,1.5,1.5,10000.0,0.0,one_sided_huber,additive_removal_premium_v1,0.015,2,0,1,1,1,True,5.0,5.0,_FIXEDLEARN_GRID5,7.517564392262293,7.515699468458876,0.0018649238034171844,72,0.3,125.0,MAC_base(m+h)+v,1.0,7.0,0.9,0.005,0.0,0.2518034793067514,0.26910044082494006,0.28371924173748386,0.3207450453875074,0.3215287112426908,0.30874175524414504,0.31481133848419923,nan,0.0,1.1102230246251565e-16,0.1491659158162138,0.20511106232903403,0.2874341358175444,0.30125839286869294,0.2909268694593299,0.2979282762662518,nan,1.4196,1.5027988670387546,1.583863773106665,1.662630135486892,1.9527243294362973,2.3166905065496772,2.4786204328152013,2.5555713264571134,nan,1.4196,1.5307992167000002,1.6108180889991586,1.6893014599244691,1.9788689400965622,2.343492392612328,2.5059131677626905,2.583561682485411,nan,425.6,441.6467215544877,453.40812241695045,463.3080839977158,492.99743151982625,505.2176628575256,484.6351397000135,461.9140153588634,nan,425.6,447.78084386976184,458.18951678845053,467.5731405148128,496.4459735862697,508.1546288845875,487.292960589528,464.47413110115497,nan,0.0,0.0004578656528763189,0.0009818911684563775,0.0015624843415238867,0.004481330272213516,0.02214525200726985,0.026875985780595104,0.0287111602259795,nan,0.0,0.0006332068992394159,0.0011915417880241893,0.0018054422447782948,0.004839613058625501,0.023163367962850474,0.027974438177437326,0.02986480852089092,nan,296.31435638126743,300.15270711784024,299.97896153793937,294.1586722276629,193.00729800823729,71.39570475883025,37.49008017851171,17.027418581221596,nan,197.6286351789332,304.783487916288,304.1808344814839,298.24346973079,195.35940663474148,72.51587469585357,38.37354018565519,17.57859486143188,nan
mac_p021_h0p05_v225,15,63,mac_shift_grid,mac_base_m_plus_h_plus_v,default,0|5|10|15|35|75|125|175|225,0|5|10|15|35|75|125|175|225,7.0,0.9,0.005,1.5,1.5,10000.0,0.0,one_sided_huber,additive_removal_premium_v1,0.015,2,0,1,1,1,True,5.0,5.0,_FIXEDLEARN_GRID5,7.520236465604441,7.510800501519626,0.009435964084814508,21,0.05,225.0,MAC_base(m+h)+v,1.0,7.0,0.9,0.005,0.0,0.22292065309225473,0.24807688792620464,0.28524589274018797,0.34165456699839986,0.3540730240312342,0.34239897990477525,0.34991859444906903,nan,0.0,1.1102230246251565e-16,0.0,0.0,0.2183967794363253,0.2774116410764985,0.27387849470929204,0.2847742467929375,nan,1.4196,1.506010614689889,1.58858864683234,1.6621121511689432,1.9363131503761455,2.2736596598085286,2.427056941315656,2.4973671582234234,nan,1.4196,1.5307992167000002,1.6443419239000001,1.7588945192,2.033054035217126,2.3750231220614797,2.532031593609398,2.6053696912110667,nan,425.6,442.35032894425973,454.3150116455007,462.9465803636273,490.05238571851373,499.2332565588987,478.75533019989774,455.8807743102482,nan,425.6,447.78084386976184,465.5475315098372,481.5023071324044,503.5516544059734,510.7196863896656,489.2328214682374,465.9176247136461,nan,0.0,0.00047720026653642796,0.0010035739584620988,0.0015309243330541235,0.004163043389443547,0.019278574665545768,0.023336751331317476,0.024806257072774635,nan,0.0,0.0006332068992394159,0.0014976455049262696,0.002605083858391802,0.005635121371162845,0.0237231340797497,0.028186331895424833,0.029869343677679537,nan,297.87463603243725,300.8664699545932,308.19200743680597,294.6766903284924,196.48869545660844,75.49949794541081,35.26548947450232,14.698980036932705,nan,250.3734957119984,232.15043697913399,215.25371619844404,308.3866523244466,205.4075846541811,80.04674020329624,38.592825677790074,16.655645287252717,nan
mac_p064_h0p25_v200,15,192,mac_shift_grid,mac_base_m_plus_h_plus_v,default,0|5|10|15|35|75|125|175|225,0|5|10|15|35|75|125|175|225,7.0,0.9,0.005,1.5,1.5,10000.0,0.0,one_sided_huber,additive_removal_premium_v1,0.015,2,0,1,1,1,True,5.0,5.0,_FIXEDLEARN_GRID5,7.497715434442067,7.490626825779129,0.007088608662937368,64,0.25,200.0,MAC_base(m+h)+v,1.0,7.0,0.9,0.005,0.0,0.15707755727662487,0.17743732273236207,0.21034413772972593,0.2582535477406953,0.2690656150673752,0.25772797757753785,0.2636707319255127,nan,0.0,1.1102230246251565e-16,0.0,0.0,0.16573166647763404,0.21122070826148764,0.20590910160488124,0.21381644482374584,nan,1.4196,1.51333231536969,1.6044643186174636,1.6875259061224541,2.001771800569479,2.386058431623237,2.556774484956901,2.640357117482572,nan,1.4196,1.5307992167000002,1.6443419239000001,1.7588945192,2.0743891080644143,2.462542311792814,2.6361619626135937,2.7230103250287714,nan,425.6,443.95431632545615,457.5027915737041,467.75475566542224,500.70724802484744,513.932318126844,493.04963462120327,470.31554924012295,nan,425.6,447.78084386976184,465.5475315098372,481.5023071324044,510.9007578779301,522.6301600200784,500.99388959645717,478.05920041622954,nan,0.0,0.0005224340418549355,0.0011324389825969582,0.0017821758455553406,0.005146302656405345,0.02453948113466204,0.029861687092136827,0.03204684846245266,nan,0.0,0.0006332068992394159,0.0014976455049262696,0.002605083858391802,0.006348229373052157,0.028048822883830322,0.03372594713022038,0.03613782694999191,nan,313.6641408597472,315.893387345267,325.90926420806596,313.1400347772029,212.0560785209804,84.1440038193094,42.52863804820093,19.518263311990115,nan,264.8351128342762,245.55948702580318,227.68680868276226,323.2280498427668,218.97284470532963,87.60592331568817,45.25407057470795,21.30974923015759,nan
mac_p069_h0p3_v50,15,207,mac_shift_grid,mac_base_m_plus_h_plus_v,default,0|5|10|15|35|75|125|175|225,0|5|10|15|35|75|125|175|225,7.0,0.9,0.005,1.5,1.5,10000.0,0.0,one_sided_huber,additive_removal_premium_v1,0.015,2,0,1,1,1,True,5.0,5.0,_FIXEDLEARN_GRID5,7.552292237099841,7.533915376672207,0.01837686042763398,69,0.3,50.0,MAC_base(m+h)+v,1.0,7.0,0.9,0.005,0.0,0.35437777131278425,0.3691960759810303,0.3838879809433442,0.407827236740951,0.40872820344064,0.39588753334785987,0.40174228199830214,nan,0.0,1.1102230246251565e-16,0.0,0.0,0.24470767292627882,0.31106146741357693,0.3099487926533996,0.3205997131398162,nan,1.4196,1.4913926861141267,1.5613680874876925,1.628643431279169,1.8843764512855472,2.201393311335991,2.3451114868524536,2.4114488901701163,nan,1.4196,1.5307992167000002,1.6443419239000001,1.7588945192,2.0124035013440187,2.3305305396128855,2.476771229150333,2.5459748050829485,nan,425.6,439.1479345826002,448.9328635318127,456.95794042523505,482.17651680051665,490.2546033182032,469.95136725725865,447.52509565406103,nan,425.6,447.78084386976184,465.5475315098372,481.5023071324044,499.8801256114,504.65408809959166,482.9062698531365,459.89083595192994,nan,0.0,0.0003904368460387143,0.000822390075182841,0.0012898795420630594,0.0036263737867072232,0.018392546257354328,0.02211915914627737,0.02345216317797674,nan,0.0,0.0006332068992394159,0.0014976455049262696,0.002605083858391802,0.005447330122101101,0.023584851562120923,0.027724667935590044,0.029284644861142885,nan,275.08488762062916,280.27542751837984,281.05923805103356,271.1417099305741,175.54047739797772,59.37569830823705,31.106978545651785,13.657654839896116,nan,116.74137766286107,108.24453187790255,100.3661162480332,290.5076170067403,187.1516779143687,63.44295762905311,34.5768054208215,15.9039496590722,nan
mac_p062_h0p25_v150,15,186,mac_shift_grid,mac_base_m_plus_h_plus_v,default,0|5|10|15|35|75|125|175|225,0|5|10|15|35|75|125|175|225,7.0,0.9,0.005,1.5,1.5,10000.0,0.0,one_sided_huber,additive_removal_premium_v1,0.015,2,0,1,1,1,True,5.0,5.0,_FIXEDLEARN_GRID5,7.517517895416143,7.506768592659003,0.010749302757139922,62,0.25,150.0,MAC_base(m+h)+v,1.0,7.0,0.9,0.005,0.0,0.246887668524981,0.26550065238863163,0.2840152071980298,0.3243210798294949,0.3273275447783204,0.3149117917698603,0.32139392647112885,nan,0.0,1.1102230246251565e-16,0.0,0.0,0.2031497706137191,0.25325967999073057,0.24906757469141078,0.2588721370889295,nan,1.4196,1.503345501347133,1.5846727964854739,1.6625297160282564,1.9499176204811695,2.309023154076438,2.4691678225909914,2.5446580822266984,nan,1.4196,1.5307992167000002,1.6443419239000001,1.7588945192,2.0450208987626386,2.4069574063320553,2.5700423825659335,2.648312687164045,nan,425.6,441.7664744057872,453.56353965107303,463.2436709079257,492.4941624511995,504.1481036259819,483.5472052326052,460.76895700654643,nan,425.6,447.78084386976184,465.5475315098372,481.5023071324044,505.67928385894845,515.1566297733032,493.55569254192676,470.3657342641104,nan,0.0,0.000461155885355987,0.0009851498182097062,0.0015566655573364947,0.004422741798255236,0.021618477588634163,0.02620191384452598,0.02796106105654482,nan,0.0,0.0006332068992394159,0.0014976455049262696,0.002605083858391802,0.005893240334753112,0.025865097225993453,0.030839174977169276,0.03281074098604533,nan,296.65757365309474,300.3101173815277,302.28371270500935,294.5267878172477,194.208918772587,72.92782129662973,37.10515971628445,16.545857612058253,nan,210.91027449022806,195.55948702580318,181.32598356448102,309.56672685638796,203.31454239394176,76.75957343503732,40.3406022918209,18.571653821046915,nan
mac_p020_h0p05_v200,15,60,mac_shift_grid,mac_base_m_plus_h_plus_v,default,0|5|10|15|35|75|125|175|225,0|5|10|15|35|75|125|175|225,7.0,0.9,0.005,1.5,1.5,10000.0,0.0,one_sided_huber,additive_removal_premium_v1,0.015,2,0,1,1,1,True,5.0,5.0,_FIXEDLEARN_GRID5,7.532189049174049,7.520581184027765,0.011607865146283203,20,0.05,200.0,MAC_base(m+h)+v,1.0,7.0,0.9,0.005,0.0,0.2804660249023466,0.3042053174606246,0.3317192331568052,0.3826818270727086,0.3892438371964192,0.3766781216718912,0.38418538945936875,nan,0.0,1.1102230246251565e-16,0.0,0.0,0.241448566685425,0.3029758031480382,0.29998197204923027,0.3116874624236378,nan,1.4196,1.4996116144198965,1.5759742355932889,1.6463440014766695,1.9041122361727263,2.227155993226101,2.3745406612912983,2.4405563865810986,nan,1.4196,1.5307992167000002,1.6443419239000001,1.7588945192,2.014961464031546,2.34122159282613,2.4920405828977836,2.5607503871034956,nan,425.6,440.9484803664209,451.80564092477493,460.10788006772833,484.96331883326934,493.36032325355774,473.08517795251527,450.2509904657138,nan,425.6,447.78084386976184,465.5475315098372,481.5023071324044,500.33491451518375,506.18180899867946,484.743897425717,461.35013949811355,nan,0.0,0.0004386854219096308,0.0009124314797950909,0.001394807278159705,0.0037507859742788516,0.017647663873165957,0.021306971704785023,0.022574694932599212,nan,0.0,0.0006332068992394159,0.0014976455049262696,0.002605083858391802,0.005374099381559846,0.022478029306792255,0.02654652288456853,0.02800889973491121,nan,287.6543453568554,291.4672513993178,295.54508964492294,284.1404638857435,186.2094642107655,69.62474550274202,32.298326578828764,13.248007050673696,nan,223.41107653997437,207.15043697913399,192.07330363930342,300.6081860239658,197.0591237046168,74.37086259854253,35.87012068652618,15.200650611701041,nan
mac_p021_h0p05_v225,10,62,mac_shift_grid,mac_base_m_plus_h_plus_v,default,0|5|10|15|35|75|125|175|225,0|5|10|15|35|75|125|175|225,7.0,0.9,0.005,1.5,1.5,10000.0,0.0,one_sided_huber,additive_removal_premium_v1,0.015,2,0,1,1,1,True,5.0,5.0,_FIXEDLEARN_GRID5,7.520236465604441,7.516408924910632,0.003827540693809084,21,0.05,225.0,MAC_base(m+h)+v,1.0,7.0,0.9,0.005,0.0,0.22292065309225473,0.24807688792620464,0.28524589274018797,0.34165456699839986,0.3540730240312342,0.34239897990477525,0.34991859444906903,nan,0.0,1.1102230246251565e-16,0.0,0.12239983363888454,0.27105133460038644,0.3099293450181721,0.30297595626346785,0.3122316907643219,nan,1.4196,1.506010614689889,1.58858864683234,1.6621121511689432,1.9363131503761455,2.2736596598085286,2.427056941315656,2.4973671582234234,nan,1.4196,1.5307992167000002,1.6443419239000001,1.7173649264953346,1.9917272488271451,2.3320274581560865,2.487453743634082,2.559848113284932,nan,425.6,442.35032894425973,454.3150116455007,462.9465803636273,490.05238571851373,499.2332565588987,478.75533019989774,455.8807743102482,nan,425.6,447.78084386976184,465.5475315098372,472.38708448519463,497.5959707960561,505.78289895423063,484.7513591344351,461.68557825938103,nan,0.0,0.00047720026653642796,0.0010035739584620988,0.0015309243330541235,0.004163043389443547,0.019278574665545768,0.023336751331317476,0.024806257072774635,nan,0.0,0.0006332068992394159,0.0014976455049262696,0.0020879113965884127,0.004950448886164644,0.021689615255846346,0.025965053172634915,0.02756876840282084,nan,297.87463603243725,300.8664699545932,308.19200743680597,294.6766903284924,196.48869545660844,75.49949794541081,35.26548947450232,14.698980036932705,nan,250.3734957119984,232.15043697913399,316.035928066462,302.1066826427797,201.15362865274574,78.12537311210872,37.038743393396146,15.767377176066034,nan
mac_p098_h0p4_v225,15,294,mac_shift_grid,mac_base_m_plus_h_plus_v,default,0|5|10|15|35|75|125|175|225,0|5|10|15|35|75|125|175|225,7.0,0.9,0.005,1.5,1.5,10000.0,0.0,one_sided_huber,additive_removal_premium_v1,0.015,2,0,1,1,1,True,5.0,5.0,_FIXEDLEARN_GRID5,7.467843174966137,7.464870543447229,0.002972631518908031,98,0.4,225.0,MAC_base(m+h)+v,1.0,7.0,0.9,0.005,0.0,1.1102230246251565e-16,0.051770968414511176,0.08704746555072257,0.13941232332542397,0.1495876608539199,0.14053022594175965,0.14491573008616548,nan,0.0,1.1102230246251565e-16,0.0,0.0,0.10183696772560774,0.1259176975970318,0.11963365728331112,0.12491720725696118,nan,1.4196,1.5307992167000002,1.6327068168563565,1.729359791228389,2.0950462737927538,2.5440349595072447,2.736323610922301,2.83724052279816,nan,1.4196,1.5307992167000002,1.6443419239000001,1.7588945192,2.1245379044705315,2.5753319350462194,2.7683375411038336,2.870395987535736,nan,425.6,447.78084386976184,462.99378760895996,475.4868348762479,515.6312406800978,534.4809560752686,512.6862487150773,490.0822072445586,nan,425.6,447.78084386976184,465.54753150983714,481.5023071324044,519.8168832986894,538.0708646246812,515.88064790987,493.1796672874395,nan,0.0,0.0006332068992394159,0.0013736538459129498,0.0022156198636657906,0.006672012465059524,0.03179311764444741,0.038886598152828,0.042247444538928085,nan,0.0,0.0006332068992394159,0.0014976455049262696,0.002605083858391802,0.007245507116792109,0.03347491951506204,0.040704824467705625,0.04419344152578952,nan,338.0276279153589,357.60328970161606,359.6205408694939,349.595325015493,241.8677923839346,105.71033328453113,55.31565092709733,27.74792504919946,nan,338.0276279153589,313.424794858628,290.61264204348055,354.7778989939966,244.90313398235952,107.70584909861596,56.483204583799754,28.655535305624984,nan
mac_p018_h0p05_v150,5,52,mac_shift_grid,mac_base_m_plus_h_plus_v,default,0|5|10|15|35|75|125|175|225,0|5|10|15|35|75|125|175|225,7.0,0.9,0.005,1.5,1.5,10000.0,0.0,one_sided_huber,additive_removal_premium_v1,0.015,2,0,1,1,1,True,5.0,5.0,_FIXEDLEARN_GRID5,7.558490605601696,7.555463952083678,0.0030266535180176746,18,0.05,150.0,MAC_base(m+h)+v,1.0,7.0,0.9,0.005,0.0,0.3794109871356067,0.40080308803101444,0.4194830833240991,0.4576994197511438,0.45375107871999626,0.4382745811979118,0.44424398560988515,nan,0.0,1.1102230246251565e-16,0.22072146985368307,0.30220768199074455,0.40779953126032953,0.42380242174848937,0.41182580229341187,0.4195566931112652,nan,1.4196,1.4886090121231468,1.5542646667908486,1.6165662081310166,1.8452334550596285,2.141863019251475,2.2801737445535895,2.340985499077904,nan,1.4196,1.5307992167000002,1.5947365561190474,1.6563571090404037,1.8843981963838754,2.1814618295449226,2.3206937636569704,2.3819144548260223,nan,425.6,438.53810659998214,447.4865688740441,454.64267704584955,475.6781497373736,482.5847627258212,462.97363285570145,440.52902691485144,nan,425.6,447.78084386976184,454.659844362121,460.9877767500471,480.8476863771539,486.9022444592202,466.92179007367724,444.2373302458035,nan,0.0,0.00037425034150745254,0.0007635932879363422,0.0011613093123298964,0.0030567080642424395,0.01483066315448917,0.0178909511395653,0.018922385505038164,nan,0.0,0.0006332068992394159,0.0010617713211916987,0.0014965931069603883,0.003522658404224551,0.016245110564635123,0.019421721413893242,0.02048482878527747,nan,268.2223899315859,273.42793810071214,273.6433955901591,264.0113155186914,166.9249595465048,58.65764758269178,26.517271227528756,10.678481211611697,nan,169.4862381959263,279.30358255752515,279.32404983763496,269.0826477497526,170.26645579533465,60.01789400212816,27.718209730596207,11.281105408708067,nan
mac_p006_h0_v125,15,18,mac_shift_grid,mac_base_m_plus_h_plus_v,default,0|5|10|15|35|75|125|175|225,0|5|10|15|35|75|125|175|225,7.0,0.9,0.005,1.5,1.5,10000.0,0.0,one_sided_huber,additive_removal_premium_v1,0.015,2,0,1,1,1,True,5.0,5.0,_FIXEDLEARN_GRID5,7.58346864292786,7.562709397566435,0.02075924536142537,6,0.0,125.0,MAC_base(m+h)+v,1.0,7.0,0.9,0.005,0.0,0.4515910658919078,0.47203700939755044,0.4920482148470988,0.5211146481292415,0.5214591160184913,0.5066133194669242,0.5112043750187073,nan,0.0,1.1102230246251565e-16,0.0,0.0,0.3158055668611075,0.4013498526343967,0.40207704928688864,0.41391477727034076,nan,1.4196,1.4805826439041019,1.5382554182559922,1.5919452567202352,1.7954609787964113,2.0523378787125974,2.175477531917087,2.2299721583017296,nan,1.4196,1.5307992167000002,1.6443419239000001,1.7588945192,1.9566011597181672,2.2111491382544703,2.3356290338062955,2.3912681627630388,nan,425.6,436.77974554382735,444.2980270673147,450.02663391022685,467.790133373715,470.85209175933613,451.38098318434425,429.5047239151504,nan,425.6,447.78084386976184,465.5475315098372,481.5023071324044,489.9588371186725,488.3905141097773,466.99102528258913,444.13660606280973,nan,0.0,0.0003286554502528081,0.0006560580486272273,0.0009778013675299574,0.002501383587888948,0.012058789791967423,0.014405118978204113,0.015230806308583122,nan,0.0,0.0006332068992394159,0.0014976455049262696,0.002605083858391802,0.0045397810074609656,0.01808284871512745,0.020764279202444027,0.021688577353189478,nan,250.1259164503733,256.01284139639745,256.9109534209524,245.38070516967176,152.5202947895773,51.39656767502215,21.155390683902482,8.282407588405949,nan,134.8120958601202,125.0,115.90206279570312,270.6500162528114,168.70360853872313,57.46457135241995,25.344826399022484,10.297339014694376,nan
mac_p021_h0p05_v225,5,61,mac_shift_grid,mac_base_m_plus_h_plus_v,default,0|5|10|15|35|75|125|175|225,0|5|10|15|35|75|125|175|225,7.0,0.9,0.005,1.5,1.5,10000.0,0.0,one_sided_huber,additive_removal_premium_v1,0.015,2,0,1,1,1,True,5.0,5.0,_FIXEDLEARN_GRID5,7.520236465604441,7.519361890374706,0.0008745752297345533,21,0.05,225.0,MAC_base(m+h)+v,1.0,7.0,0.9,0.005,0.0,0.22292065309225473,0.24807688792620464,0.28524589274018797,0.34165456699839986,0.3540730240312342,0.34239897990477525,0.34991859444906903,nan,0.0,1.1102230246251565e-16,0.14275453421982304,0.21591678086790583,0.31148101192664057,0.3352649129884539,0.32559906684615836,0.33385119951390446,nan,1.4196,1.506010614689889,1.58858864683234,1.6621121511689432,1.9363131503761455,2.2736596598085286,2.427056941315656,2.4973671582234234,nan,1.4196,1.5307992167000002,1.6122589952339887,1.6856351388482123,1.959995357189812,2.2985281813542437,2.452794719249687,2.5240052229818675,nan,425.6,442.35032894425973,454.3150116455007,462.9465803636273,490.05238571851373,499.2332565588987,478.75533019989774,455.8807743102482,nan,425.6,447.78084386976184,458.5057756329227,466.7105917957965,493.2048551100266,501.9897495124593,481.29439544921513,458.34517468885446,nan,0.0,0.00047720026653642796,0.0010035739584620988,0.0015309243330541235,0.004163043389443547,0.019278574665545768,0.023336751331317476,0.024806257072774635,nan,0.0,0.0006332068992394159,0.0011884557346566872,0.001742908865529226,0.004480658333469352,0.020221029164401272,0.02437090778994804,0.025896813045326997,nan,297.87463603243725,300.8664699545932,308.19200743680597,294.6766903284924,196.48869545660844,75.49949794541081,35.26548947450232,14.698980036932705,nan,250.3734957119984,303.6652329373923,311.073079758866,297.3513825674141,198.39692870330487,76.59856515254084,36.03676463404495,15.163042225377989,nan
mac_p005_h0_v100,15,15,mac_shift_grid,mac_base_m_plus_h_plus_v,default,0|5|10|15|35|75|125|175|225,0|5|10|15|35|75|125|175|225,7.0,0.9,0.005,1.5,1.5,10000.0,0.0,one_sided_huber,additive_removal_premium_v1,0.015,2,0,1,1,1,True,5.0,5.0,_FIXEDLEARN_GRID5,7.599527519584868,7.575686778881374,0.023840740703493957,5,0.0,100.0,MAC_base(m+h)+v,1.0,7.0,0.9,0.005,0.0,0.49357899366313207,0.5119741028330232,0.5311069300525534,0.5599481217333373,0.5615495120169564,0.5481266172502639,0.5531950329518872,nan,0.0,1.1102230246251565e-16,0.0,0.0,0.3387618470642438,0.43131904625572204,0.4349921358320137,0.4477752802406839,nan,1.4196,1.4759136192250855,1.52927987904233,1.578692848724031,1.7649818936836987,1.9993294253705067,2.111878390901958,2.1603560276354155,nan,1.4196,1.5307992167000002,1.6443419239000001,1.7588945192,1.9385835487952838,2.1715231739253347,2.28520251164383,2.3351309809412717,nan,425.6,435.7568880145244,442.51723152420624,447.56271810936545,462.89246903057864,463.92365171346154,444.28361914032575,422.47081548861354,nan,425.6,447.78084386976184,465.5475315098372,481.5023071324044,486.7554246684531,482.97744392042205,461.1736508434301,438.3380630429129,nan,0.0,0.0003023996151368364,0.0005989016253944446,0.0008839990108526206,0.002209092501331708,0.010707479872125027,0.012706156866834658,0.013380395434044318,nan,0.0,0.0006332068992394159,0.0014976455049262696,0.002605083858391802,0.004339638774588553,0.017079171434858726,0.0193711461626853,0.020137800733377856,nan,241.23348273699114,247.27814826320912,248.5482453867873,237.60290217432924,146.2708036510577,47.559876677141716,19.19113123891878,7.256864456685465,nan,107.84967668809615,100.0,92.7216502365625,263.9256067712985,162.58212090403669,54.217299762043254,23.25169767643993,9.212146337465638,nan
mac_p109_h0p45_v225,10,326,mac_shift_grid,mac_base_m_plus_h_plus_v,default,0|5|10|15|35|75|125|175|225,0|5|10|15|35|75|125|175|225,7.0,0.9,0.005,1.5,1.5,10000.0,0.0,one_sided_huber,additive_removal_premium_v1,0.015,2,0,1,1,1,True,5.0,5.0,_FIXEDLEARN_GRID5,7.461500825570383,7.46094866646937,0.0005521591010131388,109,0.45,225.0,MAC_base(m+h)+v,1.0,7.0,0.9,0.005,0.0,1.1102230246251565e-16,0.04207576566669807,0.07068448829747426,0.12141198744104854,0.128729121744373,0.12091504865822109,0.12488023872805099,nan,0.0,1.1102230246251565e-16,0.0,0.04265819486477071,0.10911134654983705,0.12078272215439477,0.11389823947436065,0.11817063254419258,nan,1.4196,1.5307992167000002,1.6348857353745008,1.7349116597282106,2.109174130988084,2.5716146046974524,2.766374425786573,2.8704572775003574,nan,1.4196,1.5307992167000002,1.6443419239000001,1.7444208274834176,2.1188284896088536,2.582121518919979,2.7771243074049803,2.8815811046515845,nan,425.6,447.78084386976184,463.4720298679565,476.6179391682894,517.9442904770698,538.1570541239674,515.9540356918743,493.4305047223272,nan,425.6,447.78084386976184,465.54753150983714,478.3255140571161,519.2869014281448,539.3600255290661,517.025103386444,494.4680984839018,nan,0.0,0.0006332068992394159,0.0013967606118163941,0.0022829995184289534,0.006948253493781341,0.03330866939917927,0.04068123893576668,0.044318850690252994,nan,0.0,0.0006332068992394159,0.0014976455049262696,0.002402800923948861,0.007135648815403638,0.03384823635540299,0.04127117648005068,0.044950716857270305,nan,357.3244818254141,369.7308080118997,368.13133051385876,361.87157753945525,249.96069874081576,112.26411918949428,58.35994430708171,29.6273388307713,nan,357.3244818254141,331.31715624776984,369.19101796355466,363.35586787890617,250.84933764026164,112.97825277927585,58.79468020092317,29.90534812027218,nan
mac_p070_h0p3_v75,10,209,mac_shift_grid,mac_base_m_plus_h_plus_v,default,0|5|10|15|35|75|125|175|225,0|5|10|15|35|75|125|175|225,7.0,0.9,0.005,1.5,1.5,10000.0,0.0,one_sided_huber,additive_removal_premium_v1,0.015,2,0,1,1,1,True,5.0,5.0,_FIXEDLEARN_GRID5,7.539945202245759,7.531383429862514,0.008561772383244737,70,0.3,75.0,MAC_base(m+h)+v,1.0,7.0,0.9,0.005,0.0,0.3226455296033647,0.338361315951024,0.3533263538020474,0.3791366241558526,0.3788898765114099,0.364989413380027,0.37041402388222705,nan,0.0,1.1102230246251565e-16,0.0,0.13173672705168915,0.2849494355044404,0.3219198831459269,0.31454081872029827,0.32283522364098005,nan,1.4196,1.4949212865363493,1.5682979507798311,1.639012823866045,1.9068947465025077,2.240846240683327,2.3924479788650252,2.4633878741704933,nan,1.4196,1.5307992167000002,1.6443419239000001,1.7141969697340158,1.9808190976615216,2.316173289967875,2.469736160173205,2.5422685618656455,nan,425.6,439.9209558788878,450.31087692531725,458.89183397017655,485.7734205233187,495.4118039856752,475.23368096977094,452.77833509014954,nan,425.6,447.78084386976184,465.5475315098372,471.69175786782296,495.76275377292365,503.7481381749159,482.8321210170908,460.01284930013264,nan,0.0,0.00041096349266549827,0.0008705609799061682,0.0013721811031421566,0.0038927991930673435,0.019604916213757012,0.023695388473113366,0.025208380515072855,nan,0.0,0.0006332068992394159,0.0014976455049262696,0.002084041556583341,0.004907769499298482,0.022509087406890005,0.026861872178994196,0.028510559686240874,nan,282.07178310187857,286.92134952338984,287.3085579718291,277.81353562611486,180.16308913487848,62.30731535988648,32.83442771204049,14.681278133857159,nan,143.7037968348851,133.24453187790255,299.65245293682955,289.1265068287093,186.7044080297601,64.58382854865079,34.90603114857205,16.025018219603805,nan
mac_p024_h0p1_v25,10,71,mac_shift_grid,mac_base_m_plus_h_plus_v,default,0|5|10|15|35|75|125|175|225,0|5|10|15|35|75|125|175|225,7.0,0.9,0.005,1.5,1.5,10000.0,0.0,one_sided_huber,additive_removal_premium_v1,0.015,2,0,1,1,1,True,5.0,5.0,_FIXEDLEARN_GRID5,7.624663748152829,7.606834725253292,0.01782902289953725,24,0.1,25.0,MAC_base(m+h)+v,1.0,7.0,0.9,0.005,0.0,0.5275784308730272,0.5417700658155535,0.5578471698939496,0.5858474126201165,0.5904233724028207,0.5805600811565221,0.5865191479841647,nan,0.0,1.1102230246251565e-16,0.0,0.20407218287623852,0.4382406791987042,0.5042642622290359,0.5056120100727114,0.516898898004631,nan,1.4196,1.4721329084391044,1.522583476997183,1.5696200319037519,1.7446544128267254,1.9611517361022652,2.0621897235417106,2.105108121062529,nan,1.4196,1.5307992167000002,1.6443419239000001,1.6896539460289124,1.8605059649445397,2.075073314023771,2.177011556452904,2.220531233205933,nan,425.6,434.92863612908513,441.2006762889138,445.90860076640024,459.64159712900323,458.8842672660951,438.58077324006405,416.7936299574029,nan,425.6,447.78084386976184,465.5475315098372,466.3048732167094,475.19447994656605,471.30263138664066,449.69811573656307,427.20578836405747,nan,0.0,0.00028188645407831885,0.000560303432106647,0.0008354900944011109,0.0020800873315389616,0.010448938642078832,0.012203997716652802,0.012768521263269807,nan,0.0,0.0006332068992394159,0.0014976455049262696,0.001854703229106307,0.0033806728269951854,0.01440185892940453,0.016368864736587965,0.01698183757392667,nan,231.15760995538682,237.33120858700693,239.36654531585341,231.3111822241446,144.08127384060947,45.81313426868471,18.979695959326836,7.09424174381369,nan,43.32269263533323,40.169515538394705,258.47885596826575,248.76686097669386,154.95264357539463,49.24158204653989,21.676092461676006,8.371437728744148,nan
mac_p008_h0_v175,15,24,mac_shift_grid,mac_base_m_plus_h_plus_v,default,0|5|10|15|35|75|125|175|225,0|5|10|15|35|75|125|175|225,7.0,0.9,0.005,1.5,1.5,10000.0,0.0,one_sided_huber,additive_removal_premium_v1,0.015,2,0,1,1,1,True,5.0,5.0,_FIXEDLEARN_GRID5,7.554135052600524,7.539030097148995,0.015104955451529456,8,0.0,175.0,MAC_base(m+h)+v,1.0,7.0,0.9,0.005,0.0,0.36203392358596864,0.3857510754139619,0.40457614911023887,0.4510390084981648,0.44936196498730074,0.4350779288507922,0.4412625967476336,nan,0.0,1.1102230246251565e-16,0.0,0.0,0.27976442157895653,0.346311473635329,0.3441061999044673,0.3563592810955639,nan,1.4196,1.4905413279784128,1.5576474850649724,1.621624049207854,1.8504609874595062,2.147666407437554,2.285071075150206,2.345928330812808,nan,1.4196,1.5307992167000002,1.6443419239000001,1.7588945192,1.9848886404059223,2.2839221621305157,2.4244414486590395,2.486689171613243,nan,425.6,438.96142494962226,448.15074406596096,455.58203428268,476.40805893175076,483.253395537038,463.4122844737328,440.96567888468354,nan,425.6,447.78084386976184,465.5475315098372,481.5023071324044,494.98816471423095,498.4718776513316,477.1573230776731,453.8281496637046,nan,0.0,0.0003854857284438137,0.0007838840931644902,0.001190279872014349,0.003095179179654525,0.014766827080983085,0.017781156179823152,0.018824923222605608,nan,0.0,0.0006332068992394159,0.0014976455049262696,0.002605083858391802,0.004922930191548021,0.020249187967992056,0.02367155902409061,0.024836808247486023,nan,270.85902186079767,275.78274028406366,275.69052568088233,266.718824303511,168.52106892502152,61.01681767402958,26.605401820379694,10.686497913665692,nan,188.73693420416828,175.0,162.26288791398437,286.5992556049255,181.71739430738765,66.31689601807746,30.892573000510083,12.739781158433896,nan
mac_p019_h0p05_v175,5,55,mac_shift_grid,mac_base_m_plus_h_plus_v,default,0|5|10|15|35|75|125|175|225,0|5|10|15|35|75|125|175|225,7.0,0.9,0.005,1.5,1.5,10000.0,0.0,one_sided_huber,additive_removal_premium_v1,0.015,2,0,1,1,1,True,5.0,5.0,_FIXEDLEARN_GRID5,7.544971033411012,7.5427677091383005,0.0022033242727115265,19,0.05,175.0,MAC_base(m+h)+v,1.0,7.0,0.9,0.005,0.0,0.330724433660875,0.3537099737318947,0.3722393239630456,0.419137646500345,0.42029645162960055,0.4064618675984568,0.41335671854694855,nan,0.0,1.1102230246251565e-16,0.19840828534255922,0.27113009377932834,0.3771305189429882,0.39575512898917437,0.38512429599291914,0.39357218935932037,nan,1.4196,1.4940229187333598,1.5648484639008755,1.6325957567486251,1.8754992917187587,2.186097504719421,2.328911410947746,2.392193365913439,nan,1.4196,1.5307992167000002,1.599751264134413,1.6669015643904919,1.908469270897397,2.218546611886834,2.3616009658114314,2.424994051515679,nan,425.6,439.7241476941933,449.5901685913509,457.63809715073637,480.43148419617705,488.1789699370635,468.1893528390873,445.5163365263161,nan,425.6,447.78084386976184,455.76050290878356,463.10086351169633,484.74469891923786,491.6701419934054,471.3310451896499,448.4560424788524,nan,0.0,0.0004057366004131059,0.0008357469521590553,0.0012821946930828903,0.003405786431640805,0.01625983454073917,0.019613679792647436,0.020749682677227797,nan,0.0,0.0006332068992394159,0.0010977857117350008,0.0015771354415234098,0.00380863407848105,0.01741862046269435,0.020847180960502514,0.022012554668459108,nan,277.2348327298496,281.84937719330037,282.0654991115039,273.60506619492566,176.03219857961938,63.96767037370917,29.41986980276452,11.986686863962483,nan,196.44865736795035,287.8387110366661,287.82852717060416,278.9971380170751,179.66309008078815,65.50198048835281,30.477486163715056,12.475948801071093,nan
mac_p007_h0_v150,15,21,mac_shift_grid,mac_base_m_plus_h_plus_v,default,0|5|10|15|35|75|125|175|225,0|5|10|15|35|75|125|175|225,7.0,0.9,0.005,1.5,1.5,10000.0,0.0,one_sided_huber,additive_removal_premium_v1,0.015,2,0,1,1,1,True,5.0,5.0,_FIXEDLEARN_GRID5,7.568369455068494,7.550517302600182,0.01785215246831129,7,0.0,150.0,MAC_base(m+h)+v,1.0,7.0,0.9,0.005,0.0,0.40932452408263,0.4315572214001764,0.4511803582970328,0.4881175863020091,0.4839851829232749,0.46780887772311114,0.47296284073971134,nan,0.0,1.1102230246251565e-16,0.0,0.0,0.29818584849616614,0.3707907012657218,0.36827770567003976,0.3803035798372769,nan,1.4196,1.4852826502459113,1.5473529236895862,1.6058114964591246,1.8213592609370945,2.101886783994014,2.2349266553126417,2.293372633033118,nan,1.4196,1.5307992167000002,1.6443419239000001,1.7588945192,1.970430283045688,2.251555158428537,2.387410254178759,2.446992022009897,nan,425.6,437.8093903208398,446.10433697760027,452.6198213599033,471.8519115332946,477.3910216271156,458.03403053773684,435.8443275299608,nan,425.6,447.78084386976184,465.5475315098372,481.5023071324044,492.41756408489493,494.04285555377373,473.0190928666554,449.8362459189979,nan,0.0,0.0003551045760473689,0.0007149611518727977,0.0010743466055907075,0.002774161334693652,0.013394120961200249,0.016104974378790948,0.01705108776473394,nan,0.0,0.0006332068992394159,0.0014976455049262696,0.002605083858391802,0.004723933682352795,0.019211703766594562,0.022332283708811233,0.023382558354909794,nan,260.5732654922566,266.1086963496725,266.44865631240253,256.0296499972481,159.59600016724931,55.804555303877386,23.773202834237843,9.591812638155,nan,161.77451503214422,150.0,139.08247535484375,278.4130747458727,174.23929098680256,61.27420693422051,28.167430812806984,11.593380327547488,nan
mac_p088_h0p35_v250,15,264,mac_shift_grid,mac_base_m_plus_h_plus_v,default,0|5|10|15|35|75|125|175|225,0|5|10|15|35|75|125|175|225,7.0,0.9,0.005,1.5,1.5,10000.0,0.0,one_sided_huber,additive_removal_premium_v1,0.015,2,0,1,1,1,True,5.0,5.0,_FIXEDLEARN_GRID5,7.468557184539839,7.4656543975066425,0.0029027870331965744,88,0.35,250.0,MAC_base(m+h)+v,1.0,7.0,0.9,0.005,0.0,1.1102230246251565e-16,0.0515871604085546,0.08689225596522163,0.14290169820266216,0.1531355211703468,0.14428936012069468,0.14923235418088293,nan,0.0,1.1102230246251565e-16,0.0,0.0,0.10551291966552503,0.1292870054410521,0.12323610139669813,0.12907554145792471,nan,1.4196,1.5307992167000002,1.6327481262212435,1.729412452990077,2.0923075810103935,2.539343896139979,2.730564547742386,2.83008401033071,nan,1.4196,1.5307992167000002,1.6443419239000001,1.7588945192,2.1216527736375497,2.5708769579077613,2.7628185300061805,2.863501903200379,nan,425.6,447.78084386976184,463.0028544390487,475.49673532813404,515.1423131629919,533.8573579276294,512.0342396825815,489.31594528296046,nan,425.6,447.78084386976184,465.54753150983714,481.5023071324044,519.3039260553321,537.4874032168342,515.2569278142184,492.4410750649902,nan,0.0,0.0006332068992394159,0.0013740805904838655,0.002214385259142082,0.0066142346010029125,0.0314282237251084,0.038417059965668285,0.04166475538117796,nan,0.0,0.0006332068992394159,0.0014976455049262696,0.002605083858391802,0.007182444280569771,0.0331132658843246,0.04023900242122587,0.04361697834428413,nan,347.783464465735,361.6884222095232,361.5068212713814,352.3744845753934,243.66331200396357,107.80396458299116,55.878668481939414,27.515192580437,nan,347.783464465735,322.47056750251846,299.00003171554334,357.8606408776253,246.7062443963982,109.88066946560967,57.07137870643109,28.44767774369958,nan
mac_p059_h0p25_v75,10,176,mac_shift_grid,mac_base_m_plus_h_plus_v,default,0|5|10|15|35|75|125|175|225,0|5|10|15|35|75|125|175|225,7.0,0.9,0.005,1.5,1.5,10000.0,0.0,one_sided_huber,additive_removal_premium_v1,0.015,2,0,1,1,1,True,5.0,5.0,_FIXEDLEARN_GRID5,7.552858649835777,7.5430026610972165,0.009855988738560306,59,0.25,75.0,MAC_base(m+h)+v,1.0,7.0,0.9,0.005,0.0,0.35984169341896577,0.3758406348770329,0.39130149502410927,0.41531753649570796,0.4164157033514566,0.40300592244658007,0.4089685741865599,nan,0.0,1.1102230246251565e-16,0.0,0.14493440435603655,0.3104797536584796,0.3537296484083905,0.34780212676827,0.35667838932049495,nan,1.4196,1.4907851022558096,1.5598747765379384,1.6261280665835538,1.8784975673599824,2.191228720286418,2.3342059829232578,2.3994684515208515,nan,1.4196,1.5307992167000002,1.6443419239000001,1.7097190701584801,1.9607812110716,2.2741136790375487,2.418779220256483,2.4861601234635606,nan,425.6,439.01482932681614,448.629724664064,456.4767925347188,481.22753247027265,488.9257034873451,468.7812004697844,446.328146963743,nan,425.6,447.78084386976184,465.5475315098372,470.7089152978724,492.3502353033407,498.06170974602753,477.0596972765494,454.2838244767179,nan,0.0,0.0003869033531814092,0.000810318248282477,0.001262988970901449,0.0035229506658993204,0.017671969165328295,0.021255070295139997,0.022509605191371573,nan,0.0,0.0006332068992394159,0.0014976455049262696,0.0020406890167978782,0.0046175704906026354,0.020875666216830516,0.024735188312628595,0.026141012661659448,nan,274.4143718063196,279.6044775105519,280.24212489785526,269.6447291920371,174.72186125506758,59.58084154508753,30.324753318769837,13.04594504029698,nan,130.02301697415595,120.55948702580318,292.5687582650813,280.8554927311705,181.50182243944244,62.09034166819531,32.33624196284872,14.367775621358053,nan
mac_p005_h0_v100,10,14,mac_shift_grid,mac_base_m_plus_h_plus_v,default,0|5|10|15|35|75|125|175|225,0|5|10|15|35|75|125|175|225,7.0,0.9,0.005,1.5,1.5,10000.0,0.0,one_sided_huber,additive_removal_premium_v1,0.015,2,0,1,1,1,True,5.0,5.0,_FIXEDLEARN_GRID5,7.599527519584868,7.586246488023705,0.01328103156116267,5,0.0,100.0,MAC_base(m+h)+v,1.0,7.0,0.9,0.005,0.0,0.49357899366313207,0.5119741028330232,0.5311069300525534,0.5599481217333373,0.5615495120169564,0.5481266172502639,0.5531950329518872,nan,0.0,1.1102230246251565e-16,0.0,0.19823936476802473,0.42217472734213723,0.4808243841111841,0.4779418026069931,0.48804507910372236,nan,1.4196,1.4759136192250855,1.52927987904233,1.578692848724031,1.7649818936836987,1.9993294253705067,2.111878390901958,2.1603560276354155,nan,1.4196,1.5307992167000002,1.6443419239000001,1.6916329892445199,1.873115589286808,2.1060660656444337,2.219402826732481,2.268367855104648,nan,425.6,435.7568880145244,442.51723152420624,447.56271810936545,462.89246903057864,463.92365171346154,444.28361914032575,422.47081548861354,nan,425.6,447.78084386976184,465.5475315098372,466.73924828190684,477.3700564775656,475.56535785816624,454.69313379591074,432.2098175129295,nan,0.0,0.0003023996151368364,0.0005989016253944446,0.0008839990108526206,0.002209092501331708,0.010707479872125027,0.012706156866834658,0.013380395434044318,nan,0.0,0.0006332068992394159,0.0014976455049262696,0.0018590102603781838,0.003445273629862704,0.014495663662403829,0.016659428850060366,0.017388759544059693,nan,241.23348273699114,247.27814826320912,248.5482453867873,237.60290217432924,146.2708036510577,47.559876677141716,19.19113123891878,7.256864456685465,nan,107.84967668809615,100.0,266.69086816493615,253.84924632834208,156.20971046394055,51.69623973807174,21.62279649579746,8.440694118677122,nan
mac_p009_h0_v200,15,27,mac_shift_grid,mac_base_m_plus_h_plus_v,default,0|5|10|15|35|75|125|175|225,0|5|10|15|35|75|125|175|225,7.0,0.9,0.005,1.5,1.5,10000.0,0.0,one_sided_huber,additive_removal_premium_v1,0.015,2,0,1,1,1,True,5.0,5.0,_FIXEDLEARN_GRID5,7.540680626697713,7.528059198868955,0.012621427828758414,9,0.0,200.0,MAC_base(m+h)+v,1.0,7.0,0.9,0.005,0.0,0.30655518470342513,0.3316423249563645,0.35817895749252426,0.4112122164340358,0.41589343101981663,0.40292446568854623,0.40991190686938905,nan,0.0,1.1102230246251565e-16,0.0,0.0,0.26016210540217655,0.32521070285872133,0.3226505237189271,0.33459425132652215,nan,1.4196,1.4967105202856554,1.5698079897426376,1.637366362030017,1.8817196947661032,2.1919192809016,2.334330776185115,2.397904504334929,nan,1.4196,1.5307992167000002,1.6443419239000001,1.7588945192,2.0002738379612435,2.3118220916606904,2.457311941926543,2.5227733205867837,nan,425.6,440.31292879357073,450.56980149159983,458.43744468290504,481.334340959894,488.81820829572894,468.6938913799843,446.0397442812033,nan,425.6,447.78084386976184,465.5475315098372,481.5023071324044,497.72355142053425,502.20427217525685,480.83779143394474,457.4919446267119,nan,0.0,0.0004213754035245201,0.0008671464859069794,0.001315814506233733,0.003464102982972892,0.016267065617191316,0.019592743795297084,0.020746592048830587,nan,0.0,0.0006332068992394159,0.0014976455049262696,0.002605083858391802,0.005143432660791879,0.021243050030467683,0.024962131363794892,0.026265317718806767,nan,280.42861503463473,284.6384145036902,287.647891069202,276.74274668403507,178.3711014786424,66.4484930331485,29.61266742713237,11.986303989021964,nan,215.6993533761923,200.0,185.443300473125,295.2124694783786,190.90838443682085,71.49627111151794,33.54082177706956,13.926293483055883,nan
mac_p109_h0p45_v225,15,327,mac_shift_grid,mac_base_m_plus_h_plus_v,default,0|5|10|15|35|75|125|175|225,0|5|10|15|35|75|125|175|225,7.0,0.9,0.005,1.5,1.5,10000.0,0.0,one_sided_huber,additive_removal_premium_v1,0.015,2,0,1,1,1,True,5.0,5.0,_FIXEDLEARN_GRID5,7.461500825570383,7.459194773714146,0.0023060518562365573,109,0.45,225.0,MAC_base(m+h)+v,1.0,7.0,0.9,0.005,0.0,1.1102230246251565e-16,0.04207576566669807,0.07068448829747426,0.12141198744104854,0.128729121744373,0.12091504865822109,0.12488023872805099,nan,0.0,1.1102230246251565e-16,0.0,0.0,0.09018655600847968,0.10889046760848592,0.10338956811186115,0.10814315416233866,nan,1.4196,1.5307992167000002,1.6348857353745008,1.7349116597282106,2.109174130988084,2.5716146046974524,2.766374425786573,2.8704572775003574,nan,1.4196,1.5307992167000002,1.6443419239000001,1.7588945192,2.1336819201191095,2.597845734272035,2.7932237865490706,2.898205617808669,nan,425.6,447.78084386976184,463.4720298679565,476.6179391682894,517.9442904770698,538.1570541239674,515.9540356918743,493.4305047223272,nan,425.6,447.78084386976184,465.54753150983714,481.5023071324044,521.4426290037679,541.1782655542082,518.6385135213244,496.0226520431331,nan,0.0,0.0006332068992394159,0.0013967606118163941,0.0022829995184289534,0.006948253493781341,0.03330866939917927,0.04068123893576668,0.044318850690252994,nan,0.0,0.0006332068992394159,0.0014976455049262696,0.002605083858391802,0.007442200524925301,0.03473291302679246,0.04223347026097876,0.04597495238491997,nan,357.3244818254141,369.7308080118997,368.13133051385876,361.87157753945525,249.96069874081576,112.26411918949428,58.35994430708171,29.6273388307713,nan,357.3244818254141,331.31715624776984,307.2027347897824,365.58992496403744,252.54078131369303,114.05170162028338,59.47037834672372,30.38239359875199,nan
mac_p067_h0p3_v0,15,201,mac_shift_grid,mac_base_m_plus_h_plus_v,default,0|5|10|15|35|75|125|175|225,0|5|10|15|35|75|125|175|225,7.0,0.9,0.005,1.5,1.5,10000.0,0.0,one_sided_huber,additive_removal_premium_v1,0.015,2,0,1,1,1,True,5.0,5.0,_FIXEDLEARN_GRID5,7.57927495735099,7.555351401796572,0.023923555554418385,67,0.3,0.0,MAC_base(m+h)+v,1.0,7.0,0.9,0.005,0.0,0.4109216114305668,0.42397380753055586,0.43782757626409596,0.4620396115897242,0.4638325288277302,0.452471855271512,0.4591283485117544,nan,0.0,1.1102230246251565e-16,0.0,0.0,0.2762611123760015,0.35296140761242045,0.3550128813235406,0.36726442919266666,nan,1.4196,1.4851050553838192,1.5490572347123746,1.6103420222189726,1.84182698470876,2.128533091613023,2.2584232577445236,2.3163087780246103,nan,1.4196,1.5307992167000002,1.6443419239000001,1.7588945192,1.987638269771083,2.275129464872895,2.4077322107372785,2.4686095736209586,nan,425.6,437.7704840707459,446.48560646084815,453.5490202109473,475.3300910313386,480.75087808541633,460.3102329691004,437.91314328029307,nan,425.6,447.78084386976184,465.5475315098372,481.5023071324044,495.47703068983355,497.07365216774593,474.985627176394,451.8908832490305,nan,0.0,0.000354104830741849,0.0007384231831712638,0.0011496525057397454,0.003159037788476013,0.016245809643614485,0.019364861626991206,0.02041014169836497,nan,0.0,0.0006332068992394159,0.0014976455049262696,0.002605083858391802,0.00514081786328618,0.021920842409444644,0.02545838553684283,0.02672452378587591,nan,260.56451085908884,266.15812577461145,267.558993187382,259.21873610730427,166.61275865253072,54.25674728539596,28.3766705385827,12.065309893764123,nan,62.816539318813,58.24453187790255,54.005291129751946,280.95135963037416,179.52251277429463,58.35694808243891,31.867051435589172,14.289715450881118,nan
mac_p071_h0p3_v100,5,211,mac_shift_grid,mac_base_m_plus_h_plus_v,default,0|5|10|15|35|75|125|175|225,0|5|10|15|35|75|125|175|225,7.0,0.9,0.005,1.5,1.5,10000.0,0.0,one_sided_huber,additive_removal_premium_v1,0.015,2,0,1,1,1,True,5.0,5.0,_FIXEDLEARN_GRID5,7.528392521038983,7.5258412764373315,0.002551244601651348,71,0.3,100.0,MAC_base(m+h)+v,1.0,7.0,0.9,0.005,0.0,0.28818942184072005,0.3047232055922462,0.31942733585483163,0.35058153585305774,0.34729148010141103,0.33347517226245643,0.33949370081616026,nan,0.0,1.1102230246251565e-16,0.16689844943773985,0.22942838781265806,0.31247016128908567,0.3245447585444652,0.31358389008328474,0.3207808832559072,nan,1.4196,1.4987527787300863,1.5758578444182234,1.6505145748617984,1.9293066732761686,2.2826263748044378,2.440728379889334,2.514650544411034,nan,1.4196,1.5307992167000002,1.6068328452774354,1.6810507246662731,1.9592190071801658,2.3127026187104107,2.4712021925670777,2.5456744439289345,nan,425.6,440.7603326027767,451.81489864024513,461.0434920206965,489.308176856073,500.91064497752365,480.5653452491354,457.86907151249267,nan,425.6,447.78084386976184,457.31481131219795,465.9221741380025,493.2521281095918,504.1822321499155,483.5165915862799,460.6862551451048,nan,0.0,0.0004335183365179916,0.0009247352922203603,0.001463507390101527,0.004178001181788876,0.02092183201695024,0.02537020473268039,0.02704840423501932,nan,0.0,0.0006332068992394159,0.0011620337496388682,0.0017368403324098229,0.0045777955035855925,0.022039792248932186,0.026581548283916963,0.028312562875572815,nan,288.9282632007717,293.30782404458324,293.2461288995188,285.64681212143745,184.76474116619036,66.29413878611108,35.23607589168118,15.85630122460057,nan,170.66621600690914,298.55759457627187,298.3364261516002,290.2977846069088,187.74461353818657,67.50335562771292,36.100821473979536,16.447156762706175,nan
mac_p008_h0_v175,5,22,mac_shift_grid,mac_base_m_plus_h_plus_v,default,0|5|10|15|35|75|125|175|225,0|5|10|15|35|75|125|175|225,7.0,0.9,0.005,1.5,1.5,10000.0,0.0,one_sided_huber,additive_removal_premium_v1,0.015,2,0,1,1,1,True,5.0,5.0,_FIXEDLEARN_GRID5,7.554135052600524,7.551681880622852,0.0024531719776721417,8,0.0,175.0,MAC_base(m+h)+v,1.0,7.0,0.9,0.005,0.0,0.36203392358596864,0.3857510754139619,0.40457614911023887,0.4510390084981648,0.44936196498730074,0.4350779288507922,0.4412625967476336,nan,0.0,1.1102230246251565e-16,0.21440315355178763,0.29247382643520803,0.4035379468898731,0.4206253005965279,0.4096745479358149,0.41748559115878475,nan,1.4196,1.4905413279784128,1.5576474850649724,1.621624049207854,1.8504609874595062,2.147666407437554,2.285071075150206,2.345928330812808,nan,1.4196,1.5307992167000002,1.5961565466805443,1.659659752881082,1.8877429703813382,2.185662692972472,2.3239895251732507,2.3853481258196174,nan,425.6,438.96142494962226,448.15074406596096,455.58203428268,476.40805893175076,483.253395537038,463.4122844737328,440.96567888468354,nan,425.6,447.78084386976184,454.97151250768457,461.6556676221826,481.3233886155906,487.40713475346956,467.21010811349134,444.5461706374266,nan,0.0,0.0003854857284438137,0.0007838840931644902,0.001190279872014349,0.003095179179654525,0.014766827080983085,0.017781156179823152,0.018824923222605608,nan,0.0,0.0006332068992394159,0.0010693244744951784,0.0015119736916635587,0.00354037760021489,0.016129875947837657,0.019250158549603262,0.02033147762156527,nan,270.85902186079767,275.78274028406366,275.69052568088233,266.718824303511,168.52106892502152,61.01681767402958,26.605401820379694,10.686497913665692,nan,188.73693420416828,280.9794718756849,280.6870599931305,271.4242974568156,171.7336898819284,62.40057340330044,27.731940564738082,11.225423769392577,nan
mac_p053_h0p2_v200,10,158,mac_shift_grid,mac_base_m_plus_h_plus_v,default,0|5|10|15|35|75|125|175|225,0|5|10|15|35|75|125|175|225,7.0,0.9,0.005,1.5,1.5,10000.0,0.0,one_sided_huber,additive_removal_premium_v1,0.015,2,0,1,1,1,True,5.0,5.0,_FIXEDLEARN_GRID5,7.506237505742622,7.50286584362637,0.003371662116251173,53,0.2,200.0,MAC_base(m+h)+v,1.0,7.0,0.9,0.005,0.0,0.18798440795460392,0.2091075603717374,0.240505237980646,0.28869567460585543,0.29828377650532545,0.28672275432742933,0.2930755046010429,nan,0.0,1.1102230246251565e-16,0.0,0.10384813096200407,0.2314472794720812,0.26435144383875364,0.2567656160125412,0.2648356270245664,nan,1.4196,1.509895497783635,1.5973466884800203,1.6772924101142754,1.9778788008034893,2.3474254995019237,2.512353950003433,2.5916070716973767,nan,1.4196,1.5307992167000002,1.6443419239000001,1.7236594175354283,2.022811137416933,2.392291618385188,2.558248840697059,2.6384258429224707,nan,425.6,443.20140217605444,456.0798465125179,465.8565646006854,496.8619839171457,508.93740740546343,488.18110022283633,465.4175966665564,nan,425.6,447.78084386976184,465.5475315098372,473.76864600662213,502.91150894385055,513.8621282564465,492.6719251900191,469.6997538995114,nan,0.0,0.0005009131694742498,0.0010761399422843138,0.0016819976413597112,0.00478380896961641,0.02278834025724212,0.02767589333268184,0.029619117959113955,nan,0.0,0.0006332068992394159,0.0014976455049262696,0.002161392670451821,0.005463217403828531,0.024725996397882467,0.02977537450597742,0.03180837021351401,nan,306.74843934343124,309.36975369498134,317.486298679339,305.18644922050714,204.96437256783608,80.2947438042304,39.66783599007777,17.755981926086942,nan,252.63626062243705,234.24850994506656,325.3810612826481,312.85763126316795,210.01803446071145,82.48995078493854,41.32548747739306,18.776120935489768,nan
mac_p020_h0p05_v200,5,58,mac_shift_grid,mac_base_m_plus_h_plus_v,default,0|5|10|15|35|75|125|175|225,0|5|10|15|35|75|125|175|225,7.0,0.9,0.005,1.5,1.5,10000.0,0.0,one_sided_huber,additive_removal_premium_v1,0.015,2,0,1,1,1,True,5.0,5.0,_FIXEDLEARN_GRID5,7.532189049174049,7.530706803603913,0.0014822455701359871,20,0.05,200.0,MAC_base(m+h)+v,1.0,7.0,0.9,0.005,0.0,0.2804660249023466,0.3042053174606246,0.3317192331568052,0.3826818270727086,0.3892438371964192,0.3766781216718912,0.38418538945936875,nan,0.0,1.1102230246251565e-16,0.17320984790510907,0.2459391271185693,0.34714444943849637,0.3685233341380989,0.3584228202746752,0.3670020597445274,nan,1.4196,1.4996116144198965,1.5759742355932889,1.6463440014766695,1.9041122361727263,2.227155993226101,2.3745406612912983,2.4405563865810986,nan,1.4196,1.5307992167000002,1.6054144094433793,1.6754487213118372,1.932004326605798,2.25455312394124,2.4025081211133212,2.4690445547973328,nan,425.6,440.9484803664209,451.80564092477493,460.10788006772833,484.96331883326934,493.36032325355774,473.08517795251527,450.2509904657138,nan,425.6,447.78084386976184,457.0034844076479,464.74954040058344,488.60957235416356,496.3050857191241,475.79108942521407,452.83495225836816,nan,0.0,0.0004386854219096308,0.0009124314797950909,0.001394807278159705,0.0037507859742788516,0.017647663873165957,0.021306971704785023,0.022574694932599212,nan,0.0,0.0006332068992394159,0.0011384417981908175,0.0016510809771293448,0.004108651806545739,0.018649390951632223,0.02240270477130412,0.02371190557494901,nan,287.6543453568554,291.4672513993178,295.54508964492294,284.1404638857435,186.2094642107655,69.62474550274202,32.298326578828764,13.248007050673696,nan,223.41107653997437,296.2998978416915,299.7471104743825,288.6742448630853,189.30480779210018,70.81247214378968,33.201968890088054,13.718736537346313,nan
mac_p056_h0p25_v0,10,167,mac_shift_grid,mac_base_m_plus_h_plus_v,default,0|5|10|15|35|75|125|175|225,0|5|10|15|35|75|125|175|225,7.0,0.9,0.005,1.5,1.5,10000.0,0.0,one_sided_huber,additive_removal_premium_v1,0.015,2,0,1,1,1,True,5.0,5.0,_FIXEDLEARN_GRID5,7.595211251190204,7.5794986124426345,0.01571263874756923,56,0.25,0.0,MAC_base(m+h)+v,1.0,7.0,0.9,0.005,0.0,0.4483780220547451,0.46148443474798895,0.47590065551257665,0.5015299201349623,0.5054393863132245,0.4947686329078953,0.5017848113767508,nan,0.0,1.1102230246251565e-16,0.0,0.17368407476450592,0.37354584660851686,0.4292444820003429,0.4282976624858602,0.43940200359430637,nan,1.4196,1.4809399318620171,1.5406270241848328,1.5974240351008953,1.8108323719798425,2.073519537648245,2.1936238110847714,2.2455888122336978,nan,1.4196,1.5307992167000002,1.6443419239000001,1.69996446456008,1.9112827594433202,2.174266210999367,2.2954585687893285,2.3490130001762886,nan,425.6,436.85801771050177,444.8040825835618,451.1274917078158,470.32370484326464,473.532182441361,453.11288511942564,430.7861800681511,nan,425.6,447.78084386976184,465.5475315098372,468.5679022015619,483.876681831028,484.6124328779921,463.0233714949745,440.201468326746,nan,0.0,0.000330665416513708,0.0006802383155063029,0.0010479237547527387,0.002803914666264391,0.014387545821465153,0.017057704701137173,0.01787411763201266,nan,0.0,0.0006332068992394159,0.0014976455049262696,0.0019571456728906893,0.0040412165550563085,0.018020747446518624,0.0209276153118468,0.02186670415273074,nan,251.37692737854832,257.1844903236598,258.98755690920785,251.0329331169085,161.29443002066694,51.5690663767422,26.08563534036287,10.548433666337809,nan,49.13575945808384,45.55948702580318,275.4404496911591,265.84865343143167,169.99475636229346,54.8351549461394,28.364296760575172,11.949426647383808,nan
mac_p009_h0_v200,5,25,mac_shift_grid,mac_base_m_plus_h_plus_v,default,0|5|10|15|35|75|125|175|225,0|5|10|15|35|75|125|175|225,7.0,0.9,0.005,1.5,1.5,10000.0,0.0,one_sided_huber,additive_removal_premium_v1,0.015,2,0,1,1,1,True,5.0,5.0,_FIXEDLEARN_GRID5,7.540680626697713,7.539008551986791,0.0016720747109220113,9,0.0,200.0,MAC_base(m+h)+v,1.0,7.0,0.9,0.005,0.0,0.30655518470342513,0.3316423249563645,0.35817895749252426,0.4112122164340358,0.41589343101981663,0.40292446568854623,0.40991190686938905,nan,0.0,1.1102230246251565e-16,0.18867945303346356,0.2648339241237434,0.3719696650643649,0.39257159393755453,0.3824620670183408,0.390868989671326,nan,1.4196,1.4967105202856554,1.5698079897426376,1.637366362030017,1.8817196947661032,2.1919192809016,2.334330776185115,2.397904504334929,nan,1.4196,1.5307992167000002,1.6019377406248598,1.6690378202465854,1.9125198512349808,2.2227559559215786,2.36567954990399,2.4294756746185135,nan,425.6,440.31292879357073,450.56980149159983,458.43744468290504,481.334340959894,488.81820829572894,468.6938913799843,446.0397442812033,nan,425.6,447.78084386976184,456.2404040374062,463.4819804646866,485.38051226478274,492.16241773178604,471.7311881181006,448.887005218291,nan,0.0,0.0004213754035245201,0.0008671464859069794,0.001315814506233733,0.003464102982972892,0.016267065617191316,0.019592743795297084,0.020746592048830587,nan,0.0,0.0006332068992394159,0.0011105487750517405,0.0015902802939464329,0.0038416210948309703,0.017372579388339488,0.02078212227739297,0.021966169492038924,nan,280.42861503463473,284.6384145036902,287.647891069202,276.74274668403507,178.3711014786424,66.4484930331485,29.61266742713237,11.986303989021964,nan,215.6993533761923,289.8049410022901,292.50719816454057,281.386372856718,181.50405553961383,67.82992356761355,30.63023084272136,12.477278082553074,nan
mac_p008_h0_v175,10,23,mac_shift_grid,mac_base_m_plus_h_plus_v,default,0|5|10|15|35|75|125|175|225,0|5|10|15|35|75|125|175|225,7.0,0.9,0.005,1.5,1.5,10000.0,0.0,one_sided_huber,additive_removal_premium_v1,0.015,2,0,1,1,1,True,5.0,5.0,_FIXEDLEARN_GRID5,7.554135052600524,7.546761569345024,0.007373483255500801,8,0.0,175.0,MAC_base(m+h)+v,1.0,7.0,0.9,0.005,0.0,0.36203392358596864,0.3857510754139619,0.40457614911023887,0.4510390084981648,0.44936196498730074,0.4350779288507922,0.4412625967476336,nan,0.0,1.1102230246251565e-16,0.0,0.15250501906733194,0.344368812618819,0.38545751837322473,0.37887820311568265,0.38881818741622487,nan,1.4196,1.4905413279784128,1.5576474850649724,1.621624049207854,1.8504609874595062,2.147666407437554,2.285071075150206,2.345928330812808,nan,1.4196,1.5307992167000002,1.6443419239000001,1.7071504020799626,1.9341828304329707,2.2321623519731,2.3711700957747075,2.4328756908313838,nan,425.6,438.96142494962226,448.15074406596096,455.58203428268,476.40805893175076,483.253395537038,463.4122844737328,440.96567888468354,nan,425.6,447.78084386976184,465.5475315098372,470.14512499997636,487.7073125620967,492.5693397234206,471.83481983089456,448.87132544508273,nan,0.0,0.0003854857284438137,0.0007838840931644902,0.001190279872014349,0.003095179179654525,0.014766827080983085,0.017781156179823152,0.018824923222605608,nan,0.0,0.0006332068992394159,0.0014976455049262696,0.0019819247040220927,0.00415431042794258,0.01795409718832144,0.021190992654602458,0.022306573994757446,nan,270.85902186079767,275.78274028406366,275.69052568088233,266.718824303511,168.52106892502152,61.01681767402958,26.605401820379694,10.686497913665692,nan,188.73693420416828,175.0,288.45319182865046,278.6187608233818,176.4608370604004,64.39871337814651,29.17298825338036,11.911886204886454,nan
mac_p014_h0p05_v50,10,41,mac_shift_grid,mac_base_m_plus_h_plus_v,default,0|5|10|15|35|75|125|175|225,0|5|10|15|35|75|125|175|225,7.0,0.9,0.005,1.5,1.5,10000.0,0.0,one_sided_huber,additive_removal_premium_v1,0.015,2,0,1,1,1,True,5.0,5.0,_FIXEDLEARN_GRID5,7.621187119588334,7.604440267979972,0.01674685160836198,14,0.05,50.0,MAC_base(m+h)+v,1.0,7.0,0.9,0.005,0.0,0.531354334799218,0.5468378480860909,0.5641139418244436,0.5929655451890976,0.5952835716626659,0.5832924483915668,0.58865959001906,nan,0.0,1.1102230246251565e-16,0.0,0.20753916935767636,0.4447167400291696,0.5085289901800071,0.5080599837317383,0.5188811956806899,nan,1.4196,1.4717130308801776,1.5214445338597962,1.5674937505346587,1.7390676303867776,1.954725467683549,2.0580036863351827,2.1015594914453875,nan,1.4196,1.5307992167000002,1.6443419239000001,1.6884776165176199,1.8554231229804348,2.069434391609175,2.1732612154717,2.2172447904391714,nan,425.6,434.83665226691716,440.9677094998599,445.49522861387527,458.72844232820546,458.1031279662716,438.2615511061447,416.535503900516,nan,425.6,447.78084386976184,465.5475315098372,466.0466837016287,474.33021116568256,470.6144215789738,449.4048386623034,426.9557179038726,nan,0.0,0.00027962808277329546,0.0005513033650876666,0.0008150341747766497,0.002002986175229188,0.009934630291901161,0.011659198760238482,0.012224648517659496,nan,0.0,0.0006332068992394159,0.0014976455049262696,0.001839635414686951,0.0032948224475992565,0.0139011194752978,0.015795986149407387,0.016404696824526412,nan,231.2003574407057,237.44055630013352,239.33977078168627,230.325199100876,141.63809692794675,44.61341376558143,18.032962031031555,6.689141679399144,nan,61.636561507830145,57.15043697913398,258.67459373167253,247.94105758850435,152.2163110557447,48.680424200597,20.612367627285142,7.901887627834721,nan
mac_p119_h0p5_v200,5,355,mac_shift_grid,mac_base_m_plus_h_plus_v,default,0|5|10|15|35|75|125|175|225,0|5|10|15|35|75|125|175|225,7.0,0.9,0.005,1.5,1.5,10000.0,0.0,one_sided_huber,additive_removal_premium_v1,0.015,2,0,1,1,1,True,5.0,5.0,_FIXEDLEARN_GRID5,7.459989218594594,7.459989218594707,-1.127986593019159e-13,119,0.5,200.0,MAC_base(m+h)+v,1.0,7.0,0.9,0.005,0.0,1.1102230246251565e-16,0.040429147301346,0.06797741611947178,0.1155066156514376,0.12244019586906435,0.11473079745129118,0.11824199363067202,nan,0.0,1.1102230246251565e-16,0.04042916320615908,0.06797740325266605,0.11550661743864576,0.12244020473769143,0.11473080912563277,0.11824200945907959,nan,1.4196,1.5307992167000002,1.635255799553859,1.7358301544812855,2.1138090583508213,2.579929968652599,2.7758488131656547,2.8814627954141168,nan,1.4196,1.5307992167000002,1.6352557959793808,1.735830158846922,2.113809056948102,2.5799299569262937,2.7758487952803472,2.881462769172268,nan,425.6,447.78084386976184,463.55325379975403,476.80468296992444,518.7354064945912,539.2605514639027,516.9996345272029,494.56923245645237,nan,425.6,447.78084386976184,463.5532530152058,476.8046840716048,518.7354061197216,539.2605497236401,516.9996323202221,494.56922941513653,nan,0.0,0.0006332068992394159,0.001400707906717329,0.002295977121032124,0.007047413861802865,0.03385730395677254,0.04135382986857693,0.04512395787674679,nan,0.0,0.0006332068992394159,0.001400707868589771,0.002295977149020684,0.007047413795291335,0.033857303093397594,0.041353828591598474,0.04512395595545177,nan,352.00311590690086,367.45002965095034,367.0378877092521,360.79347474490896,249.41510489631162,111.47814815856904,58.35361416266658,30.101982197630036,nan,352.00311590690086,367.45004895207575,367.03786305744853,360.7934866649586,249.41511383271686,111.4781499736405,58.35361988798418,30.10209676043045,nan
mac_p070_h0p3_v75,15,210,mac_shift_grid,mac_base_m_plus_h_plus_v,default,0|5|10|15|35|75|125|175|225,0|5|10|15|35|75|125|175|225,7.0,0.9,0.005,1.5,1.5,10000.0,0.0,one_sided_huber,additive_removal_premium_v1,0.015,2,0,1,1,1,True,5.0,5.0,_FIXEDLEARN_GRID5,7.539945202245759,7.524120476527725,0.015824725718034394,70,0.3,75.0,MAC_base(m+h)+v,1.0,7.0,0.9,0.005,0.0,0.3226455296033647,0.338361315951024,0.3533263538020474,0.3791366241558526,0.3788898765114099,0.364989413380027,0.37041402388222705,nan,0.0,1.1102230246251565e-16,0.0,0.0,0.22790524930391087,0.2865736808819963,0.28315731451404075,0.2931539445497676,nan,1.4196,1.4949212865363493,1.5682979507798311,1.639012823866045,1.9068947465025077,2.240846240683327,2.3924479788650252,2.4633878741704933,nan,1.4196,1.5307992167000002,1.6443419239000001,1.7588945192,2.025591157563162,2.362908860092935,2.5178162698281823,2.5914770264447267,nan,425.6,439.9209558788878,450.31087692531725,458.89183397017655,485.7734205233187,495.4118039856752,475.23368096977094,452.77833509014954,nan,425.6,447.78084386976184,465.5475315098372,481.5023071324044,502.22480395429625,509.12192537846266,487.65054582015847,464.58872631823755,nan,0.0,0.00041096349266549827,0.0008705609799061682,0.0013721811031421566,0.0038927991930673435,0.019604916213757012,0.023695388473113366,0.025208380515072855,nan,0.0,0.0006332068992394159,0.0014976455049262696,0.002605083858391802,0.005623234283489518,0.024551404964209336,0.02906666687175445,0.030804052004117878,nan,282.07178310187857,286.92134952338984,287.3085579718291,277.81353562611486,180.16308913487848,62.30731535988648,32.83442771204049,14.681278133857159,nan,143.7037968348851,133.24453187790255,123.54652880717381,295.2892269793028,190.53982951113179,66.1355811473521,36.337231135479634,16.929020458459235,nan
mac_p067_h0p3_v0,5,199,mac_shift_grid,mac_base_m_plus_h_plus_v,default,0|5|10|15|35|75|125|175|225,0|5|10|15|35|75|125|175|225,7.0,0.9,0.005,1.5,1.5,10000.0,0.0,one_sided_huber,additive_removal_premium_v1,0.015,2,0,1,1,1,True,5.0,5.0,_FIXEDLEARN_GRID5,7.57927495735099,7.573195923877827,0.00607903347316352,67,0.3,0.0,MAC_base(m+h)+v,1.0,7.0,0.9,0.005,0.0,0.4109216114305668,0.42397380753055586,0.43782757626409596,0.4620396115897242,0.4638325288277302,0.452471855271512,0.4591283485117544,nan,0.0,1.1102230246251565e-16,0.22594973033251103,0.30843149248781143,0.40793618066415777,0.43223128309452596,0.42478415715359574,0.43311377435192977,nan,1.4196,1.4851050553838192,1.5490572347123746,1.6103420222189726,1.84182698470876,2.128533091613023,2.2584232577445236,2.3163087780246103,nan,1.4196,1.5307992167000002,1.5935615468003854,1.6542454042502095,1.8842909448705973,2.170316993175498,2.3008413240271883,2.3594382283137865,nan,425.6,437.7704840707459,446.48560646084815,453.5490202109473,475.3300910313386,480.75087808541633,460.3102329691004,437.91314328029307,nan,425.6,447.78084386976184,454.40194618638856,460.57144855205775,480.90624879714767,485.2528133220809,464.4067743935705,441.819111127753,nan,0.0,0.000354104830741849,0.0007384231831712638,0.0011496525057397454,0.003159037788476013,0.016245809643614485,0.019364861626991206,0.02041014169836497,nan,0.0,0.0006332068992394159,0.0010636632422467004,0.001516303150623932,0.0036739617202345577,0.01776281845844428,0.021003357190069138,0.02210375969921964,nan,260.56451085908884,266.15812577461145,267.558993187382,259.21873610730427,166.61275865253072,54.25674728539596,28.3766705385827,12.065309893764123,nan,62.816539318813,273.87089703684893,275.05887296345236,266.00847808516556,170.58604552859313,55.42656772879643,29.320887102018276,12.643844477229898,nan
mac_p013_h0p05_v25,15,39,mac_shift_grid,mac_base_m_plus_h_plus_v,default,0|5|10|15|35|75|125|175|225,0|5|10|15|35|75|125|175|225,7.0,0.9,0.005,1.5,1.5,10000.0,0.0,one_sided_huber,additive_removal_premium_v1,0.015,2,0,1,1,1,True,5.0,5.0,_FIXEDLEARN_GRID5,7.638899215798954,7.606786609853275,0.03211260594567911,13,0.05,25.0,MAC_base(m+h)+v,1.0,7.0,0.9,0.005,0.0,0.5632576283691344,0.577612173599352,0.5941174511600311,0.6230917460015964,0.6283838363681736,0.6185565645736736,0.6240571877235995,nan,0.0,1.1102230246251565e-16,0.0,0.0,0.3740885056558433,0.48225921572057406,0.4923364214052989,0.5069382593880332,nan,1.4196,1.4681654096250527,1.5145282527372208,1.5573137242603277,1.7154225903358156,1.9109595283967447,2.0039784072656937,2.0428739668938496,nan,1.4196,1.5307992167000002,1.6443419239000001,1.7588945192,1.9108568446395284,2.1041688979431465,2.1973500041504144,2.2370449330045035,nan,425.6,434.0594640185389,439.5934480146463,443.6026978344905,454.9248855760454,452.3310228222259,432.15989404655386,410.5984452142502,nan,425.6,447.78084386976184,465.5475315098372,481.5023071324044,481.82579944365216,473.6918954606619,450.9414217061577,428.1569865746642,nan,0.0,0.00026055348965897007,0.0005101420249030465,0.0007472952173814695,0.0017967526332460628,0.008922018190592004,0.010417189958606585,0.010896658287819837,nan,0.0,0.0006332068992394159,0.0014976455049262696,0.002605083858391802,0.004064912377640928,0.01574369741788005,0.01746936949637704,0.018016768382816288,nan,222.51051598111377,228.82295403122612,231.09048159564372,223.34197731941038,137.01976391520768,42.17851172628207,16.671204210272244,6.012637692219494,nan,34.6741423358061,32.15043697913398,29.810415725319054,251.9367633707286,154.60460436755073,49.35834377462059,20.836360615015572,7.933006707338033,nan
mac_p031_h0p1_v200,10,92,mac_shift_grid,mac_base_m_plus_h_plus_v,default,0|5|10|15|35|75|125|175|225,0|5|10|15|35|75|125|175|225,7.0,0.9,0.005,1.5,1.5,10000.0,0.0,one_sided_huber,additive_removal_premium_v1,0.015,2,0,1,1,1,True,5.0,5.0,_FIXEDLEARN_GRID5,7.523508788694568,7.518941851134109,0.004566937560459117,31,0.1,200.0,MAC_base(m+h)+v,1.0,7.0,0.9,0.005,0.0,0.25107033683395275,0.274343720791739,0.3026049015680755,0.3526516168551991,0.36057601193617617,0.3482817813983135,0.3557539283538105,nan,0.0,1.1102230246251565e-16,0.0,0.12261712467959202,0.2753675162806506,0.3124873243652532,0.30560372173194283,0.31510508311965135,nan,1.4196,1.5028803919074594,1.5826853882793803,1.6562223346148965,1.9276819364396522,2.2650612580627216,2.4180443804802287,2.4876927833126876,nan,1.4196,1.5307992167000002,1.6443419239000001,1.7172912008361514,1.9883396232406247,2.3286452384126104,2.4834279582711254,2.5550843284930256,nan,425.6,441.66458145703973,453.1461796029173,461.9474760542727,488.7662692167131,498.25946679088395,477.84981384356564,454.95768898832534,nan,425.6,447.78084386976184,465.5475315098372,472.3709026313767,496.99614435950355,505.3754411650359,484.3135954024292,461.1937679702134,nan,0.0,0.00045835634427068015,0.0009634960706530859,0.001486117729757924,0.00407000318275796,0.01924326890372048,0.023283519167989666,0.02472402578135996,nan,0.0,0.0006332068992394159,0.0014976455049262696,0.002089340194220136,0.0049225309542781925,0.021815588883348724,0.026077760020279894,0.02765895978627729,nan,294.20667830672124,297.7646931924054,302.59734768149343,291.3003769393656,192.80997749540163,72.88124754042542,34.87319162484478,14.576799633475783,nan,232.0596268395015,215.1695155383947,311.41621672381575,299.6755716172352,197.84590231845806,75.71564768365394,36.64875697757519,15.705330657550624,nan
mac_p014_h0p05_v50,5,40,mac_shift_grid,mac_base_m_plus_h_plus_v,default,0|5|10|15|35|75|125|175|225,0|5|10|15|35|75|125|175|225,7.0,0.9,0.005,1.5,1.5,10000.0,0.0,one_sided_huber,additive_removal_premium_v1,0.015,2,0,1,1,1,True,5.0,5.0,_FIXEDLEARN_GRID5,7.621187119588334,7.614022961254112,0.007164158334221682,14,0.05,50.0,MAC_base(m+h)+v,1.0,7.0,0.9,0.005,0.0,0.531354334799218,0.5468378480860909,0.5641139418244436,0.5929655451890976,0.5952835716626659,0.5832924483915668,0.58865959001906,nan,0.0,1.1102230246251565e-16,0.2919664209197682,0.39772688926988936,0.5234844373932974,0.5545387495316048,0.5480138408465054,0.5558931980341602,nan,1.4196,1.4717130308801776,1.5214445338597962,1.5674937505346587,1.7390676303867776,1.954725467683549,2.0580036863351827,2.1015594914453875,nan,1.4196,1.5307992167000002,1.5787248287482942,1.6239479655322613,1.7936010110424387,2.0085992184678725,2.112051166441093,2.1558827513836905,nan,425.6,434.83665226691716,440.9677094998599,445.49522861387527,458.72844232820546,458.1031279662716,438.2615511061447,416.535503900516,nan,425.6,447.78084386976184,451.1454932725958,454.51708229911065,465.88418796480585,463.9149469375758,443.45040873507236,421.4088120694462,nan,0.0,0.00027962808277329546,0.0005513033650876666,0.0008150341747766497,0.002002986175229188,0.009934630291901161,0.011659198760238482,0.012224648517659496,nan,0.0,0.0006332068992394159,0.0009479913886895606,0.0012482942391692728,0.0025695790878358165,0.01172054648407633,0.01353125655874403,0.014124502351021802,nan,231.2003574407057,237.44055630013352,239.33977078168627,230.325199100876,141.63809692794675,44.61341376558143,18.032962031031555,6.689141679399144,nan,61.636561507830145,246.24729653243966,247.79890953258362,237.96936061878864,146.0827945025482,46.47896505953994,19.11694385073916,7.234659098614363,nan
mac_p056_h0p25_v0,5,166,mac_shift_grid,mac_base_m_plus_h_plus_v,default,0|5|10|15|35|75|125|175|225,0|5|10|15|35|75|125|175|225,7.0,0.9,0.005,1.5,1.5,10000.0,0.0,one_sided_huber,additive_removal_premium_v1,0.015,2,0,1,1,1,True,5.0,5.0,_FIXEDLEARN_GRID5,7.595211251190204,7.588352451826844,0.006858799363359758,56,0.25,0.0,MAC_base(m+h)+v,1.0,7.0,0.9,0.005,0.0,0.4483780220547451,0.46148443474798895,0.47590065551257665,0.5015299201349623,0.5054393863132245,0.4947686329078953,0.5017848113767508,nan,0.0,1.1102230246251565e-16,0.2448979739647278,0.3338383211065502,0.44101684342735176,0.4690140018331106,0.4630090884434157,0.4719651329672627,nan,1.4196,1.4809399318620171,1.5406270241848328,1.5974240351008953,1.8108323719798425,2.073519537648245,2.1936238110847714,2.2455888122336978,nan,1.4196,1.5307992167000002,1.589303082071955,1.645625006549618,1.8583270471718354,2.1216820275811408,2.2422800213794725,2.295026728445581,nan,425.6,436.85801771050177,444.8040825835618,451.1274917078158,470.32370484326464,473.532182441361,453.11288511942564,430.7861800681511,nan,425.6,447.78084386976184,453.46727250555887,458.8503129078722,476.60380549262743,478.79338914937966,457.8260696728263,435.27232913052194,nan,0.0,0.000330665416513708,0.0006802383155063029,0.0010479237547527387,0.002803914666264391,0.014387545821465153,0.017057704701137173,0.01787411763201266,nan,0.0,0.0006332068992394159,0.0010301910377138465,0.0014417486049787978,0.0033557378492087573,0.016039505128412814,0.018820090628675915,0.01969318932622222,nan,251.37692737854832,257.1844903236598,258.98755690920785,251.0329331169085,161.29443002066694,51.5690663767422,26.08563534036287,10.548433666337809,nan,49.13575945808384,264.65734310331794,266.07589631059795,257.4002473166042,165.0605148970377,53.04744298367483,27.201150175933197,11.20845509125363,nan
mac_p018_h0p05_v150,10,53,mac_shift_grid,mac_base_m_plus_h_plus_v,default,0|5|10|15|35|75|125|175|225,0|5|10|15|35|75|125|175|225,7.0,0.9,0.005,1.5,1.5,10000.0,0.0,one_sided_huber,additive_removal_premium_v1,0.015,2,0,1,1,1,True,5.0,5.0,_FIXEDLEARN_GRID5,7.558490605601696,7.550006926571574,0.008483679030121927,18,0.05,150.0,MAC_base(m+h)+v,1.0,7.0,0.9,0.005,0.0,0.3794109871356067,0.40080308803101444,0.4194830833240991,0.4576994197511438,0.45375107871999626,0.4382745811979118,0.44424398560988515,nan,0.0,1.1102230246251565e-16,0.0,0.15842087385200154,0.34807563872895586,0.38801779622775967,0.3807547216352212,0.39073308353173936,nan,1.4196,1.4886090121231468,1.5542646667908486,1.6165662081310166,1.8452334550596285,2.141863019251475,2.2801737445535895,2.340985499077904,nan,1.4196,1.5307992167000002,1.6443419239000001,1.7051431849751415,1.9312734675039493,2.228777093089649,2.36829523465034,2.4297009928211213,nan,425.6,438.53810659998214,447.4865688740441,454.64267704584955,475.6781497373736,482.5847627258212,462.97363285570145,440.52902691485144,nan,425.6,447.78084386976184,465.5475315098372,469.70456612086946,487.2573228700883,492.1614442445148,471.5690007022168,448.57019492084305,nan,0.0,0.00037425034150745254,0.0007635932879363422,0.0011613093123298964,0.0030567080642424395,0.01483066315448917,0.0178909511395653,0.018922385505038164,nan,0.0,0.0006332068992394159,0.0014976455049262696,0.0019745555738343323,0.004141923630152615,0.01806274040141316,0.021341478136576622,0.022440927783275492,nan,268.2223899315859,273.42793810071214,273.6433955901591,264.0113155186914,166.9249595465048,58.65764758269178,26.517271227528756,10.678481211611697,nan,169.4862381959263,157.15043697913399,287.9359090181864,277.1249969229421,175.3709943008479,62.13040019835978,29.202021368579643,12.005530934463613,nan
mac_p015_h0p05_v75,10,44,mac_shift_grid,mac_base_m_plus_h_plus_v,default,0|5|10|15|35|75|125|175|225,0|5|10|15|35|75|125|175|225,7.0,0.9,0.005,1.5,1.5,10000.0,0.0,one_sided_huber,additive_removal_premium_v1,0.015,2,0,1,1,1,True,5.0,5.0,_FIXEDLEARN_GRID5,7.604254696453561,7.58974731596958,0.01450738048398037,15,0.05,75.0,MAC_base(m+h)+v,1.0,7.0,0.9,0.005,0.0,0.49673421390786343,0.5135736719915501,0.5315901912486068,0.560288299653676,0.5621764986860984,0.5498413666121238,0.5554307358898478,nan,0.0,1.1102230246251565e-16,0.0,0.19687802674182125,0.42078043309529184,0.47989438397446427,0.47800315950664807,0.4886119902548009,nan,1.4196,1.4755627612053555,1.5289203887922316,1.578528880848868,1.7647148994947892,1.9985004090245817,2.1092513631230583,2.1566494653779764,nan,1.4196,1.5307992167000002,1.6443419239000001,1.6920948837755887,1.8742099238666867,2.107295733439617,2.219308826825902,2.267427975552571,nan,425.6,435.6800244740917,442.4525467969771,447.54751232687124,462.8544542377135,463.8099760668474,443.9292378789674,422.0378071547126,nan,425.6,447.78084386976184,465.5475315098372,466.84062831518014,477.54914064163995,475.7143594469767,454.6215325254634,432.05560803095113,nan,0.0,0.0003004273871284133,0.0005987566872277872,0.0008899130671873481,0.0022375682386965292,0.011027527391699045,0.013003872206763394,0.013659958007782004,nan,0.0,0.0006332068992394159,0.0014976455049262696,0.001868938868355012,0.003492044861194771,0.014841598083154103,0.01702655090864097,0.017742954084327474,nan,239.78949170466583,245.9097109189191,247.45775410393878,237.43176168741147,147.09460422851464,47.88284998594112,19.65250733558606,7.49610005476901,nan,88.5989806798542,82.15043697913399,265.64402440874284,253.7884283688153,157.18873348976862,51.39667064503855,22.25096804686189,8.707608436556248,nan
mac_p064_h0p25_v200,5,190,mac_shift_grid,mac_base_m_plus_h_plus_v,default,0|5|10|15|35|75|125|175|225,0|5|10|15|35|75|125|175|225,7.0,0.9,0.005,1.5,1.5,10000.0,0.0,one_sided_huber,additive_removal_premium_v1,0.015,2,0,1,1,1,True,5.0,5.0,_FIXEDLEARN_GRID5,7.497715434442067,7.497135412503438,0.0005800219386289385,64,0.25,200.0,MAC_base(m+h)+v,1.0,7.0,0.9,0.005,0.0,0.15707755727662487,0.17743732273236207,0.21034413772972593,0.2582535477406953,0.2690656150673752,0.25772797757753785,0.2636707319255127,nan,0.0,1.1102230246251565e-16,0.10250176223480945,0.1610538817195557,0.2369993802661812,0.25607833993767587,0.2461773593488379,0.2526230240680506,nan,1.4196,1.51333231536969,1.6044643186174636,1.6875259061224541,2.001771800569479,2.386058431623237,2.556774484956901,2.640357117482572,nan,1.4196,1.5307992167000002,1.6213054806522087,1.70424981983667,2.018453480556695,2.403230508640883,2.5744702459964834,2.658673064686644,nan,425.6,443.95431632545615,457.5027915737041,467.75475566542224,500.70724802484744,513.932318126844,493.04963462120327,470.31554924012295,nan,425.6,447.78084386976184,460.49135315055935,470.43315750205363,502.9216539324859,515.8207332697903,494.786174011527,472.00561006920236,nan,0.0,0.0005224340418549355,0.0011324389825969582,0.0017821758455553406,0.005146302656405345,0.02453948113466204,0.029861687092136827,0.03204684846245266,nan,0.0,0.0006332068992394159,0.0012674831737509123,0.001938407951348699,0.005387423343756016,0.02521050370394948,0.03060386180638663,0.03283097092725584,nan,313.6641408597472,315.893387345267,325.90926420806596,313.1400347772029,212.0560785209804,84.1440038193094,42.52863804820093,19.518263311990115,nan,264.8351128342762,318.04557402391555,328.1678228080562,315.3842481799056,213.73290458561374,84.99139488099391,43.12273004525781,19.900914126856748,nan
mac_p011_h0_v250,5,31,mac_shift_grid,mac_base_m_plus_h_plus_v,default,0|5|10|15|35|75|125|175|225,0|5|10|15|35|75|125|175|225,7.0,0.9,0.005,1.5,1.5,10000.0,0.0,one_sided_huber,additive_removal_premium_v1,0.015,2,0,1,1,1,True,5.0,5.0,_FIXEDLEARN_GRID5,7.51635017350303,7.515826679155591,0.0005234943474388132,11,0.0,250.0,MAC_base(m+h)+v,1.0,7.0,0.9,0.005,0.0,0.18276033814384707,0.20985020920100061,0.25849611086105106,0.3231190598258879,0.3407053160014029,0.32990339178238526,0.33714797732173646,nan,0.0,1.1102230246251565e-16,0.1251923590334013,0.20304177046067912,0.2994134677679149,0.3266214479571051,0.3172081054031729,0.3250974825700708,nan,1.4196,1.5104764102545771,1.5971797841533497,1.6711882055503298,1.950861045485346,2.291334754048484,2.446200413732868,2.518539509274474,nan,1.4196,1.5307992167000002,1.616205952273254,1.690003559314027,1.9694667660383995,2.3099567717040568,2.46564982757787,2.538517972545058,nan,425.6,443.32866444935956,456.0196721032923,464.5129489303646,492.26088913069896,501.3626146174352,480.7526971908934,457.96866407666835,nan,425.6,447.78084386976184,459.372077715769,467.5109757751885,494.7193728778958,503.38567197898993,482.6651767513665,459.80332987056124,nan,0.0,0.0005045502488629265,0.0010627856203738498,0.0016035568590070598,0.004337563945534227,0.019691068972992894,0.023834643526887613,0.02539504323000509,nan,0.0,0.0006332068992394159,0.0012137445093561411,0.001775594113522712,0.004589328377539781,0.020390797726238186,0.02461526473709954,0.026209659578151058,nan,302.6689607288937,304.90408898674707,314.4512103889031,298.9758635500431,200.071682273367,78.85980177103062,36.07701938367608,15.160604381514517,nan,269.6241917202404,307.53376212331483,317.1866052324696,301.4609811778877,202.08931300924152,79.71004362772456,36.7889211034953,15.561714078296458,nan
mac_p014_h0p05_v50,15,42,mac_shift_grid,mac_base_m_plus_h_plus_v,default,0|5|10|15|35|75|125|175|225,0|5|10|15|35|75|125|175|225,7.0,0.9,0.005,1.5,1.5,10000.0,0.0,one_sided_huber,additive_removal_premium_v1,0.015,2,0,1,1,1,True,5.0,5.0,_FIXEDLEARN_GRID5,7.621187119588334,7.592472695762163,0.02871442382617051,14,0.05,50.0,MAC_base(m+h)+v,1.0,7.0,0.9,0.005,0.0,0.531354334799218,0.5468378480860909,0.5641139418244436,0.5929655451890976,0.5952835716626659,0.5832924483915668,0.58865959001906,nan,0.0,1.1102230246251565e-16,0.0,0.0,0.3567355840548583,0.4563557424957626,0.4625821422683385,0.4765035869201452,nan,1.4196,1.4717130308801776,1.5214445338597962,1.5674937505346587,1.7390676303867776,1.954725467683549,2.0580036863351827,2.1015594914453875,nan,1.4196,1.5307992167000002,1.6443419239000001,1.7588945192,1.9244765681755363,2.1384190722713843,2.2429341108265772,2.2875024452131134,nan,425.6,434.83665226691716,440.9677094998599,445.49522861387527,458.72844232820546,458.1031279662716,438.2615511061447,416.535503900516,nan,425.6,447.78084386976184,465.5475315098372,481.5023071324044,484.24729650730455,478.42767672386435,456.283941161213,433.3873263167851,nan,0.0,0.00027962808277329546,0.0005513033650876666,0.0008150341747766497,0.002002986175229188,0.009934630291901161,0.011659198760238482,0.012224648517659496,nan,0.0,0.0006332068992394159,0.0014976455049262696,0.002605083858391802,0.004216241081726282,0.01653945085192696,0.018581669851783715,0.01922330586659688,nan,231.2003574407057,237.44055630013352,239.33977078168627,230.325199100876,141.63809692794675,44.61341376558143,18.032962031031555,6.689141679399144,nan,61.636561507830145,57.15043697913398,52.99082828445968,257.7651676537615,158.5738877521547,50.8938774046897,22.274294973407482,8.678935040082163,nan
mac_p069_h0p3_v50,5,205,mac_shift_grid,mac_base_m_plus_h_plus_v,default,0|5|10|15|35|75|125|175|225,0|5|10|15|35|75|125|175|225,7.0,0.9,0.005,1.5,1.5,10000.0,0.0,one_sided_huber,additive_removal_premium_v1,0.015,2,0,1,1,1,True,5.0,5.0,_FIXEDLEARN_GRID5,7.552292237099841,7.548109604811776,0.004182632288064703,69,0.3,50.0,MAC_base(m+h)+v,1.0,7.0,0.9,0.005,0.0,0.35437777131278425,0.3691960759810303,0.3838879809433442,0.407827236740951,0.40872820344064,0.39588753334785987,0.40174228199830214,nan,0.0,1.1102230246251565e-16,0.1984700091746574,0.2720141396434601,0.3601585432879834,0.38004363882242403,0.3706237787304646,0.3779928909028412,nan,1.4196,1.4913926861141267,1.5613680874876925,1.628643431279169,1.8843764512855472,2.201393311335991,2.3451114868524536,2.4114488901701163,nan,1.4196,1.5307992167000002,1.5997373922016367,1.6666016124740706,1.9217900027946646,2.239320709340768,2.383816026801775,2.450822903227449,nan,425.6,439.1479345826002,448.9328635318127,456.95794042523505,482.17651680051665,490.2546033182032,469.95136725725865,447.52509565406103,nan,425.6,447.78084386976184,455.75745821279696,463.0355846570451,487.123171629187,494.39697873690056,473.7201617956906,451.10788916826345,nan,0.0,0.0003904368460387143,0.000822390075182841,0.0012898795420630594,0.0036263737867072232,0.018392546257354328,0.02211915914627737,0.02345216317797674,nan,0.0,0.0006332068992394159,0.0011095865353323434,0.0016177715140920554,0.004106375548547462,0.01977898082167056,0.02362457563662196,0.02502678602195071,nan,275.08488762062916,280.27542751837984,281.05923805103356,271.1417099305741,175.54047739797772,59.37569830823705,31.106978545651785,13.657654839896116,nan,116.74137766286107,286.2220466088258,286.7755590589534,276.2448715141359,178.4891656088072,60.44373883734539,32.07252406689548,14.232908840377913,nan
mac_p010_h0_v225,10,29,mac_shift_grid,mac_base_m_plus_h_plus_v,default,0|5|10|15|35|75|125|175|225,0|5|10|15|35|75|125|175|225,7.0,0.9,0.005,1.5,1.5,10000.0,0.0,one_sided_huber,additive_removal_premium_v1,0.015,2,0,1,1,1,True,5.0,5.0,_FIXEDLEARN_GRID5,7.528053633707743,7.523736539315927,0.0043170943918164895,10,0.0,225.0,MAC_base(m+h)+v,1.0,7.0,0.9,0.005,0.0,0.24899320667213842,0.27555929230570153,0.3121059573349425,0.37012028074458125,0.38124144491328177,0.36951124330846774,0.37705830679491137,nan,0.0,1.1102230246251565e-16,0.0,0.13218775743100578,0.29429819923414413,0.33542522298482513,0.3288814136671898,0.3386295536194654,nan,1.4196,1.5031113671544372,1.5824121983986943,1.6529986784665853,1.9139713706808967,2.2377369422888655,2.385520451672022,2.452372346188782,nan,1.4196,1.5307992167000002,1.6443419239000001,1.7140439375983207,1.9734815679746016,2.298316215751229,2.4477661031320075,2.516083210321051,nan,425.6,441.7151819114591,453.07685805485306,461.24670737925953,486.43703536528574,494.58783725288856,474.19315873451956,451.38371212382765,nan,425.6,447.78084386976184,465.5475315098372,471.65816924105854,494.46331853873414,501.2870537849516,480.31543044855306,457.2376769487015,nan,0.0,0.0004597465895106414,0.0009560496973483633,0.0014467004134500739,0.003858680369030285,0.017821966614392164,0.02149737788369284,0.022804961654406188,nan,0.0,0.0006332068992394159,0.0014976455049262696,0.002050805849449915,0.0046785222124041455,0.020260798905982556,0.024149661282906163,0.025556230418405747,nan,291.5378474049962,294.8842570304229,301.0278928356996,287.77089451802254,189.24058561651447,72.44701764435624,32.7560647607827,13.422964119483057,nan,242.66177254821633,225.0,310.728240189503,296.9404344584714,195.33136812548443,75.16133364761971,34.723561228487526,14.459458170181808,nan
mac_p023_h0p1_v0,10,68,mac_shift_grid,mac_base_m_plus_h_plus_v,default,0|5|10|15|35|75|125|175|225,0|5|10|15|35|75|125|175|225,7.0,0.9,0.005,1.5,1.5,10000.0,0.0,one_sided_huber,additive_removal_premium_v1,0.015,2,0,1,1,1,True,5.0,5.0,_FIXEDLEARN_GRID5,7.642253120036525,7.622089657560968,0.02016346247555667,23,0.1,0.0,MAC_base(m+h)+v,1.0,7.0,0.9,0.005,0.0,0.5573263855495408,0.5704520611888421,0.5858128861935464,0.6138277199974185,0.6206999660758041,0.6128511775426502,0.6188252963607153,nan,0.0,1.1102230246251565e-16,0.0,0.21274395827974718,0.4572978190104967,0.5288669138836403,0.5331071101559939,0.5449543481117896,nan,1.4196,1.468824959180649,1.5161374301756991,1.5601314176377963,1.722693612236827,1.9211193202804502,2.0127191658588974,2.051547897017309,nan,1.4196,1.5307992167000002,1.6443419239000001,1.6867116601627683,1.8455486579508324,2.042543116208445,2.1348885539261433,2.174018223486718,nan,425.6,434.2039535587039,439.9199120743354,444.1446112383892,456.11029806770284,453.61597375043675,432.9954628546002,411.3846396685666,nan,425.6,447.78084386976184,465.5475315098372,465.65907851912186,472.63378590199864,466.8850107876807,444.8252841227825,422.41632418575574,nan,0.0,0.000264098777414218,0.0005212296183406847,0.0007713836435290752,0.001883103216206005,0.009487022658199258,0.011003762031765734,0.011492122311895938,nan,0.0,0.0006332068992394159,0.0014976455049262696,0.0018302112485707887,0.0032211556627828484,0.013597730682391635,0.015315882586086342,0.015851223078086195,nan,223.09107766134755,229.2988441529629,231.70737700547107,224.94391819981988,139.92424377304582,44.06898684933523,17.657089002202824,6.420070634182109,nan,16.360273463309202,15.169515538394709,251.2195282335693,242.7150130068864,150.85376566226643,47.718056106076205,20.325495003098403,7.6753274265210285,nan
mac_p063_h0p25_v175,10,188,mac_shift_grid,mac_base_m_plus_h_plus_v,default,0|5|10|15|35|75|125|175|225,0|5|10|15|35|75|125|175|225,7.0,0.9,0.005,1.5,1.5,10000.0,0.0,one_sided_huber,additive_removal_premium_v1,0.015,2,0,1,1,1,True,5.0,5.0,_FIXEDLEARN_GRID5,7.507225775695618,7.50339651102836,0.003829264667258414,63,0.25,175.0,MAC_base(m+h)+v,1.0,7.0,0.9,0.005,0.0,0.2034591994567958,0.22315537920284267,0.24851352286553396,0.2920914317895463,0.29860333094135505,0.2867615506001503,0.2929089867251422,nan,0.0,1.1102230246251565e-16,0.0,0.10222589456855258,0.2299901452317485,0.2611334224701357,0.2535088072335118,0.2614940352002361,nan,1.4196,1.5081747130899954,1.5941895546493192,1.6745752429446406,1.9752135853947679,2.347002977199745,2.5122945133951315,2.59188314096558,nan,1.4196,1.5307992167000002,1.6443419239000001,1.7242098334525733,2.0239547929905886,2.396546561029775,2.5632383320614363,2.6439658535945174,nan,425.6,442.82442460553335,455.45663370000165,465.4180665408667,496.50674622345554,508.9825266769178,488.22613691895384,465.48652453628347,nan,425.6,447.78084386976184,465.5475315098372,473.8894553694546,503.09639508584814,514.4624959644,493.23934832659415,470.26990538736754,nan,0.0,0.000490231894257687,0.0010553994864170978,0.001663435088748976,0.004767553851520587,0.02303913506269186,0.02797774060157853,0.02994273067980462,nan,0.0,0.0006332068992394159,0.0014976455049262696,0.0021695125137850906,0.005501456730002677,0.02511568965128245,0.030251715870134088,0.032322212215438254,nan,304.8182885611376,307.8596717805987,313.9208213330343,303.4712862252369,202.7160576027206,78.25434141338798,39.689274312284695,17.959488586948275,nan,237.87269366225212,220.55948702580318,321.9282399797183,311.28833240432806,207.71557603606152,80.50450271589928,41.435968172356965,19.125655252600996,nan
mac_p058_h0p25_v50,5,172,mac_shift_grid,mac_base_m_plus_h_plus_v,default,0|5|10|15|35|75|125|175|225,0|5|10|15|35|75|125|175|225,7.0,0.9,0.005,1.5,1.5,10000.0,0.0,one_sided_huber,additive_removal_premium_v1,0.015,2,0,1,1,1,True,5.0,5.0,_FIXEDLEARN_GRID5,7.566255472665415,7.561382661825074,0.004872810840341302,58,0.25,50.0,MAC_base(m+h)+v,1.0,7.0,0.9,0.005,0.0,0.3918777464565725,0.4069268843034814,0.42230094074091484,0.44739193053154563,0.4490752060208065,0.4367108381652266,0.44321407068331065,nan,0.0,1.1102230246251565e-16,0.2185664944609998,0.2991450897472139,0.39561667684231316,0.4181071400951621,0.409439665654876,0.41745202746152626,nan,1.4196,1.487222718251868,1.552888393035003,1.6156101245536036,1.8533234560836256,2.148045566807704,2.2825694278396105,2.3426929905922718,nan,1.4196,1.5307992167000002,1.5952208694347563,1.6573962298031781,1.8939601083701194,2.1889922633127017,2.3243493691775834,2.385403770928529,nan,425.6,438.23440695786275,447.2406749372142,454.5131747065657,477.1639300837692,483.2882506500713,463.02698555766403,440.5830996386711,nan,425.6,447.78084386976184,454.76614438767865,461.196410526419,482.5100784217974,487.7430403045549,467.08822897136884,444.4769616567521,nan,0.0,0.0003661916021520412,0.0007627715743655183,0.0011829909331987248,0.0032510822701159727,0.016440515561560336,0.019677688488092333,0.020756501504935975,nan,0.0,0.0006332068992394159,0.0010741780973644365,0.0015353896278878134,0.003749076251580891,0.01793322465632802,0.021280472469318967,0.022419682586011066,nan,267.0421584134094,272.5781634545195,273.6591716689457,263.8246309317145,170.01747661646078,56.66374681584073,28.822384533018692,12.075210610398274,nan,103.06059780213192,279.47549322269924,280.28726816332147,269.77192052658836,173.43688061537034,57.929700788864224,29.721930687370797,12.696512630350336,nan
mac_p022_h0p05_v250,15,66,mac_shift_grid,mac_base_m_plus_h_plus_v,default,0|5|10|15|35|75|125|175|225,0|5|10|15|35|75|125|175|225,7.0,0.9,0.005,1.5,1.5,10000.0,0.0,one_sided_huber,additive_removal_premium_v1,0.015,2,0,1,1,1,True,5.0,5.0,_FIXEDLEARN_GRID5,7.509298774244066,7.5016923875934935,0.007606386650572894,22,0.05,250.0,MAC_base(m+h)+v,1.0,7.0,0.9,0.005,0.0,0.1566554038003911,0.18294976475080238,0.23159089030828117,0.2941153801550136,0.3127581050696533,0.3019130527259889,0.3090848680586193,nan,0.0,1.1102230246251565e-16,0.0,0.0,0.19419242152338562,0.25095684146878616,0.24654020988411296,0.25601950435114,nan,1.4196,1.5133792585055745,1.6032254417928522,1.6803169994217517,1.9736250565105449,2.328287205871957,2.4890821315380833,2.565065217075316,nan,1.4196,1.5307992167000002,1.6443419239000001,1.7588945192,2.0520512202860717,2.4100022729467314,2.5739143522565833,2.653042054675575,nan,425.6,443.9646003019372,457.2289730192549,466.22136940807695,495.95153961352787,506.1502152517187,485.4717032059656,462.62594045809414,nan,425.6,447.78084386976184,465.5475315098372,481.5023071324044,506.92922868202197,515.4076481163011,493.9494086723331,470.84367940639663,nan,0.0,0.0005227280433076836,0.0011112141220246089,0.0016909715342526225,0.004665118025937954,0.02127666237611869,0.02581633133111193,0.027572074620220505,nan,0.0,0.0006332068992394159,0.0014976455049262696,0.002605083858391802,0.00592046218635078,0.025063575838049582,0.029954769477009743,0.03191507281847132,nan,308.10531360416246,310.09612227163154,320.7262221374137,304.9990096806383,206.56427268260398,82.13117606821442,38.61419545896132,16.640879263294885,nan,277.33591488402243,257.150436979134,238.43412875758466,316.8620957060927,214.55712597291458,86.17039699173614,41.286108658767,18.33415690780742,nan
mac_p013_h0p05_v25,5,37,mac_shift_grid,mac_base_m_plus_h_plus_v,default,0|5|10|15|35|75|125|175|225,0|5|10|15|35|75|125|175|225,7.0,0.9,0.005,1.5,1.5,10000.0,0.0,one_sided_huber,additive_removal_premium_v1,0.015,2,0,1,1,1,True,5.0,5.0,_FIXEDLEARN_GRID5,7.638899215798954,7.630503649917177,0.008395565881777145,13,0.05,25.0,MAC_base(m+h)+v,1.0,7.0,0.9,0.005,0.0,0.5632576283691344,0.577612173599352,0.5941174511600311,0.6230917460015964,0.6283838363681736,0.6185565645736736,0.6240571877235995,nan,0.0,1.1102230246251565e-16,0.3064754224456592,0.4167571192916369,0.5485813079905772,0.5842340368631469,0.5803605242057319,0.5886226198334586,nan,1.4196,1.4681654096250527,1.5145282527372208,1.5573137242603277,1.7154225903358156,1.9109595283967447,2.0039784072656937,2.0428739668938496,nan,1.4196,1.5307992167000002,1.5754640478314974,1.617491112786767,1.7739033228367527,1.9693354194010262,2.0624954484860427,2.1016207841566303,nan,425.6,434.0594640185389,439.5934480146463,443.6026978344905,454.9248855760454,452.3310228222259,432.15989404655386,410.5984452142502,nan,425.6,447.78084386976184,450.42979728912695,453.23077089249614,462.6175010673562,458.65921312195064,437.78671419993134,415.8703618567586,nan,0.0,0.00026055348965897007,0.0005101420249030465,0.0007472952173814695,0.0017967526332460628,0.008922018190592004,0.010417189958606585,0.010896658287819837,nan,0.0,0.0006332068992394159,0.0009249835946406135,0.0011999815079382363,0.002380030409060828,0.010810583742628728,0.01237019309593091,0.012870605108582732,nan,222.51051598111377,228.82295403122612,231.09048159564372,223.34197731941038,137.01976391520768,42.17851172628207,16.671204210272244,6.012637692219494,nan,34.6741423358061,237.95083555990408,239.81177438072967,231.2867435182461,141.57832972065654,44.142597220784666,17.794754223760663,6.5295043295432755,nan
mac_p012_h0p05_v0,5,34,mac_shift_grid,mac_base_m_plus_h_plus_v,default,0|5|10|15|35|75|125|175|225,0|5|10|15|35|75|125|175|225,7.0,0.9,0.005,1.5,1.5,10000.0,0.0,one_sided_huber,additive_removal_premium_v1,0.015,2,0,1,1,1,True,5.0,5.0,_FIXEDLEARN_GRID5,7.657305139684765,7.647659639913259,0.009645499771505861,12,0.05,0.0,MAC_base(m+h)+v,1.0,7.0,0.9,0.005,0.0,0.591251041163787,0.6042162980758317,0.619653051177125,0.6480489056213387,0.6551188878476046,0.6474585357934471,0.6531538886521029,nan,0.0,1.1102230246251565e-16,0.3205017018016542,0.43515393424520843,0.5726386161897434,0.6123888200080536,0.610873790121373,0.6194175096433949,nan,1.4196,1.4650525640495276,1.5085491906187016,1.5486496351300443,1.6958345565694661,1.8756098219732888,1.959700052103091,1.9946346719292236,nan,1.4196,1.5307992167000002,1.572311754823872,1.6112491743022839,1.7550215521339694,1.932108510773069,2.0157485600087837,2.050566069170388,nan,425.6,433.3775234092308,438.40727394144756,441.9974036895225,451.78405383857734,447.68784342980666,427.1430272346938,405.7079918525035,nan,425.6,447.78084386976184,449.7379128903153,451.98727579787425,459.4880429070029,453.6831507682832,432.45444124169825,410.6690592480728,nan,0.0,0.0002438268366456527,0.00047446086237568536,0.0006909864132067805,0.0016291410796067814,0.008088082818367707,0.009398757861725868,0.00982788728641863,nan,0.0,0.0006332068992394159,0.0009029939540831202,0.0011547371680768756,0.0022042370631524763,0.009944086081621322,0.011297112458525405,0.0117237194332411,nan,212.7201238946324,218.89261028994673,221.38591803352375,215.11395208000164,131.71134962838946,39.932144661121846,15.450314172453199,5.469301966916702,nan,7.711723163782066,230.01867291463813,232.1988913369686,225.04594857073855,137.62005174050026,42.09570284690018,16.608780309422748,5.933515258057822,nan
mac_p076_h0p3_v225,10,227,mac_shift_grid,mac_base_m_plus_h_plus_v,default,0|5|10|15|35|75|125|175|225,0|5|10|15|35|75|125|175|225,7.0,0.9,0.005,1.5,1.5,10000.0,0.0,one_sided_huber,additive_removal_premium_v1,0.015,2,0,1,1,1,True,5.0,5.0,_FIXEDLEARN_GRID5,7.481714557875093,7.480188474174804,0.0015260837002886163,76,0.3,225.0,MAC_base(m+h)+v,1.0,7.0,0.9,0.005,0.0,0.07058648878364537,0.1060829222920544,0.1442010237082725,0.19099045875406384,0.20599567210182346,0.19497810388360798,0.2000174407201468,nan,0.0,1.1102230246251565e-16,0.0,0.07444763093964976,0.16054806695791335,0.187193312084245,0.17805666295042966,0.18383278510659767,nan,1.4196,1.5229500544376555,1.6205006438511496,1.709967902192754,2.054564332987986,2.469450976039755,2.652908453560654,2.7458876344119636,nan,1.4196,1.5307992167000002,1.6443419239000001,1.7336348460547526,2.0784575406893837,2.494311893446287,2.6788324144491646,2.7727201051433132,nan,425.6,446.06130386500627,460.63278670097986,471.86264230015644,509.19663628553405,524.6696682819896,503.58004581049613,480.9138460239176,nan,425.6,447.78084386976184,465.54753150983714,475.9581269534158,512.4707263735509,527.4558912993397,506.1632195890694,483.4113226831804,nan,0.0,0.0005830762990701055,0.0012643182594641693,0.0020052244458164292,0.005953693319493026,0.028075028003132982,0.034345745093069646,0.03708638372748857,nan,0.0,0.0006332068992394159,0.0014976455049262696,0.0022761240592792512,0.006363462288702685,0.029250863980367706,0.03565732615294336,0.038476765803868565,nan,327.66747014927006,336.3954822397534,344.9919721708822,329.8971917446081,228.61177853582643,94.8348833709942,49.21623291440716,23.463446891668468,nan,305.47831186702933,283.24453187790255,348.5837297430983,333.4324963484875,231.04198106366465,96.06751269059976,50.20050755236932,24.13217805639475,nan
mac_p068_h0p3_v25,10,203,mac_shift_grid,mac_base_m_plus_h_plus_v,default,0|5|10|15|35|75|125|175|225,0|5|10|15|35|75|125|175|225,7.0,0.9,0.005,1.5,1.5,10000.0,0.0,one_sided_huber,additive_removal_premium_v1,0.015,2,0,1,1,1,True,5.0,5.0,_FIXEDLEARN_GRID5,7.565443422577781,7.5533215866286,0.012121835949180593,68,0.3,25.0,MAC_base(m+h)+v,1.0,7.0,0.9,0.005,0.0,0.38412587980252866,0.39809936616477964,0.41260317803443486,0.43715362544483727,0.4387757517942109,0.42670072582831975,0.433046095985273,nan,0.0,1.1102230246251565e-16,0.0,0.15096292334838768,0.3247624560235307,0.37021535099462116,0.36614240076190363,0.37579910879821976,nan,1.4196,1.4880847197517606,1.554872306444757,1.6189005222884143,1.8613591568125654,2.1616637445588136,2.297905105323362,2.359550431985945,nan,1.4196,1.5307992167000002,1.6443419239000001,1.7076736267054826,1.9495711991766553,2.252315899928875,2.3906815808430872,2.4544599651161145,nan,425.6,438.42324826521286,447.6411840416297,455.14013302909757,478.4661934407835,485.06451496029877,464.7008170000428,442.27695037808223,nan,425.6,447.78084386976184,465.5475315098372,470.25996621669697,490.42572617476617,495.13677957423096,473.8248329142604,450.9977820604986,nan,0.0,0.00037120236889756695,0.0007781562975684615,0.0012142671037053193,0.0033724782983247884,0.017231277964741734,0.0206380916804045,0.02180843491002262,nan,0.0,0.0006332068992394159,0.0014976455049262696,0.002028942051644553,0.004525319094560521,0.02062229380394026,0.024299890001162096,0.025623101555415882,nan,268.21605198504955,273.6750283103435,274.8832624947104,265.7171920654245,171.3826528173893,56.72497598557183,29.679621147907554,12.751317072827266,nan,89.77895849083703,83.24453187790255,287.45847128302574,276.949009505661,177.8173392513237,59.080494647742725,31.81045607238002,14.121608739819694,nan
mac_p064_h0p25_v200,10,191,mac_shift_grid,mac_base_m_plus_h_plus_v,default,0|5|10|15|35|75|125|175|225,0|5|10|15|35|75|125|175|225,7.0,0.9,0.005,1.5,1.5,10000.0,0.0,one_sided_huber,additive_removal_premium_v1,0.015,2,0,1,1,1,True,5.0,5.0,_FIXEDLEARN_GRID5,7.497715434442067,7.494924876620721,0.0027905578213456295,64,0.25,200.0,MAC_base(m+h)+v,1.0,7.0,0.9,0.005,0.0,0.15707755727662487,0.17743732273236207,0.21034413772972593,0.2582535477406953,0.2690656150673752,0.25772797757753785,0.2636707319255127,nan,0.0,1.1102230246251565e-16,0.0,0.09365328419113986,0.20703254729694515,0.23711530757055577,0.22937009409747883,0.23643247361324865,nan,1.4196,1.51333231536969,1.6044643186174636,1.6875259061224541,2.001771800569479,2.386058431623237,2.556774484956901,2.640357117482572,nan,1.4196,1.5307992167000002,1.6443419239000001,1.7271184731688662,2.0419734381566625,2.428303870762213,2.600219287625955,2.6855153084498795,nan,425.6,443.95431632545615,457.5027915737041,467.75475566542224,500.70724802484744,513.932318126844,493.04963462120327,470.31554924012295,nan,425.6,447.78084386976184,465.5475315098372,474.5278651608309,506.2025025945362,518.6750886890146,497.35085796808823,474.5185323340864,nan,0.0,0.0005224340418549355,0.0011324389825969582,0.0017821758455553406,0.005146302656405345,0.02453948113466204,0.029861687092136827,0.03204684846245266,nan,0.0,0.0006332068992394159,0.0014976455049262696,0.0022016126042360097,0.0057697576701868465,0.026364547401792553,0.031860273669553484,0.034160419617881216,nan,313.6641408597472,315.893387345267,325.90926420806596,313.1400347772029,212.0560785209804,84.1440038193094,42.52863804820093,19.518263311990115,nan,264.8351128342762,245.55948702580318,331.78451983803734,318.5947088898723,215.89209586465952,86.2640386432328,44.01250538943791,20.481502374675166,nan
mac_p121_h0p5_v250,10,362,mac_shift_grid,mac_base_m_plus_h_plus_v,default,0|5|10|15|35|75|125|175|225,0|5|10|15|35|75|125|175|225,7.0,0.9,0.005,1.5,1.5,10000.0,0.0,one_sided_huber,additive_removal_premium_v1,0.015,2,0,1,1,1,True,5.0,5.0,_FIXEDLEARN_GRID5,7.45151248568987,7.451344298689592,0.00016818700027787514,121,0.5,250.0,MAC_base(m+h)+v,1.0,7.0,0.9,0.005,0.0,1.1102230246251565e-16,0.023073749709114744,0.04297142184798822,0.0901141686205987,0.0971010924131495,0.09098139351587908,0.09424518806040322,nan,0.0,1.1102230246251565e-16,0.0,0.02749490241270372,0.0833074539459632,0.0929076587126561,0.0872689322713666,0.0906765666966437,nan,1.4196,1.5307992167000002,1.6391562849987864,1.7443145512847464,2.13373873454109,2.6134339201557144,2.8122333398249584,2.9212469958620444,nan,1.4196,1.5307992167000002,1.6443419239000001,1.7495656495054308,2.139081095567591,2.6189785756553574,2.8179208992049727,2.9271633978282487,nan,425.6,447.78084386976184,464.40935601506504,478.51033727751735,521.9716511913157,543.6300928062412,520.9190468406646,498.5402377681288,nan,425.6,447.78084386976184,465.54753150983714,479.45473770600705,522.7152423588689,544.2555649411523,521.4832363985504,499.09221791387245,nan,0.0,0.0006332068992394159,0.0014423165792956068,0.0023979333396191857,0.007444378538341129,0.03564554426122363,0.043486354694464324,0.04756272606296176,nan,0.0,0.0006332068992394159,0.0014976455049262696,0.002464449538498063,0.007551184177454976,0.03594077265540749,0.04380863955311707,0.047911232244991914,nan,405.9279542509489,397.96379077065103,391.58564425499117,387.79664121537144,271.65835182536927,127.29560662610854,64.80404372088611,32.85501205552451,nan,405.9279542509489,376.3830979529983,392.0615375881363,388.6310404844244,272.35193311316914,127.72033382108069,65.03257268537774,32.98952754671469,nan
mac_p099_h0p4_v250,15,297,mac_shift_grid,mac_base_m_plus_h_plus_v,default,0|5|10|15|35|75|125|175|225,0|5|10|15|35|75|125|175|225,7.0,0.9,0.005,1.5,1.5,10000.0,0.0,one_sided_huber,additive_removal_premium_v1,0.015,2,0,1,1,1,True,5.0,5.0,_FIXEDLEARN_GRID5,7.462546587703424,7.460250045784713,0.0022965419187110925,99,0.4,250.0,MAC_base(m+h)+v,1.0,7.0,0.9,0.005,0.0,1.1102230246251565e-16,0.042678110448816975,0.07140432201411068,0.1255360138519516,0.13330549113933254,0.12556037313165286,0.13002645071222393,nan,0.0,1.1102230246251565e-16,0.0,0.0,0.09403448468379799,0.11316601661744777,0.1077157576879337,0.11292844772923005,nan,1.4196,1.5307992167000002,1.634750363249316,1.7346674240934201,2.105937321598678,2.565563622722663,2.7592577026635694,2.861925394849296,nan,1.4196,1.5307992167000002,1.6443419239000001,1.7588945192,2.1306618105404933,2.592192504003068,2.7865959839990824,2.8902721002448457,nan,425.6,447.78084386976184,463.4423175724235,476.56976630584103,517.3777826830551,537.3467149054297,515.1575559115757,492.5320138566021,nan,425.6,447.78084386976184,465.54753150983714,481.5023071324044,520.9056734292151,540.4191453192122,517.8966737152872,495.18742242176006,nan,0.0,0.0006332068992394159,0.0013953166804326535,0.002277613595882923,0.00687588686763165,0.0328656559283618,0.040130720036619404,0.04365166323740564,nan,0.0,0.0006332068992394159,0.0014976455049262696,0.002605083858391802,0.007373800659162509,0.03432662068440472,0.041724848544370946,0.0453548073628271,nan,364.99004708738295,373.2689623567178,369.82941332636364,363.92313088185375,251.4698125842435,113.76935963752464,58.6637639094686,29.29758304446986,nan,364.99004708738295,338.424794858628,313.79305460262117,367.7208157479829,254.04018810846708,115.57060497311102,59.75898082718739,30.075774842541726,nan
mac_p088_h0p35_v250,10,263,mac_shift_grid,mac_base_m_plus_h_plus_v,default,0|5|10|15|35|75|125|175|225,0|5|10|15|35|75|125|175|225,7.0,0.9,0.005,1.5,1.5,10000.0,0.0,one_sided_huber,additive_removal_premium_v1,0.015,2,0,1,1,1,True,5.0,5.0,_FIXEDLEARN_GRID5,7.468557184539839,7.467820076040121,0.0007371084997176425,88,0.35,250.0,MAC_base(m+h)+v,1.0,7.0,0.9,0.005,0.0,1.1102230246251565e-16,0.0515871604085546,0.08689225596522163,0.14290169820266216,0.1531355211703468,0.14428936012069468,0.14923235418088293,nan,0.0,1.1102230246251565e-16,0.0,0.05312312543539954,0.12867739148906707,0.14405130272124445,0.1363012669669039,0.14160812265599138,nan,1.4196,1.5307992167000002,1.6327481262212435,1.729412452990077,2.0923075810103935,2.539343896139979,2.730564547742386,2.83008401033071,nan,1.4196,1.5307992167000002,1.6443419239000001,1.7408701338969947,2.103471760125889,2.5513552609024286,2.7428024543905494,2.842724190889722,nan,425.6,447.78084386976184,463.0028544390487,475.49673532813404,515.1423131629919,533.8573579276294,512.0342396825815,489.31594528296046,nan,425.6,447.78084386976184,465.54753150983714,477.54618152615615,516.6755846881952,535.2228648005027,513.2473859418019,490.49067959545135,nan,0.0,0.0006332068992394159,0.0013740805904838655,0.002214385259142082,0.0066142346010029125,0.0314282237251084,0.038417059965668285,0.04166475538117796,nan,0.0,0.0006332068992394159,0.0014976455049262696,0.0023585341526177455,0.006819506442962777,0.032031057450813916,0.03906886151484828,0.04236344867970821,nan,347.783464465735,361.6884222095232,361.5068212713814,352.3744845753934,243.66331200396357,107.80396458299116,55.878668481939414,27.515192580437,nan,347.783464465735,322.47056750251846,363.7312981334434,354.8575719253885,244.86468262948276,108.6225562244445,56.34425841559955,27.810915826277792,nan
mac_p006_h0_v125,5,16,mac_shift_grid,mac_base_m_plus_h_plus_v,default,0|5|10|15|35|75|125|175|225,0|5|10|15|35|75|125|175|225,7.0,0.9,0.005,1.5,1.5,10000.0,0.0,one_sided_huber,additive_removal_premium_v1,0.015,2,0,1,1,1,True,5.0,5.0,_FIXEDLEARN_GRID5,7.58346864292786,7.579177413079936,0.004291229847924072,6,0.0,125.0,MAC_base(m+h)+v,1.0,7.0,0.9,0.005,0.0,0.4515910658919078,0.47203700939755044,0.4920482148470988,0.5211146481292415,0.5214591160184913,0.5066133194669242,0.5112043750187073,nan,0.0,1.1102230246251565e-16,0.2590122864776491,0.35425449161714917,0.4644662374829162,0.48897450362294503,0.47884695276475175,0.4855718551194752,nan,1.4196,1.4805826439041019,1.5382554182559922,1.5919452567202352,1.7954609787964113,2.0523378787125974,2.175477531917087,2.2299721583017296,nan,1.4196,1.5307992167000002,1.5861310043232753,1.6386979117923188,1.839922407799433,2.095289788206611,2.2180161199277455,2.27246820248021,nan,425.6,436.77974554382735,444.2980270673147,450.02663391022685,467.790133373715,470.85209175933613,451.38098318434425,429.5047239151504,nan,425.6,447.78084386976184,452.77104563171804,457.45722879076504,473.58225789906976,475.43235882758637,455.41616927893847,433.2797273205035,nan,0.0,0.0003286554502528081,0.0006560580486272273,0.0009778013675299574,0.002501383587888948,0.012058789791967423,0.014405118978204113,0.015230806308583122,nan,0.0,0.0006332068992394159,0.0009975683837722179,0.001351646050831304,0.002992573900409658,0.013528278076198625,0.015933898130743255,0.016777601244427877,nan,250.1259164503733,256.01284139639745,256.9109534209524,245.38070516967176,152.5202947895773,51.39656767502215,21.155390683902482,8.282407588405949,nan,134.8120958601202,264.7027008174432,265.3015408144921,252.74736676522573,157.07841118490077,53.314695823157834,22.267380774625654,8.833759121766985,nan
mac_p121_h0p5_v250,5,361,mac_shift_grid,mac_base_m_plus_h_plus_v,default,0|5|10|15|35|75|125|175|225,0|5|10|15|35|75|125|175|225,7.0,0.9,0.005,1.5,1.5,10000.0,0.0,one_sided_huber,additive_removal_premium_v1,0.015,2,0,1,1,1,True,5.0,5.0,_FIXEDLEARN_GRID5,7.45151248568987,7.45151248568988,-9.769962616701378e-15,121,0.5,250.0,MAC_base(m+h)+v,1.0,7.0,0.9,0.005,0.0,1.1102230246251565e-16,0.023073749709114744,0.04297142184798822,0.0901141686205987,0.0971010924131495,0.09098139351587908,0.09424518806040322,nan,0.0,1.1102230246251565e-16,0.023073776813573255,0.04297144776862702,0.09011419074289191,0.09710110254350238,0.09098139989163319,0.09424519519355695,nan,1.4196,1.5307992167000002,1.6391562849987864,1.7443145512847464,2.13373873454109,2.6134339201557144,2.8122333398249584,2.9212469958620444,nan,1.4196,1.5307992167000002,1.6391562789072784,1.744314542490016,2.1337387171780478,2.6134339067611263,2.812233330057185,2.9212469840360193,nan,425.6,447.78084386976184,464.40935601506504,478.51033727751735,521.9716511913157,543.6300928062412,520.9190468406646,498.5402377681288,nan,425.6,447.78084386976184,464.40935467806383,478.5103355916955,521.9716484345818,543.6300913829673,520.9190460900682,498.540236658645,nan,0.0,0.0006332068992394159,0.0014423165792956068,0.0023979333396191857,0.007444378538341129,0.03564554426122363,0.043486354694464324,0.04756272606296176,nan,0.0,0.0006332068992394159,0.0014423165143084102,0.0023979332404974883,0.007444378201012199,0.035645543627240525,0.04348635436951613,0.04756272574961114,nan,405.9279542509489,397.96379077065103,391.58564425499117,387.79664121537144,271.65835182536927,127.29560662610854,64.80404372088611,32.85501205552451,nan,405.9279542509489,397.9638188686647,391.5856517368634,387.7966531546837,271.6583457240379,127.2956011124392,64.80404147851523,32.85501196742084,nan
mac_p013_h0p05_v25,10,38,mac_shift_grid,mac_base_m_plus_h_plus_v,default,0|5|10|15|35|75|125|175|225,0|5|10|15|35|75|125|175|225,7.0,0.9,0.005,1.5,1.5,10000.0,0.0,one_sided_huber,additive_removal_premium_v1,0.015,2,0,1,1,1,True,5.0,5.0,_FIXEDLEARN_GRID5,7.638899215798954,7.619812786113627,0.019086429685327033,13,0.05,25.0,MAC_base(m+h)+v,1.0,7.0,0.9,0.005,0.0,0.5632576283691344,0.577612173599352,0.5941174511600311,0.6230917460015964,0.6283838363681736,0.6185565645736736,0.6240571877235995,nan,0.0,1.1102230246251565e-16,0.0,0.21678949226313393,0.46508384091607313,0.535834349294098,0.5387311482484076,0.549916478128885,nan,1.4196,1.4681654096250527,1.5145282527372208,1.5573137242603277,1.7154225903358156,1.9109595283967447,2.0039784072656937,2.0428739668938496,nan,1.4196,1.5307992167000002,1.6443419239000001,1.685339032654968,1.8394376716721166,2.0333306111764813,2.1262724234134422,2.1657915295348618,nan,425.6,434.0594640185389,439.5934480146463,443.6026978344905,454.9248855760454,452.3310228222259,432.15989404655386,410.5984452142502,nan,425.6,447.78084386976184,465.5475315098372,465.3578040656434,471.59329915578184,465.69262357362817,443.95525018390964,421.6705464010202,nan,0.0,0.00026055348965897007,0.0005101420249030465,0.0007472952173814695,0.0017967526332460628,0.008922018190592004,0.010417189958606585,0.010896658287819837,nan,0.0,0.0006332068992394159,0.0014976455049262696,0.001813895650574054,0.0031272249688291944,0.013046177948902813,0.014692479316554471,0.015226239370597942,nan,222.51051598111377,228.82295403122612,231.09048159564372,223.34197731941038,137.01976391520768,42.17851172628207,16.671204210272244,6.012637692219494,nan,34.6741423358061,32.15043697913398,250.81197877706487,241.27527240636581,147.85717345560033,46.553311726839205,19.066950995643122,7.1806822099150684,nan
mac_p068_h0p3_v25,5,202,mac_shift_grid,mac_base_m_plus_h_plus_v,default,0|5|10|15|35|75|125|175|225,0|5|10|15|35|75|125|175|225,7.0,0.9,0.005,1.5,1.5,10000.0,0.0,one_sided_huber,additive_removal_premium_v1,0.015,2,0,1,1,1,True,5.0,5.0,_FIXEDLEARN_GRID5,7.565443422577781,7.560318307210892,0.005125115366888977,68,0.3,25.0,MAC_base(m+h)+v,1.0,7.0,0.9,0.005,0.0,0.38412587980252866,0.39809936616477964,0.41260317803443486,0.43715362544483727,0.4387757517942109,0.42670072582831975,0.433046095985273,nan,0.0,1.1102230246251565e-16,0.21292328257604015,0.29131734173041296,0.38576520098594264,0.40770030159763815,0.39932801022357234,0.4071922553731997,nan,1.4196,1.4880847197517606,1.554872306444757,1.6189005222884143,1.8613591568125654,2.1616637445588136,2.297905105323362,2.359550431985945,nan,1.4196,1.5307992167000002,1.5964891357307573,1.6600521418029577,1.9016921998686376,2.202752427042584,2.3398406125624915,2.402413402819607,nan,425.6,438.42324826521286,447.6411840416297,455.14013302909757,478.4661934407835,485.06451496029877,464.7008170000428,442.27695037808223,nan,425.6,447.78084386976184,455.04451117072176,461.72844205568884,483.78837819838526,489.5575960912209,468.78617287663803,446.1894435125065,nan,0.0,0.00037120236889756695,0.0007781562975684615,0.0012142671037053193,0.0033724782983247884,0.017231277964741734,0.0206380916804045,0.02180843491002262,nan,0.0,0.0006332068992394159,0.001085514425731511,0.001564184153007348,0.003875182068667766,0.01872339826426761,0.022242793824279135,0.023477763110127454,nan,268.21605198504955,273.6750283103435,274.8832624947104,265.7171920654245,171.3826528173893,56.72497598557183,29.679621147907554,12.751317072827266,nan,89.77895849083703,280.387423422132,281.3176059992225,271.45742280819115,174.4734267565411,57.86648204859126,30.62840575792752,13.375830847197975,nan
mac_p051_h0p2_v150,10,152,mac_shift_grid,mac_base_m_plus_h_plus_v,default,0|5|10|15|35|75|125|175|225,0|5|10|15|35|75|125|175|225,7.0,0.9,0.005,1.5,1.5,10000.0,0.0,one_sided_huber,additive_removal_premium_v1,0.015,2,0,1,1,1,True,5.0,5.0,_FIXEDLEARN_GRID5,7.527745880097754,7.521813054085615,0.005932826012139181,51,0.2,150.0,MAC_base(m+h)+v,1.0,7.0,0.9,0.005,0.0,0.2812745331180939,0.3005881948450788,0.3170247022182321,0.35777292270738525,0.35912707380372416,0.3460094912348716,0.35277486203002273,nan,0.0,1.1102230246251565e-16,0.0,0.11998595530996078,0.27454060618719145,0.30856016894312654,0.30151876482022977,0.3107378130312303,nan,1.4196,1.4995217089396098,1.576787154688889,1.6513297752863418,1.9236623960156258,2.2669770777366556,2.4215255710926025,2.4926317645210903,nan,1.4196,1.5307992167000002,1.6443419239000001,1.7181839421823542,1.988988637113966,2.3338378145839433,2.4896861879117735,2.5623248067349818,nan,425.6,440.9287844976348,451.9877087229884,461.17119238371,488.2678363548117,498.7201939335962,478.3554082785911,455.56441007267983,nan,425.6,447.78084386976184,465.5475315098372,472.5668481152362,497.0816127528326,506.1283198000184,485.03745374928644,461.95686506691686,nan,0.0,0.0004381444916220148,0.0009265350302196105,0.0014541835530419557,0.00405824205424495,0.01982792636373981,0.023987159161095124,0.025505598664254343,nan,0.0,0.0006332068992394159,0.0014976455049262696,0.0021028361695055614,0.004970663790653669,0.02248206454490289,0.02686012649211586,0.028513431882970904,nan,289.68157536167405,293.77641103596693,294.0147464547553,286.795066442882,187.43656631868913,69.20533772749266,34.57758252762013,14.947641441459865,nan,198.71142227838897,184.24850994506656,304.35757359754587,296.99518123219946,193.4551480412994,71.98977833287564,36.43851892764794,16.165444000219097,nan
mac_p068_h0p3_v25,15,204,mac_shift_grid,mac_base_m_plus_h_plus_v,default,0|5|10|15|35|75|125|175|225,0|5|10|15|35|75|125|175|225,7.0,0.9,0.005,1.5,1.5,10000.0,0.0,one_sided_huber,additive_removal_premium_v1,0.015,2,0,1,1,1,True,5.0,5.0,_FIXEDLEARN_GRID5,7.565443422577781,7.544353810886806,0.02108961169097512,68,0.3,25.0,MAC_base(m+h)+v,1.0,7.0,0.9,0.005,0.0,0.38412587980252866,0.39809936616477964,0.41260317803443486,0.43715362544483727,0.4387757517942109,0.42670072582831975,0.433046095985273,nan,0.0,1.1102230246251565e-16,0.0,0.0,0.2607224626955451,0.3323806969979107,0.3329636499394784,0.34457209039616044,nan,1.4196,1.4880847197517606,1.554872306444757,1.6189005222884143,1.8613591568125654,2.1616637445588136,2.297905105323362,2.359550431985945,nan,1.4196,1.5307992167000002,1.6443419239000001,1.7588945192,1.999834032400396,2.3023417587698694,2.4415120415613423,2.5062311042313086,nan,425.6,438.42324826521286,447.6411840416297,455.14013302909757,478.4661934407835,485.06451496029877,464.7008170000428,442.27695037808223,nan,425.6,447.78084386976184,465.5475315098372,481.5023071324044,497.6453568910084,500.7961473605072,478.8564094178677,455.76955916487947,nan,0.0,0.00037120236889756695,0.0007781562975684615,0.0012142671037053193,0.0033724782983247884,0.017231277964741734,0.0206380916804045,0.02180843491002262,nan,0.0,0.0006332068992394159,0.0014976455049262696,0.002605083858391802,0.005290160838365868,0.022727461532528546,0.0265530808023752,0.027959175728977482,nan,268.21605198504955,273.6750283103435,274.8832624947104,265.7171920654245,171.3826528173893,56.72497598557183,29.679621147907554,12.751317072827266,nan,89.77895849083703,83.24453187790255,77.18570368889256,285.4259484838814,183.1323450169174,60.80444303136655,33.13607702678552,15.02057596235503,nan
mac_p006_h0_v125,10,17,mac_shift_grid,mac_base_m_plus_h_plus_v,default,0|5|10|15|35|75|125|175|225,0|5|10|15|35|75|125|175|225,7.0,0.9,0.005,1.5,1.5,10000.0,0.0,one_sided_huber,additive_removal_premium_v1,0.015,2,0,1,1,1,True,5.0,5.0,_FIXEDLEARN_GRID5,7.58346864292786,7.5722829620919905,0.011185680835869682,6,0.0,125.0,MAC_base(m+h)+v,1.0,7.0,0.9,0.005,0.0,0.4515910658919078,0.47203700939755044,0.4920482148470988,0.5211146481292415,0.5214591160184913,0.5066133194669242,0.5112043750187073,nan,0.0,1.1102230246251565e-16,0.0,0.18531483303816948,0.39296192575420996,0.44618657023982056,0.4414353005327747,0.4504794845301884,nan,1.4196,1.4805826439041019,1.5382554182559922,1.5919452567202352,1.7954609787964113,2.0523378787125974,2.175477531917087,2.2299721583017296,nan,1.4196,1.5307992167000002,1.6443419239000001,1.6960182120236862,1.8960437330592805,2.1518649881729743,2.275331463997216,2.330647692313927,nan,425.6,436.77974554382735,444.2980270673147,450.02663391022685,467.790133373715,470.85209175933613,451.38098318434425,429.5047239151504,nan,425.6,447.78084386976184,465.5475315098372,467.70174946206464,481.29954986812265,481.72849998188144,461.03522896949437,438.6002014501082,nan,0.0,0.0003286554502528081,0.0006560580486272273,0.0009778013675299574,0.002501383587888948,0.012058789791967423,0.014405118978204113,0.015230806308583122,nan,0.0,0.0006332068992394159,0.0014976455049262696,0.0018946612852519323,0.0036832815413021655,0.0156314226048797,0.0181667725130371,0.019051059399598863,nan,250.1259164503733,256.01284139639745,256.9109534209524,245.38070516967176,152.5202947895773,51.39656767502215,21.155390683902482,8.282407588405949,nan,134.8120958601202,125.0,274.0116855873297,260.56057325134606,162.11283101250024,55.33245470874067,23.70093033771698,9.498953607125848,nan
mac_p119_h0p5_v200,10,356,mac_shift_grid,mac_base_m_plus_h_plus_v,default,0|5|10|15|35|75|125|175|225,0|5|10|15|35|75|125|175|225,7.0,0.9,0.005,1.5,1.5,10000.0,0.0,one_sided_huber,additive_removal_premium_v1,0.015,2,0,1,1,1,True,5.0,5.0,_FIXEDLEARN_GRID5,7.459989218594594,7.459427658689516,0.0005615599050781128,119,0.5,200.0,MAC_base(m+h)+v,1.0,7.0,0.9,0.005,0.0,1.1102230246251565e-16,0.040429147301346,0.06797741611947178,0.1155066156514376,0.12244019586906435,0.11473079745129118,0.11824199363067202,nan,0.0,1.1102230246251565e-16,0.0,0.041211227483293145,0.10395339032331714,0.11509082107123694,0.10828171389371388,0.11210304084747129,nan,1.4196,1.5307992167000002,1.635255799553859,1.7358301544812855,2.1138090583508213,2.579929968652599,2.7758488131656547,2.8814627954141168,nan,1.4196,1.5307992167000002,1.6443419239000001,1.7449117755854142,2.122876795676925,2.5896474828193106,2.785728928610526,2.8916405387538306,nan,425.6,447.78084386976184,463.55325379975403,476.80468296992444,518.7354064945912,539.2605514639027,516.9996345272029,494.56923245645237,nan,425.6,447.78084386976184,465.54753150983714,478.4332709833578,519.9902084622811,540.3662559073216,517.978547612197,495.51362163349745,nan,0.0,0.0006332068992394159,0.001400707906717329,0.002295977121032124,0.007047413861802865,0.03385730395677254,0.04135382986857693,0.04512395787674679,nan,0.0,0.0006332068992394159,0.0014976455049262696,0.002410430240445338,0.007223195377435488,0.034353954337386056,0.04189281728738148,0.04570043669832724,nan,352.00311590690086,367.45002965095034,367.0378877092521,360.79347474490896,249.41510489631162,111.47814815856904,58.35361416266658,30.101982197630036,nan,352.00311590690086,326.3830979529983,368.3234323446266,362.4522134412838,250.36719794047312,112.1828417861723,58.75960682275658,30.348991369396025,nan
mac_p015_h0p05_v75,15,45,mac_shift_grid,mac_base_m_plus_h_plus_v,default,0|5|10|15|35|75|125|175|225,0|5|10|15|35|75|125|175|225,7.0,0.9,0.005,1.5,1.5,10000.0,0.0,one_sided_huber,additive_removal_premium_v1,0.015,2,0,1,1,1,True,5.0,5.0,_FIXEDLEARN_GRID5,7.604254696453561,7.578792711027878,0.025461985425682343,15,0.05,75.0,MAC_base(m+h)+v,1.0,7.0,0.9,0.005,0.0,0.49673421390786343,0.5135736719915501,0.5315901912486068,0.560288299653676,0.5621764986860984,0.5498413666121238,0.5554307358898478,nan,0.0,1.1102230246251565e-16,0.0,0.0,0.3389229874502685,0.4323978631233288,0.4367481391853243,0.45018559104888783,nan,1.4196,1.4755627612053555,1.5289203887922316,1.578528880848868,1.7647148994947892,1.9985004090245817,2.1092513631230583,2.1566494653779764,nan,1.4196,1.5307992167000002,1.6443419239000001,1.7588945192,1.938457075135193,2.1700967371898785,2.28251228198602,2.3311349370489047,nan,425.6,435.6800244740917,442.4525467969771,447.54751232687124,462.8544542377135,463.8099760668474,443.9292378789674,422.0378071547126,nan,425.6,447.78084386976184,465.5475315098372,481.5023071324044,486.73293848540186,482.7673350485171,460.8297367429275,437.87015792928014,nan,0.0,0.0003004273871284133,0.0005987566872277872,0.0008899130671873481,0.0022375682386965292,0.011027527391699045,0.013003872206763394,0.013659958007782004,nan,0.0,0.0006332068992394159,0.0014976455049262696,0.002605083858391802,0.004374659379234485,0.017349697151512168,0.019669226878910123,0.020417742299947007,nan,239.78949170466583,245.9097109189191,247.45775410393878,237.43176168741147,147.09460422851464,47.88284998594112,19.65250733558606,7.49610005476901,nan,88.5989806798542,82.15043697913399,76.1712408436003,264.4689240263321,164.05766220224234,53.64366581000721,23.906507277431565,9.451721548687686,nan
mac_p077_h0p3_v250,10,230,mac_shift_grid,mac_base_m_plus_h_plus_v,default,0|5|10|15|35|75|125|175|225,0|5|10|15|35|75|125|175|225,7.0,0.9,0.005,1.5,1.5,10000.0,0.0,one_sided_huber,additive_removal_premium_v1,0.015,2,0,1,1,1,True,5.0,5.0,_FIXEDLEARN_GRID5,7.474871381502539,7.4738606056093815,0.0010107758931576782,77,0.3,250.0,MAC_base(m+h)+v,1.0,7.0,0.9,0.005,0.0,0.010743024839614979,0.06758597253615922,0.10866240700359422,0.16491101689563487,0.17846823194164693,0.16822325997490822,0.1734699651798191,nan,0.0,1.1102230246251565e-16,0.0,0.06352913997498535,0.1446990045949706,0.16489227047315536,0.15606696846430138,0.16182740364750098,nan,1.4196,1.5296046007528463,1.629152522403571,1.7220259600606007,2.075033208273231,2.505848397193035,2.693897369918681,2.7899005796012775,nan,1.4196,1.5307992167000002,1.6443419239000001,1.737339430196998,2.0908969357752216,2.523798848969668,2.712521033642992,2.809202732147071,nan,425.6,447.5191356972471,462.26208080472634,474.0414512602284,512.3459292904013,529.4056083077171,508.04550750051095,485.28225323009804,nan,425.6,447.78084386976184,465.54753150983714,476.77123652354874,514.558202341833,531.485408118675,509.9218899242752,487.0933670840841,nan,0.0,0.0006255751386251786,0.0013394866346994837,0.002130455493057561,0.006296422532769894,0.029680959056374016,0.036325527266368424,0.03928007156103205,nan,0.0,0.0006332068992394159,0.0014976455049262696,0.002317180626909786,0.006579735964754982,0.030569485381757664,0.03730846776996681,0.04032905692957481,nan,335.59055058662517,352.73799061256256,355.80449173285507,343.39610138895495,237.4230107802849,102.25296787967983,53.01097276093883,25.484469166806946,nan,332.4407310390534,308.24453187790255,357.31314510745756,345.29996535184677,238.597790159152,103.2539396268006,53.73864971162708,25.981864367235342,nan
mac_p056_h0p25_v0,15,168,mac_shift_grid,mac_base_m_plus_h_plus_v,default,0|5|10|15|35|75|125|175|225,0|5|10|15|35|75|125|175|225,7.0,0.9,0.005,1.5,1.5,10000.0,0.0,one_sided_huber,additive_removal_premium_v1,0.015,2,0,1,1,1,True,5.0,5.0,_FIXEDLEARN_GRID5,7.595211251190204,7.568680152340591,0.026531098849612356,56,0.25,0.0,MAC_base(m+h)+v,1.0,7.0,0.9,0.005,0.0,0.4483780220547451,0.46148443474798895,0.47590065551257665,0.5015299201349623,0.5054393863132245,0.4947686329078953,0.5017848113767508,nan,0.0,1.1102230246251565e-16,0.0,0.0,0.2996998051995885,0.3849117875683298,0.3893763058697892,0.4026521051336235,nan,1.4196,1.4809399318620171,1.5406270241848328,1.5974240351008953,1.8108323719798425,2.073519537648245,2.1936238110847714,2.2455888122336978,nan,1.4196,1.5307992167000002,1.6443419239000001,1.7588945192,1.9692420294351303,2.232883929926826,2.355086807934403,2.409940498318468,nan,425.6,436.85801771050177,444.8040825835618,451.1274917078158,470.32370484326464,473.532182441361,453.11288511942564,430.7861800681511,nan,425.6,447.78084386976184,465.5475315098372,481.5023071324044,492.20630042589096,491.27900448838346,468.94119003767497,445.83575911754923,nan,0.0,0.000330665416513708,0.0006802383155063029,0.0010479237547527387,0.002803914666264391,0.014387545821465153,0.017057704701137173,0.01787411763201266,nan,0.0,0.0006332068992394159,0.0014976455049262696,0.002605083858391802,0.004881300011731172,0.020394512126546107,0.02344376785545383,0.024466568674030686,nan,251.37692737854832,257.1844903236598,258.98755690920785,251.0329331169085,161.29443002066694,51.5690663767422,26.08563534036287,10.548433666337809,nan,49.13575945808384,45.55948702580318,42.24350820963729,274.46333856790375,174.99665372786833,56.70618464601037,29.75187409281147,12.884819608196425,nan
mac_p011_h0_v250,10,32,mac_shift_grid,mac_base_m_plus_h_plus_v,default,0|5|10|15|35|75|125|175|225,0|5|10|15|35|75|125|175|225,7.0,0.9,0.005,1.5,1.5,10000.0,0.0,one_sided_huber,additive_removal_premium_v1,0.015,2,0,1,1,1,True,5.0,5.0,_FIXEDLEARN_GRID5,7.51635017350303,7.513258656887615,0.0030915166154148466,11,0.0,250.0,MAC_base(m+h)+v,1.0,7.0,0.9,0.005,0.0,0.18276033814384707,0.20985020920100061,0.25849611086105106,0.3231190598258879,0.3407053160014029,0.32990339178238526,0.33714797732173646,nan,0.0,1.1102230246251565e-16,0.0,0.12072009763584307,0.26222250336924546,0.30279008775384186,0.29574432998977934,0.3046181860979117,nan,1.4196,1.5104764102545771,1.5971797841533497,1.6711882055503298,1.950861045485346,2.291334754048484,2.446200413732868,2.518539509274474,nan,1.4196,1.5307992167000002,1.6443419239000001,1.7179348517148698,1.9986567010127292,2.3414671500366033,2.4985327290124397,2.5724705098315357,nan,425.6,443.32866444935956,456.0196721032923,464.5129489303646,492.26088913069896,501.3626146174352,480.7526971908934,457.96866407666835,nan,425.6,447.78084386976184,465.5475315098372,472.5121758942355,498.80887954282997,506.9912372824831,485.9724616251992,462.97761657227625,nan,0.0,0.0005045502488629265,0.0010627856203738498,0.0016035568590070598,0.004337563945534227,0.019691068972992894,0.023834643526887613,0.02539504323000509,nan,0.0,0.0006332068992394159,0.0014976455049262696,0.00209174106516633,0.005028350461034236,0.021795348208360637,0.026153969716438658,0.02782132964786639,nan,302.6689607288937,304.90408898674707,314.4512103889031,298.9758635500431,200.071682273367,78.85980177103062,36.07701938367608,15.160604381514517,nan,269.6241917202404,250.0,321.062522641412,305.11153781195446,204.8297276781703,81.11562122289054,37.84182270648768,16.147715898680772,nan
mac_p007_h0_v150,10,20,mac_shift_grid,mac_base_m_plus_h_plus_v,default,0|5|10|15|35|75|125|175|225,0|5|10|15|35|75|125|175|225,7.0,0.9,0.005,1.5,1.5,10000.0,0.0,one_sided_huber,additive_removal_premium_v1,0.015,2,0,1,1,1,True,5.0,5.0,_FIXEDLEARN_GRID5,7.568369455068494,7.559152949445198,0.009216505623295568,7,0.0,150.0,MAC_base(m+h)+v,1.0,7.0,0.9,0.005,0.0,0.40932452408263,0.4315572214001764,0.4511803582970328,0.4881175863020091,0.4839851829232749,0.46780887772311114,0.47296284073971134,nan,0.0,1.1102230246251565e-16,0.0,0.1710756990657315,0.3717524764825958,0.4159057213793833,0.4078415943114008,0.416974692579379,nan,1.4196,1.4852826502459113,1.5473529236895862,1.6058114964591246,1.8213592609370945,2.101886783994014,2.2349266553126417,2.293372633033118,nan,1.4196,1.5307992167000002,1.6443419239000001,1.7008494721386886,1.9126903152356194,2.1919030303025373,2.3267976440714824,2.3861951423707213,nan,425.6,437.8093903208398,446.10433697760027,452.6198213599033,471.8519115332946,477.3910216271156,458.03403053773684,435.8443275299608,nan,425.6,447.78084386976184,465.5475315098372,468.7621502208202,484.0972731897931,487.20843112697503,466.989467073084,444.2668626461741,nan,0.0,0.0003551045760473689,0.0007149611518727977,0.0010743466055907075,0.002774161334693652,0.013394120961200249,0.016104974378790948,0.01705108776473394,nan,0.0,0.0006332068992394159,0.0014976455049262696,0.0019332056449970754,0.0038872139762093074,0.016744362846838425,0.019713132584567666,0.020729942902827987,nan,260.5732654922566,266.1086963496725,266.44865631240253,256.0296499972481,159.59600016724931,55.804555303877386,23.773202834237843,9.591812638155,nan,161.77451503214422,150.0,282.02104628534806,270.1695464896545,168.44481920886804,58.90412445861426,26.24393790036059,10.698448294466433,nan
mac_p058_h0p25_v50,10,173,mac_shift_grid,mac_base_m_plus_h_plus_v,default,0|5|10|15|35|75|125|175|225,0|5|10|15|35|75|125|175|225,7.0,0.9,0.005,1.5,1.5,10000.0,0.0,one_sided_huber,additive_removal_premium_v1,0.015,2,0,1,1,1,True,5.0,5.0,_FIXEDLEARN_GRID5,7.566255472665415,7.554511790789628,0.011743681875787004,58,0.25,50.0,MAC_base(m+h)+v,1.0,7.0,0.9,0.005,0.0,0.3918777464565725,0.4069268843034814,0.42230094074091484,0.44739193053154563,0.4490752060208065,0.4367108381652266,0.44321407068331065,nan,0.0,1.1102230246251565e-16,0.0,0.1551966701808668,0.33316563525833987,0.37992549470425374,0.37562676139716855,0.38547443384337876,nan,1.4196,1.487222718251868,1.552888393035003,1.6156101245536036,1.8533234560836256,2.148045566807704,2.2825694278396105,2.3426929905922718,nan,1.4196,1.5307992167000002,1.6443419239000001,1.7062371396095422,1.9429758269025639,2.2394769222396356,2.37615136470298,2.4384192854569697,nan,425.6,438.23440695786275,447.2406749372142,454.5131747065657,477.1639300837692,483.2882506500713,463.02698555766403,440.5830996386711,nan,425.6,447.78084386976184,465.5475315098372,469.94467538775825,489.3012591722634,493.4154453480653,472.219247282271,449.37222560644443,nan,0.0,0.0003661916021520412,0.0007627715743655183,0.0011829909331987248,0.0032510822701159727,0.016440515561560336,0.019677688488092333,0.020756501504935975,nan,0.0,0.0006332068992394159,0.0014976455049262696,0.002010906378755727,0.004409688926577561,0.0198631699726887,0.02336150256408291,0.024589029141766788,nan,267.0421584134094,272.5781634545195,273.6591716689457,263.8246309317145,170.01747661646078,56.66374681584073,28.822384533018692,12.075210610398274,nan,103.06059780213192,95.55948702580318,286.86797709162556,275.6927057083513,177.1152020215174,59.34261570029553,30.880883406864925,13.45428262971138,nan
mac_p005_h0_v100,5,13,mac_shift_grid,mac_base_m_plus_h_plus_v,default,0|5|10|15|35|75|125|175|225,0|5|10|15|35|75|125|175|225,7.0,0.9,0.005,1.5,1.5,10000.0,0.0,one_sided_huber,additive_removal_premium_v1,0.015,2,0,1,1,1,True,5.0,5.0,_FIXEDLEARN_GRID5,7.599527519584868,7.5941869282141745,0.005340591370693204,5,0.0,100.0,MAC_base(m+h)+v,1.0,7.0,0.9,0.005,0.0,0.49357899366313207,0.5119741028330232,0.5311069300525534,0.5599481217333373,0.5615495120169564,0.5481266172502639,0.5531950329518872,nan,0.0,1.1102230246251565e-16,0.27690007612328893,0.378398364924479,0.49685968516030055,0.5239807558970669,0.515092698986219,0.5222406628138977,nan,1.4196,1.4759136192250855,1.52927987904233,1.578692848724031,1.7649818936836987,1.9993294253705067,2.111878390901958,2.1603560276354155,nan,1.4196,1.5307992167000002,1.5821108680639957,1.6305060279068828,1.814497882068903,2.0490037078589562,2.1624869654585277,2.21167514436964,nan,425.6,435.7568880145244,442.51723152420624,447.56271810936545,462.89246903057864,463.92365171346154,444.28361914032575,422.47081548861354,nan,425.6,447.78084386976184,451.8886817295794,455.82058012194994,469.35995887110323,469.305613664302,449.1901101445935,427.1194274917499,nan,0.0,0.0003023996151368364,0.0005989016253944446,0.0008839990108526206,0.002209092501331708,0.010707479872125027,0.012706156866834658,0.013380395434044318,nan,0.0,0.0006332068992394159,0.0009695879110124985,0.001290761568789827,0.0027414143232217373,0.0123902747003488,0.014486921805202588,0.015199718318301426,nan,241.23348273699114,247.27814826320912,248.5482453867873,237.60290217432924,146.2708036510577,47.559876677141716,19.19113123891878,7.256864456685465,nan,107.84967668809615,255.38337947224974,256.4412310207164,244.56858304667836,150.28540469680974,49.161040646955875,20.230321933791465,7.767332465676097,nan
mac_p031_h0p1_v200,15,93,mac_shift_grid,mac_base_m_plus_h_plus_v,default,0|5|10|15|35|75|125|175|225,0|5|10|15|35|75|125|175|225,7.0,0.9,0.005,1.5,1.5,10000.0,0.0,one_sided_huber,additive_removal_premium_v1,0.015,2,0,1,1,1,True,5.0,5.0,_FIXEDLEARN_GRID5,7.523508788694568,7.513045855130006,0.010462933564562071,31,0.1,200.0,MAC_base(m+h)+v,1.0,7.0,0.9,0.005,0.0,0.25107033683395275,0.274343720791739,0.3026049015680755,0.3526516168551991,0.36057601193617617,0.3482817813983135,0.3557539283538105,nan,0.0,1.1102230246251565e-16,0.0,0.0,0.22242574625072514,0.2799391258822124,0.27649546963706495,0.28745044989222357,nan,1.4196,1.5028803919074594,1.5826853882793803,1.6562223346148965,1.9276819364396522,2.2650612580627216,2.4180443804802287,2.4876927833126876,nan,1.4196,1.5307992167000002,1.6443419239000001,1.7588945192,2.02989183490241,2.3716812229093325,2.528022339554634,2.600932825636205,nan,425.6,441.66458145703973,453.1461796029173,461.9474760542727,488.7662692167131,498.25946679088395,477.84981384356564,454.95768898832534,nan,425.6,447.78084386976184,465.5475315098372,481.5023071324044,502.98943603520246,510.31115372354634,488.7936637047425,465.4713704448262,nan,0.0,0.00045835634427068015,0.0009634960706530859,0.001486117729757924,0.00407000318275796,0.01924326890372048,0.023283519167989666,0.02472402578135996,nan,0.0,0.0006332068992394159,0.0014976455049262696,0.002605083858391802,0.005609570433980313,0.023841969626034177,0.02827963052396677,0.029950095613343983,nan,294.20667830672124,297.7646931924054,302.59734768149343,291.3003769393656,192.80997749540163,72.88124754042542,34.87319162484478,14.576799633475783,nan,232.0596268395015,215.1695155383947,199.5087256132163,305.9003880619942,202.10123411040342,77.55625299196117,38.07342684154572,16.58177720406028,nan
mac_p036_h0p15_v50,10,107,mac_shift_grid,mac_base_m_plus_h_plus_v,default,0|5|10|15|35|75|125|175|225,0|5|10|15|35|75|125|175|225,7.0,0.9,0.005,1.5,1.5,10000.0,0.0,one_sided_huber,additive_removal_premium_v1,0.015,2,0,1,1,1,True,5.0,5.0,_FIXEDLEARN_GRID5,7.594162263255669,7.5797789933491515,0.014383269906517171,36,0.15,50.0,MAC_base(m+h)+v,1.0,7.0,0.9,0.005,0.0,0.4627460826301152,0.47810066449127586,0.49441858140881223,0.5213129662986866,0.5241068446013508,0.511924551396479,0.5185102958115542,nan,0.0,1.1102230246251565e-16,0.0,0.1821346123132147,0.3906564862530415,0.4472549588212621,0.4448163929108331,0.4559604510336076,nan,1.4196,1.4793422147805377,1.5368926607443625,1.591141004337351,1.795305325546652,2.0488369904436863,2.1673406262389414,2.217859703732384,nan,1.4196,1.5307992167000002,1.6443419239000001,1.6970972434855094,1.8978531948523378,2.1504523399598527,2.2701515678574395,2.321560821589326,nan,425.6,436.50800093851257,444.0491886499346,449.92727276438745,467.80394862447986,470.34357252296854,450.3132740886931,428.07869298627645,nan,425.6,447.78084386976184,465.5475315098372,467.9385832804893,481.58509436958605,481.4560997985721,460.30062470878715,437.4680421513366,nan,0.0,0.00032167812832169094,0.0006530760774294868,0.0009902645225391723,0.00258809457835521,0.012937933080356175,0.015359483995015308,0.016100082875363582,nan,0.0,0.0006332068992394159,0.0014976455049262696,0.0019218036768117509,0.0038178172112666867,0.01658663764893107,0.019235192313245348,0.020051156561381286,nan,249.16927870940293,255.16795785617796,256.6951169995877,247.165163518812,157.33387312176734,50.43676699626873,23.497252632394172,9.17957732993716,nan,79.98429585415182,74.16275904606401,273.86209159200513,262.7593784286757,167.34810235490454,53.717078651952356,26.20143414498025,10.483478389342215,nan
mac_p012_h0p05_v0,15,36,mac_shift_grid,mac_base_m_plus_h_plus_v,default,0|5|10|15|35|75|125|175|225,0|5|10|15|35|75|125|175|225,7.0,0.9,0.005,1.5,1.5,10000.0,0.0,one_sided_huber,additive_removal_premium_v1,0.015,2,0,1,1,1,True,5.0,5.0,_FIXEDLEARN_GRID5,7.657305139684765,7.621717276472545,0.035587863212220405,12,0.05,0.0,MAC_base(m+h)+v,1.0,7.0,0.9,0.005,0.0,0.591251041163787,0.6042162980758317,0.619653051177125,0.6480489056213387,0.6551188878476046,0.6474585357934471,0.6531538886521029,nan,0.0,1.1102230246251565e-16,0.0,0.0,0.3891347680782872,0.5042704603145062,0.5174157773005714,0.5327549367679764,nan,1.4196,1.4650525640495276,1.5085491906187016,1.5486496351300443,1.6958345565694661,1.8756098219732888,1.959700052103091,1.9946346719292236,nan,1.4196,1.5307992167000002,1.6443419239000001,1.7588945192,1.8990475401802565,2.0750651187711107,2.158927966458381,2.1942435749330915,nan,425.6,433.3775234092308,438.40727394144756,441.9974036895225,451.78405383857734,447.68784342980666,427.1430272346938,405.7079918525035,nan,425.6,447.78084386976184,465.5475315098372,481.5023071324044,479.7261829575832,469.67460353120487,446.4501869835355,423.7129041061679,nan,0.0,0.0002438268366456527,0.00047446086237568536,0.0006909864132067805,0.0016291410796067814,0.008088082818367707,0.009398757861725868,0.00982788728641863,nan,0.0,0.0006332068992394159,0.0014976455049262696,0.002605083858391802,0.003930876606258477,0.015028827718278381,0.016536401953150332,0.01700920973976559,nan,212.7201238946324,218.89261028994673,221.38591803352375,215.11395208000164,131.71134962838946,39.932144661121846,15.450314172453199,5.469301966916702,nan,7.711723163782066,7.150436979133979,6.630003166178433,245.58102041009883,150.36964868709083,47.35459619166737,19.59240588091109,7.326024984312976,nan
mac_p024_h0p1_v25,5,70,mac_shift_grid,mac_base_m_plus_h_plus_v,default,0|5|10|15|35|75|125|175|225,0|5|10|15|35|75|125|175|225,7.0,0.9,0.005,1.5,1.5,10000.0,0.0,one_sided_huber,additive_removal_premium_v1,0.015,2,0,1,1,1,True,5.0,5.0,_FIXEDLEARN_GRID5,7.624663748152829,7.616904128494049,0.007759619658780359,24,0.1,25.0,MAC_base(m+h)+v,1.0,7.0,0.9,0.005,0.0,0.5275784308730272,0.5417700658155535,0.5578471698939496,0.5858474126201165,0.5904233724028207,0.5805600811565221,0.5865191479841647,nan,0.0,1.1102230246251565e-16,0.2880315659666225,0.39207558927507347,0.5162321335054618,0.5493965621764334,0.544937175796133,0.5534064010467249,nan,1.4196,1.4721329084391044,1.522583476997183,1.5696200319037519,1.7446544128267254,1.9611517361022652,2.0621897235417106,2.105108121062529,nan,1.4196,1.5307992167000002,1.5796091556207317,1.6258654206468572,1.799293100030257,2.0153983380999994,2.116764674276972,2.1600056013826916,nan,425.6,434.92863612908513,441.2006762889138,445.90860076640024,459.64159712900323,458.8842672660951,438.58077324006405,416.7936299574029,nan,425.6,447.78084386976184,451.3395907010422,454.902443018514,466.8267788562274,464.7519263702107,443.8341541517136,421.72741696713354,nan,0.0,0.00028188645407831885,0.000560303432106647,0.0008354900944011109,0.0020800873315389616,0.010448938642078832,0.012203997716652802,0.012768521263269807,nan,0.0,0.0006332068992394159,0.0009561305626054982,0.0012694021518769342,0.002653620083493328,0.012230719359633624,0.014102439541365402,0.01469795672845131,nan,231.15760995538682,237.33120858700693,239.36654531585341,231.3111822241446,144.08127384060947,45.81313426868471,18.979695959326836,7.09424174381369,nan,43.32269263533323,246.16795239665555,247.88337041808182,238.90807604058014,148.6293640962723,47.33521602477023,20.14718497315657,7.687012219735609,nan
mac_p058_h0p25_v50,15,174,mac_shift_grid,mac_base_m_plus_h_plus_v,default,0|5|10|15|35|75|125|175|225,0|5|10|15|35|75|125|175|225,7.0,0.9,0.005,1.5,1.5,10000.0,0.0,one_sided_huber,additive_removal_premium_v1,0.015,2,0,1,1,1,True,5.0,5.0,_FIXEDLEARN_GRID5,7.566255472665415,7.545586480093333,0.02066899257208199,58,0.25,50.0,MAC_base(m+h)+v,1.0,7.0,0.9,0.005,0.0,0.3918777464565725,0.4069268843034814,0.42230094074091484,0.44739193053154563,0.4490752060208065,0.4367108381652266,0.44321407068331065,nan,0.0,1.1102230246251565e-16,0.0,0.0,0.26729547969412487,0.3408402573745789,0.34130014709554474,0.35312170497611384,nan,1.4196,1.487222718251868,1.552888393035003,1.6156101245536036,1.8533234560836256,2.148045566807704,2.2825694278396105,2.3426929905922718,nan,1.4196,1.5307992167000002,1.6443419239000001,1.7588945192,1.99467509280644,2.2911563314286583,2.428740373529378,2.492056735096826,nan,425.6,438.23440695786275,447.2406749372142,454.5131747065657,477.1639300837692,483.2882506500713,463.02698555766403,440.5830996386711,nan,425.6,447.78084386976184,465.5475315098372,481.5023071324044,496.72813143886924,499.2703047060022,477.43163036324324,454.3231092174755,nan,0.0,0.0003661916021520412,0.0007627715743655183,0.0011829909331987248,0.0032510822701159727,0.016440515561560336,0.019677688488092333,0.020756501504935975,nan,0.0,0.0006332068992394159,0.0014976455049262696,0.002605083858391802,0.005190107790607902,0.022045607117494405,0.025705632383341837,0.02702077986803622,nan,267.0421584134094,272.5781634545195,273.6591716689457,263.8246309317145,170.01747661646078,56.66374681584073,28.822384533018692,12.075210610398274,nan,103.06059780213192,95.55948702580318,88.60433332791854,284.0662256094607,182.21112142642426,61.0273103724406,32.21721208589695,14.29226197969762,nan
mac_p119_h0p5_v200,15,357,mac_shift_grid,mac_base_m_plus_h_plus_v,default,0|5|10|15|35|75|125|175|225,0|5|10|15|35|75|125|175|225,7.0,0.9,0.005,1.5,1.5,10000.0,0.0,one_sided_huber,additive_removal_premium_v1,0.015,2,0,1,1,1,True,5.0,5.0,_FIXEDLEARN_GRID5,7.459989218594594,7.457728898772918,0.0022603198216764042,119,0.5,200.0,MAC_base(m+h)+v,1.0,7.0,0.9,0.005,0.0,1.1102230246251565e-16,0.040429147301346,0.06797741611947178,0.1155066156514376,0.12244019586906435,0.11473079745129118,0.11824199363067202,nan,0.0,1.1102230246251565e-16,0.0,0.0,0.0857171763295545,0.10369032489869867,0.09818970995397153,0.1024401027603015,nan,1.4196,1.5307992167000002,1.635255799553859,1.7358301544812855,2.1138090583508213,2.579929968652599,2.7758488131656547,2.8814627954141168,nan,1.4196,1.5307992167000002,1.6443419239000001,1.7588945192,2.1371897856534616,2.6047214838209927,2.8011900655464235,2.9076606821287543,nan,425.6,447.78084386976184,463.55325379975403,476.80468296992444,518.7354064945912,539.2605514639027,516.9996345272029,494.56923245645237,nan,425.6,447.78084386976184,465.54753150983714,481.5023071324044,522.0663043719694,542.1063766661088,519.5282837886982,497.0144657238198,nan,0.0,0.0006332068992394159,0.001400707906717329,0.002295977121032124,0.007047413861802865,0.03385730395677254,0.04135382986857693,0.04512395787674679,nan,0.0,0.0006332068992394159,0.0014976455049262696,0.002605083858391802,0.007520913844919686,0.03520513690804068,0.042819317698842195,0.046693878172220295,nan,352.00311590690086,367.45002965095034,367.0378877092521,360.79347474490896,249.41510489631162,111.47814815856904,58.35361416266658,30.101982197630036,nan,352.00311590690086,326.3830979529983,302.62779451523625,364.5917639488719,251.95839163640952,113.14262419438612,59.300521292149476,30.75574475728142,nan
mac_p057_h0p25_v25,15,171,mac_shift_grid,mac_base_m_plus_h_plus_v,default,0|5|10|15|35|75|125|175|225,0|5|10|15|35|75|125|175|225,7.0,0.9,0.005,1.5,1.5,10000.0,0.0,one_sided_huber,additive_removal_premium_v1,0.015,2,0,1,1,1,True,5.0,5.0,_FIXEDLEARN_GRID5,7.580387313238176,7.556841710288502,0.023545602949673672,57,0.25,25.0,MAC_base(m+h)+v,1.0,7.0,0.9,0.005,0.0,0.420381352500137,0.4343072972064572,0.4490983087238305,0.4741689606552407,0.4760644995560473,0.46422320524570015,0.47113234275643157,nan,0.0,1.1102230246251565e-16,0.0,0.0,0.28383478029020165,0.3623077758145579,0.3643704347417517,0.37701814773074627,nan,1.4196,1.4840531395866983,1.5467348663620117,1.6065179244680148,1.8323070672710706,2.1123596956291406,2.240419971953375,2.2964074077439887,nan,1.4196,1.5307992167000002,1.6443419239000001,1.7588945192,1.9816939529858861,2.2627714796142815,2.393396265602121,2.452438925728041,nan,425.6,437.54003765693415,446.01850740958616,452.8219458539005,473.78481394392736,478.6400236093458,458.35295047182694,435.91075854888516,nan,425.6,447.78084386976184,465.5475315098372,481.5023071324044,494.42017035028863,495.39500109184473,473.3803867703259,450.22773507564517,nan,0.0,0.0003481837533006975,0.0007207355261657704,0.0011152028194920858,0.0030253935264285365,0.015419223562632756,0.018369514089102573,0.019312135519595208,nan,0.0,0.0006332068992394159,0.0014976455049262696,0.002605083858391802,0.005033696100343685,0.021218165753924625,0.02457888353322411,0.02574221296418429,nan,258.7617360213723,264.3886069106692,265.73607193098417,256.7798939348421,164.89151243712342,53.70852975169895,27.445719574439657,11.337942532137555,nan,76.09817863010788,70.55948702580318,65.42392076877792,278.8325306046997,177.8778987407194,58.36214990362674,30.922918529683923,13.5569897017537,nan
mac_p099_h0p4_v250,5,295,mac_shift_grid,mac_base_m_plus_h_plus_v,default,0|5|10|15|35|75|125|175|225,0|5|10|15|35|75|125|175|225,7.0,0.9,0.005,1.5,1.5,10000.0,0.0,one_sided_huber,additive_removal_premium_v1,0.015,2,0,1,1,1,True,5.0,5.0,_FIXEDLEARN_GRID5,7.462546587703424,7.462546587716502,-1.3077539051664644e-11,99,0.4,250.0,MAC_base(m+h)+v,1.0,7.0,0.9,0.005,0.0,1.1102230246251565e-16,0.042678110448816975,0.07140432201411068,0.1255360138519516,0.13330549113933254,0.12556037313165286,0.13002645071222393,nan,0.0,1.1102230246251565e-16,0.04267829318006067,0.07140438242494757,0.12553636717270655,0.13330552729582046,0.12556040059597717,0.13002648198779013,nan,1.4196,1.5307992167000002,1.634750363249316,1.7346674240934201,2.105937321598678,2.565563622722663,2.7592577026635694,2.861925394849296,nan,1.4196,1.5307992167000002,1.6347503221819448,1.7346674035963545,2.1059370442891208,2.565563574915714,2.759257660587716,2.8619253429976697,nan,425.6,447.78084386976184,463.4423175724235,476.56976630584103,517.3777826830551,537.3467149054297,515.1575559115757,492.5320138566021,nan,425.6,447.78084386976184,463.4423085587077,476.5697634554213,517.3777343057628,537.3467160801606,515.1575541661402,492.5320098387111,nan,0.0,0.0006332068992394159,0.0013953166804326535,0.002277613595882923,0.00687588686763165,0.0328656559283618,0.040130720036619404,0.04365166323740564,nan,0.0,0.0006332068992394159,0.0013953162423936212,0.0022776130584414842,0.006875880111345279,0.03286565239775126,0.04013071748270528,0.043651659965499835,nan,364.99004708738295,373.2689623567178,369.82941332636364,363.92313088185375,251.4698125842435,113.76935963752464,58.6637639094686,29.29758304446986,nan,364.99004708738295,373.26914230569764,369.8294760549986,363.9236291728272,251.4694917917073,113.76934091167212,58.663766158065826,29.297581073184467,nan
mac_p023_h0p1_v0,15,69,mac_shift_grid,mac_base_m_plus_h_plus_v,default,0|5|10|15|35|75|125|175|225,0|5|10|15|35|75|125|175|225,7.0,0.9,0.005,1.5,1.5,10000.0,0.0,one_sided_huber,additive_removal_premium_v1,0.015,2,0,1,1,1,True,5.0,5.0,_FIXEDLEARN_GRID5,7.642253120036525,7.60875779068017,0.03349532935635491,23,0.1,0.0,MAC_base(m+h)+v,1.0,7.0,0.9,0.005,0.0,0.5573263855495408,0.5704520611888421,0.5858128861935464,0.6138277199974185,0.6206999660758041,0.6128511775426502,0.6188252963607153,nan,0.0,1.1102230246251565e-16,0.0,0.0,0.36717851294912873,0.47553915681475384,0.4867017805778646,0.5018799907312518,nan,1.4196,1.468824959180649,1.5161374301756991,1.5601314176377963,1.722693612236827,1.9211193202804502,2.0127191658588974,2.051547897017309,nan,1.4196,1.5307992167000002,1.6443419239000001,1.7588945192,1.9162802651139192,2.113054316011327,2.2059823782495256,2.2454310147924144,nan,425.6,434.2039535587039,439.9199120743354,444.1446112383892,456.11029806770284,453.61597375043675,432.9954628546002,411.3846396685666,nan,425.6,447.78084386976184,465.5475315098372,481.5023071324044,482.79004785287793,474.8652723490406,451.83668140802007,428.93511356181835,nan,0.0,0.000264098777414218,0.0005212296183406847,0.0007713836435290752,0.001883103216206005,0.009487022658199258,0.011003762031765734,0.011492122311895938,nan,0.0,0.0006332068992394159,0.0014976455049262696,0.002605083858391802,0.004154998533193906,0.01625978244454257,0.01809886111034743,0.018656429106989718,nan,223.09107766134755,229.2988441529629,231.70737700547107,224.94391819981988,139.92424377304582,44.06898684933523,17.657089002202824,6.420070634182109,nan,16.360273463309202,15.169515538394709,14.065425140091342,252.7067171744595,157.4300294858915,50.03834010776722,22.128029517597167,8.520904085477119,nan
mac_p016_h0p05_v100,5,46,mac_shift_grid,mac_base_m_plus_h_plus_v,default,0|5|10|15|35|75|125|175|225,0|5|10|15|35|75|125|175|225,7.0,0.9,0.005,1.5,1.5,10000.0,0.0,one_sided_huber,additive_removal_premium_v1,0.015,2,0,1,1,1,True,5.0,5.0,_FIXEDLEARN_GRID5,7.588113328984861,7.583154216131691,0.004959112853169856,16,0.05,100.0,MAC_base(m+h)+v,1.0,7.0,0.9,0.005,0.0,0.4598859436847538,0.47832738389119833,0.4969408183842887,0.5249462041789599,0.5264297199886726,0.5130494024006345,0.5185272729293469,nan,0.0,1.1102230246251565e-16,0.2601914656976942,0.3557905491013459,0.46749113920104723,0.49348641336067284,0.48453357087347065,0.49234904974343824,nan,1.4196,1.4796602599909152,1.5368417073902383,1.5902852231554485,1.7924537195400263,2.045765630619926,2.165617333668747,2.2178315574420244,nan,1.4196,1.5307992167000002,1.5858659933167394,1.6381767359067547,1.8375482643513235,2.0893240362887395,2.209304115671106,2.261232320745667,nan,425.6,436.57767607635355,444.02511644952307,449.7357256860518,467.32424381650355,469.9721000100227,450.2019695782333,428.1892362801089,nan,425.6,447.78084386976184,452.7128794078004,457.3534746843303,473.17916472288573,474.61188705078575,454.3730672968765,432.0402699680972,nan,0.0,0.00032346698104313346,0.0006491083571018593,0.0009724678724172886,0.00249994102840519,0.012224817750801548,0.014526091247234238,0.015303659948201837,nan,0.0,0.0006332068992394159,0.0009976428585772152,0.0013557635190780144,0.0030025073242564244,0.01372524138296289,0.016113091231274218,0.01690479761058801,nan,248.73397548674848,254.71154490839524,255.81563065081747,244.80332178110595,153.07080415428055,50.95547776318622,21.567472429078407,8.407989489311126,nan,115.56139985187822,263.6819156652027,264.59572023838393,252.66858336216933,157.85353298332706,52.539299022021765,22.71270698095816,8.931806052105564,nan
mac_p107_h0p45_v175,10,320,mac_shift_grid,mac_base_m_plus_h_plus_v,default,0|5|10|15|35|75|125|175|225,0|5|10|15|35|75|125|175|225,7.0,0.9,0.005,1.5,1.5,10000.0,0.0,one_sided_huber,additive_removal_premium_v1,0.015,2,0,1,1,1,True,5.0,5.0,_FIXEDLEARN_GRID5,7.472348599850288,7.4710548297442685,0.0012937701060193874,107,0.45,175.0,MAC_base(m+h)+v,1.0,7.0,0.9,0.005,0.0,0.061923771715823084,0.08919682832817943,0.11977045050935564,0.15890420574787625,0.17049638748955104,0.16009784421473677,0.16364018682475398,nan,0.0,1.1102230246251565e-16,0.0,0.06059514299326099,0.13270487618863855,0.15372910359106434,0.1451170821786592,0.1492663662383954,nan,1.4196,1.523913341790091,1.6242956570957467,1.718257061780061,2.079747751970636,2.5163889552036247,2.7063456573429843,2.8061973267367017,nan,1.4196,1.5307992167000002,1.6443419239000001,1.7383349192922464,2.100310723073169,2.538559047667679,2.729296462220475,2.8300276218872664,nan,425.6,446.2723341741304,461.4267024209121,473.5122349932288,513.3690068341789,530.8987778960648,509.47292581965075,487.0751912205667,nan,425.6,447.78084386976184,465.54753150983714,476.98973384449744,516.1985458783888,533.4155678108928,511.76306294940923,489.30070442262246,nan,0.0,0.0005892268212094744,0.0013014564263392379,0.0021026261226299342,0.006424199561700851,0.030738095183883644,0.03763614453865788,0.04090980646142846,nan,0.0,0.0006332068992394159,0.0014976455049262696,0.0023349982498317473,0.006785615638596089,0.03178261914782474,0.03878382197965537,0.042139795224504534,nan,330.5784136143214,339.25878735160177,349.21668796906516,335.39485267813296,233.51140342281883,96.75759814512392,51.4976197559282,26.40656733973503,nan,303.39964348136607,281.31715624776984,351.6635785720075,338.06037931997366,235.29467455164954,97.89203464387145,52.26961338913041,26.951167979954207,nan
mac_p016_h0p05_v100,15,48,mac_shift_grid,mac_base_m_plus_h_plus_v,default,0|5|10|15|35|75|125|175|225,0|5|10|15|35|75|125|175|225,7.0,0.9,0.005,1.5,1.5,10000.0,0.0,one_sided_huber,additive_removal_premium_v1,0.015,2,0,1,1,1,True,5.0,5.0,_FIXEDLEARN_GRID5,7.588113328984861,7.565752457523339,0.022360871461521548,16,0.05,100.0,MAC_base(m+h)+v,1.0,7.0,0.9,0.005,0.0,0.4598859436847538,0.47832738389119833,0.4969408183842887,0.5249462041789599,0.5264297199886726,0.5130494024006345,0.5185272729293469,nan,0.0,1.1102230246251565e-16,0.0,0.0,0.3178653828097202,0.4050469898337095,0.40705323609528843,0.41969396966688227,nan,1.4196,1.4796602599909152,1.5368417073902383,1.5902852231554485,1.7924537195400263,2.045765630619926,2.165617333668747,2.2178315574420244,nan,1.4196,1.5307992167000002,1.6443419239000001,1.7588945192,1.9549844795763303,2.2062606975232644,2.328005423458672,2.3816868646165883,nan,425.6,436.57767607635355,444.02511644952307,449.7357256860518,467.32424381650355,469.9721000100227,450.2019695782333,428.1892362801089,nan,425.6,447.78084386976184,465.5475315098372,481.5023071324044,489.6714020465894,487.7050292295737,466.0599008051142,443.0817761541965,nan,0.0,0.00032346698104313346,0.0006491083571018593,0.0009724678724172886,0.00249994102840519,0.012224817750801548,0.014526091247234238,0.015303659948201837,nan,0.0,0.0006332068992394159,0.0014976455049262696,0.002605083858391802,0.004560778816276215,0.018278692206671242,0.02094461384293881,0.021818143251043164,nan,248.73397548674848,254.71154490839524,255.81563065081747,244.80332178110595,153.07080415428055,50.95547776318622,21.567472429078407,8.407989489311126,nan,115.56139985187822,107.15043697913399,99.35165340274094,270.4938840549554,169.5819380391635,56.534103541348465,25.897140642153403,10.452034204052614,nan
mac_p031_h0p1_v200,5,91,mac_shift_grid,mac_base_m_plus_h_plus_v,default,0|5|10|15|35|75|125|175|225,0|5|10|15|35|75|125|175|225,7.0,0.9,0.005,1.5,1.5,10000.0,0.0,one_sided_huber,additive_removal_premium_v1,0.015,2,0,1,1,1,True,5.0,5.0,_FIXEDLEARN_GRID5,7.523508788694568,7.522262639184095,0.0012461495104725273,31,0.1,200.0,MAC_base(m+h)+v,1.0,7.0,0.9,0.005,0.0,0.25107033683395275,0.274343720791739,0.3026049015680755,0.3526516168551991,0.36057601193617617,0.3482817813983135,0.3557539283538105,nan,0.0,1.1102230246251565e-16,0.15527815108272436,0.22436427790511154,0.3190351581958193,0.33991411500977975,0.3299265217087279,0.33825302720380546,nan,1.4196,1.5028803919074594,1.5826853882793803,1.6562223346148965,1.9276819364396522,2.2650612580627216,2.4180443804802287,2.4876927833126876,nan,1.4196,1.5307992167000002,1.6094444134860337,1.68276894940253,1.954066362286099,2.2923808983881475,2.446164978257353,2.516707451841477,nan,425.6,441.66458145703973,453.1461796029173,461.9474760542727,488.7662692167131,498.25946679088395,477.84981384356564,454.95768898832534,nan,425.6,447.78084386976184,457.88801415076364,466.1944755096224,492.26320053538075,501.2685539538023,480.60928535299837,457.63020437192677,nan,0.0,0.00045835634427068015,0.0009634960706530859,0.001486117729757924,0.00407000318275796,0.01924326890372048,0.023283519167989666,0.02472402578135996,nan,0.0,0.0006332068992394159,0.0011710214017818486,0.001723160329146931,0.004420882734570397,0.02027401965207036,0.024408440923317436,0.025910584077440933,nan,294.20667830672124,297.7646931924054,302.59734768149343,291.3003769393656,192.80997749540163,72.88124754042542,34.87319162484478,14.576799633475783,nan,232.0596268395015,301.20147496235876,306.04118331057595,294.5083680780304,195.00994623548,74.06959078701537,35.602029498486765,15.045014492811108,nan
mac_p051_h0p2_v150,5,151,mac_shift_grid,mac_base_m_plus_h_plus_v,default,0|5|10|15|35|75|125|175|225,0|5|10|15|35|75|125|175|225,7.0,0.9,0.005,1.5,1.5,10000.0,0.0,one_sided_huber,additive_removal_premium_v1,0.015,2,0,1,1,1,True,5.0,5.0,_FIXEDLEARN_GRID5,7.527745880097754,7.525779889464553,0.0019659906332014643,51,0.2,150.0,MAC_base(m+h)+v,1.0,7.0,0.9,0.005,0.0,0.2812745331180939,0.3005881948450788,0.3170247022182321,0.35777292270738525,0.35912707380372416,0.3460094912348716,0.35277486203002273,nan,0.0,1.1102230246251565e-16,0.16652937761879677,0.2287552992685473,0.319971383138546,0.33627705645481537,0.32591860894185365,0.3337969348941503,nan,1.4196,1.4995217089396098,1.576787154688889,1.6513297752863418,1.9236623960156258,2.2669770777366556,2.4215255710926025,2.4926317645210903,nan,1.4196,1.5307992167000002,1.606915791188082,1.6812790999202263,1.953331550870439,2.297189901739491,2.4523051748412796,2.5240951880608944,nan,425.6,440.9287844976348,451.9877087229884,461.17119238371,488.2678363548117,498.7201939335962,478.3554082785911,455.56441007267983,nan,425.6,447.78084386976184,457.3330167840189,465.96897021422535,492.19723896930685,502.02723203072685,481.3525321445656,458.4363479047347,nan,0.0,0.0004381444916220148,0.0009265350302196105,0.0014541835530419557,0.00405824205424495,0.01982792636373981,0.023987159161095124,0.025505598664254343,nan,0.0,0.0006332068992394159,0.0011577413198524463,0.0017212160760858226,0.0044501446478051486,0.020954480202883895,0.025207359360303036,0.02678793458775116,nan,289.68157536167405,293.77641103596693,294.0147464547553,286.795066442882,187.43656631868913,69.20533772749266,34.57758252762013,14.947641441459865,nan,198.71142227838897,298.1522593567777,297.8705694812739,290.7673156941405,190.02260699529825,70.50896752391424,35.40431110463757,15.463110342673353,nan
mac_p110_h0p45_v250,15,330,mac_shift_grid,mac_base_m_plus_h_plus_v,default,0|5|10|15|35|75|125|175|225,0|5|10|15|35|75|125|175|225,7.0,0.9,0.005,1.5,1.5,10000.0,0.0,one_sided_huber,additive_removal_premium_v1,0.015,2,0,1,1,1,True,5.0,5.0,_FIXEDLEARN_GRID5,7.456848983990864,7.45509647687014,0.001752507120723834,110,0.45,250.0,MAC_base(m+h)+v,1.0,7.0,0.9,0.005,0.0,1.1102230246251565e-16,0.03263350673210047,0.056290022550145286,0.10733828683234874,0.11343740283576295,0.1067216617740458,0.11066779329460849,nan,0.0,1.1102230246251565e-16,0.0,0.0,0.08270046911698882,0.09810480824394713,0.09316245571235762,0.09767934415640582,nan,1.4196,1.5307992167000002,1.6370078068134242,1.7397956230630913,2.120220104445842,2.5918336708378433,2.7881189573494507,2.894020029480973,nan,1.4196,1.5307992167000002,1.6443419239000001,1.7588945192,2.1395574975102303,2.6121067837565732,2.808891912147481,2.915553523283256,nan,425.6,447.78084386976184,463.9377949850327,477.60472850648387,519.732119378091,540.8248870208593,518.2979148787791,495.7750831660599,nan,425.6,447.78084386976184,465.54753150983714,481.5023071324044,522.4872679321754,543.1441678848491,520.3704849175206,497.7874495797058,nan,0.0,0.0006332068992394159,0.0014193966442166775,0.002341098591021659,0.007167182698659346,0.03434511527873789,0.04190557283564368,0.04570507983181345,nan,0.0,0.0006332068992394159,0.0014976455049262696,0.002605083858391802,0.007566565120016376,0.035492332321963395,0.04315084104373501,0.04703680045961303,nan,384.2869009974382,384.791629123228,379.39639113330935,375.2373872249932,260.217008572,120.36284026188143,61.75487664356855,31.155577371366782,nan,384.2869009974382,356.31715624776984,330.38314734892305,378.57682633103343,262.658722953038,121.84874848031959,62.66130046914212,31.736912724506986,nan
mac_p059_h0p25_v75,15,177,mac_shift_grid,mac_base_m_plus_h_plus_v,default,0|5|10|15|35|75|125|175|225,0|5|10|15|35|75|125|175|225,7.0,0.9,0.005,1.5,1.5,10000.0,0.0,one_sided_huber,additive_removal_premium_v1,0.015,2,0,1,1,1,True,5.0,5.0,_FIXEDLEARN_GRID5,7.552858649835777,7.534932937262961,0.017925712572815833,59,0.25,75.0,MAC_base(m+h)+v,1.0,7.0,0.9,0.005,0.0,0.35984169341896577,0.3758406348770329,0.39130149502410927,0.41531753649570796,0.4164157033514566,0.40300592244658007,0.4089685741865599,nan,0.0,1.1102230246251565e-16,0.0,0.0,0.24941679800817906,0.31698714518356963,0.3154826711803448,0.3261984881161443,nan,1.4196,1.4907851022558096,1.5598747765379384,1.6261280665835538,1.8784975673599824,2.191228720286418,2.3342059829232578,2.3994684515208515,nan,1.4196,1.5307992167000002,1.6443419239000001,1.7588945192,2.0087074677200136,2.3226954707449465,2.468293224761652,2.5366926201992634,nan,425.6,439.01482932681614,448.629724664064,456.4767925347188,481.22753247027265,488.9257034873451,468.7812004697844,446.328146963743,nan,425.6,447.78084386976184,465.5475315098372,481.5023071324044,499.22299519726005,503.5876848035937,481.97837575433005,458.9551893779634,nan,0.0,0.0003869033531814092,0.000810318248282477,0.001262988970901449,0.0035229506658993204,0.017671969165328295,0.021255070295139997,0.022509605191371573,nan,0.0,0.0006332068992394159,0.0014976455049262696,0.002605083858391802,0.005360744338762759,0.02296782259457901,0.026974398724613977,0.028457585992019974,nan,274.4143718063196,279.6044775105519,280.24212489785526,269.6447291920371,174.72186125506758,59.58084154508753,30.324753318769837,13.04594504029698,nan,130.02301697415595,120.55948702580318,111.78474588705916,289.3280560995679,186.4412244851114,63.85639581227013,33.7565603033118,15.333553470413957,nan
mac_p092_h0p4_v75,5,274,mac_shift_grid,mac_base_m_plus_h_plus_v,default,0|5|10|15|35|75|125|175|225,0|5|10|15|35|75|125|175|225,7.0,0.9,0.005,1.5,1.5,10000.0,0.0,one_sided_huber,additive_removal_premium_v1,0.015,2,0,1,1,1,True,5.0,5.0,_FIXEDLEARN_GRID5,7.51481296294522,7.512619150119585,0.002193812825634467,92,0.4,75.0,MAC_base(m+h)+v,1.0,7.0,0.9,0.005,0.0,0.24850279738467473,0.2634365711783619,0.27672882187397135,0.30607779708148775,0.30337004783661947,0.2903755598304585,0.2957219512666826,nan,0.0,1.1102230246251565e-16,0.1438295242208475,0.19823133055775044,0.2725934959105883,0.2828508014859721,0.27220537984715976,0.2784772839309958,nan,1.4196,1.5031659002830655,1.5851366820677557,1.6650019466334887,1.964236158484763,2.3407003133361286,2.506757784324174,2.587219539185508,nan,1.4196,1.5307992167000002,1.6120173999129852,1.691635715208032,1.9905168583709532,2.367831337754915,2.5345948365636586,2.61580939877877,nan,425.6,441.72712865088516,453.6726343316876,463.77092640898354,494.95529033736506,508.45930031838907,487.78765837171926,465.1632954072489,nan,425.6,447.78084386976184,458.4527488257623,468.03734028720226,498.4316646843975,511.44289315059694,490.5131016427804,467.7868360615618,nan,0.0,0.0004600748309168636,0.0009954206847564448,0.0015979564145635339,0.004682300817841158,0.0235377839968789,0.028600546760440257,0.0306362684798411,nan,0.0,0.0006332068992394159,0.0012050382840292522,0.0018417087500111938,0.005054600265913787,0.02457932257064853,0.029745321252964026,0.0318466312562332,nan,298.2385287127224,302.18293625048307,301.9993335130417,295.6316397030659,192.50050574733012,69.71954736019177,39.170098010476174,18.556737503747833,nan,176.25311288321467,306.37672017143956,305.96979620814824,299.3813135227562,194.51713262947402,70.61482821903658,39.927331048750105,19.10644079334615,nan
mac_p050_h0p2_v125,15,150,mac_shift_grid,mac_base_m_plus_h_plus_v,default,0|5|10|15|35|75|125|175|225,0|5|10|15|35|75|125|175|225,7.0,0.9,0.005,1.5,1.5,10000.0,0.0,one_sided_huber,additive_removal_premium_v1,0.015,2,0,1,1,1,True,5.0,5.0,_FIXEDLEARN_GRID5,7.539661226262543,7.525044729734047,0.014616496528495837,50,0.2,125.0,MAC_base(m+h)+v,1.0,7.0,0.9,0.005,0.0,0.32362168899585264,0.3421552241799053,0.35841936511353345,0.39248208618863095,0.38951370852734857,0.37517766821235765,0.381782457476942,nan,0.0,1.1102230246251565e-16,0.0,0.0,0.23927613884186422,0.29551326468016925,0.2921512892308272,0.30313568688103276,nan,1.4196,1.4948127383765304,1.5674453005453723,1.6372847930418342,1.8964203429682684,2.2267991630801856,2.376839383779151,2.4445401971500376,nan,1.4196,1.5307992167000002,1.6443419239000001,1.7588945192,2.016666529455777,2.3510887346274414,2.5040373339969513,2.574928338888637,nan,425.6,439.8971759012274,450.1281309463489,458.548743589295,483.9746082110448,493.62695835339866,473.5517132799615,450.816203236682,nan,425.6,447.78084386976184,465.5475315098372,481.5023071324044,500.6380639078417,507.6109511712027,486.13558982204256,462.85839610401337,nan,0.0,0.0004103319048681497,0.0008602414140306343,0.0013420304993174551,0.0037176239613110986,0.018427545056454917,0.0222786795008992,0.02362310929128915,nan,0.0,0.0006332068992394159,0.0014976455049262696,0.002605083858391802,0.005457185855510239,0.023517750853081575,0.027780360806785226,0.029370781770113492,nan,282.2355365309496,287.01051768298703,287.0650626577941,278.5393213631856,179.68343161320092,64.02012526167343,32.23845339377698,13.807463974067367,nan,171.74900310636494,159.24850994506656,147.65784639820205,296.08424975693947,190.0033095785333,68.63509161336466,35.51860300216147,15.905821264246423,nan
mac_p016_h0p05_v100,10,47,mac_shift_grid,mac_base_m_plus_h_plus_v,default,0|5|10|15|35|75|125|175|225,0|5|10|15|35|75|125|175|225,7.0,0.9,0.005,1.5,1.5,10000.0,0.0,one_sided_huber,additive_removal_premium_v1,0.015,2,0,1,1,1,True,5.0,5.0,_FIXEDLEARN_GRID5,7.588113328984861,7.575725191420092,0.012388137564768975,16,0.05,100.0,MAC_base(m+h)+v,1.0,7.0,0.9,0.005,0.0,0.4598859436847538,0.47832738389119833,0.4969408183842887,0.5249462041789599,0.5264297199886726,0.5130494024006345,0.5185272729293469,nan,0.0,1.1102230246251565e-16,0.0,0.18579861086303928,0.39568393965802984,0.4506542699783014,0.44732126446021275,0.45738124838804495,nan,1.4196,1.4796602599909152,1.5368417073902383,1.5902852231554485,1.7924537195400263,2.045765630619926,2.165617333668747,2.2178315574420244,nan,1.4196,1.5307992167000002,1.6443419239000001,1.6958540688591972,1.8939073160521815,2.1459576917436047,2.266314058254487,2.319205287783825,nan,425.6,436.57767607635355,444.02511644952307,449.7357256860518,467.32424381650355,469.9721000100227,450.2019695782333,428.1892362801089,nan,425.6,447.78084386976184,465.5475315098372,467.66572210439296,480.9252105908796,480.9066723692431,459.9411487441031,437.33931453677235,nan,0.0,0.00032346698104313346,0.0006491083571018593,0.0009724678724172886,0.00249994102840519,0.012224817750801548,0.014526091247234238,0.015303659948201837,nan,0.0,0.0006332068992394159,0.0014976455049262696,0.001899973079466584,0.0036996607680857938,0.015841744964323713,0.018359820258697125,0.019188203526993856,nan,248.73397548674848,254.71154490839524,255.81563065081747,244.80332178110595,153.07080415428055,50.95547776318622,21.567472429078407,8.407989489311126,nan,115.56139985187822,107.15043697913399,273.23198696136683,260.4205019427366,162.82337077473358,54.478450858582434,24.170620193184654,9.614052340098745,nan
mac_p017_h0p05_v125,5,49,mac_shift_grid,mac_base_m_plus_h_plus_v,default,0|5|10|15|35|75|125|175|225,0|5|10|15|35|75|125|175|225,7.0,0.9,0.005,1.5,1.5,10000.0,0.0,one_sided_huber,additive_removal_premium_v1,0.015,2,0,1,1,1,True,5.0,5.0,_FIXEDLEARN_GRID5,7.5728405011000905,7.568880247938178,0.003960253161912952,17,0.05,125.0,MAC_base(m+h)+v,1.0,7.0,0.9,0.005,0.0,0.4219604217773879,0.4417729755698378,0.46044148191863626,0.4907423452404249,0.49051676024574853,0.4755777315047489,0.4808724974953438,nan,0.0,1.1102230246251565e-16,0.2410256896905444,0.3300373956557523,0.4360285903951727,0.45797566083644936,0.4472063968335702,0.4541973634989288,nan,1.4196,1.4838775483199529,1.5450570154434071,1.602669247972681,1.819299176075773,2.093250580655891,2.223024627442849,2.280259247215205,nan,1.4196,1.5307992167000002,1.5901733466896226,1.6469146397229615,1.8622421589200537,2.1362771785923202,2.26649003758581,2.3244838368082275,nan,425.6,437.5015703406063,445.65735827063037,452.04773769339363,471.6118106425363,476.18778685294933,456.62679232480025,434.4847207712106,nan,425.6,447.78084386976184,453.6582834649924,459.0984390702488,477.2515862569104,480.85536848862523,460.8244967438811,438.4936556138264,nan,0.0,0.00034719546575432396,0.0007018905127894404,0.0010590772527684811,0.0027698589149353424,0.013455323998675823,0.016128439728008336,0.017033064525057037,nan,0.0,0.0006332068992394159,0.0010283761182311032,0.0014227879235036579,0.003265575492081664,0.014960729001628183,0.017740482843125474,0.018684639104532434,nan,258.67497151120693,264.2427544306811,264.93760519109594,254.04291639669884,159.96299444905063,54.49432754699901,23.793517324405823,9.499593254910842,nan,142.52381902390226,271.2677266626897,271.77222370265173,260.0182526577644,163.85028262159898,55.91418604249378,24.91207483144666,10.037385955838275,nan
mac_p110_h0p45_v250,5,328,mac_shift_grid,mac_base_m_plus_h_plus_v,default,0|5|10|15|35|75|125|175|225,0|5|10|15|35|75|125|175|225,7.0,0.9,0.005,1.5,1.5,10000.0,0.0,one_sided_huber,additive_removal_premium_v1,0.015,2,0,1,1,1,True,5.0,5.0,_FIXEDLEARN_GRID5,7.456848983990864,7.456848984002001,-1.113686920461987e-11,110,0.45,250.0,MAC_base(m+h)+v,1.0,7.0,0.9,0.005,0.0,1.1102230246251565e-16,0.03263350673210047,0.056290022550145286,0.10733828683234874,0.11343740283576295,0.1067216617740458,0.11066779329460849,nan,0.0,1.1102230246251565e-16,0.03263336679691836,0.05628900614998725,0.10733780797013885,0.11343664453571585,0.10672092730787755,0.11066699539029724,nan,1.4196,1.5307992167000002,1.6370078068134242,1.7397956230630913,2.120220104445842,2.5918336708378433,2.7881189573494507,2.894020029480973,nan,1.4196,1.5307992167000002,1.6370078382627262,1.7397959679220942,2.1202204802886575,2.5918346734797897,2.788120082565222,2.8940213523230893,nan,425.6,447.78084386976184,463.9377949850327,477.60472850648387,519.732119378091,540.8248870208593,518.2979148787791,495.7750831660599,nan,425.6,447.78084386976184,463.9378018877164,477.60480293632986,519.7321744584101,540.8250237592335,518.2980394307053,495.7752210166865,nan,0.0,0.0006332068992394159,0.0014193966442166775,0.002341098591021659,0.007167182698659346,0.03434511527873789,0.04190557283564368,0.04570507983181345,nan,0.0,0.0006332068992394159,0.0014193969797012718,0.0023411021236110214,0.007167189036239929,0.0343451550000337,0.04190562637142398,0.045705149490741566,nan,384.2869009974382,384.791629123228,379.39639113330935,375.2373872249932,260.217008572,120.36284026188143,61.75487664356855,31.155577371366782,nan,384.2869009974382,384.7914880461441,379.39518550641407,375.2374140844885,260.2167346400555,120.3628185910905,61.75482872926544,31.15572945558939,nan
mac_p022_h0p05_v250,5,64,mac_shift_grid,mac_base_m_plus_h_plus_v,default,0|5|10|15|35|75|125|175|225,0|5|10|15|35|75|125|175|225,7.0,0.9,0.005,1.5,1.5,10000.0,0.0,one_sided_huber,additive_removal_premium_v1,0.015,2,0,1,1,1,True,5.0,5.0,_FIXEDLEARN_GRID5,7.509298774244066,7.508889532320745,0.0004092419233217015,22,0.05,250.0,MAC_base(m+h)+v,1.0,7.0,0.9,0.005,0.0,0.1566554038003911,0.18294976475080238,0.23159089030828117,0.2941153801550136,0.3127581050696533,0.3019130527259889,0.3090848680586193,nan,0.0,1.1102230246251565e-16,0.1113097254063477,0.1848419794089769,0.2754636348958308,0.30190051312411537,0.2923540307308345,0.30001647712950075,nan,1.4196,1.5133792585055745,1.6032254417928522,1.6803169994217517,1.9736250565105449,2.328287205871957,2.4890821315380833,2.565065217075316,nan,1.4196,1.5307992167000002,1.6193259620633969,1.696178648668455,1.9882641829778538,2.342643366286899,2.5037267302642423,2.5800996632814064,nan,425.6,443.9646003019372,457.2289730192549,466.22136940807695,495.95153961352787,506.1502152517187,485.4717032059656,462.62594045809414,nan,425.6,447.78084386976184,460.05687639809895,468.7410941632087,497.83626236315763,507.68422301979314,486.8841737822846,463.9935181152802,nan,0.0,0.0005227280433076836,0.0011112141220246089,0.0016909715342526225,0.004665118025937954,0.02127666237611869,0.02581633133111193,0.027572074620220505,nan,0.0,0.0006332068992394159,0.0012404078944018926,0.0018397227400798555,0.004868150513468993,0.02184622391590897,0.02643634199324487,0.028223452707940827,nan,308.10531360416246,310.09612227163154,320.7262221374137,304.9990096806383,206.56427268260398,82.13117606821442,38.61419545896132,16.640879263294885,nan,277.33591488402243,312.6207611702327,323.1496742454534,307.6101078032928,208.25429262847132,82.9157981736387,39.126457006764866,16.93343393384962,nan
mac_p077_h0p3_v250,5,229,mac_shift_grid,mac_base_m_plus_h_plus_v,default,0|5|10|15|35|75|125|175|225,0|5|10|15|35|75|125|175|225,7.0,0.9,0.005,1.5,1.5,10000.0,0.0,one_sided_huber,additive_removal_premium_v1,0.015,2,0,1,1,1,True,5.0,5.0,_FIXEDLEARN_GRID5,7.474871381502539,7.474868907102195,2.474400344176786e-06,77,0.3,250.0,MAC_base(m+h)+v,1.0,7.0,0.9,0.005,0.0,0.010743024839614979,0.06758597253615922,0.10866240700359422,0.16491101689563487,0.17846823194164693,0.16822325997490822,0.1734699651798191,nan,0.0,1.1102230246251565e-16,0.06230037072059258,0.10513998729646293,0.16333972408688402,0.17742341316369992,0.16729215847223938,0.17257728022633528,nan,1.4196,1.5296046007528463,1.629152522403571,1.7220259600606007,2.075033208273231,2.505848397193035,2.693897369918681,2.7899005796012775,nan,1.4196,1.5307992167000002,1.630340418724571,1.7232210977615523,2.076266463061179,2.5072298808641835,2.6953238346644284,2.7913805581351805,nan,425.6,447.5191356972471,462.26208080472634,474.0414512602284,512.3459292904013,529.4056083077171,508.04550750051095,485.28225323009804,nan,425.6,447.78084386976184,462.4743961866527,474.2344552514195,512.5118662576272,529.5626449289898,508.1874955947369,485.4201386623546,nan,0.0,0.0006255751386251786,0.0013394866346994837,0.002130455493057561,0.006296422532769894,0.029680959056374016,0.036325527266368424,0.03928007156103205,nan,0.0,0.0006332068992394159,0.0013492094178464507,0.0021421867458207853,0.006315731978470776,0.029737020074420625,0.036387940937113165,0.0393475740454206,nan,335.59055058662517,352.73799061256256,355.80449173285507,343.39610138895495,237.4230107802849,102.25296787967983,53.01097276093883,25.484469166806946,nan,332.4407310390534,352.7659617581412,355.91837836591327,343.53067546357573,237.5200137719819,102.33737961431927,53.06539280691854,25.529100851739813,nan
mac_p059_h0p25_v75,5,175,mac_shift_grid,mac_base_m_plus_h_plus_v,default,0|5|10|15|35|75|125|175|225,0|5|10|15|35|75|125|175|225,7.0,0.9,0.005,1.5,1.5,10000.0,0.0,one_sided_huber,additive_removal_premium_v1,0.015,2,0,1,1,1,True,5.0,5.0,_FIXEDLEARN_GRID5,7.552858649835777,7.548925711488774,0.00393293834700259,59,0.25,75.0,MAC_base(m+h)+v,1.0,7.0,0.9,0.005,0.0,0.35984169341896577,0.3758406348770329,0.39130149502410927,0.41531753649570796,0.4164157033514566,0.40300592244658007,0.4089685741865599,nan,0.0,1.1102230246251565e-16,0.20303294580520515,0.2783345604130885,0.3680369602773813,0.38843670593480123,0.37846346591078595,0.3859289622432953,nan,1.4196,1.4907851022558096,1.5598747765379384,1.6261280665835538,1.8784975673599824,2.191228720286418,2.3342059829232578,2.3994684515208515,nan,1.4196,1.5307992167000002,1.598711909044654,1.664457128347898,1.915606498727494,2.228223200938992,2.37180548085339,2.437665724783296,nan,425.6,439.01482932681614,448.629724664064,456.4767925347188,481.22753247027265,488.9257034873451,468.7812004697844,446.328146963743,nan,425.6,447.78084386976184,455.5323789464202,462.6060598862024,486.1016429756273,492.9320414187555,472.42185416501,449.7905589758476,nan,0.0,0.0003869033531814092,0.000810318248282477,0.001262988970901449,0.0035229506658993204,0.017671969165328295,0.021255070295139997,0.022509605191371573,nan,0.0,0.0006332068992394159,0.0011000373809529169,0.001592974838438872,0.003994987489288277,0.01906304301084747,0.022755398230571988,0.02407201375307471,nan,274.4143718063196,279.6044775105519,280.24212489785526,269.6447291920371,174.72186125506758,59.58084154508753,30.324753318769837,13.04594504029698,nan,130.02301697415595,285.67917558321966,286.1024915634896,274.97167486360786,177.84745686294204,60.80118700040997,31.27314731926335,13.650893587674728,nan
mac_p007_h0_v150,5,19,mac_shift_grid,mac_base_m_plus_h_plus_v,default,0|5|10|15|35|75|125|175|225,0|5|10|15|35|75|125|175|225,7.0,0.9,0.005,1.5,1.5,10000.0,0.0,one_sided_huber,additive_removal_premium_v1,0.015,2,0,1,1,1,True,5.0,5.0,_FIXEDLEARN_GRID5,7.568369455068494,7.565021511782506,0.0033479432859877534,7,0.0,150.0,MAC_base(m+h)+v,1.0,7.0,0.9,0.005,0.0,0.40932452408263,0.4315572214001764,0.4511803582970328,0.4881175863020091,0.4839851829232749,0.46780887772311114,0.47296284073971134,nan,0.0,1.1102230246251565e-16,0.2380164834395378,0.32570075726067604,0.43616850252737005,0.45383289460635806,0.44133668725077657,0.4482751008059555,nan,1.4196,1.4852826502459113,1.5473529236895862,1.6058114964591246,1.8213592609370945,2.101886783994014,2.2349266553126417,2.293372633033118,nan,1.4196,1.5307992167000002,1.5908496414918858,1.648386037362163,1.8621323466012019,2.14175484038502,2.2754825413715194,2.334302330582018,nan,425.6,437.8093903208398,446.10433697760027,452.6198213599033,471.8519115332946,477.3910216271156,458.03403053773684,435.8443275299608,nan,425.6,447.78084386976184,453.806720752247,459.39424611622377,477.1788011573568,481.66745149822935,461.94743679503836,439.5309395472447,nan,0.0,0.0003551045760473689,0.0007149611518727977,0.0010743466055907075,0.002774161334693652,0.013394120961200249,0.016104974378790948,0.01705108776473394,nan,0.0,0.0006332068992394159,0.001030971404792374,0.001425268530817275,0.00324448896959192,0.014795002147304543,0.017623542205708463,0.01859782591287732,nan,260.5732654922566,266.1086963496725,266.44865631240253,256.0296499972481,159.59600016724931,55.804555303877386,23.773202834237843,9.591812638155,nan,161.77451503214422,273.05849445420586,273.2740682891862,262.20814284580763,163.57037067836677,57.1940482788808,24.85858135411262,10.047815368733595,nan
mac_p083_h0p35_v125,10,248,mac_shift_grid,mac_base_m_plus_h_plus_v,default,0|5|10|15|35|75|125|175|225,0|5|10|15|35|75|125|175|225,7.0,0.9,0.005,1.5,1.5,10000.0,0.0,one_sided_huber,additive_removal_premium_v1,0.015,2,0,1,1,1,True,5.0,5.0,_FIXEDLEARN_GRID5,7.506750709455845,7.502211092555744,0.004539616900101073,83,0.35,125.0,MAC_base(m+h)+v,1.0,7.0,0.9,0.005,0.0,0.216773571917394,0.23351315992580418,0.25045445353688844,0.2869409742244173,0.2889394325581339,0.276651059872002,0.2822775171599726,nan,0.0,1.1102230246251565e-16,0.0,0.09696544021461254,0.22140555094858544,0.2492854675901864,0.24163779684865175,0.24926762466302865,nan,1.4196,1.506694165301525,1.5918617270823063,1.673916695805703,1.979256006016147,2.3597808082436016,2.527783972433236,2.6095090085002486,nan,1.4196,1.5307992167000002,1.6443419239000001,1.7259946767833667,2.0306925518241696,2.4122122023339174,2.5814249398178015,2.664235966887162,nan,425.6,442.5000764692436,455.0057065587971,465.39377144029316,497.2689710993984,510.79297298581366,490.01015506355384,467.3281646141196,nan,425.6,447.78084386976184,465.54753150983714,474.28120600535095,504.2345016305875,516.6008287583595,495.2783442976548,472.344993376713,nan,0.0,0.0004813160991419639,0.0010427667757503614,0.001668295909643856,0.004866174229752634,0.024012356989424583,0.02919024879453119,0.03128483597438527,nan,0.0,0.0006332068992394159,0.0014976455049262696,0.002193268437509727,0.005642959525819186,0.026176272034559023,0.03156332085723852,0.033776159052246735,nan,304.1713075757876,307.5467248838827,309.70594033804116,302.78562409519753,200.31040104268567,75.45154580311092,40.66742199316468,18.901321270507616,nan,212.97136860561483,197.47056750251846,317.64496222076457,310.6165402778592,205.37765739944808,77.67104528153047,42.53004920996783,20.088205227755815,nan
mac_p099_h0p4_v250,10,296,mac_shift_grid,mac_base_m_plus_h_plus_v,default,0|5|10|15|35|75|125|175|225,0|5|10|15|35|75|125|175|225,7.0,0.9,0.005,1.5,1.5,10000.0,0.0,one_sided_huber,additive_removal_premium_v1,0.015,2,0,1,1,1,True,5.0,5.0,_FIXEDLEARN_GRID5,7.462546587703424,7.462022339720275,0.0005242479831490954,99,0.4,250.0,MAC_base(m+h)+v,1.0,7.0,0.9,0.005,0.0,1.1102230246251565e-16,0.042678110448816975,0.07140432201411068,0.1255360138519516,0.13330549113933254,0.12556037313165286,0.13002645071222393,nan,0.0,1.1102230246251565e-16,0.0,0.04297126735995524,0.1130444930247276,0.12515263557619657,0.11836932510205192,0.1231458762305342,nan,1.4196,1.5307992167000002,1.634750363249316,1.7346674240934201,2.105937321598678,2.565563622722663,2.7592577026635694,2.861925394849296,nan,1.4196,1.5307992167000002,1.6443419239000001,1.7443146037016892,2.1157414954503837,2.5763435178312033,2.7702745214204914,2.873332669604049,nan,425.6,447.78084386976184,463.4423175724235,476.56976630584103,517.3777826830551,537.3467149054297,515.1575559115757,492.5320138566021,nan,425.6,447.78084386976184,465.54753150983714,478.3021992746243,518.7416145167084,538.5849261626303,516.2559988971248,493.596988032615,nan,0.0,0.0006332068992394159,0.0013953166804326535,0.002277613595882923,0.00687588686763165,0.0328656559283618,0.040130720036619404,0.04365166323740564,nan,0.0,0.0006332068992394159,0.0014976455049262696,0.002399200647445821,0.007066352232882307,0.03342021797894107,0.040734783204290484,0.04429932978014062,nan,364.99004708738295,373.2689623567178,369.82941332636364,363.92313088185375,251.4698125842435,113.76935963752464,58.6637639094686,29.29758304446986,nan,364.99004708738295,338.424794858628,370.8876604249006,365.4164539810035,252.3571029602743,114.53891664092416,59.107318023402186,29.59294381322481,nan
mac_p069_h0p3_v50,10,206,mac_shift_grid,mac_base_m_plus_h_plus_v,default,0|5|10|15|35|75|125|175|225,0|5|10|15|35|75|125|175|225,7.0,0.9,0.005,1.5,1.5,10000.0,0.0,one_sided_huber,additive_removal_premium_v1,0.015,2,0,1,1,1,True,5.0,5.0,_FIXEDLEARN_GRID5,7.552292237099841,7.54203519950745,0.010257037592390716,69,0.3,50.0,MAC_base(m+h)+v,1.0,7.0,0.9,0.005,0.0,0.35437777131278425,0.3691960759810303,0.3838879809433442,0.407827236740951,0.40872820344064,0.39588753334785987,0.40174228199830214,nan,0.0,1.1102230246251565e-16,0.0,0.1422119501183954,0.3055921454888343,0.3479186786771662,0.34243508768835296,0.35134376939596346,nan,1.4196,1.4913926861141267,1.5613680874876925,1.628643431279169,1.8843764512855472,2.201393311335991,2.3451114868524536,2.4114488901701163,nan,1.4196,1.5307992167000002,1.6443419239000001,1.7106427839600848,1.9646173300579917,2.281797078270664,2.427001623522512,2.495004366826269,nan,425.6,439.1479345826002,448.9328635318127,456.95794042523505,482.17651680051665,490.2546033182032,469.95136725725865,447.52509565406103,nan,425.6,447.78084386976184,465.5475315098372,470.91165884567954,493.001311873202,499.09460480392795,477.9513132258877,455.16420821814654,nan,0.0,0.0003904368460387143,0.000822390075182841,0.0012898795420630594,0.0036263737867072232,0.018392546257354328,0.02211915914627737,0.02345216317797674,nan,0.0,0.0006332068992394159,0.0014976455049262696,0.0020540698877342172,0.0047045723660019195,0.021471848792087366,0.025458119415396246,0.02693566462425325,nan,275.08488762062916,280.27542751837984,281.05923805103356,271.1417099305741,175.54047739797772,59.37569830823705,31.106978545651785,13.657654839896116,nan,116.74137766286107,108.24453187790255,294.48247747910096,283.3750478689591,182.78650997594036,61.84161077954609,33.1538151170424,14.9073683365057,nan
mac_p085_h0p35_v175,15,255,mac_shift_grid,mac_base_m_plus_h_plus_v,default,0|5|10|15|35|75|125|175|225,0|5|10|15|35|75|125|175|225,7.0,0.9,0.005,1.5,1.5,10000.0,0.0,one_sided_huber,additive_removal_premium_v1,0.015,2,0,1,1,1,True,5.0,5.0,_FIXEDLEARN_GRID5,7.488994329999489,7.482787707992665,0.006206622006824425,85,0.35,175.0,MAC_base(m+h)+v,1.0,7.0,0.9,0.005,0.0,0.13534929864785006,0.15334091467946254,0.18271602426090178,0.2257234827107341,0.23500528164113338,0.22397044132023766,0.2289542006126158,nan,0.0,1.1102230246251565e-16,0.0,0.0,0.14503602632883109,0.18522249564293855,0.1793900074426539,0.18612819679952133,nan,1.4196,1.5157484807094648,1.609879791722352,1.696899973598262,2.0273035526573393,2.4310937960858414,2.6084916556802784,2.697913505001095,nan,1.4196,1.5307992167000002,1.6443419239000001,1.7588945192,2.0906324187707455,2.4969177527493187,2.676789705994026,2.7689145519985674,nan,425.6,444.48363306283306,458.59349838506193,469.55111877868796,504.8880229482468,519.8513207532872,498.7492919794006,476.15347683466734,nan,425.6,447.78084386976184,465.54753150983714,481.5023071324044,513.7887114458115,527.3080783989519,505.5729650278773,482.79403513423995,nan,0.0,0.0005375680259896359,0.0011790925988845566,0.0018802982295647236,0.005562526704912325,0.02679062940075552,0.032671102720671294,0.0352011855436342,nan,0.0,0.0006332068992394159,0.0014976455049262696,0.002605083858391802,0.006648388598770406,0.02986865413497969,0.03606689109370437,0.03883912890170234,nan,318.44059735716706,320.42691591312956,331.30845032678485,319.3815738651254,217.52430776105632,86.79716467115442,45.88763128667813,21.786322635158303,nan,266.8962069496629,247.47056750251846,229.45879403812145,328.0033285598107,223.714773990149,89.65666421085304,47.8514609029566,23.626455927452724,nan
mac_p033_h0p1_v250,5,97,mac_shift_grid,mac_base_m_plus_h_plus_v,default,0|5|10|15|35|75|125|175|225,0|5|10|15|35|75|125|175|225,7.0,0.9,0.005,1.5,1.5,10000.0,0.0,one_sided_huber,additive_removal_premium_v1,0.015,2,0,1,1,1,True,5.0,5.0,_FIXEDLEARN_GRID5,7.502211668276086,7.5019162244625885,0.0002954438134974424,33,0.1,250.0,MAC_base(m+h)+v,1.0,7.0,0.9,0.005,0.0,0.12943313911468401,0.16100136984462593,0.2079072343480644,0.26701292282865874,0.2855860152249442,0.27483775317087017,0.2815284819659886,nan,0.0,1.1102230246251565e-16,0.09862172990496465,0.1675207164873993,0.25012037972960777,0.2753060267843693,0.26551520536172885,0.2724763028945473,nan,1.4196,1.5164063530154253,1.6081581662905835,1.6883527340836717,1.9948968621706622,2.364214774579323,2.5305619918811457,2.610750830717491,nan,1.4196,1.5307992167000002,1.622177486582812,1.7020556582433684,2.0081552501308844,2.3778072142157463,2.544844307774917,2.6257583993546665,nan,425.6,444.6277551627859,458.1889655878545,467.7323000128011,499.4193532782525,510.8378936130322,490.0395979552369,467.23429003096726,nan,425.6,447.78084386976184,460.68274630392307,469.9165646863871,501.1591522807163,512.3248877978948,491.45174728452616,468.6344350593405,nan,0.0,0.0005416892992821696,0.001154010247113791,0.0017735303791316741,0.004980799629076352,0.02291220824823756,0.02785578098868907,0.029834433047168707,nan,0.0,0.0006332068992394159,0.0012649131155231261,0.001900810457889565,0.005169850178275039,0.02342719536794549,0.028438281297230448,0.03046226915259396,nan,313.57225299129516,317.4062218837213,327.121952706845,311.32877516364636,212.2880977301949,85.77540560311743,40.97673412463209,18.17099436019643,nan,285.98446518354956,318.7630134759946,329.4721516258158,313.5077539108392,213.76137854736783,86.43790065946139,41.40889369848033,18.493713628761693,nan
mac_p023_h0p1_v0,5,67,mac_shift_grid,mac_base_m_plus_h_plus_v,default,0|5|10|15|35|75|125|175|225,0|5|10|15|35|75|125|175|225,7.0,0.9,0.005,1.5,1.5,10000.0,0.0,one_sided_huber,additive_removal_premium_v1,0.015,2,0,1,1,1,True,5.0,5.0,_FIXEDLEARN_GRID5,7.642253120036525,7.6332497307662965,0.009003389270228368,23,0.1,0.0,MAC_base(m+h)+v,1.0,7.0,0.9,0.005,0.0,0.5573263855495408,0.5704520611888421,0.5858128861935464,0.6138277199974185,0.6206999660758041,0.6128511775426502,0.6188252963607153,nan,0.0,1.1102230246251565e-16,0.30127281726021177,0.4093640844736152,0.5391230031816212,0.5762545607982155,0.5742550264785056,0.5830616977090026,nan,1.4196,1.468824959180649,1.5161374301756991,1.5601314176377963,1.722693612236827,1.9211193202804502,2.0127191658588974,2.051547897017309,nan,1.4196,1.5307992167000002,1.5766332913301668,1.6199995289807767,1.7813268276262844,1.9798860681074757,2.0718491840757327,2.1108402129604693,nan,425.6,434.2039535587039,439.9199120743354,444.1446112383892,456.11029806770284,453.61597375043675,432.9954628546002,411.3846396685666,nan,425.6,447.78084386976184,450.68642994769795,453.7344036858783,463.8464573107643,460.003008391161,438.6990992490712,416.70964278791575,nan,0.0,0.000264098777414218,0.0005212296183406847,0.0007713836435290752,0.001883103216206005,0.009487022658199258,0.011003762031765734,0.011492122311895938,nan,0.0,0.0006332068992394159,0.0009350987171345086,0.0012246619739050115,0.002479246228475422,0.011396948386698616,0.013003619373267184,0.013515686575771685,nan,223.09107766134755,229.2988441529629,231.70737700547107,224.94391819981988,139.92424377304582,44.06898684933523,17.657089002202824,6.420070634182109,nan,16.360273463309202,237.91905649342095,239.93178288342912,232.38566320462468,144.29283913992106,45.85190828081202,18.888851489221274,7.006861950221291,nan
mac_p017_h0p05_v125,15,51,mac_shift_grid,mac_base_m_plus_h_plus_v,default,0|5|10|15|35|75|125|175|225,0|5|10|15|35|75|125|175|225,7.0,0.9,0.005,1.5,1.5,10000.0,0.0,one_sided_huber,additive_removal_premium_v1,0.015,2,0,1,1,1,True,5.0,5.0,_FIXEDLEARN_GRID5,7.5728405011000905,7.553454843421914,0.01938565767817657,17,0.05,125.0,MAC_base(m+h)+v,1.0,7.0,0.9,0.005,0.0,0.4219604217773879,0.4417729755698378,0.46044148191863626,0.4907423452404249,0.49051676024574853,0.4755777315047489,0.4808724974953438,nan,0.0,1.1102230246251565e-16,0.0,0.0,0.2971164580984698,0.37632588216808355,0.3751832611649021,0.38700816121283066,nan,1.4196,1.4838775483199529,1.5450570154434071,1.602669247972681,1.819299176075773,2.093250580655891,2.223024627442849,2.280259247215205,nan,1.4196,1.5307992167000002,1.6443419239000001,1.7588945192,1.9712696115405426,2.244236413594635,2.3768308152722737,2.435876525466684,nan,425.6,437.5015703406063,445.65735827063037,452.04773769339363,471.6118106425363,476.18778685294933,456.62679232480025,434.4847207712106,nan,425.6,447.78084386976184,465.5475315098372,481.5023071324044,492.566791158437,492.92135791590215,471.718108796283,448.6822537716158,nan,0.0,0.00034719546575432396,0.0007018905127894404,0.0010590772527684811,0.0027698589149353424,0.013455323998675823,0.016128439728008336,0.017033064525057037,nan,0.0,0.0006332068992394159,0.0014976455049262696,0.002605083858391802,0.004753426687117574,0.019307690389930767,0.02238679902683194,0.023408321572933308,nan,258.67497151120693,264.2427544306811,264.93760519109594,254.04291639669884,159.96299444905063,54.49432754699901,23.793517324405823,9.499593254910842,nan,142.52381902390226,132.15043697913399,122.53206596188156,277.09039087977413,175.05194661809324,59.73218851479636,28.132477941622575,11.620384148559177,nan
mac_p051_h0p2_v150,15,153,mac_shift_grid,mac_base_m_plus_h_plus_v,default,0|5|10|15|35|75|125|175|225,0|5|10|15|35|75|125|175|225,7.0,0.9,0.005,1.5,1.5,10000.0,0.0,one_sided_huber,additive_removal_premium_v1,0.015,2,0,1,1,1,True,5.0,5.0,_FIXEDLEARN_GRID5,7.527745880097754,7.515507239648129,0.01223864044962486,51,0.2,150.0,MAC_base(m+h)+v,1.0,7.0,0.9,0.005,0.0,0.2812745331180939,0.3005881948450788,0.3170247022182321,0.35777292270738525,0.35912707380372416,0.3460094912348716,0.35277486203002273,nan,0.0,1.1102230246251565e-16,0.0,0.0,0.22243035630088664,0.27628537628569083,0.2727114084398127,0.28334441509069497,nan,1.4196,1.4995217089396098,1.576787154688889,1.6513297752863418,1.9236623960156258,2.2669770777366556,2.4215255710926025,2.4926317645210903,nan,1.4196,1.5307992167000002,1.6443419239000001,1.7588945192,2.0298882166293533,2.376512295543743,2.53381959138825,2.607740203022826,nan,425.6,440.9287844976348,451.9877087229884,461.17119238371,488.2678363548117,498.7201939335962,478.3554082785911,455.56441007267983,nan,425.6,447.78084386976184,465.5475315098372,481.5023071324044,502.9887927301045,511.03537108593673,489.4715730784518,466.1972802592314,nan,0.0,0.0004381444916220148,0.0009265350302196105,0.0014541835530419557,0.00405824205424495,0.01982792636373981,0.023987159161095124,0.025505598664254343,nan,0.0,0.0006332068992394159,0.0014976455049262696,0.002605083858391802,0.005650403401888285,0.02447442372359141,0.0290257486363569,0.03076930061000722,nan,289.68157536167405,293.77641103596693,294.0147464547553,286.795066442882,187.43656631868913,69.20533772749266,34.57758252762013,14.947641441459865,nan,198.71142227838897,184.24850994506656,170.83825895734267,303.00330913914695,197.23928116219523,73.5454924836522,37.79149129126235,17.00724636722826,nan
mac_p040_h0p15_v150,15,120,mac_shift_grid,mac_base_m_plus_h_plus_v,default,0|5|10|15|35|75|125|175|225,0|5|10|15|35|75|125|175|225,7.0,0.9,0.005,1.5,1.5,10000.0,0.0,one_sided_huber,additive_removal_premium_v1,0.015,2,0,1,1,1,True,5.0,5.0,_FIXEDLEARN_GRID5,7.538069398738209,7.524324269928322,0.013745128809886431,40,0.15,150.0,MAC_base(m+h)+v,1.0,7.0,0.9,0.005,0.0,0.3165659193615876,0.33682561804965483,0.3531960998564077,0.39340459340878786,0.3927408705494082,0.3789072202642436,0.3860350870140332,nan,0.0,1.1102230246251565e-16,0.0,0.0,0.24205979152142998,0.30010879509311955,0.2969536379730001,0.30831470711663556,nan,1.4196,1.4955973344330762,1.568643086480714,1.639057018315905,1.895696298130897,2.222532134451178,2.371125640965725,2.4374897809836447,nan,1.4196,1.5307992167000002,1.6443419239000001,1.7588945192,2.0144817342502357,2.345012417509338,2.496680046786205,2.5663420635790444,nan,425.6,440.06905976114916,450.3592328453093,458.8754386723091,483.77532700646316,492.99126938395153,472.86453689229063,450.04448484073686,nan,425.6,447.78084386976184,465.5475315098372,481.5023071324044,500.24962172243966,506.76401531116164,485.2937086018634,461.95540486376314,nan,0.0,0.00041489727528182675,0.0008664550152737443,0.0013468479001662642,0.0036859511774143977,0.01798468167047678,0.0217394872734253,0.023021986584059025,nan,0.0,0.0006332068992394159,0.0014976455049262696,0.002605083858391802,0.005406722907365245,0.02306698431271202,0.02722503599714092,0.02875026346471985,nan,283.33429614699213,287.9425635325807,287.72241883724615,279.9514984043928,181.39747811487894,65.48234902232622,32.18742825383276,13.464493533736942,nan,187.83397254224795,174.162759046064,161.48658428503856,296.9594304777264,191.7891656575567,70.31561281841233,35.4648000847986,15.528701023942808,nan
mac_p121_h0p5_v250,15,363,mac_shift_grid,mac_base_m_plus_h_plus_v,default,0|5|10|15|35|75|125|175|225,0|5|10|15|35|75|125|175|225,7.0,0.9,0.005,1.5,1.5,10000.0,0.0,one_sided_huber,additive_removal_premium_v1,0.015,2,0,1,1,1,True,5.0,5.0,_FIXEDLEARN_GRID5,7.45151248568987,7.450249108476239,0.0012633772136307897,121,0.5,250.0,MAC_base(m+h)+v,1.0,7.0,0.9,0.005,0.0,1.1102230246251565e-16,0.023073749709114744,0.04297142184798822,0.0901141686205987,0.0971010924131495,0.09098139351587908,0.09424518806040322,nan,0.0,1.1102230246251565e-16,0.0,0.0,0.07057686080895961,0.08471515743609878,0.07993297641763647,0.08352477464040398,nan,1.4196,1.5307992167000002,1.6391562849987864,1.7443145512847464,2.13373873454109,2.6134339201557144,2.8122333398249584,2.9212469958620444,nan,1.4196,1.5307992167000002,1.6443419239000001,1.7588945192,2.1490729092207768,2.6298108912476015,2.8291597194321,2.939020323029987,nan,425.6,447.78084386976184,464.40935601506504,478.51033727751735,521.9716511913157,543.6300928062412,520.9190468406646,498.5402377681288,nan,425.6,447.78084386976184,465.54753150983714,481.5023071324044,524.1790454088336,545.519812854465,522.6208133664064,500.2192160428647,nan,0.0,0.0006332068992394159,0.0014423165792956068,0.0023979333396191857,0.007444378538341129,0.03564554426122363,0.043486354694464324,0.04756272606296176,nan,0.0,0.0006332068992394159,0.0014976455049262696,0.002605083858391802,0.0077763268498010135,0.03661388538891382,0.04454448463356358,0.04871127446150361,nan,405.9279542509489,397.96379077065103,391.58564425499117,387.79664121537144,271.65835182536927,127.29560662610854,64.80404372088611,32.85501205552451,nan,405.9279542509489,376.3830979529983,348.9886196335175,389.5151140837184,273.31204721325304,128.43116545836503,65.36147294839556,33.2322615080023,nan
mac_p052_h0p2_v175,5,154,mac_shift_grid,mac_base_m_plus_h_plus_v,default,0|5|10|15|35|75|125|175|225,0|5|10|15|35|75|125|175|225,7.0,0.9,0.005,1.5,1.5,10000.0,0.0,one_sided_huber,additive_removal_premium_v1,0.015,2,0,1,1,1,True,5.0,5.0,_FIXEDLEARN_GRID5,7.516588704662519,7.515269882338745,0.0013188223237738939,52,0.2,175.0,MAC_base(m+h)+v,1.0,7.0,0.9,0.005,0.0,0.23510928852662138,0.2555774761455152,0.27922116723365487,0.3236797896165459,0.329580605632402,0.3174955193046077,0.3242842798566749,nan,0.0,1.1102230246251565e-16,0.1445503862307846,0.20650522243104258,0.2929340658683528,0.3106113699964883,0.30074164601527387,0.30831713529920973,nan,1.4196,1.5046552479769455,1.5869029502055507,1.6641563075129941,1.9504209475639254,2.306044104651108,2.465209504158072,2.5398661778159557,nan,1.4196,1.5307992167000002,1.6118553919980054,1.6888284290429703,1.974552230295076,2.3311256688786095,2.4908767483129215,2.566338037905628,nan,425.6,442.0534046093914,453.99995038909447,463.4874529936776,492.5091720436027,503.6671745158526,483.0592297168978,460.2409281523427,nan,425.6,447.78084386976184,458.41719034544747,467.42767925809574,495.68829569556533,506.42823588285694,485.5694938334998,462.6751395626568,nan,0.0,0.0004690401656978093,0.0009993631737476218,0.001566012814654031,0.004409858293109078,0.021272160468966836,0.02575290389128885,0.027462069689846574,nan,0.0,0.0006332068992394159,0.0011943364753738597,0.001790542768134802,0.004738391908366317,0.022206012630594556,0.026783063575705132,0.028551226752615726,nan,297.41970395410215,300.9175939984674,305.16951582098363,295.43620578439277,196.02365308844276,74.71875717949658,37.000647420022055,16.230608937654978,nan,225.673841450413,305.06943966524966,309.0565936584873,299.14217238263933,198.14402183099827,75.77697315360166,37.71930764187978,16.745132232559467,nan
mac_p010_h0_v225,15,30,mac_shift_grid,mac_base_m_plus_h_plus_v,default,0|5|10|15|35|75|125|175|225,0|5|10|15|35|75|125|175|225,7.0,0.9,0.005,1.5,1.5,10000.0,0.0,one_sided_huber,additive_removal_premium_v1,0.015,2,0,1,1,1,True,5.0,5.0,_FIXEDLEARN_GRID5,7.528053633707743,7.517679244133798,0.010374389573945209,10,0.0,225.0,MAC_base(m+h)+v,1.0,7.0,0.9,0.005,0.0,0.24899320667213842,0.27555929230570153,0.3121059573349425,0.37012028074458125,0.38124144491328177,0.36951124330846774,0.37705830679491137,nan,0.0,1.1102230246251565e-16,0.0,0.0,0.23639935687170655,0.2992619676457897,0.2962512877977139,0.30770009281880206,nan,1.4196,1.5031113671544372,1.5824121983986943,1.6529986784665853,1.9139713706808967,2.2377369422888655,2.385520451672022,2.452372346188782,nan,1.4196,1.5307992167000002,1.6443419239000001,1.7588945192,2.0189244187039304,2.346132112441568,2.497756060262011,2.567361029972365,nan,425.6,441.7151819114591,453.07685805485306,461.24670737925953,486.43703536528574,494.58783725288856,474.19315873451956,451.38371212382765,nan,425.6,447.78084386976184,465.5475315098372,481.5023071324044,501.0395017321853,506.80206525266664,485.36957093797736,462.02929222545583,nan,0.0,0.0004597465895106414,0.0009560496973483633,0.0014467004134500739,0.003858680369030285,0.017821966614392164,0.02149737788369284,0.022804961654406188,nan,0.0,0.0006332068992394159,0.0014976455049262696,0.002605083858391802,0.005408958531952004,0.022448504456256464,0.026545411361782477,0.028038672089416843,nan,291.5378474049962,294.8842570304229,301.0278928356996,287.77089451802254,189.24058561651447,72.44701764435624,32.7560647607827,13.422964119483057,nan,242.66177254821633,225.0,208.6237130322656,303.1902854076527,199.91840937307873,77.05823971447784,36.31828830869809,15.336445883667741,nan
mac_p017_h0p05_v125,10,50,mac_shift_grid,mac_base_m_plus_h_plus_v,default,0|5|10|15|35|75|125|175|225,0|5|10|15|35|75|125|175|225,7.0,0.9,0.005,1.5,1.5,10000.0,0.0,one_sided_huber,additive_removal_premium_v1,0.015,2,0,1,1,1,True,5.0,5.0,_FIXEDLEARN_GRID5,7.5728405011000905,7.5624827494765166,0.010357751623573996,17,0.05,125.0,MAC_base(m+h)+v,1.0,7.0,0.9,0.005,0.0,0.4219604217773879,0.4417729755698378,0.46044148191863626,0.4907423452404249,0.49051676024574853,0.4755777315047489,0.4808724974953438,nan,0.0,1.1102230246251565e-16,0.0,0.17314393451799664,0.37043750933462194,0.4196943346083928,0.4133508401595863,0.4224068246335482,nan,1.4196,1.4838775483199529,1.5450570154434071,1.602669247972681,1.819299176075773,2.093250580655891,2.223024627442849,2.280259247215205,nan,1.4196,1.5307992167000002,1.6443419239000001,1.7001477311853201,1.9137223886481636,2.1868936378388444,2.318357377402849,2.3771892340688914,nan,425.6,437.5015703406063,445.65735827063037,452.04773769339363,471.6118106425363,476.18778685294933,456.62679232480025,434.4847207712106,nan,425.6,447.78084386976184,465.5475315098372,468.60812691806086,484.3042892775815,486.4325204577214,465.9192073329468,443.3162263841419,nan,0.0,0.00034719546575432396,0.0007018905127894404,0.0010590772527684811,0.0027698589149353424,0.013455323998675823,0.016128439728008336,0.017033064525057037,nan,0.0,0.0006332068992394159,0.0014976455049262696,0.0019348266786078346,0.00392133408949498,0.01690103420075938,0.019822817703329283,0.02081587685894218,nan,258.67497151120693,264.2427544306811,264.93760519109594,254.04291639669884,159.96299444905063,54.49432754699901,23.793517324405823,9.499593254910842,nan,142.52381902390226,132.15043697913399,280.7822651396732,268.15313227441004,169.01441863558364,57.62404017203899,26.26527794118727,10.723593650076353,nan
mac_p110_h0p45_v250,10,329,mac_shift_grid,mac_base_m_plus_h_plus_v,default,0|5|10|15|35|75|125|175|225,0|5|10|15|35|75|125|175|225,7.0,0.9,0.005,1.5,1.5,10000.0,0.0,one_sided_huber,additive_removal_premium_v1,0.015,2,0,1,1,1,True,5.0,5.0,_FIXEDLEARN_GRID5,7.456848983990864,7.456528826847514,0.0003201571433502082,110,0.45,250.0,MAC_base(m+h)+v,1.0,7.0,0.9,0.005,0.0,1.1102230246251565e-16,0.03263350673210047,0.056290022550145286,0.10733828683234874,0.11343740283576295,0.1067216617740458,0.11066779329460849,nan,0.0,1.1102230246251565e-16,0.0,0.03450654764732164,0.09789129139983813,0.10753401610676028,0.10152928981257858,0.10573452188867039,nan,1.4196,1.5307992167000002,1.6370078068134242,1.7397956230630913,2.120220104445842,2.5918336708378433,2.7881189573494507,2.894020029480973,nan,1.4196,1.5307992167000002,1.6443419239000001,1.7471866367067501,2.12763473288682,2.5996392659733125,2.796073767355243,2.9021988788658697,nan,425.6,447.78084386976184,463.9377949850327,477.60472850648387,519.732119378091,540.8248870208593,518.2979148787791,495.7750831660599,nan,425.6,447.78084386976184,465.54753150983714,478.9325743538464,520.7598918561373,541.708443154514,519.085433161838,496.53262900669404,nan,0.0,0.0006332068992394159,0.0014193966442166775,0.002341098591021659,0.007167182698659346,0.03434511527873789,0.04190557283564368,0.04570507983181345,nan,0.0,0.0006332068992394159,0.0014976455049262696,0.0024340924084685495,0.007310793925125359,0.03474769741217775,0.04234296817166513,0.046171410123062244,nan,384.2869009974382,384.791629123228,379.39639113330935,375.2373872249932,260.217008572,120.36284026188143,61.75487664356855,31.155577371366782,nan,384.2869009974382,356.31715624776984,380.25303540366644,376.57307416649405,261.13904380338374,120.97867169761568,62.14796087264317,31.40071660218247,nan
mac_p022_h0p05_v250,10,65,mac_shift_grid,mac_base_m_plus_h_plus_v,default,0|5|10|15|35|75|125|175|225,0|5|10|15|35|75|125|175|225,7.0,0.9,0.005,1.5,1.5,10000.0,0.0,one_sided_huber,additive_removal_premium_v1,0.015,2,0,1,1,1,True,5.0,5.0,_FIXEDLEARN_GRID5,7.509298774244066,7.506554706321142,0.0027440679229240317,22,0.05,250.0,MAC_base(m+h)+v,1.0,7.0,0.9,0.005,0.0,0.1566554038003911,0.18294976475080238,0.23159089030828117,0.2941153801550136,0.3127581050696533,0.3019130527259889,0.3090848680586193,nan,0.0,1.1102230246251565e-16,0.0,0.11258468412985168,0.24514897111767975,0.28348623232411124,0.2759940873069322,0.2845685651692117,nan,1.4196,1.5133792585055745,1.6032254417928522,1.6803169994217517,1.9736250565105449,2.328287205871957,2.4890821315380833,2.565065217075316,nan,1.4196,1.5307992167000002,1.6443419239000001,1.720695152928878,2.0120571412611445,2.366991156332489,2.5287904665698147,2.6057106898878613,nan,425.6,443.9646003019372,457.2289730192549,466.22136940807695,495.95153961352787,506.1502152517187,485.4717032059656,462.62594045809414,nan,425.6,447.78084386976184,465.5475315098372,473.11802725227756,501.09887251912437,510.4055205447894,489.365128239565,466.35435353405103,nan,0.0,0.0005227280433076836,0.0011112141220246089,0.0016909715342526225,0.004665118025937954,0.02127666237611869,0.02581633133111193,0.027572074620220505,nan,0.0,0.0006332068992394159,0.0014976455049262696,0.0021234008537468273,0.005247296197425233,0.023006112375351807,0.027699355133978434,0.02953341542658717,nan,308.10531360416246,310.09612227163154,320.7262221374137,304.9990096806383,206.56427268260398,82.13117606821442,38.61419545896132,16.640879263294885,nan,277.33591488402243,257.150436979134,327.6613108198429,311.9195876550113,210.8871376268127,84.18513729998968,39.98323604748242,17.43469227938038,nan
mac_p057_h0p25_v25,5,169,mac_shift_grid,mac_base_m_plus_h_plus_v,default,0|5|10|15|35|75|125|175|225,0|5|10|15|35|75|125|175|225,7.0,0.9,0.005,1.5,1.5,10000.0,0.0,one_sided_huber,additive_removal_premium_v1,0.015,2,0,1,1,1,True,5.0,5.0,_FIXEDLEARN_GRID5,7.580387313238176,7.574566276293435,0.005821036944740676,57,0.25,25.0,MAC_base(m+h)+v,1.0,7.0,0.9,0.005,0.0,0.420381352500137,0.4343072972064572,0.4490983087238305,0.4741689606552407,0.4760644995560473,0.46422320524570015,0.47113234275643157,nan,0.0,1.1102230246251565e-16,0.23261714538764205,0.3176756969641714,0.4197322690048063,0.44456809412075693,0.4368777183337592,0.445515645726952,nan,1.4196,1.4840531395866983,1.5467348663620117,1.6065179244680148,1.8323070672710706,2.1123596956291406,2.240419971953375,2.2964074077439887,nan,1.4196,1.5307992167000002,1.5920630991134554,1.6511088963370166,1.8750325925481364,2.1540049749130894,2.2823137643308593,2.3388772192549556,nan,425.6,437.54003765693415,446.01850740958616,452.8219458539005,473.78481394392736,478.6400236093458,458.35295047182694,435.91075854888516,nan,425.6,447.78084386976184,454.0730577948226,459.94317166216274,479.37404052914985,483.10434327250243,462.37055812575784,439.73747829409245,nan,0.0,0.0003481837533006975,0.0007207355261657704,0.0011152028194920858,0.0030253935264285365,0.015419223562632756,0.018369514089102573,0.019312135519595208,nan,0.0,0.0006332068992394159,0.001050772211526192,0.001484885278573352,0.0035372170399625784,0.01690464596536209,0.019960295434584947,0.020958382847685683,nan,258.7617360213723,264.3886069106692,265.73607193098417,256.7798939348421,164.89151243712342,53.70852975169895,27.445719574439657,11.337942532137555,nan,76.09817863010788,272.6646644417782,273.80063970219544,264.0874155219933,169.3385320104793,55.18197678809698,28.3830955527466,11.874176258005132,nan
mac_p077_h0p3_v250,15,231,mac_shift_grid,mac_base_m_plus_h_plus_v,default,0|5|10|15|35|75|125|175|225,0|5|10|15|35|75|125|175|225,7.0,0.9,0.005,1.5,1.5,10000.0,0.0,one_sided_huber,additive_removal_premium_v1,0.015,2,0,1,1,1,True,5.0,5.0,_FIXEDLEARN_GRID5,7.474871381502539,7.471284434084015,0.003586947418524389,77,0.3,250.0,MAC_base(m+h)+v,1.0,7.0,0.9,0.005,0.0,0.010743024839614979,0.06758597253615922,0.10866240700359422,0.16491101689563487,0.17846823194164693,0.16822325997490822,0.1734699651798191,nan,0.0,1.1102230246251565e-16,0.0,0.0,0.11633914011444585,0.14609396511709433,0.13930328754141272,0.14573606274290543,nan,1.4196,1.5296046007528463,1.629152522403571,1.7220259600606007,2.075033208273231,2.505848397193035,2.693897369918681,2.7899005796012775,nan,1.4196,1.5307992167000002,1.6443419239000001,1.7588945192,2.1131556379479717,2.5486544052085063,2.738203303274082,2.835880496824946,nan,425.6,447.5191356972471,462.26208080472634,474.0414512602284,512.3459292904013,529.4056083077171,508.04550750051095,485.28225323009804,nan,425.6,447.78084386976184,465.54753150983714,481.5023071324044,517.793191342739,534.4047598904158,512.5222459679354,489.6089672290617,nan,0.0,0.0006255751386251786,0.0013394866346994837,0.002130455493057561,0.006296422532769894,0.029680959056374016,0.036325527266368424,0.03928007156103205,nan,0.0,0.0006332068992394159,0.0014976455049262696,0.002605083858391802,0.007007325294081331,0.03187683398018672,0.038739469738909495,0.041861868508543926,nan,335.59055058662517,352.73799061256256,355.80449173285507,343.39610138895495,237.4230107802849,102.25296787967983,53.01097276093883,25.484469166806946,nan,332.4407310390534,308.24453187790255,285.8094167211582,348.23859040624217,240.4979099596291,104.65764095521635,54.63351587302786,26.684474748429174,nan
mac_p092_h0p4_v75,10,275,mac_shift_grid,mac_base_m_plus_h_plus_v,default,0|5|10|15|35|75|125|175|225,0|5|10|15|35|75|125|175|225,7.0,0.9,0.005,1.5,1.5,10000.0,0.0,one_sided_huber,additive_removal_premium_v1,0.015,2,0,1,1,1,True,5.0,5.0,_FIXEDLEARN_GRID5,7.51481296294522,7.508809827010395,0.0060031359348249325,92,0.4,75.0,MAC_base(m+h)+v,1.0,7.0,0.9,0.005,0.0,0.24850279738467473,0.2634365711783619,0.27672882187397135,0.30607779708148775,0.30337004783661947,0.2903755598304585,0.2957219512666826,nan,0.0,1.1102230246251565e-16,0.0,0.10367195474397453,0.2321127984344017,0.25839196879216103,0.25071036708494354,0.25815232844957825,nan,1.4196,1.5031659002830655,1.5851366820677557,1.6650019466334887,1.964236158484763,2.3407003133361286,2.506757784324174,2.587219539185508,nan,1.4196,1.5307992167000002,1.6443419239000001,1.723719193160619,2.0222887940050738,2.4001713747977402,2.5675255941951285,2.649506054802427,nan,425.6,441.72712865088516,453.6726343316876,463.77092640898354,494.95529033736506,508.45930031838907,487.78765837171926,465.1632954072489,nan,425.6,447.78084386976184,465.54753150983714,473.7817660036411,502.81663622998815,515.0580218069404,493.7557909770377,470.88962133770553,nan,0.0,0.0004600748309168636,0.0009954206847564448,0.0015979564145635339,0.004682300817841158,0.0235377839968789,0.028600546760440257,0.0306362684798411,nan,0.0,0.0006332068992394159,0.0014976455049262696,0.002177857382434401,0.0055444047698972685,0.025936061849522594,0.031223784689918363,0.033409905314829104,nan,298.2385287127224,302.18293625048307,301.9993335130417,295.6316397030659,192.50050574733012,69.71954736019177,39.170098010476174,18.556737503747833,nan,176.25311288321467,163.424794858628,311.08413679646736,304.26043253415446,197.5801722387483,71.89713578115496,40.835515448685264,19.797425870443586,nan
mac_p011_h0_v250,15,33,mac_shift_grid,mac_base_m_plus_h_plus_v,default,0|5|10|15|35|75|125|175|225,0|5|10|15|35|75|125|175|225,7.0,0.9,0.005,1.5,1.5,10000.0,0.0,one_sided_huber,additive_removal_premium_v1,0.015,2,0,1,1,1,True,5.0,5.0,_FIXEDLEARN_GRID5,7.51635017350303,7.507980110862201,0.008370062640828735,11,0.0,250.0,MAC_base(m+h)+v,1.0,7.0,0.9,0.005,0.0,0.18276033814384707,0.20985020920100061,0.25849611086105106,0.3231190598258879,0.3407053160014029,0.32990339178238526,0.33714797732173646,nan,0.0,1.1102230246251565e-16,0.0,0.0,0.21296901780667493,0.27397138110672764,0.2700739346604623,0.2805926460860372,nan,1.4196,1.5104764102545771,1.5971797841533497,1.6711882055503298,1.950861045485346,2.291334754048484,2.446200413732868,2.518539509274474,nan,1.4196,1.5307992167000002,1.6443419239000001,1.7588945192,2.0373141024562353,2.379571913749625,2.5378602500632623,2.612302348986259,nan,425.6,443.32866444935956,456.0196721032923,464.5129489303646,492.26088913069896,501.3626146174352,480.7526971908934,457.96866407666835,nan,425.6,447.78084386976184,465.5475315098372,481.5023071324044,504.3090662787763,511.2770455060013,489.88602014910447,466.6422095340107,nan,0.0,0.0005045502488629265,0.0010627856203738498,0.0016035568590070598,0.004337563945534227,0.019691068972992894,0.023834643526887613,0.02539504323000509,nan,0.0,0.0006332068992394159,0.0014976455049262696,0.002605083858391802,0.005679006706658938,0.02366318558448325,0.028178979118738526,0.029906489613257484,nan,302.6689607288937,304.90408898674707,314.4512103889031,298.9758635500431,200.071682273367,78.85980177103062,36.07701938367608,15.160604381514517,nan,269.6241917202404,250.0,231.80412559140623,312.32761026998094,209.90675623329565,82.99565501303528,39.2592262314206,16.88219082131141,nan
mac_p073_h0p3_v150,10,218,mac_shift_grid,mac_base_m_plus_h_plus_v,default,0|5|10|15|35|75|125|175|225,0|5|10|15|35|75|125|175|225,7.0,0.9,0.005,1.5,1.5,10000.0,0.0,one_sided_huber,additive_removal_premium_v1,0.015,2,0,1,1,1,True,5.0,5.0,_FIXEDLEARN_GRID5,7.507417030359713,7.503188238955378,0.004228791404335297,73,0.3,150.0,MAC_base(m+h)+v,1.0,7.0,0.9,0.005,0.0,0.21299599020214977,0.23111904863317306,0.2517681072906759,0.2914467593217534,0.2953778030636012,0.28325958859449607,0.2891253629622357,nan,0.0,1.1102230246251565e-16,0.0,0.09997541273900148,0.22675760492430136,0.2563310466855,0.24870017132433028,0.25658790555977984,nan,1.4196,1.5071142294292803,1.5923997842602429,1.6734709802869163,1.9757195670954006,2.3512678451251716,2.517659584042846,2.5981559944819463,nan,1.4196,1.5307992167000002,1.6443419239000001,1.724973409602899,2.026491904972005,2.4028963739056763,2.5706052513284767,2.6520997047634935,nan,425.6,442.592101203616,455.1067796904074,465.2667386111023,496.6497864390861,509.62137359859014,488.86263828416804,466.1578858118181,nan,425.6,447.78084386976184,465.54753150983714,474.05705071930106,503.52188410393586,515.3346090590305,494.06681742558965,471.1000368912487,nan,0.0,0.00048384556335444946,0.0010444424952728148,0.0016590731222841345,0.004795214829335804,0.023450097614036373,0.028487337465756848,0.030507729438730445,nan,0.0,0.0006332068992394159,0.0014976455049262696,0.0021799767462101914,0.005560064288163284,0.025591118948961322,0.03083626488457579,0.03296050829586294,nan,304.1214208355845,307.3757030065102,311.4319652614048,302.77833789464097,201.16876886722935,76.65468231547793,39.98308497512687,18.33579023128644,nan,224.59105435095722,208.24453187790255,319.4755481154684,310.66050060412215,206.253867184905,78.9064461130221,41.9271176365622,19.498247755190825,nan
mac_p057_h0p25_v25,10,170,mac_shift_grid,mac_base_m_plus_h_plus_v,default,0|5|10|15|35|75|125|175|225,0|5|10|15|35|75|125|175|225,7.0,0.9,0.005,1.5,1.5,10000.0,0.0,one_sided_huber,additive_removal_premium_v1,0.015,2,0,1,1,1,True,5.0,5.0,_FIXEDLEARN_GRID5,7.580387313238176,7.56669896126537,0.013688351972805712,57,0.25,25.0,MAC_base(m+h)+v,1.0,7.0,0.9,0.005,0.0,0.420381352500137,0.4343072972064572,0.4490983087238305,0.4741689606552407,0.4760644995560473,0.46422320524570015,0.47113234275643157,nan,0.0,1.1102230246251565e-16,0.0,0.16513118490976914,0.35508507453842375,0.4057714419499833,0.4028424784749678,0.4133917356551007,nan,1.4196,1.4840531395866983,1.5467348663620117,1.6065179244680148,1.8323070672710706,2.1123596956291406,2.240419971953375,2.2964074077439887,nan,1.4196,1.5307992167000002,1.6443419239000001,1.7028664132111135,1.925771997488495,2.205302810097918,2.3344563821146904,2.392135311200875,nan,425.6,437.54003765693415,446.01850740958616,452.8219458539005,473.78481394392736,478.6400236093458,458.35295047182694,435.91075854888516,nan,425.6,447.78084386976184,465.5475315098372,469.20484338836934,486.3555082837381,488.8201482520849,467.4936937877409,444.6306327739878,nan,0.0,0.0003481837533006975,0.0007207355261657704,0.0011152028194920858,0.0030253935264285365,0.015419223562632756,0.018369514089102573,0.019312135519595208,nan,0.0,0.0006332068992394159,0.0014976455049262696,0.0019821873286343917,0.004209656528248808,0.01888915002951634,0.022070005993740954,0.023137920930762768,nan,258.7617360213723,264.3886069106692,265.73607193098417,256.7798939348421,164.89151243712342,53.70852975169895,27.445719574439657,11.337942532137555,nan,76.09817863010788,70.55948702580318,281.7458407644691,271.33231897961446,173.48227520567167,56.87356660318105,29.583331729915358,12.684211987636909,nan
mac_p050_h0p2_v125,5,148,mac_shift_grid,mac_base_m_plus_h_plus_v,default,0|5|10|15|35|75|125|175|225,0|5|10|15|35|75|125|175|225,7.0,0.9,0.005,1.5,1.5,10000.0,0.0,one_sided_huber,additive_removal_premium_v1,0.015,2,0,1,1,1,True,5.0,5.0,_FIXEDLEARN_GRID5,7.539661226262543,7.536909246208057,0.0027519800544855144,50,0.2,125.0,MAC_base(m+h)+v,1.0,7.0,0.9,0.005,0.0,0.32362168899585264,0.3421552241799053,0.35841936511353345,0.39248208618863095,0.38951370852734857,0.37517766821235765,0.381782457476942,nan,0.0,1.1102230246251565e-16,0.1867434815045057,0.256035084042743,0.34828535961956886,0.3620769471669684,0.35093347925398943,0.3588747035780101,nan,1.4196,1.4948127383765304,1.5674453005453723,1.6372847930418342,1.8964203429682684,2.2267991630801856,2.376839383779151,2.4445401971500376,nan,1.4196,1.5307992167000002,1.6023728345908934,1.6720232184613861,1.9311088646425087,2.2630766866168823,2.4139819302568615,2.4825188635295348,nan,425.6,439.8971759012274,450.1281309463489,458.548743589295,483.9746082110448,493.62695835339866,473.5517132799615,450.816203236682,nan,425.6,447.78084386976184,456.3359011014125,464.1197732790997,488.5829171548306,497.64036462944273,477.19315072959444,454.29580381777396,nan,0.0,0.0004103319048681497,0.0008602414140306343,0.0013420304993174551,0.0037176239613110986,0.018427545056454917,0.0222786795008992,0.02362310929128915,nan,0.0,0.0006332068992394159,0.0011244140427204268,0.001644750906796725,0.004164184456073063,0.019744691374954278,0.023715235672349066,0.025127725664634278,nan,282.2355365309496,287.01051768298703,287.0650626577941,278.5393213631856,179.68343161320092,64.02012526167343,32.23845339377698,13.807463974067367,nan,171.74900310636494,291.6932565263072,291.52014776265094,282.7406232564298,182.18891272769747,65.29873903311658,33.21533073405712,14.371606917837612,nan
mac_p015_h0p05_v75,5,43,mac_shift_grid,mac_base_m_plus_h_plus_v,default,0|5|10|15|35|75|125|175|225,0|5|10|15|35|75|125|175|225,7.0,0.9,0.005,1.5,1.5,10000.0,0.0,one_sided_huber,additive_removal_premium_v1,0.015,2,0,1,1,1,True,5.0,5.0,_FIXEDLEARN_GRID5,7.604254696453561,7.598244513737338,0.006010182716222445,15,0.05,75.0,MAC_base(m+h)+v,1.0,7.0,0.9,0.005,0.0,0.49673421390786343,0.5135736719915501,0.5315901912486068,0.560288299653676,0.5621764986860984,0.5498413666121238,0.5554307358898478,nan,0.0,1.1102230246251565e-16,0.2766287963081805,0.3776286280798826,0.49655394212552395,0.5250738015461242,0.5176264410336642,0.5253491466461206,nan,1.4196,1.4755627612053555,1.5289203887922316,1.578528880848868,1.7647148994947892,1.9985004090245817,2.1092513631230583,2.1566494653779764,nan,1.4196,1.5307992167000002,1.5821718360115584,1.6307671953994802,1.8147378494762636,2.0475584574979706,2.158605225717868,2.206521602432228,nan,425.6,435.6800244740917,442.4525467969771,447.54751232687124,462.8544542377135,463.8099760668474,443.9292378789674,422.0378071547126,nan,425.6,447.78084386976184,451.9020633446907,455.87545586842873,469.39351436206834,469.07995536169074,448.66612683447124,426.5245632769079,nan,0.0,0.0003004273871284133,0.0005987566872277872,0.0008899130671873481,0.0022375682386965292,0.011027527391699045,0.013003872206763394,0.013659958007782004,nan,0.0,0.0006332068992394159,0.000972116310029109,0.0013000677588399217,0.002773643194510191,0.012683355513540474,0.014750245219500236,0.015434809843006334,nan,239.78949170466583,245.9097109189191,247.45775410393878,237.43176168741147,147.09460422851464,47.88284998594112,19.65250733558606,7.49610005476901,nan,88.5989806798542,254.85077275480688,256.102303092315,245.1032755230655,151.67365690216207,49.51503964703625,20.80704681767826,8.022026612464078,nan
mac_p083_h0p35_v125,5,247,mac_shift_grid,mac_base_m_plus_h_plus_v,default,0|5|10|15|35|75|125|175|225,0|5|10|15|35|75|125|175|225,7.0,0.9,0.005,1.5,1.5,10000.0,0.0,one_sided_huber,additive_removal_premium_v1,0.015,2,0,1,1,1,True,5.0,5.0,_FIXEDLEARN_GRID5,7.506750709455845,7.50530300940013,0.001447700055715373,83,0.35,125.0,MAC_base(m+h)+v,1.0,7.0,0.9,0.005,0.0,0.216773571917394,0.23351315992580418,0.25045445353688844,0.2869409742244173,0.2889394325581339,0.276651059872002,0.2822775171599726,nan,0.0,1.1102230246251565e-16,0.1297235330123538,0.18222621198129638,0.2577272633483583,0.2709900209967091,0.26069255817372106,0.26714890008342046,nan,1.4196,1.506694165301525,1.5918617270823063,1.673916695805703,1.979256006016147,2.3597808082436016,2.527783972433236,2.6095090085002486,nan,1.4196,1.5307992167000002,1.6151876075156983,1.6970661642201688,2.0021848634582398,2.383513937377776,2.5522326925806023,2.634590677496192,nan,425.6,442.5000764692436,455.0057065587971,465.39377144029316,497.2689710993984,510.79297298581366,490.01015506355384,467.3281646141196,nan,425.6,447.78084386976184,459.1485652286176,469.1020045763241,500.30565706475437,513.4063137243329,492.4100436199745,469.63079254888555,nan,0.0,0.0004813160991419639,0.0010427667757503614,0.001668295909643856,0.004866174229752634,0.024012356989424583,0.02919024879453119,0.03128483597438527,nan,0.0,0.0006332068992394159,0.0012270451679473047,0.001882616984826669,0.005195029250555038,0.024926880593055964,0.03020527952623475,0.03235550338523013,nan,304.1713075757876,307.5467248838827,309.70594033804116,302.78562409519753,200.31040104268567,75.45154580311092,40.66742199316468,18.901321270507616,nan,212.97136860561483,311.08187989658654,313.0804239661148,305.95184100482624,202.18797414368169,76.3454835360529,41.45567932201166,19.417787369488288,nan
mac_p046_h0p2_v25,5,136,mac_shift_grid,mac_base_m_plus_h_plus_v,default,0|5|10|15|35|75|125|175|225,0|5|10|15|35|75|125|175|225,7.0,0.9,0.005,1.5,1.5,10000.0,0.0,one_sided_huber,additive_removal_premium_v1,0.015,2,0,1,1,1,True,5.0,5.0,_FIXEDLEARN_GRID5,7.595325294573898,7.5888103265634825,0.006514968010415068,46,0.2,25.0,MAC_base(m+h)+v,1.0,7.0,0.9,0.005,0.0,0.45751069080391604,0.4716684909773341,0.48702044466289945,0.5133430568445787,0.5163876834047494,0.5045075021560357,0.5113814284957048,nan,0.0,1.1102230246251565e-16,0.2507502992011286,0.3419994350183058,0.4513749719422964,0.47882500582108,0.4716456541527815,0.480662517909383,nan,1.4196,1.4799243862507288,1.538338239794744,1.5936511515875313,1.8015606389669467,2.0590434447811736,2.178703683036333,2.229678622105913,nan,1.4196,1.5307992167000002,1.5879878192390378,1.6428559853287923,1.8501973010709838,2.10870969008776,2.229048642766694,2.2806073714650505,nan,425.6,436.6355390246372,444.34288085714394,450.4096515961469,468.8204478086831,471.6679527819487,451.54621403133467,429.23245163887105,nan,425.6,447.78084386976184,453.17859063739775,458.2953417514076,475.258870528839,477.1094567570258,456.4374922892744,433.8479264808988,nan,0.0,0.0003249526326339523,0.0006640382978533948,0.0010146701286807517,0.0026796246983074794,0.01357160785625178,0.016105955500437984,0.01686763599009853,nan,0.0,0.0006332068992394159,0.0010186291808139394,0.0014134850193056195,0.0032358810618123967,0.0152742031124431,0.017921087693896477,0.018725569245474145,nan,250.17463124437631,256.07987930918114,257.7982897088622,249.06702461268102,159.54509348887467,50.63186488472387,24.815094397177717,9.82361620069557,nan,63.89932641826878,263.2221737001008,264.58028118166715,255.16195069814947,163.0909500182109,52.08588942904079,26.012904806954154,10.437168076692668,nan
mac_p108_h0p45_v200,15,324,mac_shift_grid,mac_base_m_plus_h_plus_v,default,0|5|10|15|35|75|125|175|225,0|5|10|15|35|75|125|175|225,7.0,0.9,0.005,1.5,1.5,10000.0,0.0,one_sided_huber,additive_removal_premium_v1,0.015,2,0,1,1,1,True,5.0,5.0,_FIXEDLEARN_GRID5,7.466613445490702,7.463637640255037,0.0029758052356649856,108,0.45,200.0,MAC_base(m+h)+v,1.0,7.0,0.9,0.005,0.0,0.013015739587256103,0.056880447369242526,0.08924785638879257,0.13605237163110245,0.14573901154040855,0.1364889874545236,0.1403148133121866,nan,0.0,1.1102230246251565e-16,0.0,0.0,0.09766310037382422,0.1217798620670687,0.1153535211633304,0.12012379868123134,nan,1.4196,1.529351876653126,1.6315585027259436,1.7286132106769339,2.097683386679174,2.5491237330771828,2.7425148631270013,2.8448683628722984,nan,1.4196,1.5307992167000002,1.6443419239000001,1.7588945192,2.1278138323352684,2.5808030773526136,2.7748947889061952,2.8783429589377096,nan,425.6,447.4637706550795,462.8004015047959,475.39527102166187,516.1395060940968,535.1779039646617,513.393077034482,490.90037643144484,nan,425.6,447.78084386976184,465.54753150983714,481.5023071324044,520.3993216781635,538.7952195575847,516.6164577642811,494.020242785937,nan,0.0,0.0006239607121444614,0.0013648783553066434,0.0022114242173063804,0.006733322654075544,0.03220506788054947,0.03940394728354249,0.04288146476519225,nan,0.0,0.0006332068992394159,0.0014976455049262696,0.002605083858391802,0.007318578115627142,0.03388342415094324,0.04122153757550643,0.044825317943836554,nan,335.7589128597913,354.27621751753685,358.0849792927153,347.54053847866703,240.99357573077535,104.17377280458373,55.009780554770984,28.06645888129149,nan,330.3620626533901,306.31715624776984,284.0223222306418,353.0417295186468,244.14014648029735,106.15964453301366,56.20108007044242,28.976154136197852,nan
mac_p033_h0p1_v250,10,98,mac_shift_grid,mac_base_m_plus_h_plus_v,default,0|5|10|15|35|75|125|175|225,0|5|10|15|35|75|125|175|225,7.0,0.9,0.005,1.5,1.5,10000.0,0.0,one_sided_huber,additive_removal_premium_v1,0.015,2,0,1,1,1,True,5.0,5.0,_FIXEDLEARN_GRID5,7.502211668276086,7.499835417714645,0.0023762505614408624,33,0.1,250.0,MAC_base(m+h)+v,1.0,7.0,0.9,0.005,0.0,0.12943313911468401,0.16100136984462593,0.2079072343480644,0.26701292282865874,0.2855860152249442,0.27483775317087017,0.2815284819659886,nan,0.0,1.1102230246251565e-16,0.0,0.10240716889666795,0.22011807809091022,0.2560407992057695,0.24818085726983397,0.2555008387839496,nan,1.4196,1.5164063530154253,1.6081581662905835,1.6883527340836717,1.9948968621706622,2.364214774579323,2.5305619918811457,2.610750830717491,nan,1.4196,1.5307992167000002,1.6443419239000001,1.724148328066572,2.0317030458945546,2.403280145869105,2.5714008500774708,2.6539019480822255,nan,425.6,444.6277551627859,458.1889655878545,467.7323000128011,499.4193532782525,510.8378936130322,490.0395979552369,467.23429003096726,nan,425.6,447.78084386976184,465.5475315098372,473.8759557117192,504.47604485066165,515.2458758909547,494.1239824475389,471.30499841384545,nan,0.0,0.0005416892992821696,0.001154010247113791,0.0017735303791316741,0.004980799629076352,0.02291220824823756,0.02785578098868907,0.029834433047168707,nan,0.0,0.0006332068992394159,0.0014976455049262696,0.002162455109230859,0.005556182100037497,0.024634517803295966,0.029753179362918426,0.03186589198037351,nan,313.57225299129516,317.4062218837213,327.121952706845,311.32877516364636,212.2880977301949,85.77540560311743,40.97673412463209,18.17099436019643,nan,285.98446518354956,265.1695155383947,332.5807209752447,316.3741370145711,215.86345621576618,87.71943682796868,42.1323203017065,19.025443674771907,nan
mac_p036_h0p15_v50,15,108,mac_shift_grid,mac_base_m_plus_h_plus_v,default,0|5|10|15|35|75|125|175|225,0|5|10|15|35|75|125|175|225,7.0,0.9,0.005,1.5,1.5,10000.0,0.0,one_sided_huber,additive_removal_premium_v1,0.015,2,0,1,1,1,True,5.0,5.0,_FIXEDLEARN_GRID5,7.594162263255669,7.569183522678834,0.02497874057683447,36,0.15,50.0,MAC_base(m+h)+v,1.0,7.0,0.9,0.005,0.0,0.4627460826301152,0.47810066449127586,0.49441858140881223,0.5213129662986866,0.5241068446013508,0.511924551396479,0.5185102958115542,nan,0.0,1.1102230246251565e-16,0.0,0.0,0.313667984354277,0.40094520989145555,0.40417704714549363,0.41798123065633896,nan,1.4196,1.4793422147805377,1.5368926607443625,1.591141004337351,1.795305325546652,2.0488369904436863,2.1673406262389414,2.217859703732384,nan,1.4196,1.5307992167000002,1.6443419239000001,1.7588945192,1.9582788762115548,2.211684166293611,2.3324117981957224,2.384526407234497,nan,425.6,436.50800093851257,444.0491886499346,449.92727276438745,467.80394862447986,470.34357252296854,450.3132740886931,428.07869298627645,nan,425.6,447.78084386976184,465.5475315098372,481.5023071324044,490.2571240517103,488.421699053382,466.4787148386247,443.25529243079916,nan,0.0,0.00032167812832169094,0.0006530760774294868,0.0009902645225391723,0.00258809457835521,0.012937933080356175,0.015359483995015308,0.016100082875363582,nan,0.0,0.0006332068992394159,0.0014976455049262696,0.002605083858391802,0.0046750813439735955,0.019063062354103474,0.021856679715988113,0.02271764094735551,nan,249.16927870940293,255.16795785617796,256.6951169995877,247.165163518812,157.33387312176734,50.43676699626873,23.497252632394172,9.17957732993716,nan,79.98429585415182,74.16275904606401,68.76493404847608,272.1787109947623,172.63798530736295,55.76061989966453,28.021126580370023,11.4473599251797,nan
mac_p115_h0p5_v100,15,345,mac_shift_grid,mac_base_m_plus_h_plus_v,default,0|5|10|15|35|75|125|175|225,0|5|10|15|35|75|125|175|225,7.0,0.9,0.005,1.5,1.5,10000.0,0.0,one_sided_huber,additive_removal_premium_v1,0.015,2,0,1,1,1,True,5.0,5.0,_FIXEDLEARN_GRID5,7.483552311326064,7.477341500669324,0.006210810656740229,115,0.5,100.0,MAC_base(m+h)+v,1.0,7.0,0.9,0.005,0.0,0.13861350864420918,0.1534283588259029,0.17323901589014867,0.20744687183086608,0.21177006111006594,0.20071410885920166,0.20426579759628238,nan,0.0,1.1102230246251565e-16,0.0,0.0,0.13133962587189107,0.16523951909440032,0.15947132843962816,0.1648684327586952,nan,1.4196,1.5153855031147254,1.609860139356647,1.7001154705968708,2.041648248788789,2.4618159446887495,2.644120787709335,2.73884430187174,nan,1.4196,1.5307992167000002,1.6443419239000001,1.7588945192,2.1013822620508185,2.5233397087721485,2.707305491113293,2.8041610231006957,nan,425.6,444.40411445000245,458.60389447968987,470.26424148187004,507.33268320100336,524.0147258766989,502.7332167050063,480.39213723971227,nan,425.6,447.78084386976184,465.54753150983714,481.5023071324044,515.699962718174,530.9543500805198,509.0033765329183,486.46353884687005,nan,0.0,0.0005352942440971669,0.001186189704052456,0.0019275678356535462,0.005852314113324776,0.02874949099904233,0.03508628134384386,0.03804296566011685,nan,0.0,0.0006332068992394159,0.0014976455049262696,0.002605083858391802,0.0068865186379838865,0.03159109346281634,0.038194983811290245,0.041362747742773945,nan,318.9044149382415,321.33441983635714,329.1329027463256,320.8327296506366,216.88503428499286,84.56022620950644,46.388119162450835,23.8440221946584,nan,244.1534392188047,226.3830979529983,209.90614427867374,329.0310033674375,222.90110442469796,87.28104782413709,48.10583731109888,25.175798680899717,nan
mac_p025_h0p1_v50,10,74,mac_shift_grid,mac_base_m_plus_h_plus_v,default,0|5|10|15|35|75|125|175|225,0|5|10|15|35|75|125|175|225,7.0,0.9,0.005,1.5,1.5,10000.0,0.0,one_sided_huber,additive_removal_premium_v1,0.015,2,0,1,1,1,True,5.0,5.0,_FIXEDLEARN_GRID5,7.607828681657216,7.592231395775461,0.015597285881754352,25,0.1,50.0,MAC_base(m+h)+v,1.0,7.0,0.9,0.005,0.0,0.4963301701352604,0.5117360139704094,0.5285151467702949,0.5566683560344046,0.5588344050507567,0.5469219020957571,0.5528961914011951,nan,0.0,1.1102230246251565e-16,0.0,0.19449821810448212,0.41690177568167697,0.47644166877923444,0.47496719604954296,0.4860022324277036,nan,1.4196,1.4756076905563815,1.529333387591373,1.5795722265866554,1.767556071283845,2.0029194029038315,2.1137240368295447,2.160851475753294,nan,1.4196,1.5307992167000002,1.6443419239000001,1.6929023398029832,1.8772541513967256,2.1118609937163395,2.223959979067117,2.2717546817972734,nan,425.6,435.6898672845591,442.54137353652436,447.7591223922676,463.3219787801421,464.38075807808184,444.39614276705584,422.4197457722577,nan,425.6,447.78084386976184,465.5475315098372,467.01785474549615,478.06332074035157,476.3038615142222,455.10864607539827,432.4471508508028,nan,0.0,0.00030067993578505685,0.0006032362302153368,0.00090333179449267,0.0022930000513211647,0.011455867167720263,0.013506207870475287,0.014162912795836643,nan,0.0,0.0006332068992394159,0.0014976455049262696,0.001881340174377714,0.0035580327920362352,0.015280964284606957,0.017551280501029175,0.018260257462891363,nan,239.6114295484682,245.72174836308042,247.37936416131924,238.24405767291302,148.75501283048487,47.753595401152396,20.48386325402824,7.862456707100428,nan,70.28511180735727,65.1695155383947,265.5730256142809,254.63282536201527,158.97112871446174,51.052783742571826,23.22375992888231,9.17608036420625,nan
mac_p111_h0p5_v0,15,333,mac_shift_grid,mac_base_m_plus_h_plus_v,default,0|5|10|15|35|75|125|175|225,0|5|10|15|35|75|125|175|225,7.0,0.9,0.005,1.5,1.5,10000.0,0.0,one_sided_huber,additive_removal_premium_v1,0.015,2,0,1,1,1,True,5.0,5.0,_FIXEDLEARN_GRID5,7.517769485380367,7.504541795570613,0.01322768980975475,111,0.5,0.0,MAC_base(m+h)+v,1.0,7.0,0.9,0.005,0.0,0.25690361062423295,0.2694413061461865,0.2815232255030354,0.30274086739280026,0.3018854355214832,0.28909439830724215,0.2929768679798557,nan,0.0,1.1102230246251565e-16,0.0,0.0,0.18133846359797184,0.22790785257835158,0.22379888799146616,0.23099459843430534,nan,1.4196,1.5022317364311837,1.5837871663785772,1.6633752317593147,1.966855202174584,2.3426633022435226,2.508720547504383,2.5917706009261874,nan,1.4196,1.5307992167000002,1.6443419239000001,1.7588945192,2.06213985880546,2.440478181746129,2.6087544785570613,2.6945307382535,nan,425.6,441.5224785161805,453.4142910379006,463.4849677587001,495.48829174229525,508.69391436917215,487.9875870971181,465.72571272210064,nan,425.6,447.78084386976184,465.54753150983714,481.5023071324044,508.7229221065882,519.6808665473018,497.87480083443995,475.2236208451782,nan,0.0,0.00045445226608585186,0.000989587214705749,0.0015985716887271968,0.0047691327698463955,0.024261499463580388,0.02946922946819428,0.03169617706452038,nan,0.0,0.0006332068992394159,0.0014976455049262696,0.002605083858391802,0.006263704676365138,0.0283554988526867,0.03391900520042637,0.0364157922589651,nan,296.59701882473405,300.8119012351402,301.1538281249914,292.51270504278716,191.0402357306184,65.82839208749718,38.31817796428777,19.644798711928587,nan,136.30376253070852,126.3830979529983,117.18449404211125,306.12642844846584,199.33231068405735,68.83867792726886,40.45062177249798,21.566291231627808,nan
mac_p087_h0p35_v225,15,261,mac_shift_grid,mac_base_m_plus_h_plus_v,default,0|5|10|15|35|75|125|175|225,0|5|10|15|35|75|125|175|225,7.0,0.9,0.005,1.5,1.5,10000.0,0.0,one_sided_huber,additive_removal_premium_v1,0.015,2,0,1,1,1,True,5.0,5.0,_FIXEDLEARN_GRID5,7.47457124571971,7.470821803367171,0.0037494423525394893,87,0.35,225.0,MAC_base(m+h)+v,1.0,7.0,0.9,0.005,0.0,0.03604718228172332,0.0797365378403147,0.11674766733512507,0.16490400630018098,0.17831509232784817,0.16768148584337406,0.17239312762350575,nan,0.0,1.1102230246251565e-16,0.0,0.0,0.11287587302270927,0.14403872181524924,0.1370834527676127,0.14292666937603576,nan,1.4196,1.5267907982660305,1.6264217809806425,1.7192826755438073,2.0750387106534127,2.5060508819495637,2.69472737792165,2.791685863941094,nan,1.4196,1.5307992167000002,1.6443419239000001,1.7588945192,2.1158738396090757,2.5513718956687317,2.741604131258069,2.8405381779699357,nan,425.6,446.9027073728165,461.7767492740189,473.5998978112317,512.4697187295037,529.4681130355059,508.1747778028234,485.5190344039487,nan,425.6,447.78084386976184,465.54753150983714,481.5023071324044,518.2764696797313,534.7326720589876,512.8988130506218,490.11963234900765,nan,0.0,0.0006076021351751269,0.0013172808759024915,0.0021059735823695984,0.006310966840051205,0.029881073718596163,0.03659608143244501,0.0396332051365497,nan,0.0,0.0006332068992394159,0.0014976455049262696,0.002605083858391802,0.007064985915252032,0.03217156622961973,0.039111797962137304,0.04233397935963022,nan,333.0259490937681,346.98208183234044,352.7564795177939,339.2405243424756,235.4749396128628,99.6714293768922,52.28449756159702,25.706540698117102,nan,320.821045293711,297.47056750251846,275.8196191564027,344.3329294155535,238.68428928806915,102.1155871156202,53.81805609713764,26.927887327022255,nan
mac_p037_h0p15_v75,15,111,mac_shift_grid,mac_base_m_plus_h_plus_v,default,0|5|10|15|35|75|125|175|225,0|5|10|15|35|75|125|175|225,7.0,0.9,0.005,1.5,1.5,10000.0,0.0,one_sided_huber,additive_removal_premium_v1,0.015,2,0,1,1,1,True,5.0,5.0,_FIXEDLEARN_GRID5,7.578897868327583,7.556926124316196,0.021971744011386463,37,0.15,75.0,MAC_base(m+h)+v,1.0,7.0,0.9,0.005,0.0,0.4299790396053832,0.4465302042176428,0.46343447860901593,0.4899734021155955,0.49231250406086324,0.47931167247297246,0.4858965832405887,nan,0.0,1.1102230246251565e-16,0.0,0.0,0.2940829176994769,0.37533772094007956,0.3766974156674693,0.3896435581060937,nan,1.4196,1.4829858842984631,1.543987866724667,1.6016537405996514,1.819902693628373,2.090876206448126,2.217304160728313,2.271929837128887,nan,1.4196,1.5307992167000002,1.6443419239000001,1.7588945192,1.9736505351982192,2.2455429833364526,2.3745111025327548,2.4315073123247766,nan,425.6,437.3062307738466,445.45882933306575,451.883907990177,471.76411813578477,475.8260230736087,455.86771727008926,433.50574663311033,nan,425.6,447.78084386976184,465.5475315098372,481.5023071324044,492.99010368975246,493.0476447398088,471.30327676831365,448.10270648838343,nan,0.0,0.00034217727495494134,0.0006985083102099846,0.00106663310337784,0.002833278555147078,0.014056605500759186,0.0167758952332532,0.0176364638639532,nan,0.0,0.0006332068992394159,0.0014976455049262696,0.002605083858391802,0.004857631058629987,0.01999510530339336,0.023115161692210992,0.024129849582999494,nan,257.4047341552761,263.2027613930718,264.37408769937986,253.91316256893356,162.96063390226448,53.30533845760967,25.256523677557098,10.034092261733221,nan,106.94671502617585,99.16275904606401,91.9453466076167,276.89699466037126,176.6690890008085,58.535080647503506,29.522016696245032,12.256551804729074,nan
mac_p074_h0p3_v175,5,220,mac_shift_grid,mac_base_m_plus_h_plus_v,default,0|5|10|15|35|75|125|175|225,0|5|10|15|35|75|125|175|225,7.0,0.9,0.005,1.5,1.5,10000.0,0.0,one_sided_huber,additive_removal_premium_v1,0.015,2,0,1,1,1,True,5.0,5.0,_FIXEDLEARN_GRID5,7.498002502099912,7.497224300244549,0.0007782018553630365,74,0.3,175.0,MAC_base(m+h)+v,1.0,7.0,0.9,0.005,0.0,0.1715698010398542,0.190701324261922,0.21771150446470938,0.26121427715069295,0.2688875604655396,0.25723471524066766,0.26305351777565855,nan,0.0,1.1102230246251565e-16,0.10867524446280441,0.16377048974894698,0.23794012456599345,0.25471910834801625,0.24476356589302062,0.2512455367619375,nan,1.4196,1.5117207892149935,1.601483341395098,1.6850261989683375,1.9994480238040255,2.3862938595560044,2.5575301719920236,2.641380394159345,nan,1.4196,1.5307992167000002,1.6199180403791265,1.7033280896214824,2.0177151220499185,2.40502771623904,2.576636203753732,2.6609567949498407,nan,425.6,443.60127435752474,456.9138150260175,467.3549380403189,500.4038198300826,514.0638676504576,493.1866428901604,470.4537051619534,nan,425.6,447.78084386976184,460.18682933982643,470.28654063384187,502.829364304656,516.1214366256766,495.0507260978313,472.24506506927764,nan,0.0,0.000512341983551133,0.0011130359789783021,0.0017648408896056831,0.005136276791394322,0.02480132789817252,0.030188916388709082,0.0323963659681927,nan,0.0,0.0006332068992394159,0.001260245970269778,0.0019361744999696268,0.005398931161540183,0.025532648656204575,0.03098988447525939,0.033241567249194325,nan,312.43208229047383,315.06997568865256,323.05332204514883,312.1101252603785,210.20456584752947,82.2787997034735,42.770159074424754,19.812170950743315,nan,251.55347352298125,317.60965532119815,325.63626281694263,314.5551924018235,211.9950381991095,83.20650564990962,43.46434594004532,20.211027895515734,nan
mac_p087_h0p35_v225,5,259,mac_shift_grid,mac_base_m_plus_h_plus_v,default,0|5|10|15|35|75|125|175|225,0|5|10|15|35|75|125|175|225,7.0,0.9,0.005,1.5,1.5,10000.0,0.0,one_sided_huber,additive_removal_premium_v1,0.015,2,0,1,1,1,True,5.0,5.0,_FIXEDLEARN_GRID5,7.47457124571971,7.474539598052615,3.164766709584654e-05,87,0.35,225.0,MAC_base(m+h)+v,1.0,7.0,0.9,0.005,0.0,0.03604718228172332,0.0797365378403147,0.11674766733512507,0.16490400630018098,0.17831509232784817,0.16768148584337406,0.17239312762350575,nan,0.0,1.1102230246251565e-16,0.06200670714445661,0.10491097799086593,0.15960001718711453,0.17491327078784824,0.1646423313797029,0.16948885770282415,nan,1.4196,1.5267907982660305,1.6264217809806425,1.7192826755438073,2.0750387106534127,2.5060508819495637,2.69472737792165,2.791685863941094,nan,1.4196,1.5307992167000002,1.630406417241651,1.7232987993637874,2.079201633014213,2.5105488494525066,2.6993834188440204,2.796500840515411,nan,425.6,446.9027073728165,461.7767492740189,473.5998978112317,512.4697187295037,529.4681130355059,508.1747778028234,485.5190344039487,nan,425.6,447.78084386976184,462.48888194168944,474.24886062013024,513.0307308772717,529.9736633688856,508.6367973824484,485.96586657037903,nan,0.0,0.0006076021351751269,0.0013172808759024915,0.0021059735823695984,0.006310966840051205,0.029881073718596163,0.03659608143244501,0.0396332051365497,nan,0.0,0.0006332068992394159,0.0013498911277319984,0.0021453845650052728,0.006376228980850421,0.03006650307769098,0.03680297570137272,0.039855842458588205,nan,333.0259490937681,346.98208183234044,352.7564795177939,339.2405243424756,235.4749396128628,99.6714293768922,52.28449756159702,25.706540698117102,nan,320.821045293711,347.0927700089413,353.0965390679407,339.62525404525877,235.80074431702906,99.91951136711967,52.46977830662264,25.830293567936653,nan
mac_p033_h0p1_v250,15,99,mac_shift_grid,mac_base_m_plus_h_plus_v,default,0|5|10|15|35|75|125|175|225,0|5|10|15|35|75|125|175|225,7.0,0.9,0.005,1.5,1.5,10000.0,0.0,one_sided_huber,additive_removal_premium_v1,0.015,2,0,1,1,1,True,5.0,5.0,_FIXEDLEARN_GRID5,7.502211668276086,7.495453570114651,0.006758098161435022,33,0.1,250.0,MAC_base(m+h)+v,1.0,7.0,0.9,0.005,0.0,0.12943313911468401,0.16100136984462593,0.2079072343480644,0.26701292282865874,0.2855860152249442,0.27483775317087017,0.2815284819659886,nan,0.0,1.1102230246251565e-16,0.0,0.0,0.17496240124387757,0.2274891180795437,0.22261720211313812,0.23095593473851833,nan,1.4196,1.5164063530154253,1.6081581662905835,1.6883527340836717,1.9948968621706622,2.364214774579323,2.5305619918811457,2.610750830717491,nan,1.4196,1.5307992167000002,1.6443419239000001,1.7588945192,2.0671442153344595,2.441031842232387,2.6105648432070487,2.6945948386279746,nan,425.6,444.6277551627859,458.1889655878545,467.7323000128011,499.4193532782525,510.8378936130322,490.0395979552369,467.23429003096726,nan,425.6,447.78084386976184,465.5475315098372,481.5023071324044,509.61266370878775,519.6176684483062,498.075373481126,475.1334100509613,nan,0.0,0.0005416892992821696,0.001154010247113791,0.0017735303791316741,0.004980799629076352,0.02291220824823756,0.02785578098868907,0.029834433047168707,nan,0.0,0.0006332068992394159,0.0014976455049262696,0.002605083858391802,0.006166734289772764,0.026479288500135992,0.03175657789917308,0.03396901793652614,nan,313.57225299129516,317.4062218837213,327.121952706845,311.32877516364636,212.2880977301949,85.77540560311743,40.97673412463209,18.17099436019643,nan,285.98446518354956,265.1695155383947,245.86955073149755,321.56298113275943,219.4076930177028,89.73632345157458,43.560059677159465,19.9700519060272,nan
mac_p074_h0p3_v175,10,221,mac_shift_grid,mac_base_m_plus_h_plus_v,default,0|5|10|15|35|75|125|175|225,0|5|10|15|35|75|125|175|225,7.0,0.9,0.005,1.5,1.5,10000.0,0.0,one_sided_huber,additive_removal_premium_v1,0.015,2,0,1,1,1,True,5.0,5.0,_FIXEDLEARN_GRID5,7.498002502099912,7.494850629946883,0.0031518721530297,74,0.3,175.0,MAC_base(m+h)+v,1.0,7.0,0.9,0.005,0.0,0.1715698010398542,0.190701324261922,0.21771150446470938,0.26121427715069295,0.2688875604655396,0.25723471524066766,0.26305351777565855,nan,0.0,1.1102230246251565e-16,0.0,0.09231142023555536,0.20639514304639872,0.23489048065350454,0.22711568195928922,0.23422238180571764,nan,1.4196,1.5117207892149935,1.601483341395098,1.6850261989683375,1.9994480238040255,2.3862938595560044,2.5575301719920236,2.641380394159345,nan,1.4196,1.5307992167000002,1.6443419239000001,1.727573760254508,2.0424737152784482,2.431245588619808,2.603673088772548,2.689179410124649,nan,425.6,443.60127435752474,456.9138150260175,467.3549380403189,500.4038198300826,514.0638676504576,493.1866428901604,470.4537051619534,nan,425.6,447.78084386976184,465.54753150983714,474.6277949430356,506.2761887202064,519.098104200483,497.7462773609251,474.8895601403568,nan,0.0,0.000512341983551133,0.0011130359789783021,0.0017648408896056831,0.005136276791394322,0.02480132789817252,0.030188916388709082,0.0323963659681927,nan,0.0,0.0006332068992394159,0.0014976455049262696,0.0022088459496488674,0.0057981013569236226,0.026717435169394503,0.0322902346194119,0.03462192449707083,nan,312.43208229047383,315.06997568865256,323.05332204514883,312.1101252603785,210.20456584752947,82.2787997034735,42.770159074424754,19.812170950743315,nan,251.55347352298125,233.24453187790255,329.3940778711336,317.95409906077435,214.20292649227727,84.36915905835065,44.284728368244544,20.749733227021686,nan
mac_p087_h0p35_v225,10,260,mac_shift_grid,mac_base_m_plus_h_plus_v,default,0|5|10|15|35|75|125|175|225,0|5|10|15|35|75|125|175|225,7.0,0.9,0.005,1.5,1.5,10000.0,0.0,one_sided_huber,additive_removal_premium_v1,0.015,2,0,1,1,1,True,5.0,5.0,_FIXEDLEARN_GRID5,7.47457124571971,7.473448130331384,0.0011231153883262124,87,0.35,225.0,MAC_base(m+h)+v,1.0,7.0,0.9,0.005,0.0,0.03604718228172332,0.0797365378403147,0.11674766733512507,0.16490400630018098,0.17831509232784817,0.16768148584337406,0.17239312762350575,nan,0.0,1.1102230246251565e-16,0.0,0.0636813354622763,0.14132934624557597,0.16280006066948483,0.15386038341842329,0.1590358458571946,nan,1.4196,1.5267907982660305,1.6264217809806425,1.7192826755438073,2.0750387106534127,2.5060508819495637,2.69472737792165,2.791685863941094,nan,1.4196,1.5307992167000002,1.6443419239000001,1.737287791102313,2.0935416670881875,2.5265652173977573,2.7159015627984235,2.813830843766607,nan,425.6,446.9027073728165,461.7767492740189,473.5998978112317,512.4697187295037,529.4681130355059,508.1747778028234,485.5190344039487,nan,425.6,447.78084386976184,465.54753150983714,476.7599023925184,515.0301489218159,531.8231661989296,510.2944638550829,487.6003871182345,nan,0.0,0.0006076021351751269,0.0013172808759024915,0.0021059735823695984,0.006310966840051205,0.029881073718596163,0.03659608143244501,0.0396332051365497,nan,0.0,0.0006332068992394159,0.0014976455049262696,0.0023190597313114984,0.0066369214759120915,0.03087548537910891,0.03769309523932163,0.04081385432855526,nan,333.0259490937681,346.98208183234044,352.7564795177939,339.2405243424756,235.4749396128628,99.6714293768922,52.28449756159702,25.706540698117102,nan,320.821045293711,297.47056750251846,354.69288086109924,341.5423377072343,236.80668449620563,100.78385375345505,52.995544054896904,26.27498092967142,nan
mac_p108_h0p45_v200,5,322,mac_shift_grid,mac_base_m_plus_h_plus_v,default,0|5|10|15|35|75|125|175|225,0|5|10|15|35|75|125|175|225,7.0,0.9,0.005,1.5,1.5,10000.0,0.0,one_sided_huber,additive_removal_premium_v1,0.015,2,0,1,1,1,True,5.0,5.0,_FIXEDLEARN_GRID5,7.466613445490702,7.466608576308973,4.86918172892814e-06,108,0.45,200.0,MAC_base(m+h)+v,1.0,7.0,0.9,0.005,0.0,0.013015739587256103,0.056880447369242526,0.08924785638879257,0.13605237163110245,0.14573901154040855,0.1364889874545236,0.1403148133121866,nan,0.0,1.1102230246251565e-16,0.05048164378175579,0.08499497117503163,0.13417061530777646,0.14455150841986045,0.13544769414233668,0.13933262334793306,nan,1.4196,1.529351876653126,1.6315585027259436,1.7286132106769339,2.097683386679174,2.5491237330771828,2.7425148631270013,2.8448683628722984,nan,1.4196,1.5307992167000002,1.6329965821548538,1.7300561913207497,2.0991603138200414,2.5506938773022876,2.7441101437656426,2.8464967313774885,nan,425.6,447.4637706550795,462.8004015047959,475.39527102166187,516.1395060940968,535.1779039646617,513.393077034482,490.90037643144484,nan,425.6,447.78084386976184,463.0573870550972,475.62805486205366,516.3376586365916,535.3531762811918,513.5494642074624,491.049543984936,nan,0.0,0.0006239607121444614,0.0013648783553066434,0.0022114242173063804,0.006733322654075544,0.03220506788054947,0.03940394728354249,0.04288146476519225,nan,0.0,0.0006332068992394159,0.0013766472726666717,0.0022260531741440472,0.006756776605189558,0.03226975329646485,0.03947449527443378,0.04295702794368709,nan,335.7589128597913,354.27621751753685,358.0849792927153,347.54053847866703,240.99357573077535,104.17377280458373,55.009780554770984,28.06645888129149,nan,330.3620626533901,354.3250564524592,358.234767065746,347.71287971986266,241.12050504737758,104.27857717515131,55.075298198240795,28.106085816513385,nan
mac_p040_h0p15_v150,10,119,mac_shift_grid,mac_base_m_plus_h_plus_v,default,0|5|10|15|35|75|125|175|225,0|5|10|15|35|75|125|175|225,7.0,0.9,0.005,1.5,1.5,10000.0,0.0,one_sided_huber,additive_removal_premium_v1,0.015,2,0,1,1,1,True,5.0,5.0,_FIXEDLEARN_GRID5,7.538069398738209,7.531238865448054,0.006830533290155039,40,0.15,150.0,MAC_base(m+h)+v,1.0,7.0,0.9,0.005,0.0,0.3165659193615876,0.33682561804965483,0.3531960998564077,0.39340459340878786,0.3927408705494082,0.3789072202642436,0.3860350870140332,nan,0.0,1.1102230246251565e-16,0.0,0.13209471811535134,0.2977291484416362,0.33430260652501487,0.3271358079495126,0.33687161089764533,nan,1.4196,1.4955973344330762,1.568643086480714,1.639057018315905,1.895696298130897,2.222532134451178,2.371125640965725,2.4374897809836447,nan,1.4196,1.5307992167000002,1.6443419239000001,1.7140755053281922,1.9707887315320356,2.299800565325456,2.4504404034194662,2.518997695976905,nan,425.6,440.06905976114916,450.3592328453093,458.8754386723091,483.77532700646316,492.99126938395153,472.86453689229063,450.04448484073686,nan,425.6,447.78084386976184,465.5475315098372,471.6650979602563,493.9834919153768,501.5879705874815,480.68112545378403,457.5613085644029,nan,0.0,0.00041489727528182675,0.0008664550152737443,0.0013468479001662642,0.0036859511774143977,0.01798468167047678,0.0217394872734253,0.023021986584059025,nan,0.0,0.0006332068992394159,0.0014976455049262696,0.002062134645601214,0.0046971801745748255,0.020991297662081625,0.025007924927324104,0.026446139631599103,nan,283.33429614699213,287.9425635325807,287.72241883724615,279.9514984043928,181.39747811487894,65.48234902232622,32.18742825383276,13.464493533736942,nan,187.83397254224795,174.162759046064,297.85667972881276,289.4402467364752,187.50940466399732,68.38430293946007,34.22666710825416,14.705978002627853,nan
mac_p081_h0p35_v75,10,242,mac_shift_grid,mac_base_m_plus_h_plus_v,default,0|5|10|15|35|75|125|175|225,0|5|10|15|35|75|125|175|225,7.0,0.9,0.005,1.5,1.5,10000.0,0.0,one_sided_huber,additive_removal_premium_v1,0.015,2,0,1,1,1,True,5.0,5.0,_FIXEDLEARN_GRID5,7.527249705014385,7.51996066084546,0.007289044168924619,81,0.35,75.0,MAC_base(m+h)+v,1.0,7.0,0.9,0.005,0.0,0.28606345950695744,0.3013655801698179,0.31554045531004793,0.3430808496735557,0.34104373247415054,0.3267605448148339,0.3323203683756864,nan,0.0,1.1102230246251565e-16,0.0,0.1176209403772702,0.2583735744133788,0.28893490076779693,0.2808662572313589,0.28888172445078525,nan,1.4196,1.4989891840763343,1.5766124436153954,1.6518333721274283,1.935193709156592,2.290887291922979,2.45101531349153,2.526543181322883,nan,1.4196,1.5307992167000002,1.6443419239000001,1.718986378786842,2.0016775956778474,2.3597868002821096,2.521326212014792,2.5985599217191777,nan,425.6,440.81212264566597,451.9709424235643,461.2983812928523,490.3049948128006,501.96511657247436,481.71978851845,459.1003583929989,nan,425.6,447.78084386976184,465.54753150983714,472.74297284543036,499.31073068731723,509.6412499208955,488.6315279184014,465.7229090081926,nan,0.0,0.0004349405898800529,0.0009321931848645137,0.0014815996137082595,0.004278353082771652,0.02153919665129215,0.026153504591745647,0.027915807924019438,nan,0.0,0.0006332068992394159,0.0014976455049262696,0.002130953740247765,0.005224985760754993,0.0242490908896694,0.029083392238419083,0.030982496238243413,nan,290.34139690012506,294.7374721950406,294.85066435229623,286.6937946056037,185.95979245690307,65.32115691655615,35.960092850438016,16.59556297427145,nan,159.04653026156674,147.47056750251846,305.24034595039836,296.4201977976394,191.47636480456703,67.73967085121257,37.971772435430786,17.877895678166908,nan
mac_p115_h0p5_v100,10,344,mac_shift_grid,mac_base_m_plus_h_plus_v,default,0|5|10|15|35|75|125|175|225,0|5|10|15|35|75|125|175|225,7.0,0.9,0.005,1.5,1.5,10000.0,0.0,one_sided_huber,additive_removal_premium_v1,0.015,2,0,1,1,1,True,5.0,5.0,_FIXEDLEARN_GRID5,7.483552311326064,7.480872280756973,0.002680030569091052,115,0.5,100.0,MAC_base(m+h)+v,1.0,7.0,0.9,0.005,0.0,0.13861350864420918,0.1534283588259029,0.17323901589014867,0.20744687183086608,0.21177006111006594,0.20071410885920166,0.20426579759628238,nan,0.0,1.1102230246251565e-16,0.0,0.0721613871456413,0.16306871117816119,0.18473869990592273,0.176936087011558,0.18168120365808516,nan,1.4196,1.5153855031147254,1.609860139356647,1.7001154705968708,2.041648248788789,2.4618159446887495,2.644120787709335,2.73884430187174,nan,1.4196,1.5307992167000002,1.6443419239000001,1.7344105560436147,2.076479171962675,2.497557438716843,2.6805491575401716,2.776287202746242,nan,425.6,444.40411445000245,458.60389447968987,470.26424148187004,507.33268320100336,524.0147258766989,502.7332167050063,480.39213723971227,nan,425.6,447.78084386976184,465.54753150983714,476.1283855280285,512.0929859980872,527.9945328638746,506.3122027944891,483.84207855499346,nan,0.0,0.0005352942440971669,0.001186189704052456,0.0019275678356535462,0.005852314113324776,0.02874949099904233,0.03508628134384386,0.03804296566011685,nan,0.0,0.0006332068992394159,0.0014976455049262696,0.0022929158105585634,0.006423408661801055,0.030278557809164677,0.03675401768686064,0.03982677536065807,nan,318.9044149382415,321.33441983635714,329.1329027463256,320.8327296506366,216.88503428499286,84.56022620950644,46.388119162450835,23.8440221946584,nan,244.1534392188047,226.3830979529983,334.5234134829618,325.6687864355084,220.39053477575771,86.3312967158603,47.437181245369544,24.637811066011167,nan
mac_p048_h0p2_v75,15,144,mac_shift_grid,mac_base_m_plus_h_plus_v,default,0|5|10|15|35|75|125|175|225,0|5|10|15|35|75|125|175|225,7.0,0.9,0.005,1.5,1.5,10000.0,0.0,one_sided_huber,additive_removal_premium_v1,0.015,2,0,1,1,1,True,5.0,5.0,_FIXEDLEARN_GRID5,7.565889729836642,7.545903179148071,0.01998655068857147,48,0.2,75.0,MAC_base(m+h)+v,1.0,7.0,0.9,0.005,0.0,0.3954827774195917,0.4118750963638892,0.4280977333560889,0.4538947030702114,0.455751494264956,0.4427837444367006,0.4492724815614234,nan,0.0,1.1102230246251565e-16,0.0,0.0,0.2719685580439558,0.34685738618159806,0.3468274419418299,0.3586605902945554,nan,1.4196,1.4868218416326011,1.5517763223366816,1.613643304590336,1.848219648999685,2.1392180233256717,2.273265622963715,2.332648777329596,nan,1.4196,1.5307992167000002,1.6443419239000001,1.7588945192,1.991007351048004,2.2832003438741215,2.420272455461395,2.4828738410186255,nan,425.6,438.14658568971186,447.01283626903273,454.1333796082683,476.33104285102587,482.13182804459314,462.0345215658258,439.5895015333393,nan,425.6,447.78084386976184,465.5475315098372,481.5023071324044,496.07603113192783,498.18495090901223,476.5094924030196,453.402829556082,nan,0.0,0.0003638615321557866,0.0007534163545194022,0.0011619016985828924,0.0031621303420816867,0.015807669072713696,0.018940083043181052,0.019952339260891138,nan,0.0,0.0006332068992394159,0.0014976455049262696,0.002605083858391802,0.005106844547400423,0.021452529414668454,0.024991983372418397,0.026235016475487018,nan,266.0901682255024,271.6728655460529,272.51514931850363,262.12711435586544,168.95188476765756,56.47627923188864,28.103232531963712,11.52979253659932,nan,117.82416476231685,109.24850994506656,101.2970212799208,283.0797991769765,181.6614260625204,61.305892362379154,31.541621445381395,13.725564795490524,nan
mac_p092_h0p4_v75,15,276,mac_shift_grid,mac_base_m_plus_h_plus_v,default,0|5|10|15|35|75|125|175|225,0|5|10|15|35|75|125|175|225,7.0,0.9,0.005,1.5,1.5,10000.0,0.0,one_sided_huber,additive_removal_premium_v1,0.015,2,0,1,1,1,True,5.0,5.0,_FIXEDLEARN_GRID5,7.51481296294522,7.503148716536564,0.01166424640865582,92,0.4,75.0,MAC_base(m+h)+v,1.0,7.0,0.9,0.005,0.0,0.24850279738467473,0.2634365711783619,0.27672882187397135,0.30607779708148775,0.30337004783661947,0.2903755598304585,0.2957219512666826,nan,0.0,1.1102230246251565e-16,0.0,0.0,0.1873894182502821,0.23090521373141043,0.22624314789070982,0.23486279876331503,nan,1.4196,1.5031659002830655,1.5851366820677557,1.6650019466334887,1.964236158484763,2.3407003133361286,2.506757784324174,2.587219539185508,nan,1.4196,1.5307992167000002,1.6443419239000001,1.7588945192,2.0573906683585497,2.436515001166985,2.605009827124623,2.6881176656130013,nan,425.6,441.72712865088516,453.6726343316876,463.77092640898354,494.95529033736506,508.45930031838907,487.78765837171926,465.1632954072489,nan,425.6,447.78084386976184,465.54753150983714,481.5023071324044,507.87854735173244,519.2255704917964,497.51296108051906,474.4927926458361,nan,0.0,0.0004600748309168636,0.0009954206847564448,0.0015979564145635339,0.004682300817841158,0.0235377839968789,0.028600546760440257,0.0306362684798411,nan,0.0,0.0006332068992394159,0.0014976455049262696,0.002605083858391802,0.006151072155316173,0.02765151381915086,0.033095985206232525,0.03538998101166655,nan,298.2385287127224,302.18293625048307,301.9993335130417,295.6316397030659,192.50050574733012,69.71954736019177,39.170098010476174,18.556737503747833,nan,176.25311288321467,163.424794858628,151.5301666886368,309.59331657840045,200.75808005457503,73.03760493411903,41.772333177877904,20.70305229734162,nan
mac_p082_h0p35_v100,15,246,mac_shift_grid,mac_base_m_plus_h_plus_v,default,0|5|10|15|35|75|125|175|225,0|5|10|15|35|75|125|175|225,7.0,0.9,0.005,1.5,1.5,10000.0,0.0,one_sided_huber,additive_removal_premium_v1,0.015,2,0,1,1,1,True,5.0,5.0,_FIXEDLEARN_GRID5,7.516668522329633,7.505103574540292,0.01156494778934114,82,0.35,100.0,MAC_base(m+h)+v,1.0,7.0,0.9,0.005,0.0,0.2526484575096961,0.26872846205791984,0.28247909275263233,0.3152847357589526,0.314102150938506,0.30113371624270635,0.30685829657440356,nan,0.0,1.1102230246251565e-16,0.0,0.0,0.19429963325137345,0.24009426359268987,0.23563667354239412,0.24492248414984108,nan,1.4196,1.5027049061244586,1.583947372330415,1.6630509112404435,1.9570099425031882,2.3265100771867866,2.4902760894634977,2.568756640334978,nan,1.4196,1.5307992167000002,1.6443419239000001,1.7588945192,2.051967073412791,2.424365025874937,2.5906187718615916,2.6714397566017913,nan,425.6,441.6261372493587,453.4302790086228,463.39878477250585,493.7452933790243,506.5612762690224,485.9526776272264,463.27634691378205,nan,425.6,447.78084386976184,465.54753150983714,481.5023071324044,506.9142679226478,517.5628862523597,495.8868929165348,472.75244099346395,nan,0.0,0.0004573001155568808,0.0009847890316373132,0.0015735269832615683,0.004561920942929879,0.02276410112937547,0.027643014230920575,0.02956080518937415,nan,0.0,0.0006332068992394159,0.0014976455049262696,0.002605083858391802,0.006044759823390963,0.026963083961866717,0.03222045986095526,0.03435655140871337,nan,297.172443758229,301.11042140243404,300.7866171381541,294.74886455746764,192.5732403128491,70.37843841146238,38.28580928086033,17.731250882687917,nan,186.0089494335908,172.47056750251846,159.9175563606996,309.35883895836804,201.170993251109,74.03749321191171,41.58527927344551,19.879767848926498,nan
mac_p076_h0p3_v225,15,228,mac_shift_grid,mac_base_m_plus_h_plus_v,default,0|5|10|15|35|75|125|175|225,0|5|10|15|35|75|125|175|225,7.0,0.9,0.005,1.5,1.5,10000.0,0.0,one_sided_huber,additive_removal_premium_v1,0.015,2,0,1,1,1,True,5.0,5.0,_FIXEDLEARN_GRID5,7.481714557875093,7.477047186978814,0.004667370896278555,76,0.3,225.0,MAC_base(m+h)+v,1.0,7.0,0.9,0.005,0.0,0.07058648878364537,0.1060829222920544,0.1442010237082725,0.19099045875406384,0.20599567210182346,0.19497810388360798,0.2000174407201468,nan,0.0,1.1102230246251565e-16,0.0,0.0,0.12732942484268367,0.16583198335763405,0.15885229662570083,0.16544147699142034,nan,1.4196,1.5229500544376555,1.6205006438511496,1.709967902192754,2.054564332987986,2.469450976039755,2.652908453560654,2.7458876344119636,nan,1.4196,1.5307992167000002,1.6443419239000001,1.7588945192,2.1045297337329654,2.5225563387536614,2.7082538593164722,2.8032109755390104,nan,425.6,446.06130386500627,460.63278670097986,471.86264230015644,509.19663628553405,524.6696682819896,503.58004581049613,480.9138460239176,nan,425.6,447.78084386976184,465.54753150983714,481.5023071324044,516.2595624351652,530.7449916021959,509.14370892799184,486.28139063666384,nan,0.0,0.0005830762990701055,0.0012643182594641693,0.0020052244458164292,0.005953693319493026,0.028075028003132982,0.034345745093069646,0.03708638372748857,nan,0.0,0.0006332068992394159,0.0014976455049262696,0.002605083858391802,0.006848312260527095,0.03070531051206205,0.03726258707794437,0.04018203777544316,nan,327.66747014927006,336.3954822397534,344.9919721708822,329.8971917446081,228.61177853582643,94.8348833709942,49.21623291440716,23.463446891668468,nan,305.47831186702933,283.24453187790255,262.62900416201757,336.7909915021022,233.33134085711092,97.44287316186531,51.326121937385196,25.000879302329533,nan
mac_p079_h0p35_v25,15,237,mac_shift_grid,mac_base_m_plus_h_plus_v,default,0|5|10|15|35|75|125|175|225,0|5|10|15|35|75|125|175|225,7.0,0.9,0.005,1.5,1.5,10000.0,0.0,one_sided_huber,additive_removal_premium_v1,0.015,2,0,1,1,1,True,5.0,5.0,_FIXEDLEARN_GRID5,7.550628379076711,7.532021256479699,0.018607122597011916,79,0.35,25.0,MAC_base(m+h)+v,1.0,7.0,0.9,0.005,0.0,0.34580283437589354,0.35949811500399725,0.3733824248357226,0.3968369698640738,0.3974484565273463,0.3849739104407025,0.39070033125224635,nan,0.0,1.1102230246251565e-16,0.0,0.0,0.23825564823364265,0.3027204269860566,0.301742236305682,0.31225467037280774,nan,1.4196,1.4923462123847608,1.563547625895578,1.6322079088876336,1.893002341489622,2.2163076548607297,2.361831359262513,2.42975529268402,nan,1.4196,1.5307992167000002,1.6443419239000001,1.7588945192,2.0174674781533306,2.341559257122776,2.4893438254574507,2.5598100154911427,nan,425.6,439.35682650165336,449.37260059492735,457.6355461962606,483.5728987864341,492.20527856725323,471.7750738591659,449.36116117476445,nan,425.6,447.78084386976184,465.54753150983714,481.5023071324044,500.7804673064229,506.1592160904637,484.30831686556286,461.2972955570398,nan,0.0,0.0003959827894572975,0.0008389826091646785,0.0013244293506128465,0.003761693789834389,0.01922322601462535,0.02313547958793901,0.024570530308919546,nan,0.0,0.0006332068992394159,0.0014976455049262696,0.002605083858391802,0.005550143674766998,0.02427045142152409,0.028577876030459082,0.030228687541763416,nan,276.4856181988499,281.54835488011616,282.4616725329119,273.1583276087062,176.76911248222618,59.33953935731149,32.18244959325989,14.37004698078745,nan,105.12169191751866,97.47056750251845,90.3763186832777,292.4670608476086,188.36627970034584,63.32390687762421,35.76282428106728,16.719870423077094,nan
mac_p052_h0p2_v175,10,155,mac_shift_grid,mac_base_m_plus_h_plus_v,default,0|5|10|15|35|75|125|175|225,0|5|10|15|35|75|125|175|225,7.0,0.9,0.005,1.5,1.5,10000.0,0.0,one_sided_huber,additive_removal_premium_v1,0.015,2,0,1,1,1,True,5.0,5.0,_FIXEDLEARN_GRID5,7.516588704662519,7.512039034887257,0.004549669775261833,52,0.2,175.0,MAC_base(m+h)+v,1.0,7.0,0.9,0.005,0.0,0.23510928852662138,0.2555774761455152,0.27922116723365487,0.3236797896165459,0.329580605632402,0.3174955193046077,0.3242842798566749,nan,0.0,1.1102230246251565e-16,0.0,0.1120179079601866,0.25327921017157773,0.2864799341380092,0.27924411812678807,0.2878660232067456,nan,1.4196,1.5046552479769455,1.5869029502055507,1.6641563075129941,1.9504209475639254,2.306044104651108,2.465209504158072,2.5398661778159557,nan,1.4196,1.5307992167000002,1.6443419239000001,1.7208874569768586,2.005675990539559,2.363032814216631,2.523811359164416,2.600243848430579,nan,425.6,442.0534046093914,453.99995038909447,463.4874529936776,492.5091720436027,503.6671745158526,483.0592297168978,460.2409281523427,nan,425.6,447.78084386976184,465.5475315098372,473.1602355692665,499.9579005341019,509.99723024830007,488.8349526207423,465.81646833412435,nan,0.0,0.0004690401656978093,0.0009993631737476218,0.001566012814654031,0.004409858293109078,0.021272160468966836,0.02575290389128885,0.027462069689846574,nan,0.0,0.0006332068992394159,0.0014976455049262696,0.002131602635562936,0.005213376182114973,0.023593441535903353,0.028294406298204875,0.03013098700381072,nan,297.41970395410215,300.9175939984674,305.16951582098363,295.43620578439277,196.02365308844276,74.71875717949658,37.000647420022055,16.230608937654978,nan,225.673841450413,209.24850994506656,314.51375028605827,304.52132055843333,201.31429003056735,77.05742335727965,38.80957945097831,17.39456732343417,nan
mac_p002_h0_v25,10,5,mac_shift_grid,mac_base_m_plus_h_plus_v,default,0|5|10|15|35|75|125|175|225,0|5|10|15|35|75|125|175|225,7.0,0.9,0.005,1.5,1.5,10000.0,0.0,one_sided_huber,additive_removal_premium_v1,0.015,2,0,1,1,1,True,5.0,5.0,_FIXEDLEARN_GRID5,7.652709806357299,7.632433762224338,0.020276044132961246,2,0.0,25.0,MAC_base(m+h)+v,1.0,7.0,0.9,0.005,0.0,0.5963863316446365,0.6105198064776467,0.6271126835183687,0.6558804453267131,0.6615233319744334,0.6517293156651113,0.6568217543711313,nan,0.0,1.1102230246251565e-16,0.0,0.22899837723699998,0.49052492159394046,0.5656556500069823,0.5692540744600939,0.5806650175264101,nan,1.4196,1.4644815237705302,1.5071325280131582,1.5461186227614134,1.6896878449032062,1.8671417171011886,1.9531571382464243,1.9885537331744962,nan,1.4196,1.5307992167000002,1.6443419239000001,1.681196624897792,1.819469824570787,1.9939001942881096,2.079510735183737,2.1148136586974293,nan,425.6,433.25242386723585,438.11947740416446,441.5090829697066,450.7873349221595,446.62090685264366,426.55801745413726,405.19393244199733,nan,425.6,447.78084386976184,465.54753150983714,464.4485977252222,468.1819885725488,460.3958021573212,438.70416711686266,416.5054108349957,nan,0.0,0.00024075946236127972,0.0004643567732723902,0.0006696288674819611,0.0015588494927631633,0.007608721777817037,0.00890282566708464,0.00933027046780572,nan,0.0,0.0006332068992394159,0.0014976455049262696,0.0017743662383721509,0.0028968133741053897,0.01183273419102435,0.013252126362831473,0.013693590509733478,nan,212.6810998393166,218.94418800051375,221.2275037313698,212.53763739292722,129.30545090577473,38.3336354974208,14.605104477289485,5.136662578250973,nan,26.96241917202404,25.0,242.59483363968215,231.95074575508832,140.71303779487792,42.774039661327095,17.07387370117388,6.19165622361655,nan
mac_p038_h0p15_v100,15,114,mac_shift_grid,mac_base_m_plus_h_plus_v,default,0|5|10|15|35|75|125|175|225,0|5|10|15|35|75|125|175|225,7.0,0.9,0.005,1.5,1.5,10000.0,0.0,one_sided_huber,additive_removal_premium_v1,0.015,2,0,1,1,1,True,5.0,5.0,_FIXEDLEARN_GRID5,7.564425576944978,7.545354648597583,0.019070928347394656,38,0.15,100.0,MAC_base(m+h)+v,1.0,7.0,0.9,0.005,0.0,0.39421717281570534,0.4119499540645938,0.42900464253579046,0.4554639604348616,0.45711223584781474,0.4433302751119903,0.44934203033177994,nan,0.0,1.1102230246251565e-16,0.0,0.0,0.2734072189730472,0.3485042486351838,0.3476178985030942,0.3593484177955153,nan,1.4196,1.4869625758732052,1.5517594986730066,1.6133355952762511,1.8469879917632364,2.137418819179412,2.2724283278476234,2.3325334727232114,nan,1.4196,1.5307992167000002,1.6443419239000001,1.7588945192,1.989878194553966,2.281022824062766,2.419061461370572,2.481733494771636,nan,425.6,438.1774167706183,447.00344051303614,454.0639681814464,476.12172679279377,481.90007459800796,461.9901743327323,439.63075310502336,nan,425.6,447.78084386976184,465.5475315098372,481.5023071324044,495.87527455067357,497.8915547266101,476.42220659711626,453.3111530283486,nan,0.0,0.0003646795262531703,0.0007512015616357403,0.0011524912997139863,0.003115482835627914,0.01534210664464814,0.0184247625303968,0.019427617617155928,nan,0.0,0.0006332068992394159,0.0014976455049262696,0.002605083858391802,0.005051074920570262,0.021011378344548248,0.0245101670494279,0.025707983124854405,nan,265.4721058373487,270.94649890960227,271.616492286179,260.80511580485336,168.25495338278614,56.56367419815324,27.295592683518862,11.163992271781233,nan,133.9091341981999,124.16275904606401,115.12575916675733,281.9401846201343,181.03368120832488,61.559498442996706,31.125655262485466,13.32365047397996,nan
mac_p113_h0p5_v50,10,338,mac_shift_grid,mac_base_m_plus_h_plus_v,default,0|5|10|15|35|75|125|175|225,0|5|10|15|35|75|125|175|225,7.0,0.9,0.005,1.5,1.5,10000.0,0.0,one_sided_huber,additive_removal_premium_v1,0.015,2,0,1,1,1,True,5.0,5.0,_FIXEDLEARN_GRID5,7.49946548741295,7.49474075908334,0.004724728329609462,113,0.5,50.0,MAC_base(m+h)+v,1.0,7.0,0.9,0.005,0.0,0.201770653689182,0.21540237997295414,0.22737277426165714,0.25656354197494513,0.25550367682524866,0.24338964974034408,0.24754484253990144,nan,0.0,1.1102230246251565e-16,0.0,0.08595751532282214,0.19639270733198186,0.2190759803351469,0.2113289101747441,0.21707690985847816,nan,1.4196,1.5083624780567162,1.5959319786122395,1.681748183077721,2.0030982291578763,2.403990341564052,2.5787410687440557,2.667092159938104,nan,1.4196,1.5307992167000002,1.6443419239000001,1.7297296053669164,2.050324290083634,2.452155888490287,2.6278587155116964,2.7176048141112696,nan,425.6,442.8655588515811,455.83146238848474,466.91909633302623,501.2128775415614,516.6534018926764,495.6507048431108,473.22045701788807,nan,425.6,447.78084386976184,465.54753150983714,475.10097579824514,507.59971174922913,521.9873484786135,500.46601299031306,477.86955170452404,nan,0.0,0.0004913627075430356,0.001080291224565812,0.0017558574046274466,0.0052783738607008095,0.026419135961004675,0.03219005028046354,0.03475634060576181,nan,0.0,0.0006332068992394159,0.0014976455049262696,0.002242913680239836,0.006012616885042302,0.02843569393667987,0.03437902944881546,0.037082348244013706,nan,307.7606940360518,311.17839914345905,310.7445071430909,306.68867951265554,201.65318634263298,74.21033810331326,42.22929161802927,21.721086406530215,nan,190.2286008747566,176.3830979529983,318.76004410348855,314.33569264655944,206.22994902855615,76.1266836065492,43.44280920481701,22.660119870692547,nan
mac_p042_h0p15_v200,15,126,mac_shift_grid,mac_base_m_plus_h_plus_v,default,0|5|10|15|35|75|125|175|225,0|5|10|15|35|75|125|175|225,7.0,0.9,0.005,1.5,1.5,10000.0,0.0,one_sided_huber,additive_removal_premium_v1,0.015,2,0,1,1,1,True,5.0,5.0,_FIXEDLEARN_GRID5,7.51484335812823,7.505510274868268,0.009333083259962294,42,0.15,200.0,MAC_base(m+h)+v,1.0,7.0,0.9,0.005,0.0,0.21819593527566772,0.2403534375355857,0.2703164893155673,0.3195996402308042,0.32888786422730776,0.3171390196171048,0.32420205486460796,nan,0.0,1.1102230246251565e-16,0.0,0.0,0.20466225375536606,0.2585543768112063,0.2544576669337897,0.2644800358139159,nan,1.4196,1.5065359996102219,1.590324429932274,1.6671776159258427,1.953623319354521,2.306960063437135,2.46575566828157,2.540002498275637,nan,1.4196,1.5307992167000002,1.6443419239000001,1.7588945192,2.0438338017010738,2.399956635140385,2.561784661428077,2.639015376056813,nan,425.6,442.4654266270713,454.67470084975787,463.9791988198772,492.9473277157797,503.6771713307086,483.061445375125,460.20510276080006,nan,425.6,447.78084386976184,465.5475315098372,481.5023071324044,505.4682258267314,514.1419867469756,492.60569696640295,469.39760666425605,nan,0.0,0.0004803637160535263,0.0010217898318258584,0.0015865820923924722,0.004432717221235639,0.021042748693456712,0.02547842202205121,0.02715720145569085,nan,0.0,0.0006332068992394159,0.0014976455049262696,0.002605083858391802,0.005836331988579405,0.025160203613938933,0.029973644530947724,0.031869342963716726,nan,299.8933419871102,302.99524221819786,309.4451149737934,297.7505425291524,198.71190444355935,76.66072372490305,37.21066405250728,16.075526213892857,nan,241.75881088629603,224.162759046064,207.8474094033198,312.0572816910824,207.72871582846278,80.81488569747894,40.18740722813089,18.021983860565605,nan
mac_p107_h0p45_v175,5,319,mac_shift_grid,mac_base_m_plus_h_plus_v,default,0|5|10|15|35|75|125|175|225,0|5|10|15|35|75|125|175|225,7.0,0.9,0.005,1.5,1.5,10000.0,0.0,one_sided_huber,additive_removal_premium_v1,0.015,2,0,1,1,1,True,5.0,5.0,_FIXEDLEARN_GRID5,7.472348599850288,7.472230227121333,0.00011837272895487416,107,0.45,175.0,MAC_base(m+h)+v,1.0,7.0,0.9,0.005,0.0,0.061923771715823084,0.08919682832817943,0.11977045050935564,0.15890420574787625,0.17049638748955104,0.16009784421473677,0.16364018682475398,nan,0.0,1.1102230246251565e-16,0.0589959990156918,0.09977969302674253,0.15018018648354492,0.16511702310469328,0.1553442143784406,0.159118183970173,nan,1.4196,1.523913341790091,1.6242956570957467,1.718257061780061,2.079747751970636,2.5163889552036247,2.7063456573429843,2.8061973267367017,nan,1.4196,1.5307992167000002,1.631083049578811,1.7250398162285678,2.0865949407746385,2.5235016758167053,2.7136283062876716,2.813694335764255,nan,425.6,446.2723341741304,461.4267024209121,473.5122349932288,513.3690068341789,530.8987778960648,509.47292581965075,487.0751912205667,nan,425.6,447.78084386976184,462.6373933131514,474.60383214248617,514.28291227616,531.6850432344108,510.18682924323497,487.76482244172837,nan,0.0,0.0005892268212094744,0.0013014564263392379,0.0021026261226299342,0.006424199561700851,0.030738095183883644,0.03763614453865788,0.04090980646142846,nan,0.0,0.0006332068992394159,0.001356880318108786,0.0021689056392751502,0.00653214713623826,0.03102357790167492,0.03795066731838541,0.04124626114247376,nan,330.5784136143214,339.25878735160177,349.21668796906516,335.39485267813296,233.51140342281883,96.75759814512392,51.4976197559282,26.40656733973503,nan,303.39964348136607,339.8188909614301,350.08547785140127,336.31140782962063,234.20380205854622,97.16834328833552,51.78499802949996,26.59222615055012,nan
mac_p093_h0p4_v100,15,279,mac_shift_grid,mac_base_m_plus_h_plus_v,default,0|5|10|15|35|75|125|175|225,0|5|10|15|35|75|125|175|225,7.0,0.9,0.005,1.5,1.5,10000.0,0.0,one_sided_huber,additive_removal_premium_v1,0.015,2,0,1,1,1,True,5.0,5.0,_FIXEDLEARN_GRID5,7.505196881385143,7.495473185169687,0.009723696215456101,93,0.4,100.0,MAC_base(m+h)+v,1.0,7.0,0.9,0.005,0.0,0.21495387907648922,0.23063447799807874,0.24490117511033688,0.2787411014650901,0.2793224611714267,0.26699549880984785,0.2722103278071507,nan,0.0,1.1102230246251565e-16,0.0,0.0,0.1744542223107035,0.21617719125485213,0.2112436323848108,0.21921530480848278,nan,1.4196,1.506896513720068,1.5925086875970398,1.675800892739423,1.98569180988713,2.3724965913220224,2.542576470797907,2.6261993583048127,nan,1.4196,1.5307992167000002,1.6443419239000001,1.7588945192,2.0675430678583058,2.4559887347838796,2.627989362665187,2.7140595783473387,nan,425.6,442.5444055567251,455.1395052936374,465.777696093992,498.3452144846756,512.4953641451393,491.6585179668141,469.03989448360755,nan,425.6,447.78084386976184,465.54753150983714,481.5023071324044,509.6835770582967,521.8478508967312,500.09275855913756,477.16240359593587,nan,0.0,0.00048253454900113113,0.0010501474992185397,0.0016908150457573736,0.004979995641556885,0.024738461369417986,0.030095871186833455,0.032312332649290745,nan,0.0,0.0006332068992394159,0.0014976455049262696,0.002605083858391802,0.006309173331228995,0.028447449366869902,0.03413172297340536,0.03659467885085407,nan,304.4072300325768,307.88826610938435,308.4772059782631,303.07961854620737,199.91524399219486,74.61095672458407,41.31809481458035,19.682685233439557,nan,203.2155320552387,188.424794858628,174.71057924777742,316.4487905372609,208.2576348032842,78.01854608321597,43.60539532483693,21.697413062084124,nan
mac_p094_h0p4_v125,10,281,mac_shift_grid,mac_base_m_plus_h_plus_v,default,0|5|10|15|35|75|125|175|225,0|5|10|15|35|75|125|175|225,7.0,0.9,0.005,1.5,1.5,10000.0,0.0,one_sided_huber,additive_removal_premium_v1,0.015,2,0,1,1,1,True,5.0,5.0,_FIXEDLEARN_GRID5,7.496207343571412,7.49259740938948,0.0036099341819326725,94,0.4,125.0,MAC_base(m+h)+v,1.0,7.0,0.9,0.005,0.0,0.18177221031567137,0.19822564210077298,0.21744577816097355,0.25408940628091425,0.2576910436611134,0.24588834133468826,0.251046003924059,nan,0.0,1.1102230246251565e-16,0.0,0.08675195235475641,0.1970305078765579,0.2223218248577642,0.21448266988169243,0.22086094977443108,nan,1.4196,1.5105862892950699,1.5997923117279595,1.6851163584468027,2.005040094909253,2.4010981542964225,2.5749130269466685,2.661287599581102,nan,1.4196,1.5307992167000002,1.6443419239000001,1.7294600572361316,2.0498237019240153,2.447864157424836,2.6230270972341785,2.7113312706565633,nan,425.6,443.3527359871232,456.58863270720303,467.4631475946518,501.41091683705304,516.1251653199347,495.15751008823963,472.52610536028993,nan,425.6,447.78084386976184,465.54753150983714,475.0418133777582,507.51974491399494,521.3606497533085,499.9164842375355,477.1826181149027,nan,0.0,0.000505238222693231,0.0011053057556310013,0.0017759083241877453,0.005261054578154328,0.025852746540831632,0.0314985336100341,0.033890944172155234,nan,0.0,0.0006332068992394159,0.0014976455049262696,0.002233881080305948,0.0059569264346198796,0.027841894111886156,0.03367834887439999,0.03622600069135455,nan,312.3184157101333,315.28688528318384,320.0340909068089,312.2001520450717,208.62145260195513,79.95610218123988,43.63254130077432,20.945229069721975,nan,230.17795122726275,213.424794858628,326.11201772383055,317.88172273272943,212.4116761825897,81.85119527940358,44.75152031992032,21.975610385354106,nan
mac_p097_h0p4_v200,5,289,mac_shift_grid,mac_base_m_plus_h_plus_v,default,0|5|10|15|35|75|125|175|225,0|5|10|15|35|75|125|175|225,7.0,0.9,0.005,1.5,1.5,10000.0,0.0,one_sided_huber,additive_removal_premium_v1,0.015,2,0,1,1,1,True,5.0,5.0,_FIXEDLEARN_GRID5,7.473739693067263,7.473665915111959,7.37779553041662e-05,97,0.4,200.0,MAC_base(m+h)+v,1.0,7.0,0.9,0.005,0.0,0.052087919529557714,0.08622120310966758,0.11987906060259138,0.16308329417002138,0.17573751692562462,0.16510849682566078,0.16919633343065651,nan,0.0,1.1102230246251565e-16,0.060590056055630837,0.1027601740455662,0.155316963584752,0.1707106628999959,0.16059010922593175,0.16486882204507464,nan,1.4196,1.5250070808487808,1.6249644048321605,1.7182202109706959,2.0764677262636724,2.509459012052587,2.6986692447475997,2.796985815244473,nan,1.4196,1.5307992167000002,1.6307247981328488,1.7240285553543013,2.0825632574884896,2.516105635275896,2.705591498229266,2.804160377704486,nan,425.6,446.5119429378838,461.5291599147575,473.4574981093106,512.7773682063507,529.952182890676,508.6242564051661,486.1064620382257,nan,425.6,447.78084386976184,462.55876211176457,474.3962531869082,513.6020894232743,530.7023631386553,509.3143788894032,486.7745660564167,nan,0.0,0.0005962108740910397,0.0013060315282028378,0.002098870096227868,0.006352999244587471,0.03024325169238381,0.037038226884512,0.04018764406251854,nan,0.0,0.0006332068992394159,0.0013531797722130265,0.002155867224591266,0.0064483837788923025,0.030514355026182667,0.03734428455062473,0.040516871234145733,nan,331.21698840478024,342.2596145230908,350.4374185964796,336.6663629371509,234.12581165451155,97.82936470103303,51.705714384340965,26.02141717126782,nan,311.06520874333484,342.4231563395127,350.8938154981032,337.1518978672083,234.5568500520153,98.1608590657878,51.950347237355636,26.179306792718407,nan
mac_p107_h0p45_v175,15,321,mac_shift_grid,mac_base_m_plus_h_plus_v,default,0|5|10|15|35|75|125|175|225,0|5|10|15|35|75|125|175|225,7.0,0.9,0.005,1.5,1.5,10000.0,0.0,one_sided_huber,additive_removal_premium_v1,0.015,2,0,1,1,1,True,5.0,5.0,_FIXEDLEARN_GRID5,7.472348599850288,7.468468756505188,0.0038798433450999426,107,0.45,175.0,MAC_base(m+h)+v,1.0,7.0,0.9,0.005,0.0,0.061923771715823084,0.08919682832817943,0.11977045050935564,0.15890420574787625,0.17049638748955104,0.16009784421473677,0.16364018682475398,nan,0.0,1.1102230246251565e-16,0.0,0.0,0.10580825317501986,0.13614531363258375,0.1292346005623237,0.1340102156032174,nan,1.4196,1.523913341790091,1.6242956570957467,1.718257061780061,2.079747751970636,2.5163889552036247,2.7063456573429843,2.8061973267367017,nan,1.4196,1.5307992167000002,1.6443419239000001,1.7588945192,2.1214209763158802,2.56180874342092,2.753628718194437,2.855320728219957,nan,425.6,446.2723341741304,461.4267024209121,473.5122349932288,513.3690068341789,530.8987778960648,509.47292581965075,487.0751912205667,nan,425.6,447.78084386976184,465.54753150983714,481.5023071324044,519.2627140195443,536.1349730998525,514.2373175176211,491.68962104741775,nan,0.0,0.0005892268212094744,0.0013014564263392379,0.0021026261226299342,0.006424199561700851,0.030738095183883644,0.03763614453865788,0.04090980646142846,nan,0.0,0.0006332068992394159,0.0014976455049262696,0.002605083858391802,0.007192193219073775,0.03299230336352141,0.04012068437543635,0.04357108073134011,nan,330.5784136143214,339.25878735160177,349.21668796906516,335.39485267813296,233.51140342281883,96.75759814512392,51.4976197559282,26.40656733973503,nan,303.39964348136607,281.31715624776984,260.8419096715012,340.93775808834323,236.83080659114015,98.90410494308475,53.04158287354957,27.528963830022704,nan
mac_p094_h0p4_v125,15,282,mac_shift_grid,mac_base_m_plus_h_plus_v,default,0|5|10|15|35|75|125|175|225,0|5|10|15|35|75|125|175|225,7.0,0.9,0.005,1.5,1.5,10000.0,0.0,one_sided_huber,additive_removal_premium_v1,0.015,2,0,1,1,1,True,5.0,5.0,_FIXEDLEARN_GRID5,7.496207343571412,7.488261460432567,0.007945883138845033,94,0.4,125.0,MAC_base(m+h)+v,1.0,7.0,0.9,0.005,0.0,0.18177221031567137,0.19822564210077298,0.21744577816097355,0.25408940628091425,0.2576910436611134,0.24588834133468826,0.251046003924059,nan,0.0,1.1102230246251565e-16,0.0,0.0,0.1590026427035624,0.1987968292804572,0.19346606854565362,0.20074357584895502,nan,1.4196,1.5105862892950699,1.5997923117279595,1.6851163584468027,2.005040094909253,2.4010981542964225,2.5749130269466685,2.661287599581102,nan,1.4196,1.5307992167000002,1.6443419239000001,1.7588945192,2.079670492120508,2.478969453328631,2.6552249197007405,2.744683778114,nan,425.6,443.3527359871232,456.58863270720303,467.4631475946518,501.41091683705304,516.1251653199347,495.15751008823963,472.52610536028993,nan,425.6,447.78084386976184,465.54753150983714,481.5023071324044,511.8397531482848,524.9380871184408,503.1532050526212,480.3091426899561,nan,0.0,0.000505238222693231,0.0011053057556310013,0.0017759083241877453,0.005261054578154328,0.025852746540831632,0.0314985336100341,0.033890944172155234,nan,0.0,0.0006332068992394159,0.0014976455049262696,0.002605083858391802,0.006500029220926972,0.0293766012267189,0.03535771393031578,0.0380138573508492,nan,312.3184157101333,315.28688528318384,320.0340909068089,312.2001520450717,208.62145260195513,79.95610218123988,43.63254130077432,20.945229069721975,nan,230.17795122726275,213.424794858628,197.89099180691807,321.9635509122479,215.25151193621883,83.03303067202577,45.63678849491751,22.81508621226208,nan
mac_p096_h0p4_v175,10,287,mac_shift_grid,mac_base_m_plus_h_plus_v,default,0|5|10|15|35|75|125|175|225,0|5|10|15|35|75|125|175|225,7.0,0.9,0.005,1.5,1.5,10000.0,0.0,one_sided_huber,additive_removal_premium_v1,0.015,2,0,1,1,1,True,5.0,5.0,_FIXEDLEARN_GRID5,7.480417356976101,7.4785967948851955,0.001820562090905753,96,0.4,175.0,MAC_base(m+h)+v,1.0,7.0,0.9,0.005,0.0,0.09908507683647405,0.1174001495051818,0.1487420293814832,0.19018452398165966,0.20121220992745542,0.19039430720443823,0.19453109345566266,nan,0.0,1.1102230246251565e-16,0.0,0.07163634584560194,0.15692582607710562,0.1813100970231783,0.17280205035684926,0.17777279379481264,nan,1.4196,1.5197810337691249,1.6179571884340578,1.708427163856177,2.0551968840385006,2.475775780900584,2.6599309149633754,2.754983425877125,nan,1.4196,1.5307992167000002,1.6443419239000001,1.7345886996790716,2.0813005155216233,2.5020908171335954,2.6868825782560286,2.7827669386001572,nan,425.6,445.3670568061096,460.2029569075139,471.6839472656702,509.3923985909117,525.6231971460741,504.388113922515,481.9158620849719,nan,425.6,447.78084386976184,465.54753150983714,476.16748581278017,512.944218263722,528.5318972326845,507.03495583906613,484.4783184617905,nan,0.0,0.0005628459183818487,0.001244807588915559,0.0019966973190244414,0.006007650199795999,0.028809838681001572,0.03521229615950252,0.038129993602803364,nan,0.0,0.0006332068992394159,0.0014976455049262696,0.002291220814684079,0.006454202704304534,0.030036020508398105,0.0365597805008494,0.039568755260078504,nan,324.6220037900774,326.76849410433545,340.18450404930564,326.8085239179305,225.18436028901272,91.44735462815456,48.53000620479949,24.155168341468233,nan,284.10278957131084,263.424794858628,344.47162686643475,330.9383643330749,228.20018642973437,92.83529028897664,49.384499889762424,24.926971019359833,nan
mac_p046_h0p2_v25,15,138,mac_shift_grid,mac_base_m_plus_h_plus_v,default,0|5|10|15|35|75|125|175|225,0|5|10|15|35|75|125|175|225,7.0,0.9,0.005,1.5,1.5,10000.0,0.0,one_sided_huber,additive_removal_premium_v1,0.015,2,0,1,1,1,True,5.0,5.0,_FIXEDLEARN_GRID5,7.595325294573898,7.569429808575906,0.025895485997991408,46,0.2,25.0,MAC_base(m+h)+v,1.0,7.0,0.9,0.005,0.0,0.45751069080391604,0.4716684909773341,0.48702044466289945,0.5133430568445787,0.5163876834047494,0.5045075021560357,0.5113814284957048,nan,0.0,1.1102230246251565e-16,0.0,0.0,0.3077651980695436,0.39400246182257803,0.3975319379029394,0.411269582259404,nan,1.4196,1.4799243862507288,1.538338239794744,1.5936511515875313,1.8015606389669467,2.0590434447811736,2.178703683036333,2.229678622105913,nan,1.4196,1.5307992167000002,1.6443419239000001,1.7588945192,1.9629117742986208,2.2208640291487716,2.342592228620302,2.395653620161975,nan,425.6,436.6355390246372,444.34288085714394,450.4096515961469,468.8204478086831,471.6679527819487,451.54621403133467,429.23245163887105,nan,425.6,447.78084386976184,465.5475315098372,481.5023071324044,491.0808227915835,489.6623014460182,467.5996672198753,444.37760164450606,nan,0.0,0.0003249526326339523,0.0006640382978533948,0.0010146701286807517,0.0026796246983074794,0.01357160785625178,0.016105955500437984,0.01686763599009853,nan,0.0,0.0006332068992394159,0.0014976455049262696,0.002605083858391802,0.004768938263064783,0.019685060422795934,0.02259407932241956,0.023520193747852913,nan,250.17463124437631,256.07987930918114,257.7982897088622,249.06702461268102,159.54509348887467,50.63186488472387,24.815094397177717,9.82361620069557,nan,63.89932641826878,59.24850994506656,54.93619616163956,273.3365165911933,173.64681334213654,55.92784512206518,28.944430755614817,12.159735592677016,nan
mac_p108_h0p45_v200,10,323,mac_shift_grid,mac_base_m_plus_h_plus_v,default,0|5|10|15|35|75|125|175|225,0|5|10|15|35|75|125|175|225,7.0,0.9,0.005,1.5,1.5,10000.0,0.0,one_sided_huber,additive_removal_premium_v1,0.015,2,0,1,1,1,True,5.0,5.0,_FIXEDLEARN_GRID5,7.466613445490702,7.4657768792876675,0.0008365662030342946,108,0.45,200.0,MAC_base(m+h)+v,1.0,7.0,0.9,0.005,0.0,0.013015739587256103,0.056880447369242526,0.08924785638879257,0.13605237163110245,0.14573901154040855,0.1364889874545236,0.1403148133121866,nan,0.0,1.1102230246251565e-16,0.0,0.05167634009521846,0.11995199538889127,0.13552021303173337,0.12749318773466203,0.131758308937182,nan,1.4196,1.529351876653126,1.6315585027259436,1.7286132106769339,2.097683386679174,2.5491237330771828,2.7425148631270013,2.8448683628722984,nan,1.4196,1.5307992167000002,1.6443419239000001,1.7413610202333771,2.11032002956196,2.5626352659635145,2.756296594896742,2.8590541545682777,nan,425.6,447.4637706550795,462.8004015047959,475.39527102166187,516.1395060940968,535.1779039646617,513.393077034482,490.90037643144484,nan,425.6,447.78084386976184,465.54753150983714,477.6539248956233,517.8767088220346,536.7099841842398,514.7583438107366,492.21530393691745,nan,0.0,0.0006239607121444614,0.0013648783553066434,0.0022114242173063804,0.006733322654075544,0.03220506788054947,0.03940394728354249,0.04288146476519225,nan,0.0,0.0006332068992394159,0.0014976455049262696,0.0023687034725754274,0.006968449028149461,0.032891627805812666,0.04014541671725494,0.043672597695398885,nan,335.7589128597913,354.27621751753685,358.0849792927153,347.54053847866703,240.99357573077535,104.17377280458373,55.009780554770984,28.06645888129149,nan,330.3620626533901,306.31715624776984,359.89420291901024,349.8066728628044,242.10868596797928,105.03429059807911,55.53240665932806,28.427347947902184,nan
mac_p116_h0p5_v125,15,348,mac_shift_grid,mac_base_m_plus_h_plus_v,default,0|5|10|15|35|75|125|175|225,0|5|10|15|35|75|125|175|225,7.0,0.9,0.005,1.5,1.5,10000.0,0.0,one_sided_huber,additive_removal_premium_v1,0.015,2,0,1,1,1,True,5.0,5.0,_FIXEDLEARN_GRID5,7.476607973578735,7.471677697635126,0.004930275943609175,116,0.5,125.0,MAC_base(m+h)+v,1.0,7.0,0.9,0.005,0.0,0.1035454282781677,0.11876440858054566,0.14362765646668824,0.17967554384147577,0.1875125831451706,0.17699081376614748,0.18026079897454822,nan,0.0,1.1102230246251565e-16,0.0,0.0,0.11706638696761137,0.14893008978077066,0.1426736245359792,0.14723912350074167,nan,1.4196,1.519285046182602,1.6176505822247624,1.7101624425553124,2.0634450284977355,2.4938897458292564,2.680465315138621,2.778642085544352,nan,1.4196,1.5307992167000002,1.6443419239000001,1.7588945192,2.112584846394232,2.544904415262969,2.7330398845810002,2.8333885788777815,nan,425.6,445.2583992872072,460.1557608054378,472.0861074383476,510.8051243312382,528.0865469777852,506.6700684123268,484.3650057628195,nan,425.6,447.78084386976184,465.54753150983714,481.5023071324044,517.6917083671349,533.8593613384195,511.90313133337446,489.4824761931946,nan,0.0,0.0005597259670936706,0.001247557672037823,0.002024889196627884,0.006187481209659931,0.030029708332941288,0.03669847664939904,0.03988765025492712,nan,0.0,0.0006332068992394159,0.0014976455049262696,0.002605083858391802,0.0070694301154527435,0.03248976522608085,0.03939448310555088,0.04277394378942813,nan,324.65535328536083,326.4157635928067,339.0549068140513,327.83579908613257,225.19178277798835,90.25625920391212,48.77166942294236,25.272176698450664,nan,271.11585839082875,251.3830979529983,233.08655683781436,335.31694497375054,230.22122067978955,92.6393472558913,50.256243636032295,26.507427658928027,nan
mac_p048_h0p2_v75,5,142,mac_shift_grid,mac_base_m_plus_h_plus_v,default,0|5|10|15|35|75|125|175|225,0|5|10|15|35|75|125|175|225,7.0,0.9,0.005,1.5,1.5,10000.0,0.0,one_sided_huber,additive_removal_premium_v1,0.015,2,0,1,1,1,True,5.0,5.0,_FIXEDLEARN_GRID5,7.565889729836642,7.561379453391707,0.0045102764449351795,48,0.2,75.0,MAC_base(m+h)+v,1.0,7.0,0.9,0.005,0.0,0.3954827774195917,0.4118750963638892,0.4280977333560889,0.4538947030702114,0.455751494264956,0.4427837444367006,0.4492724815614234,nan,0.0,1.1102230246251565e-16,0.2222939548064326,0.3042704828443601,0.40121236976578345,0.42409417645066017,0.4149294768851906,0.4229962432104305,nan,1.4196,1.4868218416326011,1.5517763223366816,1.613643304590336,1.848219648999685,2.1392180233256717,2.273265622963715,2.332648777329596,nan,1.4196,1.5307992167000002,1.5943831528254628,1.655657212016571,1.8895682375161802,2.181076064696954,2.3159388767034503,2.3762120395526565,nan,425.6,438.14658568971186,447.01283626903273,454.1333796082683,476.33104285102587,482.13182804459314,462.0345215658258,439.5895015333393,nan,425.6,447.78084386976184,454.5822772626387,460.84834363593325,481.7924052157375,486.69925007848894,466.18591474898824,443.5600899179143,nan,0.0,0.0003638615321557866,0.0007534163545194022,0.0011619016985828924,0.0031621303420816867,0.015807669072713696,0.018940083043181052,0.019952339260891138,nan,0.0,0.0006332068992394159,0.001065961046883423,0.001514365819797664,0.003659203834100731,0.01727405961590684,0.020516440494325078,0.02159022876148141,nan,266.0901682255024,271.6728655460529,272.51514931850363,262.12711435586544,168.95188476765756,56.47627923188864,28.103232531963712,11.52979253659932,nan,117.82416476231685,278.60707796227973,279.25462225970347,268.0476381117952,172.6646439379082,57.83503155519507,29.054931962201323,12.087039774375542,nan
mac_p030_h0p1_v175,15,90,mac_shift_grid,mac_base_m_plus_h_plus_v,default,0|5|10|15|35|75|125|175|225,0|5|10|15|35|75|125|175|225,7.0,0.9,0.005,1.5,1.5,10000.0,0.0,one_sided_huber,additive_removal_premium_v1,0.015,2,0,1,1,1,True,5.0,5.0,_FIXEDLEARN_GRID5,7.535555134558653,7.522818456945981,0.012736677612672054,30,0.1,175.0,MAC_base(m+h)+v,1.0,7.0,0.9,0.005,0.0,0.3023356165436989,0.3242586090616183,0.3443044060457505,0.38983047584504515,0.39275721739257285,0.3795744241637084,0.38698340476976645,nan,0.0,1.1102230246251565e-16,0.0,0.0,0.2431376570410056,0.30300183832402516,0.2999475525898815,0.3116126803171024,nan,1.4196,1.4971797329598293,1.571467420258354,1.6420739212922657,1.8985015025928704,2.2225105202752236,2.3701034722353738,2.4359175690668566,nan,1.4196,1.5307992167000002,1.6443419239000001,1.7588945192,2.0136357539177494,2.3411871685113486,2.492093314146942,2.560874368035358,nan,425.6,440.41572065046114,450.91500872409796,459.3955893143929,484.1480832609308,492.87437752682456,472.6741628126816,449.8302751299327,nan,425.6,447.78084386976184,465.5475315098372,481.5023071324044,500.09921199601547,506.21537510496063,484.76541298952577,461.3734308128445,nan,0.0,0.0004241062327879669,0.0008835300057845339,0.0013644783621117064,0.003699488320544361,0.01771213480899022,0.021397607824444484,0.02265611559806559,nan,0.0,0.0006332068992394159,0.0014976455049262696,0.002605083858391802,0.005375724339646139,0.022711493950637617,0.026803844952404593,0.028277925544968982,nan,284.95578703044845,289.2391686552141,290.6206583878892,281.55669429706575,183.79218175837008,67.37004671484749,32.15294818484576,13.270445971279877,nan,205.09720766747748,190.1695155383947,176.3283130540757,298.5151614133992,194.1253060102347,72.16431318515671,35.636311275621075,15.265688272073007,nan
mac_p076_h0p3_v225,5,226,mac_shift_grid,mac_base_m_plus_h_plus_v,default,0|5|10|15|35|75|125|175|225,0|5|10|15|35|75|125|175|225,7.0,0.9,0.005,1.5,1.5,10000.0,0.0,one_sided_huber,additive_removal_premium_v1,0.015,2,0,1,1,1,True,5.0,5.0,_FIXEDLEARN_GRID5,7.481714557875093,7.48159563666418,0.00011892121091339192,76,0.3,225.0,MAC_base(m+h)+v,1.0,7.0,0.9,0.005,0.0,0.07058648878364537,0.1060829222920544,0.1442010237082725,0.19099045875406384,0.20599567210182346,0.19497810388360798,0.2000174407201468,nan,0.0,1.1102230246251565e-16,0.07198589410227962,0.1220385133693675,0.18167085580553777,0.20045684247657097,0.19002833516817666,0.19529190249316633,nan,1.4196,1.5229500544376555,1.6205006438511496,1.709967902192754,2.054564332987986,2.469450976039755,2.652908453560654,2.7458876344119636,nan,1.4196,1.5307992167000002,1.628163675565792,1.7174875204824578,2.0618789753602007,2.4767745452998646,2.6604915909005964,2.7537220838554957,nan,425.6,446.06130386500627,460.63278670097986,471.86264230015644,509.19663628553405,524.6696682819896,503.58004581049613,480.9138460239176,nan,425.6,447.78084386976184,461.99663138873063,473.0633808523817,510.15873351054915,525.4644142151432,504.322076600375,481.63434310971945,nan,0.0,0.0005830762990701055,0.0012643182594641693,0.0020052244458164292,0.005953693319493026,0.028075028003132982,0.034345745093069646,0.03708638372748857,nan,0.0,0.0006332068992394159,0.0013267268590133321,0.0020780909001842664,0.006065205673315866,0.02836845053161554,0.034672504744369594,0.03743641011341411,nan,327.66747014927006,336.3954822397534,344.9919721708822,329.8971917446081,228.61177853582643,94.8348833709942,49.21623291440716,23.463446891668468,nan,305.47831186702933,337.23841506275267,346.42969910493053,331.19229017868116,229.42731439378258,95.22901340061529,49.503019633489735,23.630250072244365,nan
mac_p052_h0p2_v175,15,156,mac_shift_grid,mac_base_m_plus_h_plus_v,default,0|5|10|15|35|75|125|175|225,0|5|10|15|35|75|125|175|225,7.0,0.9,0.005,1.5,1.5,10000.0,0.0,one_sided_huber,additive_removal_premium_v1,0.015,2,0,1,1,1,True,5.0,5.0,_FIXEDLEARN_GRID5,7.516588704662519,7.5064865879393325,0.010102116723186505,52,0.2,175.0,MAC_base(m+h)+v,1.0,7.0,0.9,0.005,0.0,0.23510928852662138,0.2555774761455152,0.27922116723365487,0.3236797896165459,0.329580605632402,0.3174955193046077,0.3242842798566749,nan,0.0,1.1102230246251565e-16,0.0,0.0,0.20442811162817043,0.25657019474074616,0.25249804662644393,0.2625015472524923,nan,1.4196,1.5046552479769455,1.5869029502055507,1.6641563075129941,1.9504209475639254,2.306044104651108,2.465209504158072,2.5398661778159557,nan,1.4196,1.5307992167000002,1.6443419239000001,1.7588945192,2.044017571968344,2.402580166788918,2.5647868360303803,2.6422955037088505,nan,425.6,442.0534046093914,453.99995038909447,463.4874529936776,492.5091720436027,503.6671745158526,483.0592297168978,460.2409281523427,nan,425.6,447.78084386976184,465.5475315098372,481.5023071324044,505.5008989688407,514.5298500486094,492.95046520910125,469.73531474651094,nan,0.0,0.0004690401656978093,0.0009993631737476218,0.001566012814654031,0.004409858293109078,0.021272160468966836,0.02575290389128885,0.027462069689846574,nan,0.0,0.0006332068992394159,0.0014976455049262696,0.002605083858391802,0.005857887168085291,0.02547818766603396,0.030357135726055123,0.03228001140515804,nan,297.41970395410215,300.9175939984674,305.16951582098363,295.43620578439277,196.02365308844276,74.71875717949658,37.000647420022055,16.230608937654978,nan,225.673841450413,209.24850994506656,194.0186715164833,310.0999835452179,205.15923244123235,78.63615286200704,40.14003522248666,18.221434550745407,nan
mac_p025_h0p1_v50,15,75,mac_shift_grid,mac_base_m_plus_h_plus_v,default,0|5|10|15|35|75|125|175|225,0|5|10|15|35|75|125|175|225,7.0,0.9,0.005,1.5,1.5,10000.0,0.0,one_sided_huber,additive_removal_premium_v1,0.015,2,0,1,1,1,True,5.0,5.0,_FIXEDLEARN_GRID5,7.607828681657216,7.580946357984963,0.026882323672252184,25,0.1,50.0,MAC_base(m+h)+v,1.0,7.0,0.9,0.005,0.0,0.4963301701352604,0.5117360139704094,0.5285151467702949,0.5566683560344046,0.5588344050507567,0.5469219020957571,0.5528961914011951,nan,0.0,1.1102230246251565e-16,0.0,0.0,0.33592672249413313,0.42955068212630604,0.43421776789693606,0.448146932672985,nan,1.4196,1.4756076905563815,1.529333387591373,1.5795722265866554,1.767556071283845,2.0029194029038315,2.1137240368295447,2.160851475753294,nan,1.4196,1.5307992167000002,1.6443419239000001,1.7588945192,1.9408087425535991,2.17386134607633,2.286388857661379,2.3345148199768326,nan,425.6,435.6898672845591,442.54137353652436,447.7591223922676,463.3219787801421,464.38075807808184,444.39614276705584,422.4197457722577,nan,425.6,447.78084386976184,465.5475315098372,481.5023071324044,487.1510494502317,483.26290291385794,461.2410062000573,438.16594984657144,nan,0.0,0.00030067993578505685,0.0006032362302153368,0.00090333179449267,0.0022930000513211647,0.011455867167720263,0.013506207870475287,0.014162912795836643,nan,0.0,0.0006332068992394159,0.0014976455049262696,0.002605083858391802,0.004435246232869143,0.01773692618388173,0.02013829402987364,0.02088184641348121,nan,239.6114295484682,245.72174836308042,247.37936416131924,238.24405767291302,148.75501283048487,47.753595401152396,20.48386325402824,7.862456707100428,nan,70.28511180735727,65.1695155383947,60.42625025837258,265.44084944961315,166.11048851341616,53.31128674444751,24.982137420158622,9.982824349474381,nan
mac_p102_h0p45_v50,15,306,mac_shift_grid,mac_base_m_plus_h_plus_v,default,0|5|10|15|35|75|125|175|225,0|5|10|15|35|75|125|175|225,7.0,0.9,0.005,1.5,1.5,10000.0,0.0,one_sided_huber,additive_removal_premium_v1,0.015,2,0,1,1,1,True,5.0,5.0,_FIXEDLEARN_GRID5,7.5120118182786335,7.500466916015364,0.011544902263269208,102,0.45,50.0,MAC_base(m+h)+v,1.0,7.0,0.9,0.005,0.0,0.24027696708455404,0.2541653108173873,0.26687318974556434,0.2936916154873939,0.2905120670489214,0.2775103063696899,0.28227968808718795,nan,0.0,1.1102230246251565e-16,0.0,0.0,0.17937127133748848,0.2208886765627458,0.21606943966306252,0.2239384681466877,nan,1.4196,1.504080606169146,1.5872203229582589,1.6683459085979084,1.973957655121316,2.3577014343698117,2.526467590885848,2.6095054093293824,nan,1.4196,1.5307992167000002,1.6443419239000001,1.7588945192,2.0636838417350223,2.4497590994087384,2.6205961365427246,2.706229066221664,nan,425.6,441.9275160694568,454.09289640557586,464.4046840174661,496.55462034059565,510.69264783348206,489.96667313697844,467.44181149252006,nan,425.6,447.78084386976184,465.54753150983714,481.5023071324044,508.997432093548,521.0268471889219,499.26697534168204,476.381698244184,nan,0.0,0.0004655808535627256,0.0010123916789693804,0.001633809003538358,0.004841019649688199,0.0244316546491175,0.02971416797370903,0.03191876279084187,nan,0.0,0.0006332068992394159,0.0014976455049262696,0.002605083858391802,0.006268894257563657,0.028382871055069443,0.034018251846701736,0.036487915115234686,nan,299.50703892537757,303.3667298762862,303.30309050085924,296.8049949837415,193.09448300849664,69.28908988018298,39.743519581963156,19.55993302951316,nan,168.58754762124588,156.31715624776984,144.93984687579805,310.63871062503904,201.26033343353205,72.50349729756897,41.97870070307893,21.66046572585075,nan
mac_p120_h0p5_v225,15,360,mac_shift_grid,mac_base_m_plus_h_plus_v,default,0|5|10|15|35|75|125|175|225,0|5|10|15|35|75|125|175|225,7.0,0.9,0.005,1.5,1.5,10000.0,0.0,one_sided_huber,additive_removal_premium_v1,0.015,2,0,1,1,1,True,5.0,5.0,_FIXEDLEARN_GRID5,7.455550840488525,7.453831716444147,0.0017191240443779066,120,0.5,225.0,MAC_base(m+h)+v,1.0,7.0,0.9,0.005,0.0,1.1102230246251565e-16,0.03185737678048978,0.05421827409721777,0.10240208879431806,0.10808167506503759,0.10142634385033908,0.10493697634176746,nan,0.0,1.1102230246251565e-16,0.0,0.0,0.07852095801020259,0.09309325144136477,0.08817143063809185,0.09222503029911273,nan,1.4196,1.5307992167000002,1.6371822357519457,1.7404985559583308,2.1240943599829123,2.598915138570373,2.796231482475916,2.9035211261879734,nan,1.4196,1.5307992167000002,1.6443419239000001,1.7588945192,2.142837854968128,2.6187331806360428,2.816538254993211,2.9245962067008064,nan,425.6,447.78084386976184,463.9760797069708,477.75201191642566,520.3963589547108,541.7676556774937,519.1959341057423,496.7626283263244,nan,425.6,447.78084386976184,465.54753150983714,481.5023071324044,523.0704938641136,544.0415502723162,521.224329303448,498.73478861561074,nan,0.0,0.0006332068992394159,0.0014212573676475756,0.0023511541038564775,0.007250814227473137,0.03482816559533104,0.042500448726184324,0.04642484163047145,nan,0.0,0.0006332068992394159,0.0014976455049262696,0.002605083858391802,0.007641587077084838,0.03595307444461819,0.043720911614412036,0.047736434782115804,nan,378.96553507892486,382.4422413039748,377.3725674562788,374.2195867182604,259.4056473788429,119.50831014339383,61.66859935523705,31.505682880362016,nan,378.96553507892486,351.3830979529983,325.80820707437687,377.17820852549823,261.5745919070349,120.91450582581655,62.43017172914665,32.06719351962033,nan
mac_p004_h0_v75,15,12,mac_shift_grid,mac_base_m_plus_h_plus_v,default,0|5|10|15|35|75|125|175|225,0|5|10|15|35|75|125|175|225,7.0,0.9,0.005,1.5,1.5,10000.0,0.0,one_sided_huber,additive_removal_premium_v1,0.015,2,0,1,1,1,True,5.0,5.0,_FIXEDLEARN_GRID5,7.6164888887754065,7.589406014789577,0.027082873985829536,4,0.0,75.0,MAC_base(m+h)+v,1.0,7.0,0.9,0.005,0.0,0.5307945019680624,0.5478614160002955,0.5664236818251305,0.5957596239313228,0.5966154194689721,0.5831575072689539,0.5883069403213808,nan,0.0,1.1102230246251565e-16,0.0,0.0,0.3593380741626615,0.45780323296199443,0.46315208755577,0.4767559965556527,nan,1.4196,1.471775283852485,1.5212144952375155,1.5667100684116486,1.7368746521159149,1.9529644675601765,2.058210418634086,2.1021441478580627,nan,1.4196,1.5307992167000002,1.6443419239000001,1.7588945192,1.9224339613691148,2.1365051667353727,2.2420609440910546,2.2870839763671404,nan,425.6,434.85029021613,440.9146964514179,445.33132664514267,458.3658230835242,457.90927884628127,438.3811490835966,416.64555809198026,nan,425.6,447.78084386976184,465.5475315098372,481.5023071324044,483.8841344819617,478.20047586998817,456.2453829717424,433.3904314215299,nan,0.0,0.000279962908654775,0.0005482381480291834,0.000803554469638755,0.0019554912661146878,0.009544484246418659,0.011289950465922773,0.011865020819705271,nan,0.0,0.0006332068992394159,0.0014976455049262696,0.002605083858391802,0.004159109047541986,0.016182402086234095,0.018186095542237997,0.018837072727547192,nan,231.80818227125147,238.11457726803243,239.81328056048642,229.83778691775473,139.98190867165079,43.76176590121128,17.455443403347214,6.452958025730824,nan,80.88725751607211,75.0,69.54123767742188,257.2277022678643,156.69051228381832,50.801774863852486,21.488904540518405,8.342692472346108,nan
mac_p045_h0p2_v0,5,133,mac_shift_grid,mac_base_m_plus_h_plus_v,default,0|5|10|15|35|75|125|175|225,0|5|10|15|35|75|125|175|225,7.0,0.9,0.005,1.5,1.5,10000.0,0.0,one_sided_huber,additive_removal_premium_v1,0.015,2,0,1,1,1,True,5.0,5.0,_FIXEDLEARN_GRID5,7.611137017661432,7.603510601371441,0.007626416289991056,45,0.2,0.0,MAC_base(m+h)+v,1.0,7.0,0.9,0.005,0.0,0.48521597082045165,0.4983100620934646,0.5129863275509418,0.5389850894125385,0.5445355478032676,0.5348610134877247,0.5419534517243103,nan,0.0,1.1102230246251565e-16,0.26442162138586817,0.36014719960656455,0.47534258915988237,0.5073474591788765,0.5024123202991242,0.5116969014035748,nan,1.4196,1.4768435808144358,1.5323507618463863,1.5848410698374293,1.7814350714972536,2.0218256842804925,2.132201541540285,2.178993396663553,nan,1.4196,1.5307992167000002,1.5849152999889828,1.6366985482682643,1.8313859257979086,2.0709966393591865,2.181913540443121,2.229155600932705,nan,425.6,435.96061754671223,443.1535612133084,448.7720715377825,465.58881834355236,466.76148199917327,446.2753224270617,424.0909142426327,nan,425.6,447.78084386976184,452.50421546699977,457.06719156799886,472.13863071096233,472.05768301606656,451.0649251232185,428.60787831199383,nan,0.0,0.00030762761686688373,0.0006258010001545426,0.0009512064623655507,0.002479678199919487,0.012579451353914705,0.014851665919698932,0.015521449758937714,nan,0.0,0.0006332068992394159,0.000996961102893128,0.0013657097447041756,0.003040558988997682,0.01431792122207411,0.016678535589811725,0.017374509852520727,nan,242.0162939922943,247.96010346198096,249.9254666520074,242.27732540855257,155.63779104921852,48.88668612448298,23.36637362112141,9.042449028481805,nan,36.93690724624474,256.48183661549933,258.200303476881,249.81102733125206,160.03886571360934,50.437406733318994,24.647436105567344,9.694914539887364,nan
mac_p081_h0p35_v75,5,241,mac_shift_grid,mac_base_m_plus_h_plus_v,default,0|5|10|15|35|75|125|175|225,0|5|10|15|35|75|125|175|225,7.0,0.9,0.005,1.5,1.5,10000.0,0.0,one_sided_huber,additive_removal_premium_v1,0.015,2,0,1,1,1,True,5.0,5.0,_FIXEDLEARN_GRID5,7.527249705014385,7.52448924007649,0.0027604649378947244,81,0.35,75.0,MAC_base(m+h)+v,1.0,7.0,0.9,0.005,0.0,0.28606345950695744,0.3013655801698179,0.31554045531004793,0.3430808496735557,0.34104373247415054,0.3267605448148339,0.3323203683756864,nan,0.0,1.1102230246251565e-16,0.1637862701254828,0.22526696853760625,0.3045455826541574,0.3171155646389374,0.305705150858441,0.31235474833721266,nan,1.4196,1.4989891840763343,1.5766124436153954,1.6518333721274283,1.935193709156592,2.290887291922979,2.45101531349153,2.526543181322883,nan,1.4196,1.5307992167000002,1.6075322824435938,1.6824626714183912,1.9654387419677044,2.3225256715564244,2.4832725669709,2.559644096665629,nan,425.6,440.81212264566597,451.9709424235643,461.2983812928523,490.3049948128006,501.96511657247436,481.71978851845,459.1003583929989,nan,425.6,447.78084386976184,457.4683280259182,466.2040035374911,494.3065524012377,505.46111350105673,484.87364887435956,462.1358482944264,nan,0.0,0.0004349405898800529,0.0009321931848645137,0.0014815996137082595,0.004278353082771652,0.02153919665129215,0.026153504591745647,0.027915807924019438,nan,0.0,0.0006332068992394159,0.0011692958053221038,0.0017564720491926409,0.004684166883015602,0.022708632811203434,0.027418348926294245,0.029243345215329522,nan,290.34139690012506,294.7374721950406,294.85066435229623,286.6937946056037,185.95979245690307,65.32115691655615,35.960092850438016,16.59556297427145,nan,159.04653026156674,299.59052335904005,299.56986178531486,291.1207733499543,188.45455464770237,66.39677316144764,36.82203839174787,17.143130781380297,nan
mac_p097_h0p4_v200,15,291,mac_shift_grid,mac_base_m_plus_h_plus_v,default,0|5|10|15|35|75|125|175|225,0|5|10|15|35|75|125|175|225,7.0,0.9,0.005,1.5,1.5,10000.0,0.0,one_sided_huber,additive_removal_premium_v1,0.015,2,0,1,1,1,True,5.0,5.0,_FIXEDLEARN_GRID5,7.473739693067263,7.469884037829403,0.003855655237860134,97,0.4,200.0,MAC_base(m+h)+v,1.0,7.0,0.9,0.005,0.0,0.052087919529557714,0.08622120310966758,0.11987906060259138,0.16308329417002138,0.17573751692562462,0.16510849682566078,0.16919633343065651,nan,0.0,1.1102230246251565e-16,0.0,0.0,0.10959153371576535,0.14092744340276497,0.13391403543303143,0.13923387352941563,nan,1.4196,1.5250070808487808,1.6249644048321605,1.7182202109706959,2.0764677262636724,2.509459012052587,2.6986692447475997,2.796985815244473,nan,1.4196,1.5307992167000002,1.6443419239000001,1.7588945192,2.1184516068800625,2.5554857002958737,2.746459737311095,2.8466604482756646,nan,425.6,446.5119429378838,461.5291599147575,473.4574981093106,512.7773682063507,529.952182890676,508.6242564051661,486.1064620382257,nan,425.6,447.78084386976184,465.54753150983714,481.5023071324044,518.7347797079026,535.2739748948184,513.4399148751204,490.77542220998237,nan,0.0,0.0005962108740910397,0.0013060315282028378,0.002098870096227868,0.006352999244587471,0.03024325169238381,0.037038226884512,0.04018764406251854,nan,0.0,0.0006332068992394159,0.0014976455049262696,0.002605083858391802,0.007122806836242603,0.03252886952954504,0.03955537224269253,0.04288329846017875,nan,331.21698840478024,342.2596145230908,350.4374185964796,336.6663629371509,234.12581165451155,97.82936470103303,51.705714384340965,26.02141717126782,nan,311.06520874333484,288.424794858628,267.4322294843399,342.0616641693978,237.58754022293715,100.19077787976622,53.302219705138455,27.203595606491824,nan
mac_p091_h0p4_v50,5,271,mac_shift_grid,mac_base_m_plus_h_plus_v,default,0|5|10|15|35|75|125|175|225,0|5|10|15|35|75|125|175|225,7.0,0.9,0.005,1.5,1.5,10000.0,0.0,one_sided_huber,additive_removal_premium_v1,0.015,2,0,1,1,1,True,5.0,5.0,_FIXEDLEARN_GRID5,7.525097481537227,7.522193067905098,0.0029044136321285663,91,0.4,50.0,MAC_base(m+h)+v,1.0,7.0,0.9,0.005,0.0,0.28012802731555586,0.2944962727428565,0.30797640715386315,0.3327907847036742,0.3315997298980231,0.31770117959735733,0.32273177044676415,nan,0.0,1.1102230246251565e-16,0.15908102537062035,0.21883881447940123,0.29441430021378867,0.30771023668106945,0.29655481859345284,0.3027703650216942,nan,1.4196,1.4996491994867942,1.5781562649823915,1.6543998122097867,1.9432700344740184,2.3033743716200314,2.464894428780826,2.5424400764701045,nan,1.4196,1.5307992167000002,1.608589748202222,1.6846437088589137,1.9733904442271788,2.3349616147743664,2.49729104546166,2.575534004423467,nan,425.6,440.956714242082,452.2830428575018,461.78776269369223,491.64238490150774,503.577334313685,483.22264486892914,460.72228908134525,nan,425.6,447.78084386976184,457.70042702778846,466.64026753148244,495.64104334706485,507.0746766713007,486.4025815148285,463.7541932023893,nan,0.0,0.0004389115599876049,0.0009453861320514498,0.0015095988786271168,0.004406262208116312,0.022287594575896783,0.027060765991741287,0.028927340273455213,nan,0.0,0.0006332068992394159,0.0011790982381327294,0.001782057659441659,0.004817064855026046,0.023466547059643843,0.028341679389001267,0.03027399152653807,nan,292.39771012064637,296.84296941829945,297.0491385482294,288.54986475545775,187.79197504765244,65.17093187183985,36.96560967509221,17.43445184413909,nan,149.29069371119064,301.26820578194855,301.331369932346,292.5811849184997,189.95561813105436,66.1289994649971,37.81367483393889,17.97916454540411,nan
mac_p030_h0p1_v175,5,88,mac_shift_grid,mac_base_m_plus_h_plus_v,default,0|5|10|15|35|75|125|175|225,0|5|10|15|35|75|125|175|225,7.0,0.9,0.005,1.5,1.5,10000.0,0.0,one_sided_huber,additive_removal_premium_v1,0.015,2,0,1,1,1,True,5.0,5.0,_FIXEDLEARN_GRID5,7.535555134558653,7.533619834535428,0.0019353000232245066,30,0.1,175.0,MAC_base(m+h)+v,1.0,7.0,0.9,0.005,0.0,0.3023356165436989,0.3242586090616183,0.3443044060457505,0.38983047584504515,0.39275721739257285,0.3795744241637084,0.38698340476976645,nan,0.0,1.1102230246251565e-16,0.18102482279240523,0.2502501011879226,0.3501666215590322,0.36890643362458453,0.3583842980293329,0.3669416746309875,nan,1.4196,1.4971797329598293,1.571467420258354,1.6420739212922657,1.8985015025928704,2.2225105202752236,2.3701034722353738,2.4359175690668566,nan,1.4196,1.5307992167000002,1.6036580569519785,1.6739860314376924,1.9296323255268792,2.2540465808964782,2.402567137906604,2.4691446670166073,nan,425.6,440.41572065046114,450.91500872409796,459.3955893143929,484.1480832609308,492.87437752682456,472.6741628126816,449.8302751299327,nan,425.6,447.78084386976184,456.617989504517,464.4989976906116,488.24711480479914,496.3129446000442,475.8470661905429,452.868703647173,nan,0.0,0.0004241062327879669,0.0008835300057845339,0.0013644783621117064,0.003699488320544361,0.01771213480899022,0.021397607824444484,0.02265611559806559,nan,0.0,0.0006332068992394159,0.001128401179463949,0.0016435831422365256,0.004097335884640012,0.018872111604804072,0.02267026834774813,0.02398113614016992,nan,284.95578703044845,289.2391686552141,290.6206583878892,281.55669429706575,183.79218175837008,67.37004671484749,32.15294818484576,13.270445971279877,nan,205.09720766747748,294.02634353534864,294.9767516660683,286.091250225576,186.59612444173098,68.55074734546167,33.1379973052868,13.75822980585939,nan
mac_p030_h0p1_v175,10,89,mac_shift_grid,mac_base_m_plus_h_plus_v,default,0|5|10|15|35|75|125|175|225,0|5|10|15|35|75|125|175|225,7.0,0.9,0.005,1.5,1.5,10000.0,0.0,one_sided_huber,additive_removal_premium_v1,0.015,2,0,1,1,1,True,5.0,5.0,_FIXEDLEARN_GRID5,7.535555134558653,7.529509388996278,0.006045745562374805,30,0.1,175.0,MAC_base(m+h)+v,1.0,7.0,0.9,0.005,0.0,0.3023356165436989,0.3242586090616183,0.3443044060457505,0.38983047584504515,0.39275721739257285,0.3795744241637084,0.38698340476976645,nan,0.0,1.1102230246251565e-16,0.0,0.1311678610578243,0.2985476964030448,0.3373237595015953,0.33038527426805664,0.3403008003624703,nan,1.4196,1.4971797329598293,1.571467420258354,1.6420739212922657,1.8985015025928704,2.2225105202752236,2.3701034722353738,2.4359175690668566,nan,1.4196,1.5307992167000002,1.6443419239000001,1.714389982847893,1.970146280814416,2.2958059266442987,2.4454621608405325,2.513312457554523,nan,425.6,440.41572065046114,450.91500872409796,459.3955893143929,484.1480832609308,492.87437752682456,472.6741628126816,449.8302751299327,nan,425.6,447.78084386976184,465.5475315098372,471.7341218158477,493.8587280756455,501.0057205992324,480.0983239858365,456.96245599827864,nan,0.0,0.0004241062327879669,0.0008835300057845339,0.0013644783621117064,0.003699488320544361,0.01771213480899022,0.021397607824444484,0.02265611559806559,nan,0.0,0.0006332068992394159,0.0014976455049262696,0.0020585694580501925,0.004666322812582881,0.020591708492199944,0.024528968983453425,0.02592599674300875,nan,284.95578703044845,289.2391686552141,290.6206583878892,281.55669429706575,183.79218175837008,67.37004671484749,32.15294818484576,13.270445971279877,nan,205.09720766747748,190.1695155383947,300.4832535549947,291.3178479410209,190.12089021289304,70.26387319903,34.249950570514734,14.447136119604725,nan
mac_p095_h0p4_v150,15,285,mac_shift_grid,mac_base_m_plus_h_plus_v,default,0|5|10|15|35|75|125|175|225,0|5|10|15|35|75|125|175|225,7.0,0.9,0.005,1.5,1.5,10000.0,0.0,one_sided_huber,additive_removal_premium_v1,0.015,2,0,1,1,1,True,5.0,5.0,_FIXEDLEARN_GRID5,7.487898627760865,7.481559844562833,0.006338783198032161,95,0.4,150.0,MAC_base(m+h)+v,1.0,7.0,0.9,0.005,0.0,0.14208063536275306,0.1590893564654396,0.18426110691691727,0.22377768972411244,0.2307477806741063,0.21956077388502276,0.22413293503982945,nan,0.0,1.1102230246251565e-16,0.0,0.0,0.1424049600804637,0.1806264462015551,0.1748047945029404,0.1811842689867213,nan,1.4196,1.5149999613394236,1.6085878758559442,1.6963757355213644,2.0288307400178,2.4367231628143013,2.6152473478564517,2.7059066603983313,nan,1.4196,1.5307992167000002,1.6443419239000001,1.7588945192,2.0926974540271517,2.5029947561388797,2.6838143371341294,2.7771110685944347,nan,425.6,444.3196526330623,458.34027428498774,469.50146623567275,505.18862631012746,520.6588433253805,499.52857524652427,477.0027304307581,nan,425.6,447.78084386976184,465.54753150983714,481.5023071324044,514.1558611017136,528.1586154767022,506.3666659800193,483.6530251168867,nan,0.0,0.0005328791999217291,0.0011718391074188941,0.0018810678149587103,0.005610049731818331,0.02726481133031146,0.03325974910023863,0.03589600242079758,nan,0.0,0.0006332068992394159,0.0014976455049262696,0.002605083858391802,0.006703682908381323,0.03033691449310863,0.03663960408259809,0.03952103880283767,nan,318.3163895041665,320.5969596765577,330.05286863505387,319.55195237830736,216.74830527048363,85.54275811893689,45.8984324529514,22.417810898170963,nan,257.1403703992868,238.424794858628,221.0714043660587,328.03441728428646,222.83355463136263,88.37875240044042,47.715067518045956,24.125291106321853,nan
mac_p081_h0p35_v75,15,243,mac_shift_grid,mac_base_m_plus_h_plus_v,default,0|5|10|15|35|75|125|175|225,0|5|10|15|35|75|125|175|225,7.0,0.9,0.005,1.5,1.5,10000.0,0.0,one_sided_huber,additive_removal_premium_v1,0.015,2,0,1,1,1,True,5.0,5.0,_FIXEDLEARN_GRID5,7.527249705014385,7.513513289053037,0.013736415961347781,81,0.35,75.0,MAC_base(m+h)+v,1.0,7.0,0.9,0.005,0.0,0.28606345950695744,0.3013655801698179,0.31554045531004793,0.3430808496735557,0.34104373247415054,0.3267605448148339,0.3323203683756864,nan,0.0,1.1102230246251565e-16,0.0,0.0,0.2082157568128791,0.25867381853679083,0.2540203699251322,0.2634102777954309,nan,1.4196,1.4989891840763343,1.5766124436153954,1.6518333721274283,1.935193709156592,2.290887291922979,2.45101531349153,2.526543181322883,nan,1.4196,1.5307992167000002,1.6443419239000001,1.7588945192,2.0410447768705264,2.399798706514836,2.562454608543921,2.640788923261401,nan,425.6,440.81212264566597,451.9709424235643,461.2983812928523,490.3049948128006,501.96511657247436,481.71978851845,459.1003583929989,nan,425.6,447.78084386976184,465.54753150983714,481.5023071324044,504.97235559707735,514.1997867095464,492.7369686385197,469.6481875989639,nan,0.0,0.0004349405898800529,0.0009321931848645137,0.0014815996137082595,0.004278353082771652,0.02153919665129215,0.026153504591745647,0.027915807924019438,nan,0.0,0.0006332068992394159,0.0014976455049262696,0.002605083858391802,0.005877132410536517,0.02607548600781268,0.031072707085373342,0.033066749386522,nan,290.34139690012506,294.7374721950406,294.85066435229623,286.6937946056037,185.95979245690307,65.32115691655615,35.960092850438016,16.59556297427145,nan,159.04653026156674,147.47056750251846,136.73714380155897,302.98193843433216,195.36770835682506,69.06417823778177,39.25751454042579,18.80192224897108,nan
mac_p111_h0p5_v0,5,331,mac_shift_grid,mac_base_m_plus_h_plus_v,default,0|5|10|15|35|75|125|175|225,0|5|10|15|35|75|125|175|225,7.0,0.9,0.005,1.5,1.5,10000.0,0.0,one_sided_huber,additive_removal_premium_v1,0.015,2,0,1,1,1,True,5.0,5.0,_FIXEDLEARN_GRID5,7.517769485380367,7.514866191526462,0.002903293853905531,111,0.5,0.0,MAC_base(m+h)+v,1.0,7.0,0.9,0.005,0.0,0.25690361062423295,0.2694413061461865,0.2815232255030354,0.30274086739280026,0.3018854355214832,0.28909439830724215,0.2929768679798557,nan,0.0,1.1102230246251565e-16,0.14463767119446835,0.199121917054773,0.26682863135512774,0.2796397792841089,0.26949766416059295,0.2744642806146337,nan,1.4196,1.5022317364311837,1.5837871663785772,1.6633752317593147,1.966855202174584,2.3426633022435226,2.508720547504383,2.5917706009261874,nan,1.4196,1.5307992167000002,1.6118357754073396,1.6913335440907187,1.9950415063393652,2.3720770259385486,2.5387431071413804,2.6224625396674117,nan,425.6,441.5224785161805,453.4142910379006,463.4849677587001,495.48829174229525,508.69391436917215,487.9875870971181,465.72571272210064,nan,425.6,447.78084386976184,458.412884777086,467.97830786825523,499.2473044275874,511.94968302527286,490.9273363478211,468.5363208281371,nan,0.0,0.00045445226608585186,0.000989587214705749,0.0015985716887271968,0.0047691327698463955,0.024261499463580388,0.02946922946819428,0.03169617706452038,nan,0.0,0.0006332068992394159,0.0012078050624808262,0.001854114587020968,0.0051707893891799065,0.025361854702351576,0.030667942388790132,0.03297128236910282,nan,296.59701882473405,300.8119012351402,301.1538281249914,292.51270504278716,191.0402357306184,65.82839208749718,38.31817796428777,19.644798711928587,nan,136.30376253070852,304.58857658698446,304.67496189385,295.7167569449852,193.07563618684554,66.70720149257056,38.97764394136266,20.182999688102413,nan
mac_p085_h0p35_v175,5,253,mac_shift_grid,mac_base_m_plus_h_plus_v,default,0|5|10|15|35|75|125|175|225,0|5|10|15|35|75|125|175|225,7.0,0.9,0.005,1.5,1.5,10000.0,0.0,one_sided_huber,additive_removal_premium_v1,0.015,2,0,1,1,1,True,5.0,5.0,_FIXEDLEARN_GRID5,7.488994329999489,7.488479007285923,0.0005153227135661353,85,0.35,175.0,MAC_base(m+h)+v,1.0,7.0,0.9,0.005,0.0,0.13534929864785006,0.15334091467946254,0.18271602426090178,0.2257234827107341,0.23500528164113338,0.22397044132023766,0.2289542006126158,nan,0.0,1.1102230246251565e-16,0.08912742393476486,0.14074858084084824,0.2075449913814994,0.22383781259583346,0.21401956924445592,0.2193395555565258,nan,1.4196,1.5157484807094648,1.609879791722352,1.696899973598262,2.0273035526573393,2.4310937960858414,2.6084916556802784,2.697913505001095,nan,1.4196,1.5307992167000002,1.62431125517265,1.711139297135522,2.0415712380591935,2.445859683204035,2.6237365759868783,2.7138535835680972,nan,425.6,444.48363306283306,458.59349838506193,469.55111877868796,504.8880229482468,519.8513207532872,498.7492919794006,476.15347683466734,nan,425.6,447.78084386976184,461.15107878266537,471.8246604069516,506.7833936225302,521.4784236713974,500.2479131889376,477.63421928927494,nan,0.0,0.0005375680259896359,0.0011790925988845566,0.0018802982295647236,0.005562526704912325,0.02679062940075552,0.032671102720671294,0.0352011855436342,nan,0.0,0.0006332068992394159,0.0012964451550199659,0.0020172738599206833,0.0057752387336107,0.027367429591947493,0.033310381480274556,0.03589203632930342,nan,318.44059735716706,320.42691591312956,331.30845032678485,319.3815738651254,217.52430776105632,86.79716467115442,45.88763128667813,21.786322635158303,nan,266.8962069496629,322.77320859742804,333.7913057156594,321.47580553376326,218.96530863930857,87.48224822210369,46.32936860079739,22.158565712007167,nan
mac_p083_h0p35_v125,15,249,mac_shift_grid,mac_base_m_plus_h_plus_v,default,0|5|10|15|35|75|125|175|225,0|5|10|15|35|75|125|175|225,7.0,0.9,0.005,1.5,1.5,10000.0,0.0,one_sided_huber,additive_removal_premium_v1,0.015,2,0,1,1,1,True,5.0,5.0,_FIXEDLEARN_GRID5,7.506750709455845,7.497148012034878,0.00960269742096731,83,0.35,125.0,MAC_base(m+h)+v,1.0,7.0,0.9,0.005,0.0,0.216773571917394,0.23351315992580418,0.25045445353688844,0.2869409742244173,0.2889394325581339,0.276651059872002,0.2822775171599726,nan,0.0,1.1102230246251565e-16,0.0,0.0,0.18043370006739917,0.22433016023310465,0.219473852322237,0.22806905815932277,nan,1.4196,1.506694165301525,1.5918617270823063,1.673916695805703,1.979256006016147,2.3597808082436016,2.527783972433236,2.6095090085002486,nan,1.4196,1.5307992167000002,1.6443419239000001,1.7588945192,2.0628499772186704,2.445208689715236,2.6153805133003947,2.6993809788564658,nan,425.6,442.5000764692436,455.0057065587971,465.39377144029316,497.2689710993984,510.79297298581366,490.01015506355384,467.3281646141196,nan,425.6,447.78084386976184,465.54753150983714,481.5023071324044,508.84917647936527,520.369161399476,498.67255799340205,475.6290891409277,nan,0.0,0.0004813160991419639,0.0010427667757503614,0.001668295909643856,0.004866174229752634,0.024012356989424583,0.02919024879453119,0.03128483597438527,nan,0.0,0.0006332068992394159,0.0014976455049262696,0.002605083858391802,0.006214778066500291,0.02781527068222671,0.033337905043776345,0.03564819809987478,nan,304.1713075757876,307.5467248838827,309.70594033804116,302.78562409519753,200.31040104268567,75.45154580311092,40.66742199316468,18.901321270507616,nan,212.97136860561483,197.47056750251846,183.0979689198402,316.344373599316,208.77924852197143,78.99987138790769,43.55971455373007,20.860587117362265,nan
mac_p117_h0p5_v150,15,351,mac_shift_grid,mac_base_m_plus_h_plus_v,default,0|5|10|15|35|75|125|175|225,0|5|10|15|35|75|125|175|225,7.0,0.9,0.005,1.5,1.5,10000.0,0.0,one_sided_huber,additive_removal_premium_v1,0.015,2,0,1,1,1,True,5.0,5.0,_FIXEDLEARN_GRID5,7.470372830024854,7.466572859425717,0.0037999705991378363,117,0.5,150.0,MAC_base(m+h)+v,1.0,7.0,0.9,0.005,0.0,0.06583571091207086,0.08847785791558749,0.11644917154901693,0.15243404046280978,0.16308028574101713,0.1530197100080522,0.15607945592701494,nan,0.0,1.1102230246251565e-16,0.0,0.0,0.10096382095468132,0.12990920909190026,0.123207978801219,0.12752257564127634,nan,1.4196,1.5234783372156901,1.6244572398894999,1.7193839535280382,2.084825966719781,2.5261946972953817,2.717189490032075,2.8187322298798585,nan,1.4196,1.5307992167000002,1.6443419239000001,1.7588945192,2.1252232079542805,2.570054265779788,2.762861614343275,2.866076558529289,nan,425.6,446.1770363903755,461.47979597135816,473.76096469384623,514.2354768752041,532.2126575244022,510.66148200424936,488.36781452726154,nan,425.6,447.78084386976184,465.54753150983714,481.5023071324044,519.9387257405878,537.2597955644865,515.2606719690058,492.8077187735813,nan,0.0,0.0005864492853126597,0.0013040527185880508,0.002117674382559963,0.006528677496168226,0.03136038954802381,0.03838062459906713,0.041792154586036405,nan,0.0,0.0006332068992394159,0.0014976455049262696,0.002605083858391802,0.007279440998043037,0.033532393794932766,0.0407742145888061,0.04435798048110288,nan,330.6335382256725,337.6112996792273,348.92557986519614,335.23721207146093,233.78942748693487,96.36874604414723,51.65937717383857,26.935825734741464,nan,298.07827756285275,276.3830979529983,256.266969396955,340.6777490662303,236.9704488532559,98.35101498293616,53.08903406581102,28.006078311284416,nan
mac_p096_h0p4_v175,15,288,mac_shift_grid,mac_base_m_plus_h_plus_v,default,0|5|10|15|35|75|125|175|225,0|5|10|15|35|75|125|175|225,7.0,0.9,0.005,1.5,1.5,10000.0,0.0,one_sided_huber,additive_removal_premium_v1,0.015,2,0,1,1,1,True,5.0,5.0,_FIXEDLEARN_GRID5,7.480417356976101,7.475411178712572,0.005006178263529115,96,0.4,175.0,MAC_base(m+h)+v,1.0,7.0,0.9,0.005,0.0,0.09908507683647405,0.1174001495051818,0.1487420293814832,0.19018452398165966,0.20121220992745542,0.19039430720443823,0.19453109345566266,nan,0.0,1.1102230246251565e-16,0.0,0.0,0.12510775409515845,0.16139303436773217,0.15498610429813187,0.16058704823029857,nan,1.4196,1.5197810337691249,1.6179571884340578,1.708427163856177,2.0551968840385006,2.475775780900584,2.6599309149633754,2.754983425877125,nan,1.4196,1.5307992167000002,1.6443419239000001,1.7588945192,2.1062734482534995,2.528425620275055,2.714176937562772,2.811259112043143,nan,425.6,445.3670568061096,460.2029569075139,471.6839472656702,509.3923985909117,525.6231971460741,504.388113922515,481.9158620849719,nan,425.6,447.78084386976184,465.54753150983714,481.5023071324044,516.5695833823714,531.57378024137,509.78502351656,487.16399373796605,nan,0.0,0.0005628459183818487,0.001244807588915559,0.0019966973190244414,0.006007650199795999,0.028809838681001572,0.03521229615950252,0.038129993602803364,nan,0.0,0.0006332068992394159,0.0014976455049262696,0.002605083858391802,0.006920611543662584,0.03138061096325803,0.03803111122177837,0.04114321561534287,nan,324.6220037900774,326.76849410433545,340.18450404930564,326.8085239179305,225.18436028901272,91.44735462815456,48.53000620479949,24.155168341468233,nan,284.10278957131084,263.424794858628,244.2518169251993,334.31986813410515,230.76340093299916,94.07459428031447,50.20450947786533,25.644877715572484,nan
mac_p038_h0p15_v100,10,113,mac_shift_grid,mac_base_m_plus_h_plus_v,default,0|5|10|15|35|75|125|175|225,0|5|10|15|35|75|125|175|225,7.0,0.9,0.005,1.5,1.5,10000.0,0.0,one_sided_huber,additive_removal_premium_v1,0.015,2,0,1,1,1,True,5.0,5.0,_FIXEDLEARN_GRID5,7.564425576944978,7.554015549276322,0.010410027668656063,38,0.15,100.0,MAC_base(m+h)+v,1.0,7.0,0.9,0.005,0.0,0.39421717281570534,0.4119499540645938,0.42900464253579046,0.4554639604348616,0.45711223584781474,0.4433302751119903,0.44934203033177994,nan,0.0,1.1102230246251565e-16,0.0,0.16054990848313627,0.3425836015904492,0.39035842916366104,0.3844784996336864,0.3942944764173206,nan,1.4196,1.4869625758732052,1.5517594986730066,1.6133355952762511,1.8469879917632364,2.137418819179412,2.2724283278476234,2.3325334727232114,nan,1.4196,1.5307992167000002,1.6443419239000001,1.7044208151936104,1.935583982424486,2.2256822538224474,2.362590337793688,2.4237965749177093,nan,425.6,438.1774167706183,447.00344051303614,454.0639681814464,476.12172679279377,481.90007459800796,461.9901743327323,439.63075310502336,nan,425.6,447.78084386976184,465.5475315098372,469.5460150500921,488.04791566260076,491.5768802975393,470.8016101911318,447.9333237196405,nan,0.0,0.0003646795262531703,0.0007512015616357403,0.0011524912997139863,0.003115482835627914,0.01534210664464814,0.0184247625303968,0.019427617617155928,nan,0.0,0.0006332068992394159,0.0014976455049262696,0.0019835862515514362,0.00424364459975235,0.018670535414221753,0.021993381188391496,0.0231026227222569,nan,265.4721058373487,270.94649890960227,271.616492286179,260.80511580485336,168.25495338278614,56.56367419815324,27.295592683518862,11.163992271781233,nan,133.9091341981999,124.16275904606401,286.87783350386627,274.3941826541615,176.4060045434724,59.66238345489063,29.64376787114391,12.409640749684517,nan
mac_p093_h0p4_v100,10,278,mac_shift_grid,mac_base_m_plus_h_plus_v,default,0|5|10|15|35|75|125|175|225,0|5|10|15|35|75|125|175|225,7.0,0.9,0.005,1.5,1.5,10000.0,0.0,one_sided_huber,additive_removal_premium_v1,0.015,2,0,1,1,1,True,5.0,5.0,_FIXEDLEARN_GRID5,7.505196881385143,7.500464915685909,0.004731965699233953,93,0.4,100.0,MAC_base(m+h)+v,1.0,7.0,0.9,0.005,0.0,0.21495387907648922,0.23063447799807874,0.24490117511033688,0.2787411014650901,0.2793224611714267,0.26699549880984785,0.2722103278071507,nan,0.0,1.1102230246251565e-16,0.0,0.09348482913092532,0.21468516104173063,0.24078115604036668,0.23305016302987286,0.24011955302027457,nan,1.4196,1.506896513720068,1.5925086875970398,1.675800892739423,1.98569180988713,2.3724965913220224,2.542576470797907,2.6261993583048127,nan,1.4196,1.5307992167000002,1.6443419239000001,1.7271756290475286,2.035967159448764,2.4234568007163455,2.5945813538680005,2.6794025154046968,nan,425.6,442.5444055567251,455.1395052936374,465.777696093992,498.3452144846756,512.4953641451393,491.6585179668141,469.03989448360755,nan,425.6,447.78084386976184,465.54753150983714,474.54041015647556,505.1327101410674,518.1236174845264,496.7532597310792,473.9189711319888,nan,0.0,0.00048253454900113113,0.0010501474992185397,0.0016908150457573736,0.004979995641556885,0.024738461369417986,0.030095871186833455,0.032312332649290745,nan,0.0,0.0006332068992394159,0.0014976455049262696,0.002208330854348619,0.005742324657539594,0.02684340407646983,0.03239838674137445,0.034749373496076916,nan,304.4072300325768,307.88826610938435,308.4772059782631,303.07961854620737,199.91524399219486,74.61095672458407,41.31809481458035,19.682685233439557,nan,203.2155320552387,188.424794858628,316.85262868769325,311.51315969165955,205.0644725322007,76.73869285389605,42.82110074327284,20.861853495434023,nan
mac_p047_h0p2_v50,10,140,mac_shift_grid,mac_base_m_plus_h_plus_v,default,0|5|10|15|35|75|125|175|225,0|5|10|15|35|75|125|175|225,7.0,0.9,0.005,1.5,1.5,10000.0,0.0,one_sided_huber,additive_removal_premium_v1,0.015,2,0,1,1,1,True,5.0,5.0,_FIXEDLEARN_GRID5,7.580242558598369,7.567124060365014,0.013118498233354536,47,0.2,50.0,MAC_base(m+h)+v,1.0,7.0,0.9,0.005,0.0,0.42657910088355366,0.44170798315497384,0.4574933780608979,0.48325554807585114,0.48562263701872255,0.47329474944571653,0.4803174773030235,nan,0.0,1.1102230246251565e-16,0.0,0.16913816817020388,0.3628213343043549,0.4146155613567777,0.4113553813177896,0.42211794145368015,nan,1.4196,1.4833639548211586,1.5450716219637626,1.603669523453644,1.8251753109363071,2.099721704132451,2.2265221982372774,2.281179412798047,nan,1.4196,1.5307992167000002,1.6443419239000001,1.701506865752322,1.9197000678366751,2.1936089098694227,2.321414457303648,2.3776681722467354,nan,425.6,437.3890558406072,445.6813773599443,452.2759993684923,472.62566384377067,476.97996617122914,456.84512788700533,434.385023718135,nan,425.6,447.78084386976184,465.5475315098372,468.9064398409409,485.3215271445639,487.25459832867784,466.06056394784866,443.16418372602834,nan,0.0,0.0003443049343561863,0.0007076547635217678,0.0010879471682262746,0.0029184793261128683,0.01469320573624518,0.017512703822809124,0.018387926386979243,nan,0.0,0.0006332068992394159,0.0014976455049262696,0.0019651518026408284,0.004102050745509439,0.018181433054619927,0.021232024240040115,0.022212208707567065,nan,257.50736092819193,263.2529424946156,264.50510616285266,254.8405802510599,163.71643165484545,53.30508932945534,26.463952142127603,10.646298383732443,nan,90.86174559029281,84.24850994506656,280.97713231157115,269.7982959596371,172.49949305207218,56.59603031408277,28.79995509070755,11.998302448022484,nan
mac_p102_h0p45_v50,5,304,mac_shift_grid,mac_base_m_plus_h_plus_v,default,0|5|10|15|35|75|125|175|225,0|5|10|15|35|75|125|175|225,7.0,0.9,0.005,1.5,1.5,10000.0,0.0,one_sided_huber,additive_removal_premium_v1,0.015,2,0,1,1,1,True,5.0,5.0,_FIXEDLEARN_GRID5,7.5120118182786335,7.5097607422867565,0.0022510759918770162,102,0.45,50.0,MAC_base(m+h)+v,1.0,7.0,0.9,0.005,0.0,0.24027696708455404,0.2541653108173873,0.26687318974556434,0.2936916154873939,0.2905120670489214,0.2775103063696899,0.28227968808718795,nan,0.0,1.1102230246251565e-16,0.1386974800240648,0.1912109129941134,0.2616830915164503,0.27119155667875594,0.26052220915463287,0.2662007348058243,nan,1.4196,1.504080606169146,1.5872203229582589,1.6683459085979084,1.973957655121316,2.3577014343698117,2.526467590885848,2.6095054093293824,nan,1.4196,1.5307992167000002,1.6131707853993098,1.6940177044098692,1.999080067202933,2.3832474622150226,2.552493670432647,2.636162636620134,nan,425.6,441.9275160694568,454.09289640557586,464.4046840174661,496.55462034059565,510.69264783348206,489.96667313697844,467.44181149252006,nan,425.6,447.78084386976184,458.70590087155045,468.51386048218814,499.8675827342071,513.4836142948403,492.49883322484453,469.87669326189337,nan,0.0,0.0004655808535627256,0.0010123916789693804,0.001633809003538358,0.004841019649688199,0.0244316546491175,0.02971416797370903,0.03191876279084187,nan,0.0,0.0006332068992394159,0.0012161918741481976,0.001870171897867157,0.005202424605789234,0.025406209432458297,0.030779955325038057,0.03305574145096797,nan,299.50703892537757,303.3667298762862,303.30309050085924,296.8049949837415,193.09448300849664,69.28908988018298,39.743519581963156,19.55993302951316,nan,168.58754762124588,308.0360030989522,307.67579826276113,300.8711154853536,195.3804324047193,70.20882820824832,40.36022987214436,20.08292560861969,nan
mac_p097_h0p4_v200,10,290,mac_shift_grid,mac_base_m_plus_h_plus_v,default,0|5|10|15|35|75|125|175|225,0|5|10|15|35|75|125|175|225,7.0,0.9,0.005,1.5,1.5,10000.0,0.0,one_sided_huber,additive_removal_premium_v1,0.015,2,0,1,1,1,True,5.0,5.0,_FIXEDLEARN_GRID5,7.473739693067263,7.472515886220382,0.0012238068468812813,97,0.4,200.0,MAC_base(m+h)+v,1.0,7.0,0.9,0.005,0.0,0.052087919529557714,0.08622120310966758,0.11987906060259138,0.16308329417002138,0.17573751692562462,0.16510849682566078,0.16919633343065651,nan,0.0,1.1102230246251565e-16,0.0,0.06271128484921265,0.1377070839870982,0.15934782807724862,0.15045995716762867,0.15511930716916628,nan,1.4196,1.5250070808487808,1.6249644048321605,1.7182202109706959,2.0764677262636724,2.509459012052587,2.6986692447475997,2.796985815244473,nan,1.4196,1.5307992167000002,1.6443419239000001,1.7376169239586723,2.09638465869904,2.531129839565585,2.721111078789288,2.820324056364022,nan,425.6,446.5119429378838,461.5291599147575,473.4574981093106,512.7773682063507,529.952182890676,508.6242564051661,486.1064620382257,nan,425.6,447.78084386976184,465.54753150983714,476.8321429099625,515.5245825494484,532.4219116088098,510.86763687941544,488.2902796557299,nan,0.0,0.0005962108740910397,0.0013060315282028378,0.002098870096227868,0.006352999244587471,0.03024325169238381,0.037038226884512,0.04018764406251854,nan,0.0,0.0006332068992394159,0.0014976455049262696,0.00232486664685275,0.0067012360914507525,0.03126042523025549,0.038164655421574704,0.041394783450632806,nan,331.21698840478024,342.2596145230908,350.4374185964796,336.6663629371509,234.12581165451155,97.82936470103303,51.705714384340965,26.02141717126782,nan,311.06520874333484,288.424794858628,352.9770108184173,339.36759129829863,235.82938250307933,98.95384365082509,52.488811101095365,26.589686413551902,nan
mac_p085_h0p35_v175,10,254,mac_shift_grid,mac_base_m_plus_h_plus_v,default,0|5|10|15|35|75|125|175|225,0|5|10|15|35|75|125|175|225,7.0,0.9,0.005,1.5,1.5,10000.0,0.0,one_sided_huber,additive_removal_premium_v1,0.015,2,0,1,1,1,True,5.0,5.0,_FIXEDLEARN_GRID5,7.488994329999489,7.486547038984552,0.002447291014936681,85,0.35,175.0,MAC_base(m+h)+v,1.0,7.0,0.9,0.005,0.0,0.13534929864785006,0.15334091467946254,0.18271602426090178,0.2257234827107341,0.23500528164113338,0.22397044132023766,0.2289542006126158,nan,0.0,1.1102230246251565e-16,0.0,0.08191495363616388,0.18107210897079362,0.20717753264623623,0.19905004392998865,0.20496960478308773,nan,1.4196,1.5157484807094648,1.609879791722352,1.696899973598262,2.0273035526573393,2.4310937960858414,2.6084916556802784,2.697913505001095,nan,1.4196,1.5307992167000002,1.6443419239000001,1.7311012243907276,2.0623489115787113,2.4678882925599566,2.646670165998762,2.7376774629725134,nan,425.6,444.48363306283306,458.59349838506193,469.55111877868796,504.8880229482468,519.8513207532872,498.7492919794006,476.15347683466734,nan,425.6,447.78084386976184,465.54753150983714,475.4020289021872,509.6916376556435,523.9842410944468,502.5467985822079,479.86539709534566,nan,0.0,0.0005375680259896359,0.0011790925988845566,0.0018802982295647236,0.005562526704912325,0.02679062940075552,0.032671102720671294,0.0352011855436342,nan,0.0,0.0006332068992394159,0.0014976455049262696,0.0022500319280325184,0.006129826516636109,0.02840638581046221,0.03445364118698729,0.03711751838715979,nan,318.44059735716706,320.42691591312956,331.30845032678485,319.3815738651254,217.52430776105632,86.79716467115442,45.88763128667813,21.786322635158303,nan,266.8962069496629,247.47056750251846,336.6305679463978,324.01309487397566,220.68982458437898,88.38808880724079,46.99014364508963,22.76726825528924,nan
mac_p002_h0_v25,5,4,mac_shift_grid,mac_base_m_plus_h_plus_v,default,0|5|10|15|35|75|125|175|225,0|5|10|15|35|75|125|175|225,7.0,0.9,0.005,1.5,1.5,10000.0,0.0,one_sided_huber,additive_removal_premium_v1,0.015,2,0,1,1,1,True,5.0,5.0,_FIXEDLEARN_GRID5,7.652709806357299,7.64378790643705,0.0089218999202485,2,0.0,25.0,MAC_base(m+h)+v,1.0,7.0,0.9,0.005,0.0,0.5963863316446365,0.6105198064776467,0.6271126835183687,0.6558804453267131,0.6615233319744334,0.6517293156651113,0.6568217543711313,nan,0.0,1.1102230246251565e-16,0.32524688222335807,0.4420807332859607,0.5807509886989473,0.6194468616234066,0.6157334638804043,0.6237586483212327,nan,1.4196,1.4644815237705302,1.5071325280131582,1.5461186227614134,1.6896878449032062,1.8671417171011886,1.9531571382464243,1.9885537331744962,nan,1.4196,1.5307992167000002,1.571245313846646,1.6088989493521568,1.7486544242613808,1.9227762041111867,2.0083034498105716,2.0433689140813236,nan,425.6,433.25242386723585,438.11947740416446,441.5090829697066,450.7873349221595,446.62090685264366,426.55801745413726,405.19393244199733,nan,425.6,447.78084386976184,449.5038439530015,451.5142375377254,458.44100184286344,452.48973664851894,431.76870050109403,410.03510931892725,nan,0.0,0.00024075946236127972,0.0004643567732723902,0.0006696288674819611,0.0015588494927631633,0.007608721777817037,0.00890282566708464,0.00933027046780572,nan,0.0,0.0006332068992394159,0.0008936852678698743,0.0011318905732634705,0.002122664730681779,0.009426683092339521,0.010763346559535873,0.011182831722655514,nan,212.6810998393166,218.94418800051375,221.2275037313698,212.53763739292722,129.30545090577473,38.3336354974208,14.605104477289485,5.136662578250973,nan,26.96241917202404,230.14734359272137,232.23923238930146,222.62226547420005,135.34368148055745,40.39011677396633,15.754290051411022,5.591665937361908,nan
mac_p102_h0p45_v50,10,305,mac_shift_grid,mac_base_m_plus_h_plus_v,default,0|5|10|15|35|75|125|175|225,0|5|10|15|35|75|125|175|225,7.0,0.9,0.005,1.5,1.5,10000.0,0.0,one_sided_huber,additive_removal_premium_v1,0.015,2,0,1,1,1,True,5.0,5.0,_FIXEDLEARN_GRID5,7.5120118182786335,7.505975770431493,0.006036047847140402,102,0.45,50.0,MAC_base(m+h)+v,1.0,7.0,0.9,0.005,0.0,0.24027696708455404,0.2541653108173873,0.26687318974556434,0.2936916154873939,0.2905120670489214,0.2775103063696899,0.28227968808718795,nan,0.0,1.1102230246251565e-16,0.0,0.10015419114744512,0.2229902923676537,0.24794609920548227,0.2400646366522245,0.2468597168681236,nan,1.4196,1.504080606169146,1.5872203229582589,1.6683459085979084,1.973957655121316,2.3577014343698117,2.526467590885848,2.6095054093293824,nan,1.4196,1.5307992167000002,1.6443419239000001,1.7249127510687627,2.0294487416750737,2.4139831463408354,2.5838350503730783,2.668228026834146,nan,425.6,441.9275160694568,454.09289640557586,464.4046840174661,496.55462034059565,510.69264783348206,489.96667313697844,467.44181149252006,nan,425.6,447.78084386976184,465.54753150983714,474.0437369348862,504.0496232692683,516.9104300440852,495.58395882208515,472.82794162551096,nan,0.0,0.0004655808535627256,0.0010123916789693804,0.001633809003538358,0.004841019649688199,0.0244316546491175,0.02971416797370903,0.03191876279084187,nan,0.0,0.0006332068992394159,0.0014976455049262696,0.0021945618761208202,0.005671603216077247,0.0267171554577784,0.03221033499444273,0.03456781186622611,nan,299.50703892537757,303.3667298762862,303.30309050085924,296.8049949837415,193.09448300849664,69.28908988018298,39.743519581963156,19.55993302951316,nan,168.58754762124588,156.31715624776984,312.8456119944836,305.88914627529056,198.31997583835937,71.34644853780571,41.15600736844096,20.83086840098315,nan
mac_p104_h0p45_v100,15,312,mac_shift_grid,mac_base_m_plus_h_plus_v,default,0|5|10|15|35|75|125|175|225,0|5|10|15|35|75|125|175|225,7.0,0.9,0.005,1.5,1.5,10000.0,0.0,one_sided_huber,additive_removal_premium_v1,0.015,2,0,1,1,1,True,5.0,5.0,_FIXEDLEARN_GRID5,7.4940959736364245,7.486190809381949,0.00790516425447585,104,0.45,100.0,MAC_base(m+h)+v,1.0,7.0,0.9,0.005,0.0,0.17842807874997335,0.19373376776875845,0.2105408273972031,0.24482972324667107,0.24722452456633742,0.2354917543406003,0.2400125209281611,nan,0.0,1.1102230246251565e-16,0.0,0.0,0.15295207240487055,0.19063935472665655,0.1852649443516845,0.19198573251402667,nan,1.4196,1.510958154105717,1.6008018242072533,1.6874591703962958,2.0123077081594793,2.4149372290990456,2.59084079076259,2.6795799634485427,nan,1.4196,1.5307992167000002,1.6443419239000001,1.7588945192,2.0844193809012124,2.4897554557739796,2.667789193847714,2.7592033688031883,nan,425.6,443.43420154954845,456.7951369665063,467.9301101890476,502.6166645988849,517.9671140660975,496.9222843676781,474.41203894576984,nan,425.6,447.78084386976184,465.54753150983714,481.5023071324044,512.6840742688778,526.4160396034683,504.5660571114036,481.82048516963346,nan,0.0,0.0005075665956634938,0.001115297238160911,0.001802659678170819,0.005391890509502626,0.026636719177536343,0.03247028048569387,0.035031139268622974,nan,0.0,0.0006332068992394159,0.0014976455049262696,0.002605083858391802,0.006595154020289509,0.03001440139993589,0.03615545910237746,0.03896405456217732,nan,312.56687408972573,315.5497284935532,319.1885399754257,312.7243955840154,208.62287084800963,79.39454242421004,43.83332076777852,21.85669631822115,nan,222.51238596529396,206.31715624776984,191.3006719940793,322.5475103577239,215.2324682483744,82.39084158292563,45.80408912353116,23.4987354823259,nan
mac_p003_h0_v50,15,9,mac_shift_grid,mac_base_m_plus_h_plus_v,default,0|5|10|15|35|75|125|175|225,0|5|10|15|35|75|125|175|225,7.0,0.9,0.005,1.5,1.5,10000.0,0.0,one_sided_huber,additive_removal_premium_v1,0.015,2,0,1,1,1,True,5.0,5.0,_FIXEDLEARN_GRID5,7.634223971591792,7.603745597909806,0.03047837368198625,3,0.0,50.0,MAC_base(m+h)+v,1.0,7.0,0.9,0.005,0.0,0.5654037036593507,0.5811888829299272,0.5989548417490004,0.6287902990905407,0.6315949135304079,0.619217939341975,0.6239447314673752,nan,0.0,1.1102230246251565e-16,0.0,0.0,0.3788191615379968,0.4853335024274723,0.4931625114730608,0.507142783675334,nan,1.4196,1.4679267677338013,1.5137244162010364,1.5556724241462607,1.710949988003406,1.9067137675432309,2.0029651688722376,2.043060407635979,nan,1.4196,1.5307992167000002,1.6443419239000001,1.7588945192,1.9071439122157883,2.1001040046088657,2.196084418867718,2.2367058530707755,nan,425.6,434.0071840088892,439.4266879564171,443.2790401147292,454.1906529447898,451.83949860412815,432.21661024395337,410.73725705940547,nan,425.6,447.78084386976184,465.5475315098372,481.5023071324044,481.16566453431597,473.19108351427445,450.94090777906865,428.2188093335551,nan,0.0,0.0002592708200764781,0.0005036604092097203,0.0007312672559170575,0.0017336588540333567,0.00847289735848343,0.009982200882321886,0.010471684458306797,nan,0.0,0.0006332068992394159,0.0014976455049262696,0.002605083858391802,0.003991060911003152,0.015316081483740172,0.017033527152574637,0.01758464765580729,nan,222.55382112832177,228.98791678269055,231.07751184252828,222.3298427812297,134.60912876811668,40.66808748619971,15.885456913915254,5.748226520902081,nan,53.92483834404808,50.0,46.36082511828125,251.412091690125,152.22658520154516,47.91538410624362,19.917310004539573,7.564567948974467,nan
mac_p120_h0p5_v225,5,358,mac_shift_grid,mac_base_m_plus_h_plus_v,default,0|5|10|15|35|75|125|175|225,0|5|10|15|35|75|125|175|225,7.0,0.9,0.005,1.5,1.5,10000.0,0.0,one_sided_huber,additive_removal_premium_v1,0.015,2,0,1,1,1,True,5.0,5.0,_FIXEDLEARN_GRID5,7.455550840488525,7.4555508420313386,-1.5428138766537813e-09,120,0.5,225.0,MAC_base(m+h)+v,1.0,7.0,0.9,0.005,0.0,1.1102230246251565e-16,0.03185737678048978,0.05421827409721777,0.10240208879431806,0.10808167506503759,0.10142634385033908,0.10493697634176746,nan,0.0,1.1102230246251565e-16,0.03185636093378047,0.054216182397575086,0.10239440768120063,0.10807653748893523,0.10142088740178329,0.10493223988140257,nan,1.4196,1.5307992167000002,1.6371822357519457,1.7404985559583308,2.1240943599829123,2.598915138570373,2.796231482475916,2.9035211261879734,nan,1.4196,1.5307992167000002,1.6371824640552894,1.7404992656605554,2.1241003886298175,2.598921931592899,2.7962398418561545,2.9035289787451823,nan,425.6,447.78084386976184,463.9760797069708,477.75201191642566,520.3963589547108,541.7676556774937,519.1959341057423,496.7626283263244,nan,425.6,447.78084386976184,463.9761298163741,477.7521585231207,520.3974056897691,541.7684921104485,519.1968592428655,496.76335726101365,nan,0.0,0.0006332068992394159,0.0014212573676475756,0.0023511541038564775,0.007250814227473137,0.03482816559533104,0.042500448726184324,0.04642484163047145,nan,0.0,0.0006332068992394159,0.0014212598030867054,0.0023511662828281724,0.00725093736584931,0.03482854455629525,0.0425009791135063,0.04642541915986011,nan,378.96553507892486,382.4422413039748,377.3725674562788,374.2195867182604,259.4056473788429,119.50831014339383,61.66859935523705,31.505682880362016,nan,378.96553507892486,382.44110082259124,377.3684355218722,374.21307674451396,259.405408267103,119.50747825536766,61.66842186401426,31.511567851037874,nan
mac_p036_h0p15_v50,5,106,mac_shift_grid,mac_base_m_plus_h_plus_v,default,0|5|10|15|35|75|125|175|225,0|5|10|15|35|75|125|175|225,7.0,0.9,0.005,1.5,1.5,10000.0,0.0,one_sided_huber,additive_removal_premium_v1,0.015,2,0,1,1,1,True,5.0,5.0,_FIXEDLEARN_GRID5,7.594162263255669,7.58808051080492,0.006081752450748823,36,0.15,50.0,MAC_base(m+h)+v,1.0,7.0,0.9,0.005,0.0,0.4627460826301152,0.47810066449127586,0.49441858140881223,0.5213129662986866,0.5241068446013508,0.511924551396479,0.5185102958115542,nan,0.0,1.1102230246251565e-16,0.2557068384362909,0.34907571043554075,0.46039685560753446,0.48781231653729207,0.48009429151064714,0.4888224133538864,nan,1.4196,1.4793422147805377,1.5368926607443625,1.591141004337351,1.795305325546652,2.0488369904436863,2.1673406262389414,2.217859703732384,nan,1.4196,1.5307992167000002,1.5868738770754416,1.6404550438633747,1.84311632853391,2.096826458982,2.216105173868778,2.267079116004229,nan,425.6,436.50800093851257,444.0491886499346,449.92727276438745,467.80394862447986,470.34357252296854,450.3132740886931,428.07869298627645,nan,425.6,447.78084386976184,452.9340958514416,457.81307853374295,474.0868894969041,475.55501907339067,455.03966828942157,432.5250862275325,nan,0.0,0.00032167812832169094,0.0006530760774294868,0.0009902645225391723,0.00258809457835521,0.012937933080356175,0.015359483995015308,0.016100082875363582,nan,0.0,0.0006332068992394159,0.0010087622976718332,0.0013881002908562488,0.0031283087111949577,0.014592703835351781,0.017113017473923634,0.017889502288361763,nan,249.16927870940293,255.16795785617796,256.6951169995877,247.165163518812,157.33387312176734,50.43676699626873,23.497252632394172,9.17957732993716,nan,79.98429585415182,262.9568419721963,264.21789204891326,253.99511366403976,161.5408129379961,51.8671838201682,24.68994358231082,9.790702385974111,nan
mac_p120_h0p5_v225,10,359,mac_shift_grid,mac_base_m_plus_h_plus_v,default,0|5|10|15|35|75|125|175|225,0|5|10|15|35|75|125|175|225,7.0,0.9,0.005,1.5,1.5,10000.0,0.0,one_sided_huber,additive_removal_premium_v1,0.015,2,0,1,1,1,True,5.0,5.0,_FIXEDLEARN_GRID5,7.455550840488525,7.455217149171064,0.00033369131746052716,120,0.5,225.0,MAC_base(m+h)+v,1.0,7.0,0.9,0.005,0.0,1.1102230246251565e-16,0.03185737678048978,0.05421827409721777,0.10240208879431806,0.10808167506503759,0.10142634385033908,0.10493697634176746,nan,0.0,1.1102230246251565e-16,0.0,0.03312448663990725,0.09344867690320409,0.1025130090036078,0.09651606342366388,0.10026382461759584,nan,1.4196,1.5307992167000002,1.6371822357519457,1.7404985559583308,2.1240943599829123,2.598915138570373,2.796231482475916,2.9035211261879734,nan,1.4196,1.5307992167000002,1.6443419239000001,1.7476555624317658,2.1311215913313246,2.6062781582598333,2.803754123026175,2.9112687242744606,nan,425.6,447.78084386976184,463.9760797069708,477.75201191642566,520.3963589547108,541.7676556774937,519.1959341057423,496.7626283263244,nan,425.6,447.78084386976184,465.54753150983714,479.0354976456523,521.364115327458,542.598273635376,519.9405015783125,497.4806322291821,nan,0.0,0.0006332068992394159,0.0014212573676475756,0.0023511541038564775,0.007250814227473137,0.03482816559533104,0.042500448726184324,0.04642484163047145,nan,0.0,0.0006332068992394159,0.0014976455049262696,0.002441111318433915,0.007386466735533356,0.03520373431197944,0.04291212853932781,0.04686561981961905,nan,378.96553507892486,382.4422413039748,377.3725674562788,374.2195867182604,259.4056473788429,119.50831014339383,61.66859935523705,31.505682880362016,nan,378.96553507892486,351.3830979529983,378.54837435654264,375.7901987997021,260.29879438246644,120.05045415072861,62.00179222541217,31.710099920314676,nan
mac_p095_h0p4_v150,5,283,mac_shift_grid,mac_base_m_plus_h_plus_v,default,0|5|10|15|35|75|125|175|225,0|5|10|15|35|75|125|175|225,7.0,0.9,0.005,1.5,1.5,10000.0,0.0,one_sided_huber,additive_removal_premium_v1,0.015,2,0,1,1,1,True,5.0,5.0,_FIXEDLEARN_GRID5,7.487898627760865,7.4872769228953775,0.0006217048654875157,95,0.4,150.0,MAC_base(m+h)+v,1.0,7.0,0.9,0.005,0.0,0.14208063536275306,0.1590893564654396,0.18426110691691727,0.22377768972411244,0.2307477806741063,0.21956077388502276,0.22413293503982945,nan,0.0,1.1102230246251565e-16,0.09051269972356157,0.13892996379278028,0.20358598165695646,0.21813684953257156,0.2083111492527809,0.21328838008857093,nan,1.4196,1.5149999613394236,1.6085878758559442,1.6963757355213644,2.0288307400178,2.4367231628143013,2.6152473478564517,2.7059066603983313,nan,1.4196,1.5307992167000002,1.623999925626744,1.7117563439324552,2.04467853141097,2.4533976290640727,2.6324819811319697,2.723885801275481,nan,425.6,444.3196526330623,458.34027428498774,469.50146623567275,505.18862631012746,520.6588433253805,499.52857524652427,477.0027304307581,nan,425.6,447.78084386976184,461.08274628464545,471.9725910544973,507.3169841331595,522.5137192144448,501.230488590949,478.6750499499627,nan,0.0,0.0005328791999217291,0.0011718391074188941,0.0018810678149587103,0.005610049731818331,0.02726481133031146,0.03325974910023863,0.03589600242079758,nan,0.0,0.0006332068992394159,0.001297057017771511,0.002029423993315639,0.005847445914736611,0.02792752851702703,0.03399158148128864,0.03669036259452346,nan,318.3163895041665,320.5969596765577,330.05286863505387,319.55195237830736,216.74830527048363,85.54275811893689,45.8984324529514,22.417810898170963,nan,257.1403703992868,322.31654886613205,331.9175531930429,321.09433088358685,217.99610942852016,86.2558698933102,46.31269240573521,22.80017777484956,nan
mac_p103_h0p45_v75,15,309,mac_shift_grid,mac_base_m_plus_h_plus_v,default,0|5|10|15|35|75|125|175|225,0|5|10|15|35|75|125|175|225,7.0,0.9,0.005,1.5,1.5,10000.0,0.0,one_sided_huber,additive_removal_premium_v1,0.015,2,0,1,1,1,True,5.0,5.0,_FIXEDLEARN_GRID5,7.502760073287961,7.4931105431530325,0.009649530134928419,103,0.45,75.0,MAC_base(m+h)+v,1.0,7.0,0.9,0.005,0.0,0.21078015902723246,0.22544956305801367,0.23788006709184795,0.2691904038933052,0.26870138478030314,0.25648441347576156,0.2612571064229433,nan,0.0,1.1102230246251565e-16,0.0,0.0,0.16689448417170247,0.20631130507165713,0.20125566645657422,0.20857385680440707,nan,1.4196,1.5073606281202705,1.5936739553559278,1.6781831162088077,1.9931878306434472,2.3865400253739892,2.5586796481911733,2.64435865679243,nan,1.4196,1.5307992167000002,1.6443419239000001,1.7588945192,2.07347645163225,2.46903363879132,2.6432911114407123,2.731701989092829,nan,425.6,442.64608051912967,455.3764572908893,466.2453866181198,499.58885248712954,514.3604300587541,493.43911864835536,470.89607906713087,nan,425.6,447.78084386976184,465.54753150983714,481.5023071324044,510.73849358051115,523.6297810600871,501.8154480956641,478.99732451313207,nan,0.0,0.0004853293344717043,0.0010611927446403826,0.0017176618315580074,0.005109546515204694,0.025501037365042164,0.031043910221163946,0.03342191003067463,nan,0.0,0.0006332068992394159,0.0014976455049262696,0.002605083858391802,0.006422508553077371,0.029170655486329203,0.0350438364879499,0.03767449637596501,nan,306.2568545578213,309.764432323735,309.20808413306986,304.908873678423,200.58966462673644,74.28477608327168,41.76905475354355,20.678860811745164,nan,195.5499667932699,181.31715624776984,168.12025943493867,316.78023440447026,208.1481712705915,77.36204963031432,43.792738762728696,22.526845311280503,nan
mac_p113_h0p5_v50,15,339,mac_shift_grid,mac_base_m_plus_h_plus_v,default,0|5|10|15|35|75|125|175|225,0|5|10|15|35|75|125|175|225,7.0,0.9,0.005,1.5,1.5,10000.0,0.0,one_sided_huber,additive_removal_premium_v1,0.015,2,0,1,1,1,True,5.0,5.0,_FIXEDLEARN_GRID5,7.49946548741295,7.490079307516864,0.0093861798960857,113,0.5,50.0,MAC_base(m+h)+v,1.0,7.0,0.9,0.005,0.0,0.201770653689182,0.21540237997295414,0.22737277426165714,0.25656354197494513,0.25550367682524866,0.24338964974034408,0.24754484253990144,nan,0.0,1.1102230246251565e-16,0.0,0.0,0.15829352371902594,0.1953831098049815,0.19022898048043646,0.19691774344000149,nan,1.4196,1.5083624780567162,1.5959319786122395,1.681748183077721,2.0030982291578763,2.403990341564052,2.5787410687440557,2.667092159938104,nan,1.4196,1.5307992167000002,1.6443419239000001,1.7588945192,2.080227055720897,2.4834831525583834,2.660184198566337,2.751026609162586,nan,425.6,442.8655588515811,455.83146238848474,466.91909633302623,501.2128775415614,516.6534018926764,495.6507048431108,473.22045701788807,nan,425.6,447.78084386976184,465.54753150983714,481.5023071324044,511.93870648757365,525.5983708580059,503.7136216464081,480.99917164713554,nan,0.0,0.0004913627075430356,0.001080291224565812,0.0017558574046274466,0.0052783738607008095,0.026419135961004675,0.03219005028046354,0.03475634060576181,nan,0.0,0.0006332068992394159,0.0014976455049262696,0.002605083858391802,0.006547973035031464,0.0299496250586709,0.03602811372084705,0.03883545386325258,nan,307.7606940360518,311.17839914345905,310.7445071430909,306.68867951265554,201.65318634263298,74.21033810331326,42.22929161802927,21.721086406530215,nan,190.2286008747566,176.3830979529983,163.5453191603925,317.73477664304113,208.71555132331892,77.15283880509148,44.20773658002721,23.22118666007718,nan
mac_p004_h0_v75,5,10,mac_shift_grid,mac_base_m_plus_h_plus_v,default,0|5|10|15|35|75|125|175|225,0|5|10|15|35|75|125|175|225,7.0,0.9,0.005,1.5,1.5,10000.0,0.0,one_sided_huber,additive_removal_premium_v1,0.015,2,0,1,1,1,True,5.0,5.0,_FIXEDLEARN_GRID5,7.6164888887754065,7.610001417039899,0.006487471735507455,4,0.0,75.0,MAC_base(m+h)+v,1.0,7.0,0.9,0.005,0.0,0.5307945019680624,0.5478614160002955,0.5664236818251305,0.5957596239313228,0.5966154194689721,0.5831575072689539,0.5883069403213808,nan,0.0,1.1102230246251565e-16,0.2941411152903687,0.4010861396179803,0.5271798873869828,0.5571356091721105,0.5493638596899783,0.5569433791390572,nan,1.4196,1.471775283852485,1.5212144952375155,1.5667100684116486,1.7368746521159149,1.9529644675601765,2.058210418634086,2.1021441478580627,nan,1.4196,1.5307992167000002,1.5782360837515508,1.6228081903005334,1.7907005768439532,2.005165590296802,2.1099829125710388,2.1541416606596973,nan,425.6,434.85029021613,440.9146964514179,445.33132664514267,458.3658230835242,457.90927884628127,438.3811490835966,416.64555809198026,nan,425.6,447.78084386976184,451.0382205547914,454.28653402020603,465.4095622395072,463.49435322077113,443.30364534695434,421.28660731960355,nan,0.0,0.000279962908654775,0.0005482381480291834,0.000803554469638755,0.0019554912661146878,0.009544484246418659,0.011289950465922773,0.011865020819705271,nan,0.0,0.0006332068992394159,0.0009423929337026878,0.0012332031691465876,0.002509433890994101,0.011300613807238295,0.01311643096156482,0.013709556869846361,nan,231.80818227125147,238.11457726803243,239.81328056048642,229.83778691775473,139.98190867165079,43.76176590121128,17.455443403347214,6.452958025730824,nan,80.88725751607211,246.97194603920093,248.32916006842672,237.52509370083274,144.6324651891254,45.69937402678056,18.478569034115495,6.950050924364831,nan
mac_p116_h0p5_v125,5,346,mac_shift_grid,mac_base_m_plus_h_plus_v,default,0|5|10|15|35|75|125|175|225,0|5|10|15|35|75|125|175|225,7.0,0.9,0.005,1.5,1.5,10000.0,0.0,one_sided_huber,additive_removal_premium_v1,0.015,2,0,1,1,1,True,5.0,5.0,_FIXEDLEARN_GRID5,7.476607973578735,7.47621876245584,0.00038921112289536097,116,0.5,125.0,MAC_base(m+h)+v,1.0,7.0,0.9,0.005,0.0,0.1035454282781677,0.11876440858054566,0.14362765646668824,0.17967554384147577,0.1875125831451706,0.17699081376614748,0.18026079897454822,nan,0.0,1.1102230246251565e-16,0.06929118509792376,0.11117962329722905,0.16583241741042826,0.1792932072438959,0.1697730695912947,0.17338080870072037,nan,1.4196,1.519285046182602,1.6176505822247624,1.7101624425553124,2.0634450284977355,2.4938897458292564,2.680465315138621,2.778642085544352,nan,1.4196,1.5307992167000002,1.6287692896517818,1.7211718823685294,2.074310032051614,2.504757595674903,2.6915230328844713,2.7900483917434107,nan,425.6,445.2583992872072,460.1557608054378,472.0861074383476,510.8051243312382,528.0865469777852,506.6700684123268,484.3650057628195,nan,425.6,447.78084386976184,462.12955524345585,473.8477427804984,512.2418726048116,529.267557577211,507.74301482172774,485.40981239919967,nan,0.0,0.0005597259670936706,0.001247557672037823,0.002024889196627884,0.006187481209659931,0.030029708332941288,0.03669847664939904,0.03988765025492712,nan,0.0,0.0006332068992394159,0.0013387721271076157,0.002132174694968815,0.006358217764356108,0.03045872887526351,0.03717189877719798,0.04039539975279287,nan,324.65535328536083,326.4157635928067,339.0549068140513,327.83579908613257,225.19178277798835,90.25625920391212,48.77166942294236,25.272176698450664,nan,271.11585839082875,328.4485728788733,341.01450054443023,329.7328861081378,226.51321433583394,90.84865235440361,49.116712204849875,25.55561724547358,nan
mac_p112_h0p5_v25,5,334,mac_shift_grid,mac_base_m_plus_h_plus_v,default,0|5|10|15|35|75|125|175|225,0|5|10|15|35|75|125|175|225,7.0,0.9,0.005,1.5,1.5,10000.0,0.0,one_sided_huber,additive_removal_premium_v1,0.015,2,0,1,1,1,True,5.0,5.0,_FIXEDLEARN_GRID5,7.508302804518999,7.506061004996066,0.002241799522932908,112,0.5,25.0,MAC_base(m+h)+v,1.0,7.0,0.9,0.005,0.0,0.22966076893759269,0.24270742425967906,0.25470291118639765,0.27943715340050285,0.2762808125439593,0.2634574543876677,0.2676257410625032,nan,0.0,1.1102230246251565e-16,0.13187375575291022,0.18202696072969438,0.24876106241782261,0.25814644313581303,0.24751659083827646,0.25256626279823957,nan,1.4196,1.50526111908742,1.589795390427066,1.6724752174101707,1.9851455021733622,2.3765183298291284,2.547996820375972,2.63380012489376,nan,1.4196,1.5307992167000002,1.6147043623201722,1.6971337690777812,2.0092221324928246,2.400496014526899,2.5724185185525874,2.6587671689510315,nan,425.6,442.1861346482625,454.61024804832937,465.1862764912899,498.38405804014354,513.1479413589698,492.3303627236539,469.91677849486194,nan,425.6,447.78084386976184,459.0424996405594,469.13624026352494,501.5573896523813,515.7467131740713,494.69871892365336,472.1903618307223,nan,0.0,0.0004726877144007747,0.0010335921581247187,0.0016763826374019916,0.005023018946541859,0.025383139940160303,0.030893690194563516,0.03329861787614561,nan,0.0,0.0006332068992394159,0.00123018934848374,0.0019051560536471341,0.005372944854926839,0.026323499066165112,0.031926240383188524,0.034393687135061385,nan,301.75428739606457,305.5634248410207,305.42694694466314,298.95973050358964,194.65037460424,69.35232782516428,40.22881786506461,20.699599455892773,nan,163.26618170273258,309.7529898115571,309.5203167385215,302.83535256711707,197.04411413769054,70.19099292639464,40.82644310499726,21.219186736956686,nan
mac_p117_h0p5_v150,10,350,mac_shift_grid,mac_base_m_plus_h_plus_v,default,0|5|10|15|35|75|125|175|225,0|5|10|15|35|75|125|175|225,7.0,0.9,0.005,1.5,1.5,10000.0,0.0,one_sided_huber,additive_removal_premium_v1,0.015,2,0,1,1,1,True,5.0,5.0,_FIXEDLEARN_GRID5,7.470372830024854,7.469073015113179,0.001299814911675412,117,0.5,150.0,MAC_base(m+h)+v,1.0,7.0,0.9,0.005,0.0,0.06583571091207086,0.08847785791558749,0.11644917154901693,0.15243404046280978,0.16308028574101713,0.1530197100080522,0.15607945592701494,nan,0.0,1.1102230246251565e-16,0.0,0.05774009291962037,0.1265081079162626,0.14629775562248915,0.13796547288661776,0.14166113797362057,nan,1.4196,1.5234783372156901,1.6244572398894999,1.7193839535280382,2.084825966719781,2.5261946972953817,2.717189490032075,2.8187322298798585,nan,1.4196,1.5307992167000002,1.6443419239000001,1.7393036221342741,2.105174357717935,2.548384948665917,2.740252860101064,2.842636297023299,nan,425.6,446.1770363903755,461.47979597135816,473.76096469384623,514.2354768752041,532.2126575244022,510.66148200424936,488.36781452726154,nan,425.6,447.78084386976184,465.54753150983714,477.20235192016366,517.0308000621093,534.7392539060452,512.9696933695859,490.60081606254505,nan,0.0,0.0005864492853126597,0.0013040527185880508,0.002117674382559963,0.006528677496168226,0.03136038954802381,0.03838062459906713,0.041792154586036405,nan,0.0,0.0006332068992394159,0.0014976455049262696,0.002347883233435042,0.006885972278420599,0.03240958972175628,0.03953814233248354,0.04303275210169512,nan,330.6335382256725,337.6112996792273,348.92557986519614,335.23721207146093,233.78942748693487,96.36874604414723,51.65937717383857,26.935825734741464,nan,298.07827756285275,276.3830979529983,351.231915528507,337.82215082103585,235.22069589989374,97.38337797132156,52.39389412353789,27.471474085158263,nan
mac_p086_h0p35_v200,10,257,mac_shift_grid,mac_base_m_plus_h_plus_v,default,0|5|10|15|35|75|125|175|225,0|5|10|15|35|75|125|175|225,7.0,0.9,0.005,1.5,1.5,10000.0,0.0,one_sided_huber,additive_removal_premium_v1,0.015,2,0,1,1,1,True,5.0,5.0,_FIXEDLEARN_GRID5,7.481371396153624,7.479672029213808,0.0016993669398157607,86,0.35,200.0,MAC_base(m+h)+v,1.0,7.0,0.9,0.005,0.0,0.08829426463224266,0.1138613267076456,0.14839619226655987,0.19133471225697996,0.20443336799729206,0.19352010718106177,0.19822970953931882,nan,0.0,1.1102230246251565e-16,0.0,0.07360819037094446,0.15914297392857715,0.1852366868106775,0.17646865435175238,0.18191809074292328,nan,1.4196,1.5209809636337923,1.6187525102779174,1.708544504493807,2.0542941400116197,2.4715166908367445,2.6551421315105195,2.7488515062255185,nan,1.4196,1.5307992167000002,1.6443419239000001,1.7339196636389085,2.079560350869823,2.4968989888575126,2.6812652730316753,2.77589446867007,nan,425.6,445.6299291148011,460.32889231659993,471.65604993469236,509.2169549734498,525.0058442795876,503.8442292756288,481.24767837642935,nan,425.6,447.78084386976184,465.54753150983714,476.02064082664066,512.6572525282629,527.8093862535613,506.4155544230825,483.75016586773586,nan,0.0,0.0005705053701564465,0.0012504630022847436,0.0019943891361912853,0.005969573654212766,0.028389825856999132,0.0347117329376426,0.03752043484715034,nan,0.0,0.0006332068992394159,0.0014976455049262696,0.0022816634155307324,0.006401506718932904,0.02958490732314179,0.03602981780557224,0.03892663494992004,nan,325.64406364324043,330.9653172985925,342.1761461897952,327.38953621420586,226.51230817291105,92.87100348284423,48.8939677909635,23.744640018923985,nan,293.85862612168694,272.47056750251846,346.2350181068319,331.4029471660115,229.47649183554066,94.21320022545986,49.76086295288156,24.505631710227288,nan
mac_p084_h0p35_v150,5,250,mac_shift_grid,mac_base_m_plus_h_plus_v,default,0|5|10|15|35|75|125|175|225,0|5|10|15|35|75|125|175|225,7.0,0.9,0.005,1.5,1.5,10000.0,0.0,one_sided_huber,additive_removal_premium_v1,0.015,2,0,1,1,1,True,5.0,5.0,_FIXEDLEARN_GRID5,7.497510855178017,7.496563887820004,0.0009469673580131399,84,0.35,150.0,MAC_base(m+h)+v,1.0,7.0,0.9,0.005,0.0,0.1787406140002713,0.1964861577364614,0.21914150970411655,0.2589520884432759,0.2643840937580191,0.25263203890577896,0.2582533568390078,nan,0.0,1.1102230246251565e-16,0.11114637035946656,0.16327186056024473,0.23518004663121406,0.24998111261740694,0.24001817810109718,0.2462630920685624,nan,1.4196,1.5109234004306928,1.6001832467905888,1.6845410060281798,2.0012235395062086,2.3922484479031088,2.5645815573769513,2.6493385602713637,nan,1.4196,1.5307992167000002,1.6193626747909116,1.7034972717723222,2.019881414232521,2.411292404311232,2.583906225733801,2.6692171685158765,nan,425.6,443.42658795557253,456.66077621943253,467.31506862723927,500.7475727980385,514.9127291429402,493.99516988277384,471.2818176720697,nan,425.6,447.78084386976184,460.0649343303228,470.34596614204065,503.21208538432535,516.9971598524512,495.87281379841056,473.1015975826809,nan,0.0,0.0005073489873560701,0.0011058732689101939,0.00176573146535964,0.005183743946260328,0.025278116318162014,0.030780162720792092,0.03305624546252593,nan,0.0,0.0006332068992394159,0.0012588471374766661,0.0019437375657674737,0.005454734366851468,0.026016430571173074,0.031585938754631546,0.033910357466621216,nan,311.68807374693614,314.5419723199353,320.79325355223966,311.52722841896735,208.96061668865426,80.88127226775859,43.29113026607866,20.286066903112495,nan,239.93378777763886,317.6478632197743,324.03423542622943,314.40650755327476,210.87766154850144,81.86454885940316,43.9119422252235,20.656983373732523,nan
mac_p035_h0p15_v25,10,104,mac_shift_grid,mac_base_m_plus_h_plus_v,default,0|5|10|15|35|75|125|175|225,0|5|10|15|35|75|125|175|225,7.0,0.9,0.005,1.5,1.5,10000.0,0.0,one_sided_huber,additive_removal_premium_v1,0.015,2,0,1,1,1,True,5.0,5.0,_FIXEDLEARN_GRID5,7.610154665931069,7.593612955545485,0.016541710385584274,35,0.15,25.0,MAC_base(m+h)+v,1.0,7.0,0.9,0.005,0.0,0.491992306249873,0.5060334883611034,0.5216352641561516,0.5485001326304032,0.5524857508107648,0.5417788084971492,0.548118810236475,nan,0.0,1.1102230246251565e-16,0.0,0.1911677519265077,0.41053709682850464,0.471479535982921,0.4711351092347621,0.4824919149514664,nan,1.4196,1.4760900576225877,1.5306149841678975,1.5819065330503737,1.7739670346421148,2.0113137410909268,2.1216033514708195,2.1687718753796874,nan,1.4196,1.5307992167000002,1.6443419239000001,1.694032348723551,1.8822495733993674,2.1184220410260424,2.2298308070362043,2.277574421999841,nan,425.6,435.7955409143804,442.8031184069548,448.21129582644926,464.37353139358436,465.43084407970565,445.1802176887244,423.15306124495413,nan,425.6,447.78084386976184,465.5475315098372,467.26587747419364,478.9135993547342,477.13317400527575,455.6824649873545,432.9789815653576,nan,0.0,0.0003033914454906518,0.0006130338104261995,0.0009249578454510071,0.0023804750883851165,0.011984948234584653,0.014136704064875475,0.014800526748053893,nan,0.0,0.0006332068992394159,0.0014976455049262696,0.0018959208748375196,0.0036452930177281132,0.015771705234783516,0.018136126734763718,0.018847670602589787,nan,240.1524072016248,246.10679451327252,247.96748487290878,239.53477089724305,151.61224746449733,48.12247899013052,21.687915174160583,8.408121010145738,nan,53.02187668212778,49.16275904606401,266.413707339308,256.31073684385666,162.18505972398532,51.482712691800415,24.556966028658774,9.736262728847386,nan
mac_p041_h0p15_v175,15,123,mac_shift_grid,mac_base_m_plus_h_plus_v,default,0|5|10|15|35|75|125|175|225,0|5|10|15|35|75|125|175|225,7.0,0.9,0.005,1.5,1.5,10000.0,0.0,one_sided_huber,additive_removal_premium_v1,0.015,2,0,1,1,1,True,5.0,5.0,_FIXEDLEARN_GRID5,7.526046322475178,7.514633149162631,0.011413173312547542,41,0.15,175.0,MAC_base(m+h)+v,1.0,7.0,0.9,0.005,0.0,0.26958468948681247,0.29065156782717805,0.3123582300020498,0.35727599046309855,0.36152993788107707,0.3487276554283638,0.3558351814839827,nan,0.0,1.1102230246251565e-16,0.0,0.0,0.22394111685384332,0.27968866537243364,0.2762109039218793,0.2870655477025202,nan,1.4196,1.5008216103947538,1.5790203313619686,1.6529130837332917,1.9240524213922707,2.2637999550078947,2.417361293208768,2.48755807409865,nan,1.4196,1.5307992167000002,1.6443419239000001,1.7588945192,2.028702471569616,2.3720123876163894,2.528458299500351,2.60157095331629,nan,425.6,441.2135578886862,452.4251819286625,461.4055313230492,488.2641870026411,498.2132148129932,477.845539257782,455.005692555588,nan,425.6,447.78084386976184,465.5475315098372,481.5023071324044,502.77797507490016,510.3955337410952,488.8569826766233,465.5508412307989,nan,0.0,0.00044596610128816395,0.0009398135229328099,0.0014627886776726502,0.004042969753243067,0.019457892589549917,0.023543013772328474,0.02501048361801185,nan,0.0,0.0006332068992394159,0.0014976455049262696,0.002605083858391802,0.005613382924733794,0.024090847307858623,0.028552701971066522,0.030245497944349012,nan,291.39883445993297,295.2512898023896,297.87333329111345,288.5751697920014,189.73755387669252,70.78994335543274,34.60945853143232,14.671926043148318,nan,214.796391714272,199.162759046064,184.66699684417918,304.3065546485077,199.40255141440355,75.4868475826262,37.791742407947105,16.738545180066993,nan
mac_p112_h0p5_v25,15,336,mac_shift_grid,mac_base_m_plus_h_plus_v,default,0|5|10|15|35|75|125|175|225,0|5|10|15|35|75|125|175|225,7.0,0.9,0.005,1.5,1.5,10000.0,0.0,one_sided_huber,additive_removal_premium_v1,0.015,2,0,1,1,1,True,5.0,5.0,_FIXEDLEARN_GRID5,7.508302804518999,7.4970786487074115,0.011224155811587089,112,0.5,25.0,MAC_base(m+h)+v,1.0,7.0,0.9,0.005,0.0,0.22966076893759269,0.24270742425967906,0.25470291118639765,0.27943715340050285,0.2762808125439593,0.2634574543876677,0.2676257410625032,nan,0.0,1.1102230246251565e-16,0.0,0.0,0.1706028618481642,0.21059674637674944,0.20552420356928658,0.21260067258759724,nan,1.4196,1.50526111908742,1.589795390427066,1.6724752174101707,1.9851455021733622,2.3765183298291284,2.547996820375972,2.63380012489376,nan,1.4196,1.5307992167000002,1.6443419239000001,1.7588945192,2.070565870931093,2.4633673286985003,2.6367516335322945,2.725025948575011,nan,425.6,442.1861346482625,454.61024804832937,465.1862764912899,498.38405804014354,513.1479413589698,492.3303627236539,469.91677849486194,nan,425.6,447.78084386976184,465.54753150983714,481.5023071324044,510.2210115183576,522.8655008473631,501.0861556870698,478.3426163021077,nan,0.0,0.0004726877144007747,0.0010335921581247187,0.0016763826374019916,0.005023018946541859,0.025383139940160303,0.030893690194563516,0.03329861787614561,nan,0.0,0.0006332068992394159,0.0014976455049262696,0.002605083858391802,0.006396864964230243,0.029156521886143923,0.03499411145971205,0.03764684226522184,nan,301.75428739606457,305.5634248410207,305.42694694466314,298.95973050358964,194.65037460424,69.35232782516428,40.22881786506461,20.699599455892773,nan,163.26618170273258,151.3830979529983,140.36490660125187,312.4054313794918,202.8866937304255,72.36800713932143,42.331338634413584,22.41722417421858,nan
mac_p089_h0p4_v0,15,267,mac_shift_grid,mac_base_m_plus_h_plus_v,default,0|5|10|15|35|75|125|175|225,0|5|10|15|35|75|125|175|225,7.0,0.9,0.005,1.5,1.5,10000.0,0.0,one_sided_huber,additive_removal_premium_v1,0.015,2,0,1,1,1,True,5.0,5.0,_FIXEDLEARN_GRID5,7.5478270386148685,7.529224410945827,0.018602627669041638,89,0.4,0.0,MAC_base(m+h)+v,1.0,7.0,0.9,0.005,0.0,0.33458756385382726,0.3473899750029099,0.36050263559494083,0.3831138469731121,0.38335144098969104,0.3712188135169841,0.3768280032895778,nan,0.0,1.1102230246251565e-16,0.0,0.0,0.23007664868907635,0.29196752866945863,0.29097301028652706,0.30110618343067236,nan,1.4196,1.4935933416818934,1.566268832574273,1.6365779507854816,1.9037731583078659,2.234947056437585,2.382904422489001,2.4527541653768914,nan,1.4196,1.5307992167000002,1.6443419239000001,1.7588945192,2.023886899341277,2.3557769891883176,2.505842479160913,2.5782930439049965,nan,425.6,439.6300389345024,449.9193281574313,458.462904297419,485.31891662575856,494.64393190735535,474.0808061056118,451.66691997986305,nan,425.6,447.78084386976184,465.54753150983714,481.5023071324044,501.9217980768942,508.1027392976592,486.1598424114661,463.1949098384261,nan,0.0,0.0004032374438720082,0.0008597949651215516,0.0013659902461307179,0.00392506862276384,0.020155251346780735,0.024280883009538266,0.025831231668155076,nan,0.0,0.0006332068992394159,0.0014976455049262696,0.002605083858391802,0.0056711743950220855,0.025038347334392447,0.02954446523258851,0.031318746299934856,nan,278.63505318901025,283.6039134129129,284.50120609885994,275.66345845122225,178.32834987617218,59.548503080110535,33.59818979678036,15.392164712701529,nan,95.36585536714256,88.42479485862799,81.98892901121494,294.93537270263545,189.69302413775281,63.417596226113396,36.99834809808108,17.762782374610605,nan
mac_p091_h0p4_v50,10,272,mac_shift_grid,mac_base_m_plus_h_plus_v,default,0|5|10|15|35|75|125|175|225,0|5|10|15|35|75|125|175|225,7.0,0.9,0.005,1.5,1.5,10000.0,0.0,one_sided_huber,additive_removal_premium_v1,0.015,2,0,1,1,1,True,5.0,5.0,_FIXEDLEARN_GRID5,7.525097481537227,7.517641726227829,0.0074557553093974605,91,0.4,50.0,MAC_base(m+h)+v,1.0,7.0,0.9,0.005,0.0,0.28012802731555586,0.2944962727428565,0.30797640715386315,0.3327907847036742,0.3315997298980231,0.31770117959735733,0.32273177044676415,nan,0.0,1.1102230246251565e-16,0.0,0.11403384002033903,0.24897737204512277,0.2796089385869047,0.2716876376577866,0.2791593441989264,nan,1.4196,1.4996491994867942,1.5781562649823915,1.6543998122097867,1.9432700344740184,2.3033743716200314,2.464894428780826,2.5424400764701045,nan,1.4196,1.5307992167000002,1.6443419239000001,1.7202034622777695,2.0090523583539364,2.3721178042251703,2.535388027186174,2.6146786140025435,nan,425.6,440.956714242082,452.2830428575018,461.78776269369223,491.64238490150774,503.577334313685,483.22264486892914,460.72228908134525,nan,425.6,447.78084386976184,465.54753150983714,473.0101073458561,500.5811219121025,511.2652661111018,490.1801090068679,467.37958658378113,nan,0.0,0.0004389115599876049,0.0009453861320514498,0.0015095988786271168,0.004406262208116312,0.022287594575896783,0.027060765991741287,0.028927340273455213,nan,0.0,0.0006332068992394159,0.0014976455049262696,0.002147825834862631,0.0053543081405379046,0.02498415328546301,0.029997311602461274,0.0320177037694573,nan,292.39771012064637,296.84296941829945,297.0491385482294,288.54986475545775,187.79197504765244,65.17093187183985,36.96560967509221,17.43445184413909,nan,149.29069371119064,138.424794858628,306.383236023173,297.23736845831826,192.67731887612234,67.26789177890055,38.827837172588445,18.76827912264401,nan
mac_p079_h0p35_v25,5,235,mac_shift_grid,mac_base_m_plus_h_plus_v,default,0|5|10|15|35|75|125|175|225,0|5|10|15|35|75|125|175|225,7.0,0.9,0.005,1.5,1.5,10000.0,0.0,one_sided_huber,additive_removal_premium_v1,0.015,2,0,1,1,1,True,5.0,5.0,_FIXEDLEARN_GRID5,7.550628379076711,7.546277497744196,0.004350881332515044,79,0.35,25.0,MAC_base(m+h)+v,1.0,7.0,0.9,0.005,0.0,0.34580283437589354,0.35949811500399725,0.3733824248357226,0.3968369698640738,0.3974484565273463,0.3849739104407025,0.39070033125224635,nan,0.0,1.1102230246251565e-16,0.19244600071681595,0.2636498551737996,0.3495886606130002,0.36893539795829067,0.3599101026622903,0.36716404067532593,nan,1.4196,1.4923462123847608,1.563547625895578,1.6322079088876336,1.893002341489622,2.2163076548607297,2.361831359262513,2.42975529268402,nan,1.4196,1.5307992167000002,1.601091239452042,1.6694395683516559,1.9300859476016266,2.2540082835812836,2.4002295769515705,2.4687760073108453,nan,425.6,439.35682650165336,449.37260059492735,457.6355461962606,483.5728987864341,492.20527856725323,471.7750738591659,449.36116117476445,nan,425.6,447.78084386976184,456.05460882305533,463.6041373392695,488.4951201080286,496.3325620960442,475.51409618532114,452.9104089494041,nan,0.0,0.0003959827894572975,0.0008389826091646785,0.0013244293506128465,0.003761693789834389,0.01922322601462535,0.02313547958793901,0.024570530308919546,nan,0.0,0.0006332068992394159,0.0011215881666442654,0.0016485245405130058,0.004242949589666474,0.02059904738141166,0.02462818992685733,0.02613131571853564,nan,276.4856181988499,281.54835488011616,282.4616725329119,273.1583276087062,176.76911248222618,59.33953935731149,32.18244959325989,14.37004698078745,nan,105.12169191751866,287.19455427624445,287.7882326699945,277.8300252209013,179.64458733619415,60.37848537626457,33.194833193157,15.018820718882118,nan
mac_p040_h0p15_v150,5,118,mac_shift_grid,mac_base_m_plus_h_plus_v,default,0|5|10|15|35|75|125|175|225,0|5|10|15|35|75|125|175|225,7.0,0.9,0.005,1.5,1.5,10000.0,0.0,one_sided_huber,additive_removal_premium_v1,0.015,2,0,1,1,1,True,5.0,5.0,_FIXEDLEARN_GRID5,7.538069398738209,7.535702187811391,0.0023672109268177977,40,0.15,150.0,MAC_base(m+h)+v,1.0,7.0,0.9,0.005,0.0,0.3165659193615876,0.33682561804965483,0.3531960998564077,0.39340459340878786,0.3927408705494082,0.3789072202642436,0.3860350870140332,nan,0.0,1.1102230246251565e-16,0.18520197320363652,0.2535012568759495,0.350265479441062,0.36631678019535996,0.3555481962690815,0.36387191455369394,nan,1.4196,1.4955973344330762,1.568643086480714,1.639057018315905,1.895696298130897,2.222532134451178,2.371125640965725,2.4374897809836447,nan,1.4196,1.5307992167000002,1.6027192761321385,1.6728829321316792,1.9295547353058455,2.2574706808475113,2.406912098326873,2.474234009007752,nan,425.6,440.06905976114916,450.3592328453093,458.8754386723091,483.77532700646316,492.99126938395153,472.86453689229063,450.04448484073686,nan,425.6,447.78084386976184,456.4119401932444,464.294563576662,488.2757676292604,496.8385080278329,476.36742084705446,453.41599819192106,nan,0.0,0.00041489727528182675,0.0008664550152737443,0.0013468479001662642,0.0036859511774143977,0.01798468167047678,0.0217394872734253,0.023021986584059025,nan,0.0,0.0006332068992394159,0.0011243251569495395,0.0016420106619167818,0.004119410515128264,0.019263109495350945,0.02313252330800182,0.024481172451083083,nan,283.33429614699213,287.9425635325807,287.72241883724615,279.9514984043928,181.39747811487894,65.48234902232622,32.18742825383276,13.464493533736942,nan,187.83397254224795,292.42812912693915,292.0664805598029,284.02617424810416,184.04036671642655,66.78512803999381,33.137010825456194,14.002643424720283,nan
mac_p034_h0p15_v0,5,100,mac_shift_grid,mac_base_m_plus_h_plus_v,default,0|5|10|15|35|75|125|175|225,0|5|10|15|35|75|125|175|225,7.0,0.9,0.005,1.5,1.5,10000.0,0.0,one_sided_huber,additive_removal_premium_v1,0.015,2,0,1,1,1,True,5.0,5.0,_FIXEDLEARN_GRID5,7.626831146109169,7.618544310737465,0.008286835371704271,34,0.15,0.0,MAC_base(m+h)+v,1.0,7.0,0.9,0.005,0.0,0.5203414861513088,0.5333121507669654,0.5482545622675999,0.5752235805262154,0.5814479728938589,0.5727453795114994,0.579311238964583,nan,0.0,1.1102230246251565e-16,0.28304240874449293,0.38502601959806965,0.5072299704100036,0.541914157538554,0.5384895762721114,0.5476465748509801,nan,1.4196,1.4729376510234606,1.5244843250973854,1.5728747510962082,1.7529927007150135,1.973019217932967,2.074161991187294,2.117058082335739,nan,1.4196,1.5307992167000002,1.5807304284134724,1.6282573010009833,1.8063585945565064,2.0252917474130143,2.1266425161549525,2.1695547923883747,nan,425.6,435.1049335505271,441.5852741087001,446.53209914609715,460.9996427669711,460.3898603078092,439.8193433555689,417.9129142848682,nan,425.6,447.78084386976184,451.58569445796866,455.38242318777674,467.99626894619456,466.00861836760066,444.85252985455844,422.6046530325471,nan,0.0,0.0002862153442125272,0.0005739374019478745,0.000863110646708828,0.0021833229000731485,0.01106917595897583,0.012947727883197518,0.013525064778445912,nan,0.0,0.0006332068992394159,0.0009657590334741731,0.0012938465536092634,0.00275091878213498,0.012792842862430459,0.014776101516424313,0.015376931841828794,nan,231.77232545728697,237.7845382413044,239.91178056952683,232.74544193455287,147.05224274446846,46.486738111955106,20.299932046911625,7.6593830201839115,nan,26.059457510103737,247.29388928873195,249.1850516725578,241.09322891070508,152.4027966122793,48.03217559392945,21.592056568377593,8.268695804580755,nan
mac_p082_h0p35_v100,5,244,mac_shift_grid,mac_base_m_plus_h_plus_v,default,0|5|10|15|35|75|125|175|225,0|5|10|15|35|75|125|175|225,7.0,0.9,0.005,1.5,1.5,10000.0,0.0,one_sided_huber,additive_removal_premium_v1,0.015,2,0,1,1,1,True,5.0,5.0,_FIXEDLEARN_GRID5,7.516668522329633,7.5146049568485696,0.0020635654810634563,82,0.35,100.0,MAC_base(m+h)+v,1.0,7.0,0.9,0.005,0.0,0.2526484575096961,0.26872846205791984,0.28247909275263233,0.3152847357589526,0.314102150938506,0.30113371624270635,0.30685829657440356,nan,0.0,1.1102230246251565e-16,0.14749917191587358,0.203107450261025,0.28136423480755124,0.29324539841974595,0.2827217921236921,0.28941438217046345,nan,1.4196,1.5027049061244586,1.583947372330415,1.6630509112404435,1.9570099425031882,2.3265100771867866,2.4902760894634977,2.568756640334978,nan,1.4196,1.5307992167000002,1.6111926762299698,1.6899812745177476,1.983633000901306,2.3540873601051335,2.5184834981959114,2.5976768307832714,nan,425.6,441.6261372493587,453.4302790086228,463.39878477250585,493.7452933790243,506.5612762690224,485.9526776272264,463.27634691378205,nan,425.6,447.78084386976184,458.27173346702875,467.7073154733873,497.2680221369955,509.59775217502283,488.71132010942904,465.92658052468346,nan,0.0,0.0004573001155568808,0.0009847890316373132,0.0015735269832615683,0.004561920942929879,0.02276410112937547,0.027643014230920575,0.02956080518937415,nan,0.0,0.0006332068992394159,0.001196481698194674,0.0018196468251639902,0.004932161309179915,0.02381388549981229,0.028785632492660147,0.030763818825443733,nan,297.172443758229,301.11042140243404,300.7866171381541,294.74886455746764,192.5732403128491,70.37843841146238,38.28580928086033,17.731250882687917,nan,186.0089494335908,305.3701006962335,304.9259583994924,298.5547914555731,194.71110761865123,71.41322603404697,39.12259337682464,18.250336499355562,nan
mac_p118_h0p5_v175,10,353,mac_shift_grid,mac_base_m_plus_h_plus_v,default,0|5|10|15|35|75|125|175|225,0|5|10|15|35|75|125|175|225,7.0,0.9,0.005,1.5,1.5,10000.0,0.0,one_sided_huber,additive_removal_premium_v1,0.015,2,0,1,1,1,True,5.0,5.0,_FIXEDLEARN_GRID5,7.464880014684838,7.464037026625462,0.0008429880593761041,118,0.5,175.0,MAC_base(m+h)+v,1.0,7.0,0.9,0.005,0.0,0.02125336201310879,0.05854199843871827,0.08821662898034222,0.13064618241197012,0.13970140131872175,0.13051002951415908,0.13385730257925693,nan,0.0,1.1102230246251565e-16,0.0,0.049682436073077346,0.11430324214713423,0.1295104355234927,0.12154501773531803,0.12528931442586833,nan,1.4196,1.528435859491901,1.6311850825419318,1.7289631004846702,2.101926522460053,2.5571068016342076,2.7516747374197488,2.8555742420628105,nan,1.4196,1.5307992167000002,1.6443419239000001,1.7420375409399005,2.114753545672094,2.5705815334599524,2.765409301493664,2.8697790726654393,nan,425.6,447.2630959714479,462.75556218881485,475.50364352055703,516.8892212798554,536.2508883958124,514.4116257431025,492.01485133166216,nan,425.6,447.78084386976184,465.54753150983714,477.80241267177996,518.6422838288229,537.7666172038644,515.7671482921116,493.3322805464003,nan,0.0,0.0006181093765150047,0.0013629746204059418,0.0022193355419552773,0.006823239546874301,0.03275564821711724,0.04007603537740212,0.04368389254115224,nan,0.0,0.0006332068992394159,0.0014976455049262696,0.0023784915540370614,0.007062877572274459,0.03342901437401685,0.040804195976142835,0.044466832023230596,nan,335.01814680648886,351.99458296307637,357.3910310699944,346.66948999565653,240.86229802618175,103.38728932458116,55.04174930861308,28.5433420372187,nan,325.0406967348768,301.3830979529983,359.53369611098725,349.23353998041307,242.1288227393752,104.24094419160195,55.509337311441215,28.90225872020894,nan
mac_p048_h0p2_v75,10,143,mac_shift_grid,mac_base_m_plus_h_plus_v,default,0|5|10|15|35|75|125|175|225,0|5|10|15|35|75|125|175|225,7.0,0.9,0.005,1.5,1.5,10000.0,0.0,one_sided_huber,additive_removal_premium_v1,0.015,2,0,1,1,1,True,5.0,5.0,_FIXEDLEARN_GRID5,7.565889729836642,7.554732676260424,0.01115705357621799,48,0.2,75.0,MAC_base(m+h)+v,1.0,7.0,0.9,0.005,0.0,0.3954827774195917,0.4118750963638892,0.4280977333560889,0.4538947030702114,0.455751494264956,0.4427837444367006,0.4492724815614234,nan,0.0,1.1102230246251565e-16,0.0,0.1584522685079529,0.3390019550744293,0.3865605075644304,0.38164210479344385,0.39162655829945725,nan,1.4196,1.4868218416326011,1.5517763223366816,1.613643304590336,1.848219648999685,2.1392180233256717,2.273265622963715,2.332648777329596,nan,1.4196,1.5307992167000002,1.6443419239000001,1.7051325329404448,1.938395096107448,2.230703954029585,2.366935747217932,2.428219704857606,nan,425.6,438.14658568971186,447.01283626903273,454.1333796082683,476.33104285102587,482.13182804459314,462.0345215658258,439.5895015333393,nan,425.6,447.78084386976184,465.5475315098372,469.7022281333868,488.5238585141507,492.2422986974217,471.2288173463784,448.3467860271181,nan,0.0,0.0003638615321557866,0.0007534163545194022,0.0011619016985828924,0.0031621303420816867,0.015807669072713696,0.018940083043181052,0.019952339260891138,nan,0.0,0.0006332068992394159,0.0014976455049262696,0.0019957655137467847,0.004316949073105778,0.019217762743936093,0.02260168129207531,0.02375380398086863,nan,266.0901682255024,271.6728655460529,272.51514931850363,262.12711435586544,168.95188476765756,56.47627923188864,28.103232531963712,11.52979253659932,nan,117.82416476231685,109.24850994506656,286.58556454684646,274.67419215213766,176.52429000897217,59.40607819814838,30.243890454832794,12.87574768332371,nan
mac_p004_h0_v75,10,11,mac_shift_grid,mac_base_m_plus_h_plus_v,default,0|5|10|15|35|75|125|175|225,0|5|10|15|35|75|125|175|225,7.0,0.9,0.005,1.5,1.5,10000.0,0.0,one_sided_huber,additive_removal_premium_v1,0.015,2,0,1,1,1,True,5.0,5.0,_FIXEDLEARN_GRID5,7.6164888887754065,7.600981502864319,0.015507385911087468,4,0.0,75.0,MAC_base(m+h)+v,1.0,7.0,0.9,0.005,0.0,0.5307945019680624,0.5478614160002955,0.5664236818251305,0.5957596239313228,0.5966154194689721,0.5831575072689539,0.5883069403213808,nan,0.0,1.1102230246251565e-16,0.0,0.20982673788535527,0.44850985281011124,0.5112375305492481,0.5096674474291245,0.5198937049365914,nan,1.4196,1.471775283852485,1.5212144952375155,1.5667100684116486,1.7368746521159149,1.9529644675601765,2.058210418634086,2.1021441478580627,nan,1.4196,1.5307992167000002,1.6443419239000001,1.6877014570538842,1.8524460365505397,2.0658530965829653,2.170798551317666,2.215566155711136,nan,425.6,434.85029021613,440.9146964514179,445.33132664514267,458.3658230835242,457.90927884628127,438.3811490835966,416.64555809198026,nan,425.6,447.78084386976184,465.5475315098372,465.8763264729411,473.8269193456424,470.1702147241793,449.2043433874366,426.85858498444134,nan,0.0,0.000279962908654775,0.0005482381480291834,0.000803554469638755,0.0019554912661146878,0.009544484246418659,0.011289950465922773,0.011865020819705271,nan,0.0,0.0006332068992394159,0.0014976455049262696,0.0018274879820485471,0.0032309342175254174,0.013483809161595008,0.01537925901452215,0.01600192958099704,nan,231.80818227125147,238.11457726803243,239.81328056048642,229.83778691775473,139.98190867165079,43.76176590121128,17.455443403347214,6.452958025730824,nan,80.88725751607211,75.0,259.3029050018634,247.51803327360537,150.56059200730252,48.004801588257386,19.830681375107755,7.546199908959125,nan
mac_p073_h0p3_v150,15,219,mac_shift_grid,mac_base_m_plus_h_plus_v,default,0|5|10|15|35|75|125|175|225,0|5|10|15|35|75|125|175|225,7.0,0.9,0.005,1.5,1.5,10000.0,0.0,one_sided_huber,additive_removal_premium_v1,0.015,2,0,1,1,1,True,5.0,5.0,_FIXEDLEARN_GRID5,7.507417030359713,7.498127189644299,0.009289840715414499,73,0.3,150.0,MAC_base(m+h)+v,1.0,7.0,0.9,0.005,0.0,0.21299599020214977,0.23111904863317306,0.2517681072906759,0.2914467593217534,0.2953778030636012,0.28325958859449607,0.2891253629622357,nan,0.0,1.1102230246251565e-16,0.0,0.0,0.18454860448241123,0.23047090181318955,0.2257114135145915,0.23463985898896147,nan,1.4196,1.5071142294292803,1.5923997842602429,1.6734709802869163,1.9757195670954006,2.3512678451251716,2.517659584042846,2.5981559944819463,nan,1.4196,1.5307992167000002,1.6443419239000001,1.7588945192,2.059620327376515,2.4370892584792303,2.6058244540363615,2.688487276503281,nan,425.6,442.592101203616,455.1067796904074,465.2667386111023,496.6497864390861,509.62137359859014,488.86263828416804,466.1578858118181,nan,425.6,447.78084386976184,465.54753150983714,481.5023071324044,508.274966027242,519.2465123562051,497.5912504745155,474.49863785496467,nan,0.0,0.00048384556335444946,0.0010444424952728148,0.0016590731222841345,0.004795214829335804,0.023450097614036373,0.028487337465756848,0.030507729438730445,nan,0.0,0.0006332068992394159,0.0014976455049262696,0.002605083858391802,0.006141993113571383,0.027279314252679876,0.03266769623620506,0.03488276808795845,nan,304.1214208355845,307.3757030065102,311.4319652614048,302.77833789464097,201.16876886722935,76.65468231547793,39.98308497512687,18.33579023128644,nan,224.59105435095722,208.24453187790255,193.08776648459568,316.54561351100483,209.78996561316356,80.33574960911521,43.09750775784912,20.264417370663256,nan
mac_p091_h0p4_v50,15,273,mac_shift_grid,mac_base_m_plus_h_plus_v,default,0|5|10|15|35|75|125|175|225,0|5|10|15|35|75|125|175|225,7.0,0.9,0.005,1.5,1.5,10000.0,0.0,one_sided_huber,additive_removal_premium_v1,0.015,2,0,1,1,1,True,5.0,5.0,_FIXEDLEARN_GRID5,7.525097481537227,7.511274450966606,0.013823030570621064,91,0.4,50.0,MAC_base(m+h)+v,1.0,7.0,0.9,0.005,0.0,0.28012802731555586,0.2944962727428565,0.30797640715386315,0.3327907847036742,0.3315997298980231,0.31770117959735733,0.32273177044676415,nan,0.0,1.1102230246251565e-16,0.0,0.0,0.2003559419467568,0.2504516059764617,0.2458023423197005,0.2545432816172839,nan,1.4196,1.4996491994867942,1.5781562649823915,1.6543998122097867,1.9432700344740184,2.3033743716200314,2.464894428780826,2.5424400764701045,nan,1.4196,1.5307992167000002,1.6443419239000001,1.7588945192,2.047213680757853,2.4106703070570124,2.5750447790303,2.655489477978545,nan,425.6,440.956714242082,452.2830428575018,461.78776269369223,491.64238490150774,503.577334313685,483.22264486892914,460.72228908134525,nan,425.6,447.78084386976184,465.54753150983714,481.5023071324044,506.0691460429056,515.6490885575704,494.1371531266987,471.17691861742526,nan,0.0,0.0004389115599876049,0.0009453861320514498,0.0015095988786271168,0.004406262208116312,0.022287594575896783,0.027060765991741287,0.028927340273455213,nan,0.0,0.0006332068992394159,0.0014976455049262696,0.002605083858391802,0.005992452633252372,0.026747658297805767,0.03191286844965205,0.034045331921344874,nan,292.39771012064637,296.84296941829945,297.0491385482294,288.54986475545775,187.79197504765244,65.17093187183985,36.96560967509221,17.43445184413909,nan,149.29069371119064,138.424794858628,128.34975412949618,303.7244293247524,196.52031618497455,68.51821429757291,39.74671183309644,19.630593435587887,nan
mac_p105_h0p45_v125,15,315,mac_shift_grid,mac_base_m_plus_h_plus_v,default,0|5|10|15|35|75|125|175|225,0|5|10|15|35|75|125|175|225,7.0,0.9,0.005,1.5,1.5,10000.0,0.0,one_sided_huber,additive_removal_premium_v1,0.015,2,0,1,1,1,True,5.0,5.0,_FIXEDLEARN_GRID5,7.486081827160431,7.4797398830207165,0.0063419441397147835,105,0.45,125.0,MAC_base(m+h)+v,1.0,7.0,0.9,0.005,0.0,0.14221426465854414,0.158138565439071,0.18019973277418044,0.21687170806404032,0.22235363233669608,0.21117950259683138,0.2152166284989725,nan,0.0,1.1102230246251565e-16,0.0,0.0,0.13798397590169262,0.17419859551957073,0.16840430133872994,0.17433392629480854,nan,1.4196,1.5149851018664036,1.6088015584604372,1.697753737508416,2.0342510123568154,2.4478221008369454,2.6280876106880324,2.720688966553119,nan,1.4196,1.5307992167000002,1.6443419239000001,1.7588945192,2.0961673355639014,2.5114938097022055,2.6936200111964865,2.788468222195317,nan,425.6,444.31639732281974,458.3877768136668,469.7956122578332,506.104961149564,522.1536767790667,500.95997070037845,478.53270369956465,nan,425.6,447.78084386976184,465.54753150983714,481.5023071324044,514.7727831655315,529.3311472085672,507.46848644803214,484.8365691460174,nan,0.0,0.0005327861215428796,0.0011759054958897913,0.0018997867782005046,0.005716089566798237,0.02795528582699724,0.034107286850196906,0.03689818392326248,nan,0.0,0.0006332068992394159,0.0014976455049262696,0.002605083858391802,0.006781182081281286,0.03089616787252699,0.037328555617364215,0.04034033382793709,nan,318.15816182001413,320.5782031373582,328.99239134489727,319.68719897426456,216.4556421863446,84.80211154845065,45.987932420609724,23.13385318396546,nan,249.474805137318,231.31715624776984,214.48108455321992,328.6615725669677,222.77784629028397,87.62437633047782,47.80651112254677,24.61902869924333,nan
mac_p086_h0p35_v200,5,256,mac_shift_grid,mac_base_m_plus_h_plus_v,default,0|5|10|15|35|75|125|175|225,0|5|10|15|35|75|125|175|225,7.0,0.9,0.005,1.5,1.5,10000.0,0.0,one_sided_huber,additive_removal_premium_v1,0.015,2,0,1,1,1,True,5.0,5.0,_FIXEDLEARN_GRID5,7.481371396153624,7.481162942875806,0.00020845327781771061,86,0.35,200.0,MAC_base(m+h)+v,1.0,7.0,0.9,0.005,0.0,0.08829426463224266,0.1138613267076456,0.14839619226655987,0.19133471225697996,0.20443336799729206,0.19352010718106177,0.19822970953931882,nan,0.0,1.1102230246251565e-16,0.07088444748704614,0.12016595031937394,0.17936955539819424,0.19740087692636485,0.18731034257833243,0.1923129355305449,nan,1.4196,1.5209809636337923,1.6187525102779174,1.708544504493807,2.0542941400116197,2.4715166908367445,2.6551421315105195,2.7488515062255185,nan,1.4196,1.5307992167000002,1.6284112167971727,1.718122870862177,2.0636851885179635,2.4808152139749593,2.664655605884464,2.7586609003334495,nan,425.6,445.6299291148011,460.32889231659993,471.65604993469236,509.2169549734498,525.0058442795876,503.8442292756288,481.24767837642935,nan,425.6,447.78084386976184,462.050963240383,473.1928960524783,510.4571275302957,526.0121452598404,504.7685510186973,482.14616405568614,nan,0.0,0.0005705053701564465,0.0012504630022847436,0.0019943891361912853,0.005969573654212766,0.028389825856999132,0.0347117329376426,0.03752043484715034,nan,0.0,0.0006332068992394159,0.0013292834582098437,0.00208730730322342,0.006114978691131107,0.028761819103580118,0.03512183280500794,0.03795971714372012,nan,325.64406364324043,330.9653172985925,342.1761461897952,327.38953621420586,226.51230817291105,92.87100348284423,48.8939677909635,23.744640018923985,nan,293.85862612168694,331.7680026176545,343.6951969453986,328.9168831819654,227.61353995751017,93.4024293308342,49.232986744479234,23.99258136931479,nan
mac_p074_h0p3_v175,15,222,mac_shift_grid,mac_base_m_plus_h_plus_v,default,0|5|10|15|35|75|125|175|225,0|5|10|15|35|75|125|175|225,7.0,0.9,0.005,1.5,1.5,10000.0,0.0,one_sided_huber,additive_removal_premium_v1,0.015,2,0,1,1,1,True,5.0,5.0,_FIXEDLEARN_GRID5,7.498002502099912,7.490470203707771,0.007532298392141534,74,0.3,175.0,MAC_base(m+h)+v,1.0,7.0,0.9,0.005,0.0,0.1715698010398542,0.190701324261922,0.21771150446470938,0.26121427715069295,0.2688875604655396,0.25723471524066766,0.26305351777565855,nan,0.0,1.1102230246251565e-16,0.0,0.0,0.16602288833108514,0.20977405340715516,0.20454385931409963,0.21257241544091982,nan,1.4196,1.5117207892149935,1.601483341395098,1.6850261989683375,1.9994480238040255,2.3862938595560044,2.5575301719920236,2.641380394159345,nan,1.4196,1.5307992167000002,1.6443419239000001,1.7588945192,2.074160537843051,2.464455112463352,2.6382535390868576,2.7250727959766037,nan,425.6,443.60127435752474,456.9138150260175,467.3549380403189,500.4038198300826,514.0638676504576,493.1866428901604,470.4537051619534,nan,425.6,447.78084386976184,465.54753150983714,481.5023071324044,510.86011959930374,522.9235395158117,501.2342418639148,478.2627046309266,nan,0.0,0.000512341983551133,0.0011130359789783021,0.0017648408896056831,0.005136276791394322,0.02480132789817252,0.030188916388709082,0.0323963659681927,nan,0.0,0.0006332068992394159,0.0014976455049262696,0.002605083858391802,0.0063685696201608724,0.02835519486991344,0.03408793590893104,0.03652201404240517,nan,312.43208229047383,315.06997568865256,323.05332204514883,312.1101252603785,210.20456584752947,82.2787997034735,42.770159074424754,19.812170950743315,nan,251.55347352298125,233.24453187790255,216.2681790437363,322.587102547988,217.2883127253022,85.69869777721016,45.54065703198076,21.58238763211752,nan
mac_p037_h0p15_v75,5,109,mac_shift_grid,mac_base_m_plus_h_plus_v,default,0|5|10|15|35|75|125|175|225,0|5|10|15|35|75|125|175|225,7.0,0.9,0.005,1.5,1.5,10000.0,0.0,one_sided_huber,additive_removal_premium_v1,0.015,2,0,1,1,1,True,5.0,5.0,_FIXEDLEARN_GRID5,7.578897868327583,7.573851364755729,0.0050465035718536555,37,0.15,75.0,MAC_base(m+h)+v,1.0,7.0,0.9,0.005,0.0,0.4299790396053832,0.4465302042176428,0.46343447860901593,0.4899734021155955,0.49231250406086324,0.47931167247297246,0.4858965832405887,nan,0.0,1.1102230246251565e-16,0.24070280561306628,0.3291231418117735,0.43404766128847355,0.45958188721115156,0.4508943416345082,0.45936601141900035,nan,1.4196,1.4829858842984631,1.543987866724667,1.6016537405996514,1.819902693628373,2.090876206448126,2.217304160728313,2.271929837128887,nan,1.4196,1.5307992167000002,1.5902459122783918,1.647224841041381,1.8637969234374099,2.1341533887489,2.2608400378513878,2.3159147577158143,nan,425.6,437.3062307738466,445.45882933306575,451.883907990177,471.76411813578477,475.8260230736087,455.86771727008926,433.50574663311033,nan,425.6,447.78084386976184,453.6742106007753,459.16361159928806,477.5171928996135,480.4892187704621,460.05151344715216,437.465575528754,nan,0.0,0.00034217727495494134,0.0006985083102099846,0.00106663310337784,0.002833278555147078,0.014056605500759186,0.0167758952332532,0.0176364638639532,nan,0.0,0.0006332068992394159,0.0010333766169561263,0.0014408276082106518,0.003348825578691015,0.015595504666845941,0.018423869612588677,0.01931121361262842,nan,257.4047341552761,263.2027613930718,264.37408769937986,253.91316256893356,162.96063390226448,53.30533845760967,25.256523677557098,10.034092261733221,nan,106.94671502617585,270.74157447509447,271.55316883903106,260.51509608916786,167.01128178091312,54.80286071293614,26.48448709776229,10.620359484833045,nan
mac_p053_h0p2_v200,5,157,mac_shift_grid,mac_base_m_plus_h_plus_v,default,0|5|10|15|35|75|125|175|225,0|5|10|15|35|75|125|175|225,7.0,0.9,0.005,1.5,1.5,10000.0,0.0,one_sided_huber,additive_removal_premium_v1,0.015,2,0,1,1,1,True,5.0,5.0,_FIXEDLEARN_GRID5,7.506237505742622,7.505442610860119,0.0007948948825022839,53,0.2,200.0,MAC_base(m+h)+v,1.0,7.0,0.9,0.005,0.0,0.18798440795460392,0.2091075603717374,0.240505237980646,0.28869567460585543,0.29828377650532545,0.28672275432742933,0.2930755046010429,nan,0.0,1.1102230246251565e-16,0.12129784891008083,0.1832984773110759,0.26545429557170713,0.28470176449277923,0.2747339797896225,0.28183188460292463,nan,1.4196,1.509895497783635,1.5973466884800203,1.6772924101142754,1.9778788008034893,2.3474254995019237,2.512353950003433,2.5916070716973767,nan,1.4196,1.5307992167000002,1.617081211971017,1.6967023504706464,1.9961201761937122,2.3653839514485284,2.530720974623062,2.6102478207944015,nan,425.6,443.20140217605444,456.0798465125179,465.8565646006854,496.8619839171457,508.93740740546343,488.18110022283633,465.4175966665564,nan,425.6,447.78084386976184,459.5641850256942,468.9461435008137,499.2285454280403,510.86445053067234,489.9583995225753,467.1042361728478,nan,0.0,0.0005009131694742498,0.0010761399422843138,0.0016819976413597112,0.00478380896961641,0.02278834025724212,0.02767589333268184,0.029619117959113955,nan,0.0,0.0006332068992394159,0.001232887099492503,0.0018633800005998609,0.00504241552939649,0.023496072328528787,0.028447568688912656,0.030421500435634928,nan,306.74843934343124,309.36975369498134,317.486298679339,305.18644922050714,204.96437256783608,80.2947438042304,39.66783599007777,17.755981926086942,nan,252.63626062243705,312.9303336871459,320.824385558061,308.60399911049353,207.05372391108992,81.15529175504477,40.399826120117034,18.188496654985666,nan
mac_p047_h0p2_v50,5,139,mac_shift_grid,mac_base_m_plus_h_plus_v,default,0|5|10|15|35|75|125|175|225,0|5|10|15|35|75|125|175|225,7.0,0.9,0.005,1.5,1.5,10000.0,0.0,one_sided_huber,additive_removal_premium_v1,0.015,2,0,1,1,1,True,5.0,5.0,_FIXEDLEARN_GRID5,7.580242558598369,7.574772483270523,0.005470075327845159,47,0.2,50.0,MAC_base(m+h)+v,1.0,7.0,0.9,0.005,0.0,0.42657910088355366,0.44170798315497384,0.4574933780608979,0.48325554807585114,0.48562263701872255,0.47329474944571653,0.4803174773030235,nan,0.0,1.1102230246251565e-16,0.23738632597201187,0.3244074382062663,0.42847029661053815,0.4535897272686453,0.44546182896766373,0.45420777558609393,nan,1.4196,1.4833639548211586,1.5450716219637626,1.603669523453644,1.8251753109363071,2.099721704132451,2.2265221982372774,2.281179412798047,nan,1.4196,1.5307992167000002,1.5909912642934976,1.6488248534289014,1.8681744090689167,2.1420763618904686,2.269162747865136,2.3244665746538278,nan,425.6,437.3890558406072,445.6813773599443,452.2759993684923,472.62566384377067,476.97996617122914,456.84512788700533,434.385023718135,nan,425.6,447.78084386976184,453.83780498417406,459.4848760335817,478.23750625167725,481.53565597445254,460.9412110750806,438.2922862866053,nan,0.0,0.0003443049343561863,0.0007076547635217678,0.0010879471682262746,0.0029184793261128683,0.01469320573624518,0.017512703822809124,0.018387926386979243,nan,0.0,0.0006332068992394159,0.0010409903644265995,0.0014605634198348325,0.0034311046898620446,0.016207887754238523,0.019135927348132784,0.020056146103920668,nan,257.50736092819193,263.2529424946156,264.50510616285266,254.8405802510599,163.71643165484545,53.30508932945534,26.463952142127603,10.646298383732443,nan,90.86174559029281,271.27173683343085,272.2702612635166,261.94689581352463,167.77516660099823,54.82431239001443,27.539365138926446,11.229178160847464,nan
mac_p041_h0p15_v175,10,122,mac_shift_grid,mac_base_m_plus_h_plus_v,default,0|5|10|15|35|75|125|175|225,0|5|10|15|35|75|125|175|225,7.0,0.9,0.005,1.5,1.5,10000.0,0.0,one_sided_huber,additive_removal_premium_v1,0.015,2,0,1,1,1,True,5.0,5.0,_FIXEDLEARN_GRID5,7.526046322475178,7.5207694162063055,0.005276906268872672,41,0.15,175.0,MAC_base(m+h)+v,1.0,7.0,0.9,0.005,0.0,0.26958468948681247,0.29065156782717805,0.3123582300020498,0.35727599046309855,0.36152993788107707,0.3487276554283638,0.3558351814839827,nan,0.0,1.1102230246251565e-16,0.0,0.12176206271077603,0.2764060010616749,0.3120480406138223,0.3051439224722931,0.314622271700548,nan,1.4196,1.5008216103947538,1.5790203313619686,1.6529130837332917,1.9240524213922707,2.2637999550078947,2.417361293208768,2.48755807409865,nan,1.4196,1.5307992167000002,1.6443419239000001,1.7175813186757471,1.9875245515230704,2.3292260695982776,2.4841323792522223,2.5558847794622146,nan,425.6,441.2135578886862,452.4251819286625,461.4055313230492,488.2641870026411,498.2132148129932,477.845539257782,455.005692555588,nan,425.6,447.78084386976184,465.5475315098372,472.43457984392836,496.8415061068433,505.4842102268458,484.40295494810897,461.2817346029571,nan,0.0,0.00044596610128816395,0.0009398135229328099,0.0014627886776726502,0.004042969753243067,0.019457892589549917,0.023543013772328474,0.02501048361801185,nan,0.0,0.0006332068992394159,0.0014976455049262696,0.0020944375111731466,0.004930560725072186,0.022075463107090118,0.026370297496807228,0.027971131573442574,nan,291.39883445993297,295.2512898023896,297.87333329111345,288.5751697920014,189.73755387669252,70.78994335543274,34.60945853143232,14.671926043148318,nan,214.796391714272,199.162759046064,307.58349053762,298.05224775623753,195.39371649388346,73.74056956749406,36.47034949402058,15.888407839028432,nan
mac_p003_h0_v50,10,8,mac_shift_grid,mac_base_m_plus_h_plus_v,default,0|5|10|15|35|75|125|175|225,0|5|10|15|35|75|125|175|225,7.0,0.9,0.005,1.5,1.5,10000.0,0.0,one_sided_huber,additive_removal_premium_v1,0.015,2,0,1,1,1,True,5.0,5.0,_FIXEDLEARN_GRID5,7.634223971591792,7.616367533459075,0.017856438132717756,3,0.0,50.0,MAC_base(m+h)+v,1.0,7.0,0.9,0.005,0.0,0.5654037036593507,0.5811888829299272,0.5989548417490004,0.6287902990905407,0.6315949135304079,0.619217939341975,0.6239447314673752,nan,0.0,1.1102230246251565e-16,0.0,0.21968718964371237,0.47053915423948145,0.539257436108642,0.539650123685961,0.5501327454294547,nan,1.4196,1.4679267677338013,1.5137244162010364,1.5556724241462607,1.710949988003406,1.9067137675432309,2.0029651688722376,2.043060407635979,nan,1.4196,1.5307992167000002,1.6443419239000001,1.6843558598154376,1.8351559800368071,2.028804526233304,2.124864536024022,2.1654329809100874,nan,425.6,434.0071840088892,439.4266879564171,443.2790401147292,454.1906529447898,451.83949860412815,432.21661024395337,410.73725705940547,nan,425.6,447.78084386976184,465.5475315098372,465.1420100077353,470.8649955936181,465.14641269160194,443.9592116245294,421.74465096575227,nan,0.0,0.0002592708200764781,0.0005036604092097203,0.0007312672559170575,0.0017336588540333567,0.00847289735848343,0.009982200882321886,0.010471684458306797,nan,0.0,0.0006332068992394159,0.0014976455049262696,0.0018004847565601025,0.003052583750169268,0.012612775503918046,0.014274751095847532,0.014809825481935782,nan,222.55382112832177,228.98791678269055,231.07751184252828,222.3298427812297,134.60912876811668,40.66808748619971,15.885456913915254,5.748226520902081,nan,53.92483834404808,50.0,250.70427542660025,240.11300312546584,145.21705798336927,44.93629967839366,18.221582508038885,6.808310998421595,nan
mac_p114_h0p5_v75,15,342,mac_shift_grid,mac_base_m_plus_h_plus_v,default,0|5|10|15|35|75|125|175|225,0|5|10|15|35|75|125|175|225,7.0,0.9,0.005,1.5,1.5,10000.0,0.0,one_sided_huber,additive_removal_premium_v1,0.015,2,0,1,1,1,True,5.0,5.0,_FIXEDLEARN_GRID5,7.491193675299651,7.483488089739681,0.0077055855599699186,114,0.5,75.0,MAC_base(m+h)+v,1.0,7.0,0.9,0.005,0.0,0.17170786346943046,0.18606979852308286,0.20118784636221038,0.23337795357737195,0.23498775883224604,0.2234166530494008,0.22733781755147361,nan,0.0,1.1102230246251565e-16,0.0,0.0,0.14572652861317312,0.1812785208163818,0.17591269482613836,0.18208379474545788,nan,1.4196,1.511705436780969,1.602524239400237,1.6906325855996502,2.021295816357066,2.4311169651510047,2.6093400695671565,2.70059329950611,nan,1.4196,1.5307992167000002,1.6443419239000001,1.7588945192,2.090090466791133,2.502132567928094,2.6821170133210828,2.77561974871901,nan,425.6,443.597911052806,457.14289978777504,468.5439660723436,504.0943147941061,520.101188829386,498.9606431988512,476.56308634997015,nan,425.6,447.78084386976184,465.54753150983714,481.5023071324044,513.6923559563772,528.1055389944484,506.1719366824259,483.52111914348984,nan,0.0,0.0005122458477611558,0.0011306251501094064,0.0018371098715192877,0.005547123022239418,0.027515312350259235,0.0335490728864863,0.03629347026257326,nan,0.0,0.0006332068992394159,0.0014976455049262696,0.002605083858391802,0.006705392184989325,0.03071455779637554,0.03703307080852662,0.04000287813405236,nan,313.5860930296484,316.59971041594224,319.54478524294575,314.1244095320176,209.44937949956494,79.29672854113252,44.23836908189925,22.686635285695154,nan,217.19102004678064,201.3830979529983,186.72573171953312,323.9156921342971,215.95700549858068,82.24594174239445,46.20696177686267,24.155020513310117,nan
mac_p034_h0p15_v0,15,102,mac_shift_grid,mac_base_m_plus_h_plus_v,default,0|5|10|15|35|75|125|175|225,0|5|10|15|35|75|125|175|225,7.0,0.9,0.005,1.5,1.5,10000.0,0.0,one_sided_huber,additive_removal_premium_v1,0.015,2,0,1,1,1,True,5.0,5.0,_FIXEDLEARN_GRID5,7.626831146109169,7.595542984063337,0.031288162045832735,34,0.15,0.0,MAC_base(m+h)+v,1.0,7.0,0.9,0.005,0.0,0.5203414861513088,0.5333121507669654,0.5482545622675999,0.5752235805262154,0.5814479728938589,0.5727453795114994,0.579311238964583,nan,0.0,1.1102230246251565e-16,0.0,0.0,0.34488483754649824,0.44612534382519065,0.4548980088450476,0.4698718215366746,nan,1.4196,1.4729376510234606,1.5244843250973854,1.5728747510962082,1.7529927007150135,1.973019217932967,2.074161991187294,2.117058082335739,nan,1.4196,1.5307992167000002,1.6443419239000001,1.7588945192,1.9337778198523727,2.151945943161379,2.2547063455383927,2.2984972204371337,nan,425.6,435.1049335505271,441.5852741087001,446.53209914609715,460.9996427669711,460.3898603078092,439.8193433555689,417.9129142848682,nan,425.6,447.78084386976184,465.5475315098372,481.5023071324044,485.9009977417096,480.1834670116233,457.43422031592354,434.3584805804787,nan,0.0,0.0002862153442125272,0.0005739374019478745,0.000863110646708828,0.0021833229000731485,0.01106917595897583,0.012947727883197518,0.013525064778445912,nan,0.0,0.0006332068992394159,0.0014976455049262696,0.002605083858391802,0.004383070417055081,0.01751065987261783,0.01973776801323772,0.02039751199811696,nan,231.77232545728697,237.7845382413044,239.91178056952683,232.74544193455287,147.05224274446846,46.486738111955106,20.299932046911625,7.6593830201839115,nan,26.059457510103737,24.162759046064007,22.404108930194834,260.1924500766772,164.72954664827876,52.01113411485463,25.040619370285714,9.882077432889577,nan
mac_p025_h0p1_v50,5,73,mac_shift_grid,mac_base_m_plus_h_plus_v,default,0|5|10|15|35|75|125|175|225,0|5|10|15|35|75|125|175|225,7.0,0.9,0.005,1.5,1.5,10000.0,0.0,one_sided_huber,additive_removal_premium_v1,0.015,2,0,1,1,1,True,5.0,5.0,_FIXEDLEARN_GRID5,7.607828681657216,7.601201501968616,0.006627179688599938,25,0.1,50.0,MAC_base(m+h)+v,1.0,7.0,0.9,0.005,0.0,0.4963301701352604,0.5117360139704094,0.5285151467702949,0.5566683560344046,0.5588344050507567,0.5469219020957571,0.5528961914011951,nan,0.0,1.1102230246251565e-16,0.27429108123296414,0.3740754868997547,0.49260977123921357,0.5217476753877579,0.5147261207348608,0.5230510730766466,nan,1.4196,1.4756076905563815,1.529333387591373,1.5795722265866554,1.767556071283845,2.0029194029038315,2.1137240368295447,2.160851475753294,nan,1.4196,1.5307992167000002,1.5826972185950925,1.631972756727842,1.8178334963238392,2.0519563388080586,2.1630485701285034,2.2103315686906253,nan,425.6,435.6898672845591,442.54137353652436,447.7591223922676,463.3219787801421,464.38075807808184,444.39614276705584,422.4197457722577,nan,425.6,447.78084386976184,452.017377502377,456.11897274881187,469.9004289750453,469.63881745751644,449.12655007331955,426.84877942985236,nan,0.0,0.00030067993578505685,0.0006032362302153368,0.00090333179449267,0.0022930000513211647,0.011455867167720263,0.013506207870475287,0.014162912795836643,nan,0.0,0.0006332068992394159,0.0009777289993539613,0.0013159609386788204,0.0028355447975673674,0.013102012998084932,0.015247774382071845,0.015921936275644782,nan,239.6114295484682,245.72174836308042,247.37936416131924,238.24405767291302,148.75501283048487,47.753595401152396,20.48386325402824,7.862456707100428,nan,70.28511180735727,254.94605643803385,256.4012707111013,246.345125672582,153.83946471322366,49.28240444359443,21.74970799927678,8.432365939840793,nan
mac_p075_h0p3_v200,15,225,mac_shift_grid,mac_base_m_plus_h_plus_v,default,0|5|10|15|35|75|125|175|225,0|5|10|15|35|75|125|175|225,7.0,0.9,0.005,1.5,1.5,10000.0,0.0,one_sided_huber,additive_removal_premium_v1,0.015,2,0,1,1,1,True,5.0,5.0,_FIXEDLEARN_GRID5,7.48938344055518,7.48343177975427,0.005951660800909586,75,0.3,200.0,MAC_base(m+h)+v,1.0,7.0,0.9,0.005,0.0,0.12240078542568045,0.14171801785780758,0.17668346318000244,0.22366043088252274,0.2358172712065769,0.22499584520482463,0.23018278408072962,nan,0.0,1.1102230246251565e-16,0.0,0.0,0.14571490380708624,0.187855647254267,0.18189026007032888,0.18898918204322226,nan,1.4196,1.5171883452371997,1.6124919439153418,1.6989467885097502,2.028922772532055,2.4300201646107187,2.6069207179389875,2.69587664176864,nan,1.4196,1.5307992167000002,1.6443419239000001,1.7588945192,2.0900995907097846,2.4934361384909534,2.672959272664666,2.7641713369035137,nan,425.6,444.79906859265344,459.1084794926969,469.8694451838046,505.0844275852912,519.619204671915,498.53140193613604,475.911491454333,nan,425.6,447.78084386976184,465.54753150983714,481.5023071324044,513.6939781289688,526.8017967228186,505.1409016693393,482.28437813650396,nan,0.0,0.0005465884570115939,0.0011964843194195412,0.0018937154220572273,0.005561148999445895,0.026489207602686665,0.03229582937117288,0.034778932919789,nan,0.0,0.0006332068992394159,0.0014976455049262696,0.002605083858391802,0.006616327290901718,0.02950025871653003,0.03562882553084485,0.03831341421521879,nan,319.4375609379968,321.1218994280687,333.74660148394827,320.1516000779071,219.13721198962617,88.55813002433305,45.7617232828223,21.469572749220845,nan,278.5158926950053,258.24453187790255,239.44859160287692,328.82038837138606,225.35192991547473,91.39315703308857,48.22421621149016,23.167530869482807,nan
mac_p089_h0p4_v0,5,265,mac_shift_grid,mac_base_m_plus_h_plus_v,default,0|5|10|15|35|75|125|175|225,0|5|10|15|35|75|125|175|225,7.0,0.9,0.005,1.5,1.5,10000.0,0.0,one_sided_huber,additive_removal_premium_v1,0.015,2,0,1,1,1,True,5.0,5.0,_FIXEDLEARN_GRID5,7.5478270386148685,7.543376246566649,0.004450792048219299,89,0.4,0.0,MAC_base(m+h)+v,1.0,7.0,0.9,0.005,0.0,0.33458756385382726,0.3473899750029099,0.36050263559494083,0.3831138469731121,0.38335144098969104,0.3712188135169841,0.3768280032895778,nan,0.0,1.1102230246251565e-16,0.18588276096899897,0.254640459185865,0.3380609646828388,0.35660940376293226,0.3477909126109124,0.3548231377503811,nan,1.4196,1.4935933416818934,1.566268832574273,1.6365779507854816,1.9037731583078659,2.234947056437585,2.382904422489001,2.4527541653768914,nan,1.4196,1.5307992167000002,1.6025662745799834,1.6724964070316648,1.9391336477633707,2.2703059995785155,2.4187964005532376,2.489235937039272,nan,425.6,439.6300389345024,449.9193281574313,458.462904297419,485.31891662575856,494.64393190735535,474.0808061056118,451.66691997986305,nan,425.6,447.78084386976184,456.37835848409674,464.215867606614,489.99268263283693,498.4856704048361,477.5588988530145,454.97713974859187,nan,0.0,0.0004032374438720082,0.0008597949651215516,0.0013659902461307179,0.00392506862276384,0.020155251346780735,0.024280883009538266,0.025831231668155076,nan,0.0,0.0006332068992394159,0.0011344034175255176,0.0016808202842362443,0.004386507364135324,0.021441907372873843,0.025677575214984392,0.027290279529693914,nan,278.63505318901025,283.6039134129129,284.50120609885994,275.66345845122225,178.32834987617218,59.548503080110535,33.59818979678036,15.392164712701529,nan,95.36585536714256,289.7541567265016,290.48259638025087,281.04229461180614,181.77685028128943,60.64238971709411,34.53503722062169,16.001416750641113,nan
mac_p101_h0p45_v25,5,301,mac_shift_grid,mac_base_m_plus_h_plus_v,default,0|5|10|15|35|75|125|175|225,0|5|10|15|35|75|125|175|225,7.0,0.9,0.005,1.5,1.5,10000.0,0.0,one_sided_huber,additive_removal_premium_v1,0.015,2,0,1,1,1,True,5.0,5.0,_FIXEDLEARN_GRID5,7.521922677147604,7.518974363399274,0.0029483137483294897,101,0.45,25.0,MAC_base(m+h)+v,1.0,7.0,0.9,0.005,0.0,0.27021133803186526,0.28362606435426424,0.29639816919450496,0.3192343973059059,0.3184819825042652,0.30521575957972646,0.3097512589193461,nan,0.0,1.1102230246251565e-16,0.15254008817539272,0.20991091207588286,0.28148736794110196,0.2947380447384963,0.28415345441700257,0.28973113915049864,nan,1.4196,1.5007519275673977,1.5805992565288376,1.6583282448913903,1.9539099862210572,2.32071896209756,2.4840223234732375,2.563960410541705,nan,1.4196,1.5307992167000002,1.6100597710115867,1.6876728972123798,1.983536357853199,2.3521137484514405,2.5162901650486993,2.59715168075236,nan,425.6,441.1982922583834,452.77455787331263,462.5319753824648,493.3823264455448,505.82987825387033,485.2916937414691,462.90063879145055,nan,425.6,447.78084386976184,458.0230765547317,467.24613009282905,497.3348169754719,509.3239813581324,488.4692346635877,465.9593144174947,nan,0.0,0.0004455467843289592,0.0009648387113516154,0.0015492326948222958,0.0045698523231840985,0.023203255705617702,0.028168087647383537,0.030188084433634237,nan,0.0,0.0006332068992394159,0.0011921663300802708,0.0018150556963849355,0.004983774864321748,0.024372598791573736,0.029449964155813982,0.031550006439392264,nan,294.50357885206955,298.8667504901383,299.15969764629904,290.47833490559896,189.57514542965242,65.47156228792414,37.782561501911346,18.45429023209877,nan,141.62512844922185,302.8159116351411,302.89291066044524,293.91278899293593,191.29331409199423,66.28684082344444,38.42717182489166,19.010001462391617,nan
mac_p094_h0p4_v125,5,280,mac_shift_grid,mac_base_m_plus_h_plus_v,default,0|5|10|15|35|75|125|175|225,0|5|10|15|35|75|125|175|225,7.0,0.9,0.005,1.5,1.5,10000.0,0.0,one_sided_huber,additive_removal_premium_v1,0.015,2,0,1,1,1,True,5.0,5.0,_FIXEDLEARN_GRID5,7.496207343571412,7.495137505793779,0.0010698377776332535,94,0.4,125.0,MAC_base(m+h)+v,1.0,7.0,0.9,0.005,0.0,0.18177221031567137,0.19822564210077298,0.21744577816097355,0.25408940628091425,0.2576910436611134,0.24588834133468826,0.251046003924059,nan,0.0,1.1102230246251565e-16,0.1102710561829916,0.15936544090951954,0.22877246174293947,0.2420395834917348,0.2320288125163409,0.23775581913896515,nan,1.4196,1.5105862892950699,1.5997923117279595,1.6851163584468027,2.005040094909253,2.4010981542964225,2.5749130269466685,2.661287599581102,nan,1.4196,1.5307992167000002,1.6195593945829496,1.7048226985495087,2.0249105117365893,2.4217928786926564,2.596146081769769,2.6833213396108686,nan,425.6,443.3527359871232,456.58863270720303,467.4631475946518,501.41091683705304,516.1251653199347,495.15751008823963,472.52610536028993,nan,425.6,447.78084386976184,460.10811158406136,470.6289843743636,504.0606541261449,518.4141029718749,497.24149820300966,474.56349831227175,nan,0.0,0.000505238222693231,0.0011053057556310013,0.0017759083241877453,0.005261054578154328,0.025852746540831632,0.0314985336100341,0.033890944172155234,nan,0.0,0.0006332068992394159,0.0012629508742199713,0.0019620617205764997,0.0055528615932509216,0.026669876039610324,0.03240024284089656,0.0348555301040428,nan,312.3184157101333,315.28688528318384,320.0340909068089,312.2001520450717,208.62145260195513,79.95610218123988,43.63254130077432,20.945229069721975,nan,230.17795122726275,317.56191427714043,322.4496147269222,314.3928149889419,210.25875831919842,80.81609229839955,44.140002194134595,21.36180990110263,nan
mac_p090_h0p4_v25,15,270,mac_shift_grid,mac_base_m_plus_h_plus_v,default,0|5|10|15|35|75|125|175|225,0|5|10|15|35|75|125|175|225,7.0,0.9,0.005,1.5,1.5,10000.0,0.0,one_sided_huber,additive_removal_premium_v1,0.015,2,0,1,1,1,True,5.0,5.0,_FIXEDLEARN_GRID5,7.5361204040067085,7.519947539476383,0.016172864530325626,90,0.4,25.0,MAC_base(m+h)+v,1.0,7.0,0.9,0.005,0.0,0.30742999639665247,0.3210699882821103,0.3343780805577516,0.35655850701429237,0.3568038615229782,0.3441486727225671,0.3494531753686857,nan,0.0,1.1102230246251565e-16,0.0,0.0,0.21351503131704552,0.269961546707589,0.267434974794891,0.27652952243669693,nan,1.4196,1.4966132419106086,1.5721840370269282,1.6454418691261388,1.9246155499788626,2.2700488830087315,2.4243763795151296,2.4981387745092682,nan,1.4196,1.5307992167000002,1.6443419239000001,1.7588945192,2.0368855548474136,2.3848738099859306,2.541903185449887,2.6190385841587585,nan,425.6,440.2916177221596,451.09525293388947,460.11630470497033,488.67693312603626,499.2122234187282,478.6790567292659,456.2407438758647,nan,425.6,447.78084386976184,465.54753150983714,481.5023071324044,504.23287333890835,512.0842456604796,490.290416213634,467.4205955680671,nan,0.0,0.0004208092609671491,0.0009024151657929253,0.0014374146218162254,0.004170676885544363,0.021220741327940915,0.02566143354378294,0.02737118845429523,nan,0.0,0.0006332068992394159,0.0014976455049262696,0.002605083858391802,0.005842712960963334,0.025914154804624195,0.030745482998974925,0.03270441233152837,nan,284.9428904426073,289.7313228276405,290.2636770372418,280.85169366306,182.7156566291499,62.30902250298385,35.11039979376008,16.356351385338797,nan,122.3282745391666,113.42479485862799,105.16934157035556,297.7208108426908,192.56975106647633,65.81502248824273,38.089359764388014,18.642635813491452,nan
mac_p042_h0p15_v200,5,124,mac_shift_grid,mac_base_m_plus_h_plus_v,default,0|5|10|15|35|75|125|175|225,0|5|10|15|35|75|125|175|225,7.0,0.9,0.005,1.5,1.5,10000.0,0.0,one_sided_huber,additive_removal_premium_v1,0.015,2,0,1,1,1,True,5.0,5.0,_FIXEDLEARN_GRID5,7.51484335812823,7.513833058443349,0.0010102996848813106,42,0.15,200.0,MAC_base(m+h)+v,1.0,7.0,0.9,0.005,0.0,0.21819593527566772,0.2403534375355857,0.2703164893155673,0.3195996402308042,0.32888786422730776,0.3171390196171048,0.32420205486460796,nan,0.0,1.1102230246251565e-16,0.13809985559866333,0.20357515458346004,0.2918350333389425,0.311581374606403,0.30190481409223247,0.3097091236280163,nan,1.4196,1.5065359996102219,1.590324429932274,1.6671776159258427,1.953623319354521,2.306960063437135,2.46575566828157,2.540002498275637,nan,1.4196,1.5307992167000002,1.6133050966624443,1.6898225850045394,1.975414823900455,2.3298431062392124,2.4890947532775747,2.5640302664594556,nan,425.6,442.4654266270713,454.67470084975787,463.9791988198772,492.9473277157797,503.6771713307086,483.061445375125,460.20510276080006,nan,425.6,447.78084386976184,458.735380322643,467.5876933974327,495.79988286504874,506.2003790454737,485.34111022588496,462.4112195230941,nan,0.0,0.0004803637160535263,0.0010217898318258584,0.0015865820923924722,0.004432717221235639,0.021042748693456712,0.02547842202205121,0.02715720145569085,nan,0.0,0.0006332068992394159,0.0012023178326143946,0.0017940475054363466,0.004729671821735925,0.02190799506254358,0.02642389526550436,0.02815677961957186,nan,299.8933419871102,302.99524221819786,309.4451149737934,297.7505425291524,198.71190444355935,76.66072372490305,37.21066405250728,16.075526213892857,nan,241.75881088629603,306.79396650649363,313.12274934729805,301.22154772389416,200.59315213560592,77.7689542998263,37.91740975147901,16.569431109961275,nan
mac_p075_h0p3_v200,10,224,mac_shift_grid,mac_base_m_plus_h_plus_v,default,0|5|10|15|35|75|125|175|225,0|5|10|15|35|75|125|175|225,7.0,0.9,0.005,1.5,1.5,10000.0,0.0,one_sided_huber,additive_removal_premium_v1,0.015,2,0,1,1,1,True,5.0,5.0,_FIXEDLEARN_GRID5,7.48938344055518,7.487170476910596,0.0022129636445837875,75,0.3,200.0,MAC_base(m+h)+v,1.0,7.0,0.9,0.005,0.0,0.12240078542568045,0.14171801785780758,0.17668346318000244,0.22366043088252274,0.2358172712065769,0.22499584520482463,0.23018278408072962,nan,0.0,1.1102230246251565e-16,0.0,0.08361220463044869,0.18237050693375098,0.2101080688936371,0.2018495214043164,0.20793871481099174,nan,1.4196,1.5171883452371997,1.6124919439153418,1.6989467885097502,2.028922772532055,2.4300201646107187,2.6069207179389875,2.69587664176864,nan,1.4196,1.5307992167000002,1.6443419239000001,1.7305253564306597,2.0613298427612627,2.4640134694241715,2.6423813146627957,2.732754988264112,nan,425.6,444.79906859265344,459.1084794926969,469.8694451838046,505.0844275852912,519.619204671915,498.53140193613604,475.911491454333,nan,425.6,447.78084386976184,465.54753150983714,475.27563313643185,509.5297552932734,523.4373928877578,502.06783962895025,479.35458362482683,nan,0.0,0.0005465884570115939,0.0011964843194195412,0.0018937154220572273,0.005561148999445895,0.026489207602686665,0.03229582937117288,0.034778932919789,nan,0.0,0.0006332068992394159,0.0014976455049262696,0.0022413966438519337,0.006089999378301204,0.028005156229084335,0.03397832962719753,0.03657317311431123,nan,319.4375609379968,321.1218994280687,333.74660148394827,320.1516000779071,219.13721198962617,88.55813002433305,45.7617232828223,21.469572749220845,nan,278.5158926950053,258.24453187790255,338.8111481345671,324.6699196757772,222.1846343717329,90.0575241528898,47.01259916922919,22.336013563977524,nan
mac_p028_h0p1_v125,15,84,mac_shift_grid,mac_base_m_plus_h_plus_v,default,0|5|10|15|35|75|125|175|225,0|5|10|15|35|75|125|175|225,7.0,0.9,0.005,1.5,1.5,10000.0,0.0,one_sided_huber,additive_removal_premium_v1,0.015,2,0,1,1,1,True,5.0,5.0,_FIXEDLEARN_GRID5,7.561942018326965,7.54400328832277,0.01793873000419488,28,0.1,125.0,MAC_base(m+h)+v,1.0,7.0,0.9,0.005,0.0,0.38979254182674095,0.4091611541748773,0.42706995452537494,0.4586477157541403,0.45740894245168967,0.44189759865950384,0.4475780849721913,nan,0.0,1.1102230246251565e-16,0.0,0.0,0.2775128190788193,0.3495711132908403,0.3469270590108602,0.35888916297080425,nan,1.4196,1.4874545913733646,1.5523862589255937,1.6139920243145471,1.8444891694754428,2.1370265068119214,2.2746232147054752,2.33545791012633,nan,1.4196,1.5307992167000002,1.6443419239000001,1.7588945192,1.986655847350666,2.2796121908197353,2.420119840266769,2.48249489136459,nan,425.6,438.2852041124016,447.12106693450653,454.1739788088031,475.64918364899,481.90700465709995,462.3502790948429,439.99183352207865,nan,425.6,447.78084386976184,465.5475315098372,481.5023071324044,495.3023624595999,497.77424936249986,476.66197411137205,453.4149128340964,nan,0.0,0.00036753940911219795,0.0007531461538144042,0.0011497868222167034,0.0030674082146643755,0.01498835991797479,0.018063117219960546,0.01908264279654956,nan,0.0,0.0006332068992394159,0.0014976455049262696,0.002605083858391802,0.004984484791094496,0.02060712560679258,0.024103867772098383,0.02526532062099237,nan,266.4940542839713,271.8897346575883,272.3668965960353,262.10633993834495,167.32435811691562,57.065719803544255,26.699620923084453,10.843302936513082,nan,151.1723693234294,140.1695155383947,129.96748793579445,283.2141068864492,181.08849133567702,62.20983556304718,31.053041833618906,13.058303208477138,nan
mac_p104_h0p45_v100,5,310,mac_shift_grid,mac_base_m_plus_h_plus_v,default,0|5|10|15|35|75|125|175|225,0|5|10|15|35|75|125|175|225,7.0,0.9,0.005,1.5,1.5,10000.0,0.0,one_sided_huber,additive_removal_premium_v1,0.015,2,0,1,1,1,True,5.0,5.0,_FIXEDLEARN_GRID5,7.4940959736364245,7.492951903644655,0.0011440699917697472,104,0.45,100.0,MAC_base(m+h)+v,1.0,7.0,0.9,0.005,0.0,0.17842807874997335,0.19373376776875845,0.2105408273972031,0.24482972324667107,0.24722452456633742,0.2354917543406003,0.2400125209281611,nan,0.0,1.1102230246251565e-16,0.10782894619457001,0.1541074231783912,0.22060793182107885,0.23251543042760864,0.22252869966043273,0.22764681348253063,nan,1.4196,1.510958154105717,1.6008018242072533,1.6874591703962958,2.0123077081594793,2.4149372290990456,2.59084079076259,2.6795799634485427,nan,1.4196,1.5307992167000002,1.6201082390801227,1.7066067151475368,2.0313185762051624,2.4343859352277426,2.610700430603626,2.7000810164848232,nan,425.6,443.43420154954845,456.7951369665063,467.9301101890476,502.6166645988849,517.9671140660975,496.9222843676781,474.41203894576984,nan,425.6,447.78084386976184,460.22857530493036,470.9985231503852,505.1369698442089,520.1003120454452,498.8600573208961,476.2962350576479,nan,0.0,0.0005075665956634938,0.001115297238160911,0.001802659678170819,0.005391890509502626,0.026636719177536343,0.03247028048569387,0.035031139268622974,nan,0.0,0.0006332068992394159,0.0012698319489075776,0.001985043349765152,0.005671973004620387,0.027409219740273744,0.033311543522966135,0.03593100691492605,nan,312.56687408972573,315.5497284935532,319.1885399754257,312.7243955840154,208.62287084800963,79.39454242421004,43.83332076777852,21.85669631822115,nan,222.51238596529396,318.4486848297341,322.1265683045157,315.3980512563004,210.4354294258104,80.22948470460912,44.34193896572119,22.277576847000233,nan
mac_p112_h0p5_v25,10,335,mac_shift_grid,mac_base_m_plus_h_plus_v,default,0|5|10|15|35|75|125|175|225,0|5|10|15|35|75|125|175|225,7.0,0.9,0.005,1.5,1.5,10000.0,0.0,one_sided_huber,additive_removal_premium_v1,0.015,2,0,1,1,1,True,5.0,5.0,_FIXEDLEARN_GRID5,7.508302804518999,7.502383233286302,0.0059195712326962635,112,0.5,25.0,MAC_base(m+h)+v,1.0,7.0,0.9,0.005,0.0,0.22966076893759269,0.24270742425967906,0.25470291118639765,0.27943715340050285,0.2762808125439593,0.2634574543876677,0.2676257410625032,nan,0.0,1.1102230246251565e-16,0.0,0.09552401938525926,0.21199820915422984,0.23604443208383308,0.22800094636827595,0.23406006922889458,nan,1.4196,1.50526111908742,1.589795390427066,1.6724752174101707,1.9851455021733622,2.3765183298291284,2.547996820375972,2.63380012489376,nan,1.4196,1.5307992167000002,1.6443419239000001,1.726483742970627,2.0380760574605103,2.4297198072192963,2.602316847303208,2.68944850744565,nan,425.6,442.1861346482625,454.61024804832937,465.1862764912899,498.38405804014354,513.1479413589698,492.3303627236539,469.91677849486194,nan,425.6,447.78084386976184,465.54753150983714,474.3885498750056,505.5308482384687,519.0057582951596,497.6469699792959,475.02119721866285,nan,0.0,0.0004726877144007747,0.0010335921581247187,0.0016763826374019916,0.005023018946541859,0.025383139940160303,0.030893690194563516,0.03329861787614561,nan,0.0,0.0006332068992394159,0.0014976455049262696,0.002214635374839384,0.005826703608705304,0.027582660934293818,0.03329836026240762,0.035845773017312406,nan,301.75428739606457,305.5634248410207,305.42694694466314,298.95973050358964,194.65037460424,69.35232782516428,40.22881786506461,20.699599455892773,nan,163.26618170273258,151.3830979529983,314.71319179769597,307.7758801671795,199.74242185601156,71.14353221333673,41.583624190743706,21.791162181233503,nan
mac_p035_h0p15_v25,15,105,mac_shift_grid,mac_base_m_plus_h_plus_v,default,0|5|10|15|35|75|125|175|225,0|5|10|15|35|75|125|175|225,7.0,0.9,0.005,1.5,1.5,10000.0,0.0,one_sided_huber,additive_removal_premium_v1,0.015,2,0,1,1,1,True,5.0,5.0,_FIXEDLEARN_GRID5,7.610154665931069,7.582062321080465,0.02809234485060408,35,0.15,25.0,MAC_base(m+h)+v,1.0,7.0,0.9,0.005,0.0,0.491992306249873,0.5060334883611034,0.5216352641561516,0.5485001326304032,0.5524857508107648,0.5417788084971492,0.548118810236475,nan,0.0,1.1102230246251565e-16,0.0,0.0,0.33030786014379265,0.4248176571203987,0.43042623530922697,0.4446004312839986,nan,1.4196,1.4760900576225877,1.5306149841678975,1.5819065330503737,1.7739670346421148,2.0113137410909268,2.1216033514708195,2.1687718753796874,nan,1.4196,1.5307992167000002,1.6443419239000001,1.7588945192,1.9452187983100995,2.1801194617407944,2.2921975558035426,2.3403945493322724,nan,425.6,435.7955409143804,442.8031184069548,448.21129582644926,464.37353139358436,465.43084407970565,445.1802176887244,423.15306124495413,nan,425.6,447.78084386976184,465.5475315098372,481.5023071324044,487.93512829270423,484.0720849260258,461.8258491677776,438.71728581013093,nan,0.0,0.0003033914454906518,0.0006130338104261995,0.0009249578454510071,0.0023804750883851165,0.011984948234584653,0.014136704064875475,0.014800526748053893,nan,0.0,0.0006332068992394159,0.0014976455049262696,0.002605083858391802,0.004517038276412914,0.01820467803887875,0.020704577356446784,0.021455886863365133,nan,240.1524072016248,246.10679451327252,247.96748487290878,239.53477089724305,151.61224746449733,48.12247899013052,21.687915174160583,8.408121010145738,nan,53.02187668212778,49.16275904606401,45.58452148933546,266.71495617787446,169.2042607991922,53.61366965818107,26.38503372967586,10.656204699654747,nan
mac_p046_h0p2_v25,10,137,mac_shift_grid,mac_base_m_plus_h_plus_v,default,0|5|10|15|35|75|125|175|225,0|5|10|15|35|75|125|175|225,7.0,0.9,0.005,1.5,1.5,10000.0,0.0,one_sided_huber,additive_removal_premium_v1,0.015,2,0,1,1,1,True,5.0,5.0,_FIXEDLEARN_GRID5,7.595325294573898,7.580180370162927,0.015144924410970262,46,0.2,25.0,MAC_base(m+h)+v,1.0,7.0,0.9,0.005,0.0,0.45751069080391604,0.4716684909773341,0.48702044466289945,0.5133430568445787,0.5163876834047494,0.5045075021560357,0.5113814284957048,nan,0.0,1.1102230246251565e-16,0.0,0.1785449742579131,0.3835129409294705,0.4395150017003769,0.4375113255560747,0.4488616338540733,nan,1.4196,1.4799243862507288,1.538338239794744,1.5936511515875313,1.8015606389669467,2.0590434447811736,2.178703683036333,2.229678622105913,nan,1.4196,1.5307992167000002,1.6443419239000001,1.698315188003585,1.9034599229071953,2.1606862911517526,2.2813430663320986,2.333329919971475,nan,425.6,436.6355390246372,444.34288085714394,450.4096515961469,468.8204478086831,471.6679527819487,451.54621403133467,429.23245163887105,nan,425.6,447.78084386976184,465.5475315098372,468.2059067655318,482.541111834548,482.8174370084017,461.5190935590982,438.6275460659688,nan,0.0,0.0003249526326339523,0.0006640382978533948,0.0010146701286807517,0.0026796246983074794,0.01357160785625178,0.016105955500437984,0.01686763599009853,nan,0.0,0.0006332068992394159,0.0014976455049262696,0.0019375607096627492,0.003916127265479295,0.017238634762041523,0.020004341999815756,0.020858007442088267,nan,250.17463124437631,256.07987930918114,257.7982897088622,249.06702461268102,159.54509348887467,50.63186488472387,24.815094397177717,9.82361620069557,nan,63.89932641826878,59.24850994506656,274.8610021482011,264.54658669783265,168.55868497097362,53.99059492501556,27.416835421489075,11.204611874627634,nan
mac_p043_h0p15_v225,15,129,mac_shift_grid,mac_base_m_plus_h_plus_v,default,0|5|10|15|35|75|125|175|225,0|5|10|15|35|75|125|175|225,7.0,0.9,0.005,1.5,1.5,10000.0,0.0,one_sided_huber,additive_removal_premium_v1,0.015,2,0,1,1,1,True,5.0,5.0,_FIXEDLEARN_GRID5,7.504531771940217,7.496995096670432,0.007536675269784965,43,0.15,225.0,MAC_base(m+h)+v,1.0,7.0,0.9,0.005,0.0,0.1639198506846643,0.18728782673248118,0.22624078883055604,0.2806079223588524,0.2945370943171248,0.2834612508529078,0.2901426892871536,nan,0.0,1.1102230246251565e-16,0.0,0.0,0.1824740583429129,0.2335644699860287,0.22890361237827184,0.23762041096766173,nan,1.4196,1.5125714577022844,1.6022504973970924,1.6821322595303074,1.9842266050617452,2.3523794497689274,2.5173506337282485,2.5964693735559665,nan,1.4196,1.5307992167000002,1.6443419239000001,1.7588945192,2.06124856874891,2.4329988707425567,2.6009339462588508,2.6835458322340076,nan,425.6,443.7876329071116,457.0477220963523,466.67355760953683,497.78555768546306,509.44249849310376,488.654180853712,465.8414143983705,nan,425.6,447.78084386976184,465.5475315098372,481.5023071324044,508.56445660990676,518.5858560178382,497.0047113136857,473.99558362593393,nan,0.0,0.0005176690318981886,0.001110193130291818,0.0017206178723765497,0.0048525162458967685,0.02273460584158016,0.02760396978168396,0.029537078158067748,nan,0.0,0.0006332068992394159,0.0014976455049262696,0.002605083858391802,0.006099948444756162,0.026425532194931198,0.03163985577442449,0.03379681481913785,nan,309.57452859279147,311.8390152245832,321.7775959500558,307.8380186822778,208.151458997391,82.87146874457952,40.171278521216166,17.8309312783143,nan,268.7212300583201,249.162759046064,231.02782196246042,319.517901836823,215.99579010034103,86.71523254100792,42.760623465680005,19.627500375996547,nan
mac_p049_h0p2_v100,15,147,mac_shift_grid,mac_base_m_plus_h_plus_v,default,0|5|10|15|35|75|125|175|225,0|5|10|15|35|75|125|175|225,7.0,0.9,0.005,1.5,1.5,10000.0,0.0,one_sided_huber,additive_removal_premium_v1,0.015,2,0,1,1,1,True,5.0,5.0,_FIXEDLEARN_GRID5,7.5523659718962035,7.535122334071215,0.017243637824988944,49,0.2,100.0,MAC_base(m+h)+v,1.0,7.0,0.9,0.005,0.0,0.3608977711142972,0.3781881738239635,0.3944919466122432,0.4222107210760552,0.42233535902281144,0.40777058768964525,0.41388530256831957,nan,0.0,1.1102230246251565e-16,0.0,0.0,0.25444034049803427,0.3207799978195553,0.31821479928734564,0.32925637528723617,nan,1.4196,1.4906676672433143,1.5593471861185748,1.625045563845927,1.8730873390177027,2.1834016139772587,2.3269064275310285,2.3913170287443846,nan,1.4196,1.5307992167000002,1.6443419239000001,1.7588945192,2.0047646584653847,2.3176804728388203,2.464107553903716,2.5316229622480986,nan,425.6,438.98910247913545,448.5186849219038,456.2625005892336,480.3056122881894,487.9198408514043,468.04751207614913,445.524835383014,nan,425.6,447.78084386976184,465.5475315098372,481.5023071324044,498.52198970273696,502.95118020804375,481.5830345127388,458.44536362728695,nan,0.0,0.00038622042558616413,0.0008046129805468745,0.001247859419000651,0.003437158678728142,0.017067406799302336,0.02057422511020765,0.02176795600829391,nan,0.0,0.0006332068992394159,0.0014976455049262696,0.002605083858391802,0.005282649114219731,0.02246141072499059,0.026387616786493255,0.027807336900232762,nan,274.09282120454463,279.22608752249556,279.70519353298687,269.6524904883667,174.23325046196672,59.630051543453064,29.878624645235796,12.62359440509956,nan,144.78658393434088,134.24850994506656,124.47743383906143,289.0637166079277,185.64314871590847,64.35864078344335,33.37806886371749,14.800258992507384,nan
mac_p045_h0p2_v0,10,134,mac_shift_grid,mac_base_m_plus_h_plus_v,default,0|5|10|15|35|75|125|175|225,0|5|10|15|35|75|125|175|225,7.0,0.9,0.005,1.5,1.5,10000.0,0.0,one_sided_huber,additive_removal_premium_v1,0.015,2,0,1,1,1,True,5.0,5.0,_FIXEDLEARN_GRID5,7.611137017661432,7.593839859092244,0.01729715856918812,45,0.2,0.0,MAC_base(m+h)+v,1.0,7.0,0.9,0.005,0.0,0.48521597082045165,0.4983100620934646,0.5129863275509418,0.5389850894125385,0.5445355478032676,0.5348610134877247,0.5419534517243103,nan,0.0,1.1102230246251565e-16,0.0,0.18679117613914675,0.40161252449255935,0.4630367237066027,0.4637104527686384,0.4754900209110683,nan,1.4196,1.4768435808144358,1.5323507618463863,1.5848410698374293,1.7814350714972536,2.0218256842804925,2.132201541540285,2.178993396663553,nan,1.4196,1.5307992167000002,1.6443419239000001,1.6955172969010657,1.8892541695525469,2.129585323639723,2.2412055182442217,2.28918283192768,nan,425.6,435.96061754671223,443.1535612133084,448.7720715377825,465.58881834355236,466.76148199917327,446.2753224270617,424.0909142426327,nan,425.6,447.78084386976184,465.5475315098372,467.59180490030343,480.109199396172,478.59103986465277,456.87938444902693,434.09016840191146,nan,0.0,0.00030762761686688373,0.0006258010001545426,0.0009512064623655507,0.002479678199919487,0.012579451353914705,0.014851665919698932,0.015521449758937714,nan,0.0,0.0006332068992394159,0.0014976455049262696,0.0019138169067540733,0.0037571719926656143,0.01643574747694458,0.0189277271751552,0.019674302006851527,nan,242.0162939922943,247.96010346198096,249.9254666520074,242.27732540855257,155.63779104921852,48.88668612448298,23.36637362112141,9.042449028481805,nan,36.93690724624474,34.24850994506656,267.44248150431486,258.0752558765696,164.72418930571004,52.23648818631908,26.112220796341028,10.464000282313446,nan
mac_p082_h0p35_v100,10,245,mac_shift_grid,mac_base_m_plus_h_plus_v,default,0|5|10|15|35|75|125|175|225,0|5|10|15|35|75|125|175|225,7.0,0.9,0.005,1.5,1.5,10000.0,0.0,one_sided_huber,additive_removal_premium_v1,0.015,2,0,1,1,1,True,5.0,5.0,_FIXEDLEARN_GRID5,7.516668522329633,7.51084036646048,0.005828155869153306,82,0.35,100.0,MAC_base(m+h)+v,1.0,7.0,0.9,0.005,0.0,0.2526484575096961,0.26872846205791984,0.28247909275263233,0.3152847357589526,0.314102150938506,0.30113371624270635,0.30685829657440356,nan,0.0,1.1102230246251565e-16,0.0,0.10584809359671002,0.23929821749604802,0.2670800426936498,0.2594842263515786,0.2673655604604849,nan,1.4196,1.5027049061244586,1.583947372330415,1.6630509112404435,1.9570099425031882,2.3265100771867866,2.4902760894634977,2.568756640334978,nan,1.4196,1.5307992167000002,1.6443419239000001,1.7229808411748677,2.0166492006639487,2.38868380156306,2.554083879309987,2.6342314771915922,nan,425.6,441.6261372493587,453.4302790086228,463.39878477250585,493.7452933790243,506.5612762690224,485.9526776272264,463.27634691378205,nan,425.6,447.78084386976184,465.54753150983714,473.6197070402896,501.8387010398091,513.506274062919,492.24979570805556,469.3142860158546,nan,0.0,0.0004573001155568808,0.0009847890316373132,0.0015735269832615683,0.004561920942929879,0.02276410112937547,0.027643014230920575,0.02956080518937415,nan,0.0,0.0006332068992394159,0.0014976455049262696,0.002164922614411243,0.005439734969854784,0.025266388746507745,0.030382831941479324,0.032441374177587474,nan,297.172443758229,301.11042140243404,300.7866171381541,294.74886455746764,192.5732403128491,70.37843841146238,38.28580928086033,17.731250882687917,nan,186.0089494335908,172.47056750251846,309.41987601227584,302.9218642473482,197.22710215488678,72.60969232166212,40.24055015153088,19.01062910404544,nan
mac_p045_h0p2_v0,15,135,mac_shift_grid,mac_base_m_plus_h_plus_v,default,0|5|10|15|35|75|125|175|225,0|5|10|15|35|75|125|175|225,7.0,0.9,0.005,1.5,1.5,10000.0,0.0,one_sided_huber,additive_removal_premium_v1,0.015,2,0,1,1,1,True,5.0,5.0,_FIXEDLEARN_GRID5,7.611137017661432,7.582112413718754,0.029024603942677807,45,0.2,0.0,MAC_base(m+h)+v,1.0,7.0,0.9,0.005,0.0,0.48521597082045165,0.4983100620934646,0.5129863275509418,0.5389850894125385,0.5445355478032676,0.5348610134877247,0.5419534517243103,nan,0.0,1.1102230246251565e-16,0.0,0.0,0.323007825082527,0.4165032340530881,0.42304970262389097,0.43750401805592226,nan,1.4196,1.4768435808144358,1.5323507618463863,1.5848410698374293,1.7814350714972536,2.0218256842804925,2.132201541540285,2.178993396663553,nan,1.4196,1.5307992167000002,1.6443419239000001,1.7588945192,1.9509483498878555,2.1911129851583935,2.3034985404881576,2.3521596622136682,nan,425.6,435.96061754671223,443.1535612133084,448.7720715377825,465.58881834355236,466.76148199917327,446.2753224270617,424.0909142426327,nan,425.6,447.78084386976184,465.5475315098372,481.5023071324044,488.95380479409584,485.55249543762193,463.03461731409345,439.86525097529744,nan,0.0,0.00030762761686688373,0.0006258010001545426,0.0009512064623655507,0.002479678199919487,0.012579451353914705,0.014851665919698932,0.015521449758937714,nan,0.0,0.0006332068992394159,0.0014976455049262696,0.002605083858391802,0.004621047551125914,0.0188799038192898,0.021506402530788865,0.022308904656870854,nan,242.0162939922943,247.96010346198096,249.9254666520074,242.27732540855257,155.63779104921852,48.88668612448298,23.36637362112141,9.042449028481805,nan,36.93690724624474,34.24850994506656,31.755783602498937,268.2092303284296,170.6342065080781,54.31268671897898,27.7361644500315,11.389459836270525,nan
mac_p027_h0p1_v100,10,80,mac_shift_grid,mac_base_m_plus_h_plus_v,default,0|5|10|15|35|75|125|175|225,0|5|10|15|35|75|125|175|225,7.0,0.9,0.005,1.5,1.5,10000.0,0.0,one_sided_huber,additive_removal_premium_v1,0.015,2,0,1,1,1,True,5.0,5.0,_FIXEDLEARN_GRID5,7.576393595337836,7.564976543726136,0.01141705161170048,27,0.1,100.0,MAC_base(m+h)+v,1.0,7.0,0.9,0.005,0.0,0.42858252422845233,0.4468083005215211,0.46477971812971686,0.4917180552865619,0.49351438551218973,0.47980859956720756,0.48592968712562534,nan,0.0,1.1102230246251565e-16,0.0,0.1734565131774365,0.3693533586142038,0.4212507305268137,0.4165269743132276,0.42636211926045897,nan,1.4196,1.4831411757144874,1.543925366826304,1.6011973082032662,1.8185333741327192,2.0892870508598946,2.216542859217037,2.2718749543406744,nan,1.4196,1.5307992167000002,1.6443419239000001,1.700041674959353,1.91457330202304,2.184835734982843,2.3134914810586307,2.3706317681675717,nan,425.6,437.34025093973486,445.43881835645493,451.7834235456992,471.53550050267484,475.6309189906061,455.82852699498335,433.55164753895167,nan,425.6,447.78084386976184,465.5475315098372,468.5848489119488,484.4591307509728,486.099979922265,465.2678199694026,442.55705262099656,nan,0.0,0.00034305119057661637,0.0006964649330749885,0.0010565865100682938,0.002787619272779792,0.0136777386722544,0.016350502814714403,0.017215901967579043,nan,0.0,0.0006332068992394159,0.0014976455049262696,0.001940678480473318,0.003962317989641278,0.01715187006180115,0.020062083909902485,0.02101421331911446,nan,257.6858939112737,263.49644501477303,264.41492691955955,253.31760789298423,161.15755464288821,53.69419510725291,24.356458843280407,9.68360121272245,nan,124.20995015140535,115.1695155383947,280.5136401093688,267.75086681779067,170.56981566034202,56.94640290206459,26.967086257229386,10.950986870561252,nan
mac_p044_h0p15_v250,15,132,mac_shift_grid,mac_base_m_plus_h_plus_v,default,0|5|10|15|35|75|125|175|225,0|5|10|15|35|75|125|175|225,7.0,0.9,0.005,1.5,1.5,10000.0,0.0,one_sided_huber,additive_removal_premium_v1,0.015,2,0,1,1,1,True,5.0,5.0,_FIXEDLEARN_GRID5,7.495178771079583,7.489242374996125,0.005936396083458639,44,0.15,250.0,MAC_base(m+h)+v,1.0,7.0,0.9,0.005,0.0,0.10069983373027436,0.1382968179666026,0.18367588333645257,0.2378979808225284,0.25633970401393413,0.2455015740758632,0.25116227046740597,nan,0.0,1.1102230246251565e-16,0.0,0.0,0.15734046638455695,0.20661359327989548,0.20083173540164823,0.20892426681942936,nan,1.4196,1.5196014740673733,1.6132608309609375,1.696574298674723,2.0177481992543207,2.4028849269848136,2.575505561549976,2.661094841780387,nan,1.4196,1.5307992167000002,1.6443419239000001,1.7588945192,2.0809750783137444,2.4686339462968165,2.6439405816679074,2.7311210458403705,nan,425.6,445.32772011257674,459.1794484515177,469.2741540063887,503.15988559079676,515.8884031037576,495.00219290805234,472.3559820804636,nan,425.6,447.78084386976184,465.5475315098372,481.5023071324044,512.0716999736261,523.3508272901643,501.8563905514918,478.85416855370977,nan,0.0,0.0005617088589245413,0.001198169188081056,0.0018583250943877978,0.0053343348839591295,0.024653460365377883,0.030032438853679847,0.03229375792685318,nan,0.0,0.0006332068992394159,0.0014976455049262696,0.002605083858391802,0.006400782013099777,0.027788817745282603,0.03348700500995624,0.035905636239973615,nan,318.9408144786777,325.322983760788,333.84432380705493,317.5908568350527,218.29860251694248,89.63744259602066,43.418822907951906,19.894757673805657,nan,295.68364923034414,274.162759046064,254.20823452160107,327.14361126190505,225.12293810226504,92.98054322737832,46.1527256626504,21.556015504575967,nan
mac_p101_h0p45_v25,15,303,mac_shift_grid,mac_base_m_plus_h_plus_v,default,0|5|10|15|35|75|125|175|225,0|5|10|15|35|75|125|175|225,7.0,0.9,0.005,1.5,1.5,10000.0,0.0,one_sided_huber,additive_removal_premium_v1,0.015,2,0,1,1,1,True,5.0,5.0,_FIXEDLEARN_GRID5,7.521922677147604,7.508281351899834,0.013641325247769842,101,0.45,25.0,MAC_base(m+h)+v,1.0,7.0,0.9,0.005,0.0,0.27021133803186526,0.28362606435426424,0.29639816919450496,0.3192343973059059,0.3184819825042652,0.30521575957972646,0.3097512589193461,nan,0.0,1.1102230246251565e-16,0.0,0.0,0.19128579795342027,0.23994062852940834,0.2356949133593761,0.2436296479219374,nan,1.4196,1.5007519275673977,1.5805992565288376,1.6583282448913903,1.9539099862210572,2.32071896209756,2.4840223234732375,2.563960410541705,nan,1.4196,1.5307992167000002,1.6443419239000001,1.7588945192,2.0543325312005365,2.4245681657262868,2.590529547383395,2.673583144207556,nan,425.6,441.1982922583834,452.77455787331263,462.5319753824648,493.3823264455448,505.82987825387033,485.2916937414691,462.90063879145055,nan,425.6,447.78084386976184,465.54753150983714,481.5023071324044,507.3348307242403,517.5242358173532,495.8439175831603,473.0556044359062,nan,0.0,0.0004455467843289592,0.0009648387113516154,0.0015492326948222958,0.0045698523231840985,0.023203255705617702,0.028168087647383537,0.030188084433634237,nan,0.0,0.0006332068992394159,0.0014976455049262696,0.002605083858391802,0.0061228903010603925,0.027518016692502038,0.03286799523765289,0.035178952187288726,nan,294.50357885206955,298.8667504901383,299.15969764629904,290.47833490559896,189.57514542965242,65.47156228792414,37.782561501911346,18.45429023209877,nan,141.62512844922185,131.31715624776984,121.75943431665742,304.652044354447,197.75595637820157,68.5474404623997,39.962379543524634,20.632798772716356,nan
mac_p032_h0p1_v225,15,96,mac_shift_grid,mac_base_m_plus_h_plus_v,default,0|5|10|15|35|75|125|175|225,0|5|10|15|35|75|125|175|225,7.0,0.9,0.005,1.5,1.5,10000.0,0.0,one_sided_huber,additive_removal_premium_v1,0.015,2,0,1,1,1,True,5.0,5.0,_FIXEDLEARN_GRID5,7.512369406897662,7.503885316149107,0.008484090748554607,32,0.1,225.0,MAC_base(m+h)+v,1.0,7.0,0.9,0.005,0.0,0.19188741631485906,0.2158401197401138,0.2540809392402683,0.3096084363310452,0.3229485695555192,0.31161665639707364,0.318726757660192,nan,0.0,1.1102230246251565e-16,0.0,0.0,0.20177713953603538,0.2573417816902867,0.2532076381049796,0.26320575482245534,nan,1.4196,1.509461486311201,1.5958336001348006,1.6726862490825887,1.9614650786867869,2.3148131368891027,2.4742160310067995,2.549079969893874,nan,1.4196,1.5307992167000002,1.6443419239000001,1.7588945192,2.0460982306508857,2.4015599565915524,2.56369972874389,2.6411280010161144,nan,425.6,443.10632195418754,455.7653328337009,464.91416406670714,494.10924587201544,504.56640778570636,483.9222082438614,461.0748324932036,nan,425.6,447.78084386976184,465.5475315098372,481.5023071324044,505.87082636692014,514.3161555633942,492.80814171336476,469.6058810173456,nan,0.0,0.0004981959720709023,0.0010591742731833338,0.0016288508577859003,0.004519402897426871,0.021065840404697014,0.025527221107981224,0.027225821449535642,nan,0.0,0.0006332068992394159,0.0014976455049262696,0.002605083858391802,0.005851003112902601,0.02499010972332058,0.02979460859100294,0.03169012360746212,nan,303.1506226114443,305.69730757603224,314.3465164449308,300.73140802309035,201.9935615357029,79.03782072058797,37.697199734768816,16.189971322965476,nan,259.02204601152556,240.1695155383947,222.68913817235693,314.38670377746655,210.9481005626714,83.27610394652797,40.578475796337386,18.069225736081926,nan
mac_p090_h0p4_v25,10,269,mac_shift_grid,mac_base_m_plus_h_plus_v,default,0|5|10|15|35|75|125|175|225,0|5|10|15|35|75|125|175|225,7.0,0.9,0.005,1.5,1.5,10000.0,0.0,one_sided_huber,additive_removal_premium_v1,0.015,2,0,1,1,1,True,5.0,5.0,_FIXEDLEARN_GRID5,7.5361204040067085,7.527080119305568,0.0090402847011406,90,0.4,25.0,MAC_base(m+h)+v,1.0,7.0,0.9,0.005,0.0,0.30742999639665247,0.3210699882821103,0.3343780805577516,0.35655850701429237,0.3568038615229782,0.3441486727225671,0.3494531753686857,nan,0.0,1.1102230246251565e-16,0.0,0.1240469941660215,0.26749223537388933,0.30358463716135203,0.2972751775811996,0.3050432542426232,nan,1.4196,1.4966132419106086,1.5721840370269282,1.6454418691261388,1.9246155499788626,2.2700488830087315,2.4243763795151296,2.4981387745092682,nan,1.4196,1.5307992167000002,1.6443419239000001,1.7168060539562346,1.9945206659021903,2.340416578343633,2.4961874421516477,2.571765791187894,nan,425.6,440.2916177221596,451.09525293388947,460.11630470497033,488.67693312603626,499.2122234187282,478.6790567292659,456.2407438758647,nan,425.6,447.78084386976184,465.54753150983714,472.264419000331,498.11135365830364,506.96275701609926,485.7065229468848,462.99722724621466,nan,0.0,0.0004208092609671491,0.0009024151657929253,0.0014374146218162254,0.004170676885544363,0.021220741327940915,0.02566143354378294,0.02737118845429523,nan,0.0,0.0006332068992394159,0.0014976455049262696,0.002118739209189183,0.005158723652104947,0.02399656470093872,0.028659240933966542,0.030502735219260738,nan,284.9428904426073,289.7313228276405,290.2636770372418,280.85169366306,182.7156566291499,62.30902250298385,35.11039979376008,16.356351385338797,nan,122.3282745391666,113.42479485862799,302.4441162361569,291.9619387962158,189.3811588762297,64.61047058517335,37.05950718104667,17.71989946241999,nan
mac_p026_h0p1_v75,5,76,mac_shift_grid,mac_base_m_plus_h_plus_v,default,0|5|10|15|35|75|125|175|225,0|5|10|15|35|75|125|175|225,7.0,0.9,0.005,1.5,1.5,10000.0,0.0,one_sided_huber,additive_removal_premium_v1,0.015,2,0,1,1,1,True,5.0,5.0,_FIXEDLEARN_GRID5,7.591723850371223,7.586171855566261,0.00555199480496249,26,0.1,75.0,MAC_base(m+h)+v,1.0,7.0,0.9,0.005,0.0,0.4634334801793948,0.4800695059045256,0.4974460549630456,0.5248413287659603,0.5272608804242073,0.5147225366131267,0.5207854232389385,nan,0.0,1.1102230246251565e-16,0.2585218719675773,0.3532826004716304,0.46517956514560765,0.4919566372507089,0.4837203145055262,0.4920447988210257,nan,1.4196,1.4792657767114965,1.5364501795372947,1.5901137991533765,1.7925360327183846,2.044666650974813,2.1630540610693765,2.2140877797839824,nan,1.4196,1.5307992167000002,1.5862412210237773,1.6390276691312524,1.8393625409493524,2.0913467418153195,2.2105500394880067,2.261736737037589,nan,425.6,436.4912554167346,443.95516781019387,449.7209593164765,467.3490019298165,469.80798112513503,449.8639690021555,427.7496643767767,nan,425.6,447.78084386976184,452.7952366619876,457.52518231922306,473.47102197114634,474.85507345711335,454.4619911857982,432.0339373813817,nan,0.0,0.0003212482138381364,0.0006483857207286132,0.0009771130525821053,0.002529960695185106,0.012514520643318369,0.014851403293387902,0.015601367286756884,nan,0.0,0.0006332068992394159,0.001002453113286465,0.0013701867340589868,0.0030560464604328817,0.014124117733991649,0.016563903916618657,0.0173424062095053,nan,248.46999668774606,254.41645809151376,255.74581236384654,245.5362704393753,154.79460163167414,50.5961452699734,22.352732289354876,8.71179493463193,nan,97.24753097938131,262.5678285518173,263.76608480172996,252.67430929907746,159.15109765949975,51.9785609361998,23.53253713844407,9.273295840746487,nan
mac_p118_h0p5_v175,5,352,mac_shift_grid,mac_base_m_plus_h_plus_v,default,0|5|10|15|35|75|125|175|225,0|5|10|15|35|75|125|175|225,7.0,0.9,0.005,1.5,1.5,10000.0,0.0,one_sided_huber,additive_removal_premium_v1,0.015,2,0,1,1,1,True,5.0,5.0,_FIXEDLEARN_GRID5,7.464880014684838,7.464865408934583,1.460575025546973e-05,118,0.5,175.0,MAC_base(m+h)+v,1.0,7.0,0.9,0.005,0.0,0.02125336201310879,0.05854199843871827,0.08821662898034222,0.13064618241197012,0.13970140131872175,0.13051002951415908,0.13385730257925693,nan,0.0,1.1102230246251565e-16,0.04812441475174989,0.08133189485975023,0.1276424453180881,0.13776083612905266,0.12881172800173327,0.13225180393872765,nan,1.4196,1.528435859491901,1.6311850825419318,1.7289631004846702,2.101926522460053,2.5571068016342076,2.7516747374197488,2.8555742420628105,nan,1.4196,1.5307992167000002,1.6335263503421302,1.731299053037936,2.1042840545076364,2.5596726620292456,2.7542765667887066,2.85823599133384,nan,425.6,447.2630959714479,462.75556218881485,475.50364352055703,516.8892212798554,536.2508883958124,514.4116257431025,492.01485133166216,nan,425.6,447.78084386976184,463.1736637917066,475.8795826716769,517.2038791903551,536.5391300264994,514.6670314165476,492.2592456142418,nan,0.0,0.0006181093765150047,0.0013629746204059418,0.0022193355419552773,0.006823239546874301,0.03275564821711724,0.04007603537740212,0.04368389254115224,nan,0.0,0.0006332068992394159,0.0013822613129634963,0.002243010090862227,0.006861061251806801,0.03286063172623437,0.04018995189356324,0.04380597328378514,nan,335.01814680648886,351.99458296307637,357.3910310699944,346.66948999565653,240.86229802618175,103.38728932458116,55.04174930861308,28.5433420372187,nan,325.0406967348768,352.12243183530506,357.68397620195384,346.9924892371424,241.03670711576714,103.56377699471021,55.14913705542667,28.61241791970595,nan
mac_p034_h0p15_v0,10,101,mac_shift_grid,mac_base_m_plus_h_plus_v,default,0|5|10|15|35|75|125|175|225,0|5|10|15|35|75|125|175|225,7.0,0.9,0.005,1.5,1.5,10000.0,0.0,one_sided_huber,additive_removal_premium_v1,0.015,2,0,1,1,1,True,5.0,5.0,_FIXEDLEARN_GRID5,7.626831146109169,7.608090565388177,0.018740580720992384,34,0.15,0.0,MAC_base(m+h)+v,1.0,7.0,0.9,0.005,0.0,0.5203414861513088,0.5333121507669654,0.5482545622675999,0.5752235805262154,0.5814479728938589,0.5727453795114994,0.579311238964583,nan,0.0,1.1102230246251565e-16,0.0,0.1998636500795359,0.4297901486296799,0.4965658352434441,0.49891303412795973,0.5108231218573367,nan,1.4196,1.4729376510234606,1.5244843250973854,1.5728747510962082,1.7529927007150135,1.973019217932967,2.074161991187294,2.117058082335739,nan,1.4196,1.5307992167000002,1.6443419239000001,1.6910818781407069,1.8671385016855666,2.085252353105571,2.187274511662842,2.2306042362734813,nan,425.6,435.1049335505271,441.5852741087001,446.53209914609715,460.9996427669711,460.3898603078092,439.8193433555689,417.9129142848682,nan,425.6,447.78084386976184,465.5475315098372,466.6182863343546,476.3258412835463,472.6242534890136,450.7708562273085,428.14670898873663,nan,0.0,0.0002862153442125272,0.0005739374019478745,0.000863110646708828,0.0021833229000731485,0.01106917595897583,0.012947727883197518,0.013525064778445912,nan,0.0,0.0006332068992394159,0.0014976455049262696,0.0018716399050997456,0.0034813681435393574,0.014982742500358685,0.017070961694790943,0.017692822872448832,nan,231.77232545728697,237.7845382413044,239.91178056952683,232.74544193455287,147.05224274446846,46.486738111955106,20.299932046911625,7.6593830201839115,nan,26.059457510103737,24.162759046064007,259.1890858224558,250.31734962605165,158.19290142387044,49.91201851859887,23.15261698864674,9.003703477328326,nan
mac_p103_h0p45_v75,10,308,mac_shift_grid,mac_base_m_plus_h_plus_v,default,0|5|10|15|35|75|125|175|225,0|5|10|15|35|75|125|175|225,7.0,0.9,0.005,1.5,1.5,10000.0,0.0,one_sided_huber,additive_removal_premium_v1,0.015,2,0,1,1,1,True,5.0,5.0,_FIXEDLEARN_GRID5,7.502760073287961,7.4979675326443855,0.0047925406435753715,103,0.45,75.0,MAC_base(m+h)+v,1.0,7.0,0.9,0.005,0.0,0.21078015902723246,0.22544956305801367,0.23788006709184795,0.2691904038933052,0.26870138478030314,0.25648441347576156,0.2612571064229433,nan,0.0,1.1102230246251565e-16,0.0,0.09000483528061942,0.20653289627831628,0.23097119222245566,0.22321331657715346,0.2296440463752576,nan,1.4196,1.5073606281202705,1.5936739553559278,1.6781831162088077,1.9931878306434472,2.3865400253739892,2.5586796481911733,2.64435865679243,nan,1.4196,1.5307992167000002,1.6443419239000001,1.728356371887787,2.0423655974076915,2.4364277628726994,2.6096515848083564,2.696769812686769,nan,425.6,442.64608051912967,455.3764572908893,466.2453866181198,499.58885248712954,514.3604300587541,493.43911864835536,470.89607906713087,nan,425.6,447.78084386976184,465.54753150983714,474.7995683416905,506.2307352959731,519.872337377518,498.4365108764898,475.7186052598406,nan,0.0,0.0004853293344717043,0.0010611927446403826,0.0017176618315580074,0.005109546515204694,0.025501037365042164,0.031043910221163946,0.03342191003067463,nan,0.0,0.0006332068992394159,0.0014976455049262696,0.002224728285927594,0.005865154066809802,0.027597228854462134,0.033332572220435994,0.035851439423532395,nan,306.2568545578213,309.764432323735,309.20808413306986,304.908873678423,200.58966462673644,74.28477608327168,41.76905475354355,20.678860811745164,nan,195.5499667932699,181.31715624776984,317.326742349672,312.77410839732266,205.42828217957708,76.24663777080929,43.07330867975295,21.817780366601415,nan
mac_p050_h0p2_v125,10,149,mac_shift_grid,mac_base_m_plus_h_plus_v,default,0|5|10|15|35|75|125|175|225,0|5|10|15|35|75|125|175|225,7.0,0.9,0.005,1.5,1.5,10000.0,0.0,one_sided_huber,additive_removal_premium_v1,0.015,2,0,1,1,1,True,5.0,5.0,_FIXEDLEARN_GRID5,7.539661226262543,7.532143178133741,0.007518048128801524,50,0.2,125.0,MAC_base(m+h)+v,1.0,7.0,0.9,0.005,0.0,0.32362168899585264,0.3421552241799053,0.35841936511353345,0.39248208618863095,0.38951370852734857,0.37517766821235765,0.381782457476942,nan,0.0,1.1102230246251565e-16,0.0,0.13374424800756937,0.2956496654033014,0.329850355546421,0.32249432484554186,0.331919522977017,nan,1.4196,1.4948127383765304,1.5674453005453723,1.6372847930418342,1.8964203429682684,2.2267991630801856,2.376839383779151,2.4445401971500376,nan,1.4196,1.5307992167000002,1.6443419239000001,1.713515828876506,1.972420847710001,2.3056874350454537,2.4575512414933147,2.5272077411803435,nan,425.6,439.8971759012274,450.1281309463489,458.548743589295,483.9746082110448,493.62695835339866,473.5517132799615,450.816203236682,nan,425.6,447.78084386976184,465.5475315098372,471.54225602670306,494.29243007812795,502.42670458500936,481.5004548252874,458.42435945064574,nan,0.0,0.0004103319048681497,0.0008602414140306343,0.0013420304993174551,0.0037176239613110986,0.018427545056454917,0.0222786795008992,0.02362310929128915,nan,0.0,0.0006332068992394159,0.0014976455049262696,0.0020649983367248123,0.004742622950648475,0.021452291118759376,0.025560636627567336,0.027063986337487,nan,282.2355365309496,287.01051768298703,287.0650626577941,278.5393213631856,179.68343161320092,64.02012526167343,32.23845339377698,13.807463974067367,nan,171.74900310636494,159.24850994506656,297.84805525517896,288.64708563638436,185.61589371609313,66.93179854559051,34.28621357846687,15.028717423332193,nan
mac_p043_h0p15_v225,5,127,mac_shift_grid,mac_base_m_plus_h_plus_v,default,0|5|10|15|35|75|125|175|225,0|5|10|15|35|75|125|175|225,7.0,0.9,0.005,1.5,1.5,10000.0,0.0,one_sided_huber,additive_removal_premium_v1,0.015,2,0,1,1,1,True,5.0,5.0,_FIXEDLEARN_GRID5,7.504531771940217,7.503991591731312,0.0005401802089046726,43,0.15,225.0,MAC_base(m+h)+v,1.0,7.0,0.9,0.005,0.0,0.1639198506846643,0.18728782673248118,0.22624078883055604,0.2806079223588524,0.2945370943171248,0.2834612508529078,0.2901426892871536,nan,0.0,1.1102230246251565e-16,0.11150780471424643,0.1770587802217135,0.26088251344031843,0.2829582030437372,0.27316167119038903,0.28033943435619507,nan,1.4196,1.5125714577022844,1.6022504973970924,1.6821322595303074,1.9842266050617452,2.3523794497689274,2.5173506337282485,2.5964693735559665,nan,1.4196,1.5307992167000002,1.6192814453386548,1.6988194454945353,1.9997084139630132,2.367689328919086,2.533129780515666,2.6127221476209694,nan,425.6,443.7876329071116,457.0477220963523,466.67355760953683,497.78555768546306,509.44249849310376,488.654180853712,465.8414143983705,nan,425.6,447.78084386976184,460.0471055972056,469.3225026967687,499.7827192910768,511.08496140359534,490.1868556229638,467.32735297230425,nan,0.0,0.0005176690318981886,0.001110193130291818,0.0017206178723765497,0.0048525162458967685,0.02273460584158016,0.02760396978168396,0.029537078158067748,nan,0.0,0.0006332068992394159,0.001246326327294608,0.0018769533164701138,0.005071054577742653,0.023324506323307934,0.028251423582101517,0.030221395768361893,nan,309.57452859279147,311.8390152245832,321.7775959500558,307.8380186822778,208.151458997391,82.87146874457952,40.171278521216166,17.8309312783143,nan,268.7212300583201,314.97017680321426,324.82799637407317,310.94996113249795,210.1229810711775,83.66964326650461,40.68721680884332,18.218806322900512,nan
mac_p041_h0p15_v175,5,121,mac_shift_grid,mac_base_m_plus_h_plus_v,default,0|5|10|15|35|75|125|175|225,0|5|10|15|35|75|125|175|225,7.0,0.9,0.005,1.5,1.5,10000.0,0.0,one_sided_huber,additive_removal_premium_v1,0.015,2,0,1,1,1,True,5.0,5.0,_FIXEDLEARN_GRID5,7.526046322475178,7.52443205200311,0.001614270472067858,41,0.15,175.0,MAC_base(m+h)+v,1.0,7.0,0.9,0.005,0.0,0.26958468948681247,0.29065156782717805,0.3123582300020498,0.35727599046309855,0.36152993788107707,0.3487276554283638,0.3558351814839827,nan,0.0,1.1102230246251565e-16,0.16228661550508933,0.22777456449714925,0.32077519620680056,0.3393738930790423,0.3291634409569193,0.3372963329850473,nan,1.4196,1.5008216103947538,1.5790203313619686,1.6529130837332917,1.9240524213922707,2.2637999550078947,2.417361293208768,2.48755807409865,nan,1.4196,1.5307992167000002,1.6078693177081664,1.6816118578529504,1.9527006650740302,2.293095192380429,2.4473340321010997,2.5182935510601836,nan,425.6,441.2135578886862,452.4251819286625,461.4055313230492,488.2641870026411,498.2132148129932,477.845539257782,455.005692555588,nan,425.6,447.78084386976184,457.5423025710647,466.00373221046414,492.0683572946193,501.4273894858196,480.77346978126684,457.8206498966387,nan,0.0,0.00044596610128816395,0.0009398135229328099,0.0014627886776726502,0.004042969753243067,0.019457892589549917,0.023543013772328474,0.02501048361801185,nan,0.0,0.0006332068992394159,0.0011621475218436675,0.0017185222689712447,0.0044215611958150405,0.020553821718320736,0.02473339540295387,0.02626249923628738,nan,291.39883445993297,295.2512898023896,297.87333329111345,288.5751697920014,189.73755387669252,70.78994335543274,34.60945853143232,14.671926043148318,nan,214.796391714272,299.04921112495686,301.39262741907515,292.0692385148768,192.22530026572127,72.06016491892944,35.403120700855844,15.179427191838153,nan
mac_p100_h0p45_v0,5,298,mac_shift_grid,mac_base_m_plus_h_plus_v,default,0|5|10|15|35|75|125|175|225,0|5|10|15|35|75|125|175|225,7.0,0.9,0.005,1.5,1.5,10000.0,0.0,one_sided_huber,additive_removal_premium_v1,0.015,2,0,1,1,1,True,5.0,5.0,_FIXEDLEARN_GRID5,7.532565156996753,7.528865854338793,0.0036993026579601462,100,0.45,0.0,MAC_base(m+h)+v,1.0,7.0,0.9,0.005,0.0,0.2966941826615491,0.30940195931444575,0.3220347422142013,0.3435932086565028,0.34362367161178986,0.33120198495649456,0.33609049391499657,nan,0.0,1.1102230246251565e-16,0.16646564460817026,0.22858602587284232,0.3045747148444028,0.3207008760088159,0.31111154565469873,0.3171343499627503,nan,1.4196,1.4978070559885892,1.574806332305242,1.6496298961747369,1.9347915758525074,2.287476036434052,2.444210944940663,2.520292706453194,nan,1.4196,1.5307992167000002,1.6069301146675061,1.6813365334556354,1.9654158770930588,2.3177850895358736,2.4749898700185833,2.551720015746824,nan,425.6,440.55315022673983,451.6224313989424,460.90864853041114,490.3241615698254,501.4882101623094,480.8529865832231,458.48615576789877,nan,425.6,447.78084386976184,457.336160588204,465.9810012131941,494.34374397372244,504.7607213779679,483.82838986809884,461.3412854702483,nan,0.0,0.0004278291110223387,0.0009229897420116576,0.0014772876096552378,0.004328249290657107,0.02211797130534595,0.02676642224613522,0.028615156862775912,nan,0.0,0.0006332068992394159,0.0011687897290771838,0.0017618515315171964,0.004748050345826942,0.023292590713784714,0.02803519711965017,0.029945371386043015,nan,288.26541411463677,292.89782147106166,293.53023789908934,284.6263359316236,185.2775591236051,62.69651308286575,36.3007775588401,17.39701598923441,nan,114.6627092771978,298.9217897455625,299.39389830227856,289.99307808047257,188.2986141194698,63.73552675009901,37.05821136587132,18.031361655670352,nan
mac_p105_h0p45_v125,10,314,mac_shift_grid,mac_base_m_plus_h_plus_v,default,0|5|10|15|35|75|125|175|225,0|5|10|15|35|75|125|175|225,7.0,0.9,0.005,1.5,1.5,10000.0,0.0,one_sided_huber,additive_removal_premium_v1,0.015,2,0,1,1,1,True,5.0,5.0,_FIXEDLEARN_GRID5,7.486081827160431,7.483405728204767,0.00267609895566423,105,0.45,125.0,MAC_base(m+h)+v,1.0,7.0,0.9,0.005,0.0,0.14221426465854414,0.158138565439071,0.18019973277418044,0.21687170806404032,0.22235363233669608,0.21117950259683138,0.2152166284989725,nan,0.0,1.1102230246251565e-16,0.0,0.07595674499504679,0.1708272603200761,0.19379501807618046,0.18580583751690577,0.19102911949048879,nan,1.4196,1.5149851018664036,1.6088015584604372,1.697753737508416,2.0342510123568154,2.4478221008369454,2.6280876106880324,2.720688966553119,nan,1.4196,1.5307992167000002,1.6443419239000001,1.7331228119269086,2.0703897481305864,2.4855829643515204,2.6669605355014516,2.760789333408689,nan,425.6,444.31639732281974,458.3877768136668,469.7956122578332,506.104961149564,522.1536767790667,500.95997070037845,478.53270369956465,nan,425.6,447.78084386976184,465.54753150983714,475.84574191002133,511.05348787770424,526.3869202591418,504.80854282410587,482.24822774296035,nan,0.0,0.0005327861215428796,0.0011759054958897913,0.0018997867782005046,0.005716089566798237,0.02795528582699724,0.034107286850196906,0.03689818392326248,nan,0.0,0.0006332068992394159,0.0014976455049262696,0.0022766108142428724,0.006303623125173081,0.029577196946089936,0.03589231440416301,0.03880982690615863,nan,318.15816182001413,320.5782031373582,328.99239134489727,319.68719897426456,216.4556421863446,84.80211154845065,45.987932420609724,23.13385318396546,nan,249.474805137318,231.31715624776984,334.2297899987751,324.34424547959145,219.58567110336404,86.43458359760072,47.102146387784316,24.008501286899232,nan
mac_p084_h0p35_v150,15,252,mac_shift_grid,mac_base_m_plus_h_plus_v,default,0|5|10|15|35|75|125|175|225,0|5|10|15|35|75|125|175|225,7.0,0.9,0.005,1.5,1.5,10000.0,0.0,one_sided_huber,additive_removal_premium_v1,0.015,2,0,1,1,1,True,5.0,5.0,_FIXEDLEARN_GRID5,7.497510855178017,7.489683661983323,0.007827193194694715,84,0.35,150.0,MAC_base(m+h)+v,1.0,7.0,0.9,0.005,0.0,0.1787406140002713,0.1964861577364614,0.21914150970411655,0.2589520884432759,0.2643840937580191,0.25263203890577896,0.2582533568390078,nan,0.0,1.1102230246251565e-16,0.0,0.0,0.16338169801162025,0.2052302235013786,0.19993578973911144,0.20768882605417024,nan,1.4196,1.5109234004306928,1.6001832467905888,1.6845410060281798,2.0012235395062086,2.3922484479031088,2.5645815573769513,2.6493385602713637,nan,1.4196,1.5307992167000002,1.6443419239000001,1.7588945192,2.076233519141776,2.4704630699692833,2.645313187015498,2.7331692777561845,nan,425.6,443.42658795557253,456.66077621943253,467.31506862723927,500.7475727980385,514.9127291429402,493.99516988277384,471.2818176720697,nan,425.6,447.78084386976184,465.54753150983714,481.5023071324044,511.2286820091499,523.7634954456304,502.03564039457365,479.1064456154924,nan,0.0,0.0005073489873560701,0.0011058732689101939,0.00176573146535964,0.005183743946260328,0.025278116318162014,0.030780162720792092,0.03305624546252593,nan,0.0,0.0006332068992394159,0.0014976455049262696,0.002605083858391802,0.006424343166998752,0.028824651287454428,0.03466918187181525,0.037193580837949894,nan,311.68807374693614,314.5419723199353,320.79325355223966,311.52722841896735,208.96061668865426,80.88127226775859,43.29113026607866,20.286066903112495,nan,239.93378777763886,222.47056750251846,206.27838147898083,321.90227815498974,215.90091637523105,84.12352425057193,45.652934261901706,22.10611836724369,nan
mac_p080_h0p35_v50,15,240,mac_shift_grid,mac_base_m_plus_h_plus_v,default,0|5|10|15|35|75|125|175|225,0|5|10|15|35|75|125|175|225,7.0,0.9,0.005,1.5,1.5,10000.0,0.0,one_sided_huber,additive_removal_premium_v1,0.015,2,0,1,1,1,True,5.0,5.0,_FIXEDLEARN_GRID5,7.538573096031084,7.522450816503397,0.016122279527686523,80,0.35,50.0,MAC_base(m+h)+v,1.0,7.0,0.9,0.005,0.0,0.3166365445327677,0.33122426410529326,0.34531395895618294,0.36831580749433535,0.3686520429443466,0.35553267841753017,0.36089873938993294,nan,0.0,1.1102230246251565e-16,0.0,0.0,0.22040270675981682,0.2786988496658943,0.2759704297075744,0.2855222361410956,nan,1.4196,1.4955894809693617,1.5699019455426146,1.6417313855229134,1.9153876409414086,2.2543829421662593,2.406935871962835,2.4791632232873564,nan,1.4196,1.5307992167000002,1.6443419239000001,1.7588945192,2.0314796504416117,2.3733211449481795,2.52882671045016,2.6041296028971073,nan,425.6,440.06733927881214,450.6358531298549,459.412040699635,487.1793808269431,497.16792396510573,476.7829937952192,454.3454944081987,nan,425.6,447.78084386976184,465.54753150983714,481.5023071324044,503.2717391712121,510.5105732877709,488.83654801848513,465.8832928816953,nan,0.0,0.0004148515756715314,0.0008840695958677534,0.0014009112588617215,0.004022745516009011,0.020372150112972026,0.024621348535686243,0.026228215499312826,nan,0.0,0.0006332068992394159,0.0014976455049262696,0.002605083858391802,0.0057286496569742855,0.025204931952592616,0.029862039916089912,0.03169382077818412,nan,283.19948328909004,288.0242387016132,288.4770793625453,278.6291554405682,181.1102036668948,62.16151305414091,33.80179898193703,15.384558231011162,nan,132.0841110895427,122.47056750251845,113.55673124241832,295.8371631320268,191.34115702331235,65.88074546590977,37.2113296600322,17.757070685251037,nan
mac_p114_h0p5_v75,5,340,mac_shift_grid,mac_base_m_plus_h_plus_v,default,0|5|10|15|35|75|125|175|225,0|5|10|15|35|75|125|175|225,7.0,0.9,0.005,1.5,1.5,10000.0,0.0,one_sided_huber,additive_removal_premium_v1,0.015,2,0,1,1,1,True,5.0,5.0,_FIXEDLEARN_GRID5,7.491193675299651,7.49003555392247,0.001158121377180521,114,0.5,75.0,MAC_base(m+h)+v,1.0,7.0,0.9,0.005,0.0,0.17170786346943046,0.18606979852308286,0.20118784636221038,0.23337795357737195,0.23498775883224604,0.2234166530494008,0.22733781755147361,nan,0.0,1.1102230246251565e-16,0.10313525882740543,0.14657972073272107,0.20977132261140755,0.2204246499564751,0.21054826876319735,0.21505294354734356,nan,1.4196,1.511705436780969,1.602524239400237,1.6906325855996502,2.021295816357066,2.4311169651510047,2.6093400695671565,2.70059329950611,nan,1.4196,1.5307992167000002,1.6211631074092043,1.7091608233295212,2.0398238656830507,2.4503726461721316,2.6290546726113786,2.720960339128392,nan,425.6,443.597911052806,457.14289978777504,468.5439660723436,504.0943147941061,520.101188829386,498.9606431988512,476.56308634997015,nan,425.6,447.78084386976184,460.4601042072014,471.51677573412474,506.55739589225277,522.2272223126829,500.89200285594586,478.43976268510465,nan,0.0,0.0005122458477611558,0.0011306251501094064,0.0018371098715192877,0.005547123022239418,0.027515312350259235,0.0335490728864863,0.03629347026257326,nan,0.0,0.0006332068992394159,0.001280307900808334,0.0020149603042522056,0.005823245798082185,0.02827443818482733,0.034378798641020385,0.03718131352235393,nan,313.5860930296484,316.59971041594224,319.54478524294575,314.1244095320176,209.44937949956494,79.29672854113252,44.23836908189925,22.686635285695154,nan,217.19102004678064,319.3790058687895,322.2379875845092,316.6724691292683,210.9547787536218,80.08242112712085,44.71911256068721,23.06065352884344,nan
mac_p047_h0p2_v50,15,141,mac_shift_grid,mac_base_m_plus_h_plus_v,default,0|5|10|15|35|75|125|175|225,0|5|10|15|35|75|125|175|225,7.0,0.9,0.005,1.5,1.5,10000.0,0.0,one_sided_huber,additive_removal_premium_v1,0.015,2,0,1,1,1,True,5.0,5.0,_FIXEDLEARN_GRID5,7.580242558598369,7.557354653836027,0.02288790476234137,47,0.2,50.0,MAC_base(m+h)+v,1.0,7.0,0.9,0.005,0.0,0.42657910088355366,0.44170798315497384,0.4574933780608979,0.48325554807585114,0.48562263701872255,0.47329474944571653,0.4803174773030235,nan,0.0,1.1102230246251565e-16,0.0,0.0,0.28995309180004547,0.3700404802529028,0.371943516703177,0.38487407669313256,nan,1.4196,1.4833639548211586,1.5450716219637626,1.603669523453644,1.8251753109363071,2.099721704132451,2.2265221982372774,2.281179412798047,nan,1.4196,1.5307992167000002,1.6443419239000001,1.7588945192,1.9768918964107836,2.252547118087798,2.381794163786516,2.439414614986803,nan,425.6,437.3890558406072,445.6813773599443,452.2759993684923,472.62566384377067,476.97996617122914,456.84512788700533,434.385023718135,nan,425.6,447.78084386976184,465.5475315098372,481.5023071324044,493.56639634633325,494.00278399904477,472.0895317008852,448.8933513934591,nan,0.0,0.0003443049343561863,0.0007076547635217678,0.0010879471682262746,0.0029184793261128683,0.01469320573624518,0.017512703822809124,0.018387926386979243,nan,0.0,0.0006332068992394159,0.0014976455049262696,0.002605083858391802,0.004939132423470143,0.0205817779373715,0.023800371116726,0.024874041662443818,nan,257.50736092819193,263.2529424946156,264.50510616285266,254.8405802510599,163.71643165484545,53.30508932945534,26.463952142127603,10.646298383732443,nan,90.86174559029281,84.24850994506656,78.11660872078018,277.38709028420175,176.8989380101815,58.41194043295107,30.20351032678535,12.88690183056301,nan
mac_p089_h0p4_v0,10,266,mac_shift_grid,mac_base_m_plus_h_plus_v,default,0|5|10|15|35|75|125|175|225,0|5|10|15|35|75|125|175|225,7.0,0.9,0.005,1.5,1.5,10000.0,0.0,one_sided_huber,additive_removal_premium_v1,0.015,2,0,1,1,1,True,5.0,5.0,_FIXEDLEARN_GRID5,7.5478270386148685,7.537181198914406,0.01064583970046229,89,0.4,0.0,MAC_base(m+h)+v,1.0,7.0,0.9,0.005,0.0,0.33458756385382726,0.3473899750029099,0.36050263559494083,0.3831138469731121,0.38335144098969104,0.3712188135169841,0.3768280032895778,nan,0.0,1.1102230246251565e-16,0.0,0.13277219775611446,0.28642842149695397,0.3258708083306967,0.3207814707896395,0.32926706799483274,nan,1.4196,1.4935933416818934,1.566268832574273,1.6365779507854816,1.9037731583078659,2.234947056437585,2.382904422489001,2.4527541653768914,nan,1.4196,1.5307992167000002,1.6443419239000001,1.7138456401992117,1.9796582913837755,2.310949284863935,2.4601753656283867,2.5316052348542963,nan,425.6,439.6300389345024,449.9193281574313,458.462904297419,485.31891662575856,494.64393190735535,474.0808061056118,451.66691997986305,nan,425.6,447.78084386976184,465.54753150983714,471.6146454589668,495.56814557423013,503.0015818997064,481.62339439224934,458.87436214375003,nan,0.0,0.0004032374438720082,0.0008597949651215516,0.0013659902461307179,0.00392506862276384,0.020155251346780735,0.024280883009538266,0.025831231668155076,nan,0.0,0.0006332068992394159,0.0014976455049262696,0.0020926515110297472,0.004972131329581913,0.023082336813740154,0.02744495943872937,0.029130610012278884,nan,278.63505318901025,283.6039134129129,284.50120609885994,275.66345845122225,178.32834987617218,59.548503080110535,33.59818979678036,15.392164712701529,nan,95.36585536714256,88.42479485862799,297.61360012469015,287.61017091403016,185.56600639923204,61.93439657120419,35.640892235449435,16.781757241905577,nan
mac_p026_h0p1_v75,15,78,mac_shift_grid,mac_base_m_plus_h_plus_v,default,0|5|10|15|35|75|125|175|225,0|5|10|15|35|75|125|175|225,7.0,0.9,0.005,1.5,1.5,10000.0,0.0,one_sided_huber,additive_removal_premium_v1,0.015,2,0,1,1,1,True,5.0,5.0,_FIXEDLEARN_GRID5,7.591723850371223,7.567950082059632,0.023773768311591503,26,0.1,75.0,MAC_base(m+h)+v,1.0,7.0,0.9,0.005,0.0,0.4634334801793948,0.4800695059045256,0.4974460549630456,0.5248413287659603,0.5272608804242073,0.5147225366131267,0.5207854232389385,nan,0.0,1.1102230246251565e-16,0.0,0.0,0.31700249706371664,0.40484577385162046,0.4077382675351553,0.421178815774396,nan,1.4196,1.4792657767114965,1.5364501795372947,1.5901137991533765,1.7925360327183846,2.044666650974813,2.1630540610693765,2.2140877797839824,nan,1.4196,1.5307992167000002,1.6443419239000001,1.7588945192,1.9556617295273164,2.2065267499713035,2.3269559426062645,2.3792251446596273,nan,425.6,436.4912554167346,443.95516781019387,449.7209593164765,467.3490019298165,469.80798112513503,449.8639690021555,427.7496643767767,nan,425.6,447.78084386976184,465.5475315098372,481.5023071324044,489.7918126234514,487.72512343534055,465.8881384769286,442.7541460594223,nan,0.0,0.0003212482138381364,0.0006483857207286132,0.0009771130525821053,0.002529960695185106,0.012514520643318369,0.014851403293387902,0.015601367286756884,nan,0.0,0.0006332068992394159,0.0014976455049262696,0.002605083858391802,0.004606711075098925,0.01860545942912424,0.02131021239718086,0.022153719321004847,nan,248.46999668774606,254.41645809151376,255.74581236384654,245.5362704393753,154.79460163167414,50.5961452699734,22.352732289354876,8.71179493463193,nan,97.24753097938131,90.1695155383947,83.60666281751321,270.8473241877448,171.16007682282685,56.048634561582915,26.924819371954865,10.86273166973692,nan
mac_p042_h0p15_v200,10,125,mac_shift_grid,mac_base_m_plus_h_plus_v,default,0|5|10|15|35|75|125|175|225,0|5|10|15|35|75|125|175|225,7.0,0.9,0.005,1.5,1.5,10000.0,0.0,one_sided_huber,additive_removal_premium_v1,0.015,2,0,1,1,1,True,5.0,5.0,_FIXEDLEARN_GRID5,7.51484335812823,7.510882627985701,0.0039607301425288455,42,0.15,200.0,MAC_base(m+h)+v,1.0,7.0,0.9,0.005,0.0,0.21819593527566772,0.2403534375355857,0.2703164893155673,0.3195996402308042,0.32888786422730776,0.3171390196171048,0.32420205486460796,nan,0.0,1.1102230246251565e-16,0.0,0.11305781289339892,0.25285092751631055,0.2876564708373108,0.28046495687553097,0.2892254025389487,nan,1.4196,1.5065359996102219,1.590324429932274,1.6671776159258427,1.953623319354521,2.306960063437135,2.46575566828157,2.540002498275637,nan,1.4196,1.5307992167000002,1.6443419239000001,1.7205346229325307,2.0060121351666216,2.361477170048572,2.5219410115918555,2.5979901392992213,nan,425.6,442.4654266270713,454.67470084975787,463.9791988198772,492.9473277157797,503.6771713307086,483.061445375125,460.20510276080006,nan,425.6,447.78084386976184,465.5475315098372,473.08279293951483,500.0294907650191,509.75679393334843,488.6140547983095,465.5727572902084,nan,0.0,0.0004803637160535263,0.0010217898318258584,0.0015865820923924722,0.004432717221235639,0.021042748693456712,0.02547842202205121,0.02715720145569085,nan,0.0,0.0006332068992394159,0.0014976455049262696,0.0021258007498407205,0.005198633292221114,0.023291771275420543,0.027943928065958294,0.029751494374722545,nan,299.8933419871102,302.99524221819786,309.4451149737934,297.7505425291524,198.71190444355935,76.66072372490305,37.21066405250728,16.075526213892857,nan,241.75881088629603,224.162759046064,317.92909959868854,305.8252351200766,203.56395488885414,79.12016726594794,38.92440317418473,17.227548805463,nan
mac_p043_h0p15_v225,10,128,mac_shift_grid,mac_base_m_plus_h_plus_v,default,0|5|10|15|35|75|125|175|225,0|5|10|15|35|75|125|175|225,7.0,0.9,0.005,1.5,1.5,10000.0,0.0,one_sided_huber,additive_removal_premium_v1,0.015,2,0,1,1,1,True,5.0,5.0,_FIXEDLEARN_GRID5,7.504531771940217,7.501647413217944,0.002884358722273106,43,0.15,225.0,MAC_base(m+h)+v,1.0,7.0,0.9,0.005,0.0,0.1639198506846643,0.18728782673248118,0.22624078883055604,0.2806079223588524,0.2945370943171248,0.2834612508529078,0.2901426892871536,nan,0.0,1.1102230246251565e-16,0.0,0.1042325637851623,0.22955986535472744,0.26403058761351716,0.2564608373107442,0.2644332295914317,nan,1.4196,1.5125714577022844,1.6022504973970924,1.6821322595303074,1.9842266050617452,2.3523794497689274,2.5173506337282485,2.5964693735559665,nan,1.4196,1.5307992167000002,1.6443419239000001,1.7235289815855301,2.0242925051697185,2.3927158619433113,2.558715767312602,2.6390929758911774,nan,425.6,443.7876329071116,457.0477220963523,466.67355760953683,497.78555768546306,509.44249849310376,488.654180853712,465.8414143983705,nan,425.6,447.78084386976184,465.5475315098372,473.74001695810296,503.17925818443916,513.8833874297575,492.7117271202125,469.76796484231124,nan,0.0,0.0005176690318981886,0.001110193130291818,0.0017206178723765497,0.0048525162458967685,0.02273460584158016,0.02760396978168396,0.029537078158067748,nan,0.0,0.0006332068992394159,0.0014976455049262696,0.0021579991035808464,0.005466270504418466,0.024505968997381177,0.029517827842074594,0.031547160543462086,nan,309.57452859279147,311.8390152245832,321.7775959500558,307.8380186822778,208.151458997391,82.87146874457952,40.171278521216166,17.8309312783143,nan,268.7212300583201,249.162759046064,329.0630888790819,314.85893750621307,212.8504989411233,84.98934820672679,41.52439326629041,18.743833372963635,nan
mac_p106_h0p45_v150,15,318,mac_shift_grid,mac_base_m_plus_h_plus_v,default,0|5|10|15|35|75|125|175|225,0|5|10|15|35|75|125|175|225,7.0,0.9,0.005,1.5,1.5,10000.0,0.0,one_sided_huber,additive_removal_premium_v1,0.015,2,0,1,1,1,True,5.0,5.0,_FIXEDLEARN_GRID5,7.47883477975254,7.4738089749954275,0.00502580475711234,106,0.45,150.0,MAC_base(m+h)+v,1.0,7.0,0.9,0.005,0.0,0.1036653928084349,0.11997405798980265,0.14782305278822278,0.18652002042933385,0.1957847066867733,0.18507773934810046,0.18884486438033957,nan,0.0,1.1102230246251565e-16,0.0,0.0,0.12177502022765602,0.15601073462564535,0.14971773284020085,0.15482706114312905,nan,1.4196,1.5192717062208043,1.6173787232892818,1.7087389675775437,2.0580730294177645,2.4829521518276447,2.668075995380173,2.764410600534312,nan,1.4196,1.5307992167000002,1.6443419239000001,1.7588945192,2.108889198784632,2.5355422220856854,2.72224818020463,2.8208085697900245,nan,425.6,445.2554768609398,460.0966321528879,471.7848264751093,509.89938528603085,526.6150092073892,505.2992012809763,482.8968885042061,nan,425.6,447.78084386976184,465.54753150983714,481.5023071324044,517.0346465838115,532.5640517333654,510.68967978726573,488.167546632363,nan,0.0,0.0005596423736162144,0.001242828775117129,0.0020055438848700065,0.006078689086163483,0.029352796101534222,0.03586962369178365,0.038907969808268814,nan,0.0,0.0006332068992394159,0.0014976455049262696,0.002605083858391802,0.0069861303698998305,0.031895935546408544,0.03865813331643761,0.041893769380505416,nan,324.2393653813871,325.9088613155261,339.1855235410765,326.94044939587036,224.77407382458898,90.5532118564602,48.53835579158891,24.714492078444724,nan,276.437224309342,256.31715624776984,237.66149711236054,334.2186335478128,230.17173162501493,93.1200884449728,50.10345039062914,26.038308321996098,nan
mac_p029_h0p1_v150,15,87,mac_shift_grid,mac_base_m_plus_h_plus_v,default,0|5|10|15|35|75|125|175|225,0|5|10|15|35|75|125|175|225,7.0,0.9,0.005,1.5,1.5,10000.0,0.0,one_sided_huber,additive_removal_premium_v1,0.015,2,0,1,1,1,True,5.0,5.0,_FIXEDLEARN_GRID5,7.548384922053823,7.533147074450397,0.015237847603425614,29,0.1,150.0,MAC_base(m+h)+v,1.0,7.0,0.9,0.005,0.0,0.34761720731545975,0.36872785305059386,0.38651600354082444,0.42550657002852865,0.42310828830624153,0.4084816177536557,0.4151801431433212,nan,0.0,1.1102230246251565e-16,0.0,0.0,0.26160020121361316,0.3238694465776905,0.3208922550941306,0.33291933883670866,nan,1.4196,1.4921444555350796,1.561473316809893,1.6277517576155105,1.8705005382137054,2.1823796289148265,2.3258171163049486,2.3891703181402115,nan,1.4196,1.5307992167000002,1.6443419239000001,1.7588945192,1.9991451250090142,2.3135955318880086,2.460005642022222,2.525550150779133,nan,425.6,439.31262701097336,448.9254947608762,456.7443924506778,479.73475241095065,487.81455748318115,467.9368516711081,445.26846205209387,nan,425.6,447.78084386976184,465.5475315098372,481.5023071324044,497.5228736980897,502.5030578715016,481.1809835414428,457.78359233332606,nan,0.0,0.00039480926399747604,0.0008148656476462895,0.001253851584331597,0.0033668260796096616,0.016345173096999396,0.019744215291550658,0.020878762324184376,nan,0.0,0.0006332068992394159,0.0014976455049262696,0.002605083858391802,0.005165318160652681,0.021679051991412433,0.02549162376170021,0.026811613182149835,nan,275.4665467848844,280.4646691107305,280.46788665987043,271.677237725993,174.81990856137594,61.93798348670589,29.421459707345598,12.05704715022387,nan,178.13478849545342,165.1695155383947,153.14790049493507,291.10884001026767,186.54392303300395,66.97391597699871,33.39056101000478,14.192037018620189,nan
mac_p114_h0p5_v75,10,341,mac_shift_grid,mac_base_m_plus_h_plus_v,default,0|5|10|15|35|75|125|175|225,0|5|10|15|35|75|125|175|225,7.0,0.9,0.005,1.5,1.5,10000.0,0.0,one_sided_huber,additive_removal_premium_v1,0.015,2,0,1,1,1,True,5.0,5.0,_FIXEDLEARN_GRID5,7.491193675299651,7.4875663126260426,0.003627362673608303,114,0.5,75.0,MAC_base(m+h)+v,1.0,7.0,0.9,0.005,0.0,0.17170786346943046,0.18606979852308286,0.20118784636221038,0.23337795357737195,0.23498775883224604,0.2234166530494008,0.22733781755147361,nan,0.0,1.1102230246251565e-16,0.0,0.07842915859556751,0.17985970879127544,0.2020322228528454,0.1942493726215403,0.19949875297384803,nan,1.4196,1.511705436780969,1.602524239400237,1.6906325855996502,2.021295816357066,2.4311169651510047,2.6093400695671565,2.70059329950611,nan,1.4196,1.5307992167000002,1.6443419239000001,1.7322839355430564,2.063300483633247,2.474691540752467,2.6540248833499778,2.746747564589262,nan,425.6,443.597911052806,457.14289978777504,468.5439660723436,504.0943147941061,520.101188829386,498.9606431988512,476.56308634997015,nan,425.6,447.78084386976184,465.54753150983714,475.661619107116,509.82117998654223,524.9676013817443,503.36907083644746,480.8354277442329,nan,0.0,0.0005122458477611558,0.0011306251501094064,0.0018371098715192877,0.005547123022239418,0.027515312350259235,0.0335490728864863,0.03629347026257326,nan,0.0,0.0006332068992394159,0.0014976455049262696,0.0022690533026195957,0.00621479843202373,0.02935387961055741,0.0355569824539813,0.03843816688574046,nan,313.5860930296484,316.59971041594224,319.54478524294575,314.1244095320176,209.44937949956494,79.29672854113252,44.23836908189925,22.686635285695154,nan,217.19102004678064,201.3830979529983,325.4758784432623,319.7432683863362,213.053373345465,81.0364882583676,45.38927034000049,23.542818956092876,nan
mac_p075_h0p3_v200,5,223,mac_shift_grid,mac_base_m_plus_h_plus_v,default,0|5|10|15|35|75|125|175|225,0|5|10|15|35|75|125|175|225,7.0,0.9,0.005,1.5,1.5,10000.0,0.0,one_sided_huber,additive_removal_premium_v1,0.015,2,0,1,1,1,True,5.0,5.0,_FIXEDLEARN_GRID5,7.48938344055518,7.489007407924962,0.000376032630217793,75,0.3,200.0,MAC_base(m+h)+v,1.0,7.0,0.9,0.005,0.0,0.12240078542568045,0.14171801785780758,0.17668346318000244,0.22366043088252274,0.2358172712065769,0.22499584520482463,0.23018278408072962,nan,0.0,1.1102230246251565e-16,0.08366843714587596,0.13856586790548592,0.20674636339381705,0.22528383951554654,0.21557066311064027,0.22109839824435265,nan,1.4196,1.5171883452371997,1.6124919439153418,1.6989467885097502,2.028922772532055,2.4300201646107187,2.6069207179389875,2.69587664176864,nan,1.4196,1.5307992167000002,1.6255381183661295,1.7118798796714774,2.042198054260549,2.443947712803245,2.6213602714581943,2.710937605862483,nan,425.6,444.79906859265344,459.1084794926969,469.8694451838046,505.0844275852912,519.619204671915,498.53140193613604,475.911491454333,nan,425.6,447.78084386976184,461.42035816151486,471.9379631415059,506.8628598283633,521.1654453898329,499.9582402305185,477.31229135151375,nan,0.0,0.0005465884570115939,0.0011964843194195412,0.0018937154220572273,0.005561148999445895,0.026489207602686665,0.03229582937117288,0.034778932919789,nan,0.0,0.0006332068992394159,0.0013025256511454103,0.002017711165056264,0.0057583882498797485,0.027027699138212402,0.03289990480068479,0.03542821637350964,nan,319.4375609379968,321.1218994280687,333.74660148394827,320.1516000779071,219.13721198962617,88.55813002433305,45.7617232828223,21.469572749220845,nan,278.5158926950053,323.0640539815062,335.7591342034161,321.8437810515619,220.33070812655893,89.21367413160597,46.25275391152795,21.819200871803833,nan
mac_p029_h0p1_v150,10,86,mac_shift_grid,mac_base_m_plus_h_plus_v,default,0|5|10|15|35|75|125|175|225,0|5|10|15|35|75|125|175|225,7.0,0.9,0.005,1.5,1.5,10000.0,0.0,one_sided_huber,additive_removal_premium_v1,0.015,2,0,1,1,1,True,5.0,5.0,_FIXEDLEARN_GRID5,7.548384922053823,7.540645988802431,0.00773893325139241,29,0.1,150.0,MAC_base(m+h)+v,1.0,7.0,0.9,0.005,0.0,0.34761720731545975,0.36872785305059386,0.38651600354082444,0.42550657002852865,0.42310828830624153,0.4084816177536557,0.4151801431433212,nan,0.0,1.1102230246251565e-16,0.0,0.14498573566969664,0.3224288871269963,0.3608849775505589,0.35382743477446776,0.3640587952251769,nan,1.4196,1.4921444555350796,1.561473316809893,1.6277517576155105,1.8705005382137054,2.1823796289148265,2.3258171163049486,2.3891703181402115,nan,1.4196,1.5307992167000002,1.6443419239000001,1.709701653725092,1.9514027387844424,2.264652736546622,2.409548336804493,2.4739241803485847,nan,425.6,439.31262701097336,448.9254947608762,456.7443924506778,479.73475241095065,487.81455748318115,467.9368516711081,445.26846205209387,nan,425.6,447.78084386976184,465.5475315098372,470.70509261005606,490.6833884997311,496.9177282043323,476.1344203373832,452.990577492259,nan,0.0,0.00039480926399747604,0.0008148656476462895,0.001253851584331597,0.0033668260796096616,0.016345173096999396,0.019744215291550658,0.020878762324184376,nan,0.0,0.0006332068992394159,0.0014976455049262696,0.0020185968402533856,0.0044201103829833565,0.019472730058956854,0.02311284678387516,0.024344456227701268,nan,275.4665467848844,280.4646691107305,280.46788665987043,271.677237725993,174.81990856137594,61.93798348670589,29.421459707345598,12.05704715022387,nan,178.13478849545342,165.1695155383947,292.84051376332854,283.1515923918132,182.09693651155945,65.1923450884921,31.989470313388495,13.324923909186328,nan
mac_p026_h0p1_v75,10,77,mac_shift_grid,mac_base_m_plus_h_plus_v,default,0|5|10|15|35|75|125|175|225,0|5|10|15|35|75|125|175|225,7.0,0.9,0.005,1.5,1.5,10000.0,0.0,one_sided_huber,additive_removal_premium_v1,0.015,2,0,1,1,1,True,5.0,5.0,_FIXEDLEARN_GRID5,7.591723850371223,7.578272511302554,0.013451339068669022,26,0.1,75.0,MAC_base(m+h)+v,1.0,7.0,0.9,0.005,0.0,0.4634334801793948,0.4800695059045256,0.4974460549630456,0.5248413287659603,0.5272608804242073,0.5147225366131267,0.5207854232389385,nan,0.0,1.1102230246251565e-16,0.0,0.18474262312090756,0.3949745176975956,0.45104670948220504,0.4483309132785328,0.4590765514613212,nan,1.4196,1.4792657767114965,1.5364501795372947,1.5901137991533765,1.7925360327183846,2.044666650974813,2.1630540610693765,2.2140877797839824,nan,1.4196,1.5307992167000002,1.6443419239000001,1.6962123597124448,1.8944641174481456,2.1454387991107393,2.264767257566495,2.316394652131104,nan,425.6,436.4912554167346,443.95516781019387,449.7209593164765,467.3490019298165,469.80798112513503,449.8639690021555,427.7496643767767,nan,425.6,447.78084386976184,465.5475315098372,467.74436243498894,481.0121973808044,480.81004033378883,459.72515468413883,436.9879259440762,nan,0.0,0.0003212482138381364,0.0006483857207286132,0.0009771130525821053,0.002529960695185106,0.012514520643318369,0.014851403293387902,0.015601367286756884,nan,0.0,0.0006332068992394159,0.0014976455049262696,0.0019087291500631699,0.003743317111277242,0.01614381182651802,0.018706282278812464,0.019513458632327334,nan,248.46999668774606,254.41645809151376,255.74581236384654,245.5362704393753,154.79460163167414,50.5961452699734,22.352732289354876,8.71179493463193,nan,97.24753097938131,90.1695155383947,273.479774452201,261.49050775709674,164.7454828372168,53.97053049586799,25.001734460651825,9.961642107991793,nan
mac_p096_h0p4_v175,5,286,mac_shift_grid,mac_base_m_plus_h_plus_v,default,0|5|10|15|35|75|125|175|225,0|5|10|15|35|75|125|175|225,7.0,0.9,0.005,1.5,1.5,10000.0,0.0,one_sided_huber,additive_removal_premium_v1,0.015,2,0,1,1,1,True,5.0,5.0,_FIXEDLEARN_GRID5,7.480417356976101,7.480127953511684,0.00028940346441697073,96,0.4,175.0,MAC_base(m+h)+v,1.0,7.0,0.9,0.005,0.0,0.09908507683647405,0.1174001495051818,0.1487420293814832,0.19018452398165966,0.20121220992745542,0.19039430720443823,0.19453109345566266,nan,0.0,1.1102230246251565e-16,0.06928143676842341,0.11718965936588477,0.1767650486177652,0.1933674475450228,0.18350217127463073,0.18810895849859505,nan,1.4196,1.5197810337691249,1.6179571884340578,1.708427163856177,2.0551968840385006,2.475775780900584,2.6599309149633754,2.754983425877125,nan,1.4196,1.5307992167000002,1.6287714805101083,1.7191327100702405,2.0657293781427866,2.486148308045112,2.670489794847671,2.7656306557214245,nan,425.6,445.3670568061096,460.2029569075139,471.6839472656702,509.3923985909117,525.6231971460741,504.388113922515,481.9158620849719,nan,425.6,447.78084386976184,462.1300361063365,473.4000821986211,510.7846230254521,526.7436811784745,505.4105782277321,482.87648451573205,nan,0.0,0.0005628459183818487,0.001244807588915559,0.0019966973190244414,0.006007650199795999,0.028809838681001572,0.03521229615950252,0.038129993602803364,nan,0.0,0.0006332068992394159,0.0013332915118628294,0.002100984054088699,0.006171581847502546,0.02922737024469002,0.03566956956872707,0.03861313785664382,nan,324.6220037900774,326.76849410433545,340.18450404930564,326.8085239179305,225.18436028901272,91.44735462815456,48.53000620479949,24.155168341468233,nan,284.10278957131084,327.7269469407677,341.90289586666074,328.47508198897526,226.49390641750978,92.04642270254928,48.96558100924027,24.53969393774346,nan
mac_p084_h0p35_v150,10,251,mac_shift_grid,mac_base_m_plus_h_plus_v,default,0|5|10|15|35|75|125|175|225,0|5|10|15|35|75|125|175|225,7.0,0.9,0.005,1.5,1.5,10000.0,0.0,one_sided_huber,additive_removal_premium_v1,0.015,2,0,1,1,1,True,5.0,5.0,_FIXEDLEARN_GRID5,7.497510855178017,7.494076074587023,0.003434780590994002,84,0.35,150.0,MAC_base(m+h)+v,1.0,7.0,0.9,0.005,0.0,0.1787406140002713,0.1964861577364614,0.21914150970411655,0.2589520884432759,0.2643840937580191,0.25263203890577896,0.2582533568390078,nan,0.0,1.1102230246251565e-16,0.0,0.09002536884542381,0.20305558963241463,0.2299345263606353,0.22214127851198381,0.2290361513080366,nan,1.4196,1.5109234004306928,1.6001832467905888,1.6845410060281798,2.0012235395062086,2.3922484479031088,2.5645815573769513,2.6493385602713637,nan,1.4196,1.5307992167000002,1.6443419239000001,1.7283494049617891,2.0450948182418607,2.43779846656866,2.611293966977948,2.6977776392966404,nan,425.6,443.42658795557253,456.66077621943253,467.31506862723927,500.7475727980385,514.9127291429402,493.99516988277384,471.2818176720697,nan,425.6,447.78084386976184,465.54753150983714,474.7980391891633,506.71620627962693,519.9981131622617,498.6029398442763,475.7754856856128,nan,0.0,0.0005073489873560701,0.0011058732689101939,0.00176573146535964,0.005183743946260328,0.025278116318162014,0.030780162720792092,0.03305624546252593,nan,0.0,0.0006332068992394159,0.0014976455049262696,0.0022195238369141,0.005860176918318409,0.027210210724499685,0.03289542651825,0.0353009981194482,nan,311.68807374693614,314.5419723199353,320.79325355223966,311.52722841896735,208.96061668865426,80.88127226775859,43.29113026607866,20.286066903112495,nan,239.93378777763886,222.47056750251846,327.6363927740506,317.86744275328266,213.07265769615586,82.94441765090116,44.71172916035591,21.263580096612976,nan
mac_p086_h0p35_v200,15,258,mac_shift_grid,mac_base_m_plus_h_plus_v,default,0|5|10|15|35|75|125|175|225,0|5|10|15|35|75|125|175|225,7.0,0.9,0.005,1.5,1.5,10000.0,0.0,one_sided_huber,additive_removal_premium_v1,0.015,2,0,1,1,1,True,5.0,5.0,_FIXEDLEARN_GRID5,7.481371396153624,7.476485535564663,0.004885860588960789,86,0.35,200.0,MAC_base(m+h)+v,1.0,7.0,0.9,0.005,0.0,0.08829426463224266,0.1138613267076456,0.14839619226655987,0.19133471225697996,0.20443336799729206,0.19352010718106177,0.19822970953931882,nan,0.0,1.1102230246251565e-16,0.0,0.0,0.12617929377874287,0.1643102350386627,0.15774931266090908,0.1638710118866976,nan,1.4196,1.5209809636337923,1.6187525102779174,1.708544504493807,2.0542941400116197,2.4715166908367445,2.6551421315105195,2.7488515062255185,nan,1.4196,1.5307992167000002,1.6443419239000001,1.7588945192,2.105432432856562,2.524568429748414,2.709943651177392,2.8058146428621384,nan,425.6,445.6299291148011,460.32889231659993,471.65604993469236,509.2169549734498,525.0058442795876,503.8442292756288,481.24767837642935,nan,425.6,447.78084386976184,465.54753150983714,481.5023071324044,516.4200563887591,531.0202074045042,509.3102330559037,486.5724616577063,nan,0.0,0.0005705053701564465,0.0012504630022847436,0.0019943891361912853,0.005969573654212766,0.028389825856999132,0.0347117329376426,0.03752043484715034,nan,0.0,0.0006332068992394159,0.0014976455049262696,0.002605083858391802,0.006882362214306552,0.030989003288735637,0.03757215511186615,0.04057788474459554,nan,325.64406364324043,330.9653172985925,342.1761461897952,327.38953621420586,226.51230817291105,92.87100348284423,48.8939677909635,23.744640018923985,nan,293.85862612168694,272.47056750251846,252.63920659726207,334.8395096687837,231.96829036209027,95.54093669793839,50.64199822540769,25.304900878217214,nan
mac_p115_h0p5_v100,5,343,mac_shift_grid,mac_base_m_plus_h_plus_v,default,0|5|10|15|35|75|125|175|225,0|5|10|15|35|75|125|175|225,7.0,0.9,0.005,1.5,1.5,10000.0,0.0,one_sided_huber,additive_removal_premium_v1,0.015,2,0,1,1,1,True,5.0,5.0,_FIXEDLEARN_GRID5,7.483552311326064,7.4828315006731625,0.0007208106529015268,115,0.5,100.0,MAC_base(m+h)+v,1.0,7.0,0.9,0.005,0.0,0.13861350864420918,0.1534283588259029,0.17323901589014867,0.20744687183086608,0.21177006111006594,0.20071410885920166,0.20426579759628238,nan,0.0,1.1102230246251565e-16,0.08646962777802991,0.1290709441256361,0.18797470912330705,0.1998699336214847,0.19019703852124606,0.19428824976008127,nan,1.4196,1.5153855031147254,1.609860139356647,1.7001154705968708,2.041648248788789,2.4618159446887495,2.644120787709335,2.73884430187174,nan,1.4196,1.5307992167000002,1.6249085733942488,1.7151014552702024,2.056931293271054,2.4775505698285842,2.6602331342393697,2.755386035392555,nan,425.6,444.40411445000245,458.60389447968987,470.26424148187004,507.33268320100336,524.0147258766989,502.7332167050063,480.39213723971227,nan,425.6,447.78084386976184,461.2821818107311,472.67032810629166,509.3780268384788,525.7497694650949,504.3113201351764,481.9105442610952,nan,0.0,0.0005352942440971669,0.001186189704052456,0.0019275678356535462,0.005852314113324776,0.02874949099904233,0.03508628134384386,0.03804296566011685,nan,0.0,0.0006332068992394159,0.0013091619815406878,0.0020727289690356987,0.006086037871935334,0.029364384993901017,0.03576351042023711,0.03876995835401485,nan,318.9044149382415,321.33441983635714,329.1329027463256,320.8327296506366,216.88503428499286,84.56022620950644,46.388119162450835,23.8440221946584,nan,244.1534392188047,323.3961965518407,331.2322090793002,322.65779406178626,218.3074901102684,85.26533572745193,46.85262292998826,24.186648482475043,nan
mac_p105_h0p45_v125,5,313,mac_shift_grid,mac_base_m_plus_h_plus_v,default,0|5|10|15|35|75|125|175|225,0|5|10|15|35|75|125|175|225,7.0,0.9,0.005,1.5,1.5,10000.0,0.0,one_sided_huber,additive_removal_premium_v1,0.015,2,0,1,1,1,True,5.0,5.0,_FIXEDLEARN_GRID5,7.486081827160431,7.485391475867489,0.0006903512929419264,105,0.45,125.0,MAC_base(m+h)+v,1.0,7.0,0.9,0.005,0.0,0.14221426465854414,0.158138565439071,0.18019973277418044,0.21687170806404032,0.22235363233669608,0.21117950259683138,0.2152166284989725,nan,0.0,1.1102230246251565e-16,0.08962333569951092,0.1351455022440758,0.19726771674582932,0.21025131001229913,0.2004395786554293,0.20498490740614417,nan,1.4196,1.5149851018664036,1.6088015584604372,1.697753737508416,2.0342510123568154,2.4478221008369454,2.6280876106880324,2.720688966553119,nan,1.4196,1.5307992167000002,1.6241998030085563,1.713040390994054,2.0496375246742096,2.4638240726879665,2.6445413730657132,2.7376520928197543,nan,425.6,444.31639732281974,458.3877768136668,469.7956122578332,506.104961149564,522.1536767790667,500.95997070037845,478.53270369956465,nan,425.6,447.78084386976184,461.12661658534944,472.2464002159002,508.15445731008316,523.9219063247605,502.57599077659984,480.0954782959515,nan,0.0,0.0005327861215428796,0.0011759054958897913,0.0018997867782005046,0.005716089566798237,0.02795528582699724,0.034107286850196906,0.03689818392326248,nan,0.0,0.0006332068992394159,0.0013012843495866506,0.002047613961231195,0.005949363733642597,0.028591091789759215,0.03480845234687105,0.03764940824876239,nan,318.15816182001413,320.5782031373582,328.99239134489727,319.68719897426456,216.4556421863446,84.80211154845065,45.987932420609724,23.13385318396546,nan,249.474805137318,322.6796958851743,331.23538597263047,321.7171685935694,217.7354999732981,85.49751975838169,46.47400127529281,23.5096060181928,nan
mac_p095_h0p4_v150,10,284,mac_shift_grid,mac_base_m_plus_h_plus_v,default,0|5|10|15|35|75|125|175|225,0|5|10|15|35|75|125|175|225,7.0,0.9,0.005,1.5,1.5,10000.0,0.0,one_sided_huber,additive_removal_premium_v1,0.015,2,0,1,1,1,True,5.0,5.0,_FIXEDLEARN_GRID5,7.487898627760865,7.485295490727874,0.0026031370329908654,95,0.4,150.0,MAC_base(m+h)+v,1.0,7.0,0.9,0.005,0.0,0.14208063536275306,0.1590893564654396,0.18426110691691727,0.22377768972411244,0.2307477806741063,0.21956077388502276,0.22413293503982945,nan,0.0,1.1102230246251565e-16,0.0,0.07926503276898428,0.17703774394403354,0.20161165869998665,0.1935033419159491,0.19908895613132627,nan,1.4196,1.5149999613394236,1.6085878758559442,1.6963757355213644,2.0288307400178,2.4367231628143013,2.6152473478564517,2.7059066603983313,nan,1.4196,1.5307992167000002,1.6443419239000001,1.7320003280172753,2.0655153487684403,2.475247620449834,2.655167816207158,2.747426965006875,nan,425.6,444.3196526330623,458.34027428498774,469.50146623567275,505.18862631012746,520.6588433253805,499.52857524652427,477.0027304307581,nan,425.6,447.78084386976184,465.54753150983714,475.599370826467,510.224474075371,524.9883026832857,503.49766539893744,480.87511125985486,nan,0.0,0.0005328791999217291,0.0011718391074188941,0.0018810678149587103,0.005610049731818331,0.02726481133031146,0.03325974910023863,0.03589600242079758,nan,0.0,0.0006332068992394159,0.0014976455049262696,0.002262277462481594,0.006202841529103177,0.028947584807351795,0.03511636488325231,0.037895007838160695,nan,318.3163895041665,320.5969596765577,330.05286863505387,319.55195237830736,216.74830527048363,85.54275811893689,45.8984324529514,22.417810898170963,nan,257.1403703992868,238.424794858628,334.9097318426887,323.7836189141696,219.75730633467867,87.12977864731994,46.93562179670166,23.434254403563394,nan
mac_p027_h0p1_v100,15,81,mac_shift_grid,mac_base_m_plus_h_plus_v,default,0|5|10|15|35|75|125|175|225,0|5|10|15|35|75|125|175|225,7.0,0.9,0.005,1.5,1.5,10000.0,0.0,one_sided_huber,additive_removal_premium_v1,0.015,2,0,1,1,1,True,5.0,5.0,_FIXEDLEARN_GRID5,7.576393595337836,7.555616111480138,0.02077748385769862,27,0.1,100.0,MAC_base(m+h)+v,1.0,7.0,0.9,0.005,0.0,0.42858252422845233,0.4468083005215211,0.46477971812971686,0.4917180552865619,0.49351438551218973,0.47980859956720756,0.48592968712562534,nan,0.0,1.1102230246251565e-16,0.0,0.0,0.29619117287705654,0.3781391233743324,0.3785916824172858,0.39105862333949676,nan,1.4196,1.4831411757144874,1.543925366826304,1.6011973082032662,1.8185333741327192,2.0892870508598946,2.216542859217037,2.2718749543406744,nan,1.4196,1.5307992167000002,1.6443419239000001,1.7588945192,1.971995836737508,2.24183890392965,2.3716090507909104,2.4291612817780126,nan,425.6,437.34025093973486,445.43881835645493,451.7834235456992,471.53550050267484,475.6309189906061,455.82852699498335,433.55164753895167,nan,425.6,447.78084386976184,465.5475315098372,481.5023071324044,492.6959092111899,492.54078998048965,471.027569541303,447.91754941656393,nan,0.0,0.00034305119057661637,0.0006964649330749885,0.0010565865100682938,0.002787619272779792,0.0136777386722544,0.016350502814714403,0.017215901967579043,nan,0.0,0.0006332068992394159,0.0014976455049262696,0.002605083858391802,0.00479598381316964,0.01953798391539805,0.022602729919478017,0.023603480990459832,nan,257.6858939112737,263.49644501477303,264.41492691955955,253.31760789298423,161.15755464288821,53.69419510725291,24.356458843280407,9.68360121272245,nan,124.20995015140535,115.1695155383947,106.78707537665383,276.7033398266356,176.45563079487266,58.987936302408585,28.707344560447403,11.803807977632845,nan
mac_p104_h0p45_v100,10,311,mac_shift_grid,mac_base_m_plus_h_plus_v,default,0|5|10|15|35|75|125|175|225,0|5|10|15|35|75|125|175|225,7.0,0.9,0.005,1.5,1.5,10000.0,0.0,one_sided_huber,additive_removal_premium_v1,0.015,2,0,1,1,1,True,5.0,5.0,_FIXEDLEARN_GRID5,7.4940959736364245,7.490426008035161,0.003669965601263314,104,0.45,100.0,MAC_base(m+h)+v,1.0,7.0,0.9,0.005,0.0,0.17842807874997335,0.19373376776875845,0.2105408273972031,0.24482972324667107,0.24722452456633742,0.2354917543406003,0.2400125209281611,nan,0.0,1.1102230246251565e-16,0.0,0.08278006089490225,0.18904131486849043,0.21263158982465677,0.2048457246993519,0.21063031258031445,nan,1.4196,1.510958154105717,1.6008018242072533,1.6874591703962958,2.0123077081594793,2.4149372290990456,2.59084079076259,2.6795799634485427,nan,1.4196,1.5307992167000002,1.6443419239000001,1.7308076982393175,2.0560941503561407,2.46067681139927,2.637791075726215,2.7282925999321996,nan,425.6,443.43420154954845,456.7951369665063,467.9301101890476,502.6166645988849,517.9671140660975,496.9222843676781,474.41203894576984,nan,425.6,447.78084386976184,465.54753150983714,475.33760360811056,508.5894204521247,523.0881726828505,501.5609931283245,478.93638538444475,nan,0.0,0.0005075665956634938,0.001115297238160911,0.001802659678170819,0.005391890509502626,0.026636719177536343,0.03247028048569387,0.035031139268622974,nan,0.0,0.0006332068992394159,0.0014976455049262696,0.0022506867829643817,0.006077665976274899,0.028575165126824165,0.034585379688196353,0.037297851777086846,nan,312.56687408972573,315.5497284935532,319.1885399754257,312.7243955840154,208.62287084800963,79.39454242421004,43.83332076777852,21.85669631822115,nan,222.51238596529396,206.31715624776984,325.23768822795574,318.369595578199,212.21223233224148,81.23432964234499,44.9245835812125,22.800220914704486,nan
mac_p029_h0p1_v150,5,85,mac_shift_grid,mac_base_m_plus_h_plus_v,default,0|5|10|15|35|75|125|175|225,0|5|10|15|35|75|125|175|225,7.0,0.9,0.005,1.5,1.5,10000.0,0.0,one_sided_huber,additive_removal_premium_v1,0.015,2,0,1,1,1,True,5.0,5.0,_FIXEDLEARN_GRID5,7.548384922053823,7.545659161620953,0.0027257604328703167,29,0.1,150.0,MAC_base(m+h)+v,1.0,7.0,0.9,0.005,0.0,0.34761720731545975,0.36872785305059386,0.38651600354082444,0.42550657002852865,0.42310828830624153,0.4084816177536557,0.4151801431433212,nan,0.0,1.1102230246251565e-16,0.204177497904783,0.2791509789562781,0.38078012530953753,0.3966824303562547,0.38551053595582674,0.39390641637183244,nan,1.4196,1.4921444555350796,1.561473316809893,1.6277517576155105,1.8705005382137054,2.1823796289148265,2.3258171163049486,2.3891703181402115,nan,1.4196,1.5307992167000002,1.598454680203791,1.6641801220108203,1.905604817817356,2.2173205124675914,2.3610092390352344,2.424439937993279,nan,425.6,439.31262701097336,448.9254947608762,456.7443924506778,479.73475241095065,487.81455748318115,467.9368516711081,445.26846205209387,nan,425.6,447.78084386976184,455.47592079945,462.55558554794175,484.3341947048326,491.59261755757495,471.3255385327975,448.4309028710759,nan,0.0,0.00039480926399747604,0.0008148656476462895,0.001253851584331597,0.0033668260796096616,0.016345173096999396,0.019744215291550658,0.020878762324184376,nan,0.0,0.0006332068992394159,0.0010911695257341035,0.0015648595037037248,0.0037974276706585455,0.017599075633976464,0.021082708085138215,0.0222497001214025,nan,275.4665467848844,280.4646691107305,280.46788665987043,271.677237725993,174.81990856137594,61.93798348670589,29.421459707345598,12.05704715022387,nan,178.13478849545342,286.6845279742988,286.51715071406807,277.29485330918817,178.38126888379645,63.47624452643267,30.558905964666046,12.613591464724106,nan
mac_p032_h0p1_v225,10,95,mac_shift_grid,mac_base_m_plus_h_plus_v,default,0|5|10|15|35|75|125|175|225,0|5|10|15|35|75|125|175|225,7.0,0.9,0.005,1.5,1.5,10000.0,0.0,one_sided_huber,additive_removal_premium_v1,0.015,2,0,1,1,1,True,5.0,5.0,_FIXEDLEARN_GRID5,7.512369406897662,7.509034563121306,0.0033348437763560668,32,0.1,225.0,MAC_base(m+h)+v,1.0,7.0,0.9,0.005,0.0,0.19188741631485906,0.2158401197401138,0.2540809392402683,0.3096084363310452,0.3229485695555192,0.31161665639707364,0.318726757660192,nan,0.0,1.1102230246251565e-16,0.0,0.11310151379999081,0.24921118004644877,0.28574299332505426,0.2784872850744947,0.2873316882377477,nan,1.4196,1.509461486311201,1.5958336001348006,1.6726862490825887,1.9614650786867869,2.3148131368891027,2.4742160310067995,2.549079969893874,nan,1.4196,1.5307992167000002,1.6443419239000001,1.7205197954544402,2.0088688503308036,2.364007214486982,2.5249708414168,2.6011297200708983,nan,425.6,443.10632195418754,455.7653328337009,464.91416406670714,494.10924587201544,504.56640778570636,483.9222082438614,461.0748324932036,nan,425.6,447.78084386976184,465.5475315098372,473.07953849478537,500.5378928620863,510.0526716111076,488.9414312666548,465.8763343658968,nan,0.0,0.0004981959720709023,0.0010591742731833338,0.0016288508577859003,0.004519402897426871,0.021065840404697014,0.025527221107981224,0.027225821449535642,nan,0.0,0.0006332068992394159,0.0014976455049262696,0.0021234718271771775,0.005218305634213024,0.02312117498533491,0.027788912112296952,0.02959490513387062,nan,303.1506226114443,305.69730757603224,314.3465164449308,300.73140802309035,201.9935615357029,79.03782072058797,37.697199734768816,16.189971322965476,nan,259.02204601152556,240.1695155383947,322.14326390448304,308.02902364643165,206.69722539099877,81.40670901280204,39.41370129794929,17.27738245689985,nan
mac_p044_h0p15_v250,10,131,mac_shift_grid,mac_base_m_plus_h_plus_v,default,0|5|10|15|35|75|125|175|225,0|5|10|15|35|75|125|175|225,7.0,0.9,0.005,1.5,1.5,10000.0,0.0,one_sided_huber,additive_removal_premium_v1,0.015,2,0,1,1,1,True,5.0,5.0,_FIXEDLEARN_GRID5,7.495178771079583,7.493204824287945,0.0019739467916384257,44,0.15,250.0,MAC_base(m+h)+v,1.0,7.0,0.9,0.005,0.0,0.10069983373027436,0.1382968179666026,0.18367588333645257,0.2378979808225284,0.25633970401393413,0.2455015740758632,0.25116227046740597,nan,0.0,1.1102230246251565e-16,0.0,0.09283366854550507,0.19705827318145006,0.23053156861626786,0.22254663597108043,0.22938271215034245,nan,1.4196,1.5196014740673733,1.6132608309609375,1.696574298674723,2.0177481992543207,2.4028849269848136,2.575505561549976,2.661094841780387,nan,1.4196,1.5307992167000002,1.6443419239000001,1.7273965642652809,2.0498019098716327,2.4370090434222247,2.61067295184354,2.697203077571025,nan,425.6,445.32772011257674,459.1794484515177,469.2741540063887,503.15988559079676,515.8884031037576,495.00219290805234,472.3559820804636,nan,425.6,447.78084386976184,465.5475315098372,474.58890265469824,507.58503248617393,519.7491824069923,498.49929075494265,475.7012509827973,nan,0.0,0.0005617088589245413,0.001198169188081056,0.0018583250943877978,0.0053343348839591295,0.024653460365377883,0.030032438853679847,0.03229375792685318,nan,0.0,0.0006332068992394159,0.0014976455049262696,0.0021997500894480565,0.005843670415374365,0.026175988541800074,0.031694234197040455,0.03403620422566813,nan,318.9408144786777,325.322983760788,333.84432380705493,317.5908568350527,218.29860251694248,89.63744259602066,43.418822907951906,19.894757673805657,nan,295.68364923034414,274.162759046064,338.5384409335357,321.8778954293997,221.47516369965933,91.49924019322357,44.824230176706685,20.72315117939469,nan
mac_p106_h0p45_v150,5,316,mac_shift_grid,mac_base_m_plus_h_plus_v,default,0|5|10|15|35|75|125|175|225,0|5|10|15|35|75|125|175|225,7.0,0.9,0.005,1.5,1.5,10000.0,0.0,one_sided_huber,additive_removal_premium_v1,0.015,2,0,1,1,1,True,5.0,5.0,_FIXEDLEARN_GRID5,7.47883477975254,7.478485853689931,0.00034892606260861214,106,0.45,150.0,MAC_base(m+h)+v,1.0,7.0,0.9,0.005,0.0,0.1036653928084349,0.11997405798980265,0.14782305278822278,0.18652002042933385,0.1957847066867733,0.18507773934810046,0.18884486438033957,nan,0.0,1.1102230246251565e-16,0.07015052476700262,0.11495707103197911,0.1722380822015615,0.18716319411036964,0.17750265890287453,0.18165009204059696,nan,1.4196,1.5192717062208043,1.6173787232892818,1.7087389675775437,2.0580730294177645,2.4829521518276447,2.668075995380173,2.764410600534312,nan,1.4196,1.5307992167000002,1.6285761600012694,1.7198902150555646,2.069282441567103,2.494351716131326,2.679681158909971,2.7763387825626804,nan,425.6,445.2554768609398,460.0966321528879,471.7848264751093,509.89938528603085,526.6150092073892,505.2992012809763,482.8968885042061,nan,425.6,447.78084386976184,462.08716597576586,473.5741850926712,511.39208417703765,527.8644243189608,506.42959249512114,483.98962216866175,nan,0.0,0.0005596423736162144,0.001242828775117129,0.0020055438848700065,0.006078689086163483,0.029352796101534222,0.03586962369178365,0.038907969808268814,nan,0.0,0.0006332068992394159,0.0013347729558220577,0.002114405797946809,0.006253575138472244,0.029809464966623914,0.03637237796521564,0.03944753894585115,nan,324.2393653813871,325.9088613155261,339.1855235410765,326.94044939587036,224.77407382458898,90.5532118564602,48.53835579158891,24.714492078444724,nan,276.437224309342,327.3732140135025,340.6899306608136,328.41215279091483,225.9763233258845,91.18960468413667,48.9189092891928,25.01582227828025,nan
mac_p118_h0p5_v175,15,354,mac_shift_grid,mac_base_m_plus_h_plus_v,default,0|5|10|15|35|75|125|175|225,0|5|10|15|35|75|125|175|225,7.0,0.9,0.005,1.5,1.5,10000.0,0.0,one_sided_huber,additive_removal_premium_v1,0.015,2,0,1,1,1,True,5.0,5.0,_FIXEDLEARN_GRID5,7.464880014684838,7.46195988877517,0.0029201259096680587,118,0.5,175.0,MAC_base(m+h)+v,1.0,7.0,0.9,0.005,0.0,0.02125336201310879,0.05854199843871827,0.08821662898034222,0.13064618241197012,0.13970140131872175,0.13051002951415908,0.13385730257925693,nan,0.0,1.1102230246251565e-16,0.0,0.0,0.09265167265717411,0.1160526245072123,0.10968073087606271,0.11397339757229502,nan,1.4196,1.528435859491901,1.6311850825419318,1.7289631004846702,2.101926522460053,2.5571068016342076,2.7516747374197488,2.8555742420628105,nan,1.4196,1.5307992167000002,1.6443419239000001,1.7588945192,2.1317471331125617,2.5883757639627016,2.7835856086842856,2.8885396824072798,nan,425.6,447.2630959714479,462.75556218881485,475.50364352055703,516.8892212798554,536.2508883958124,514.4116257431025,492.01485133166216,nan,425.6,447.78084386976184,465.54753150983714,481.5023071324044,521.0986366280958,539.8153644400157,517.5834772183807,495.0835969615559,nan,0.0,0.0006181093765150047,0.0013629746204059418,0.0022193355419552773,0.006823239546874301,0.03275564821711724,0.04007603537740212,0.04368389254115224,nan,0.0,0.0006332068992394159,0.0014976455049262696,0.002605083858391802,0.007406051464210124,0.03439014616578207,0.04184901684919329,0.045583703632162756,nan,335.01814680648886,351.99458296307637,357.3910310699944,346.66948999565653,240.86229802618175,103.38728932458116,55.04174930861308,28.5433420372187,nan,325.0406967348768,301.3830979529983,279.4473819560956,352.0898670223494,244.01155301256597,105.35454206896483,56.15088455748544,29.410032114405,nan
mac_p106_h0p45_v150,10,317,mac_shift_grid,mac_base_m_plus_h_plus_v,default,0|5|10|15|35|75|125|175|225,0|5|10|15|35|75|125|175|225,7.0,0.9,0.005,1.5,1.5,10000.0,0.0,one_sided_huber,additive_removal_premium_v1,0.015,2,0,1,1,1,True,5.0,5.0,_FIXEDLEARN_GRID5,7.47883477975254,7.476935492967691,0.0018992867848490746,106,0.45,150.0,MAC_base(m+h)+v,1.0,7.0,0.9,0.005,0.0,0.1036653928084349,0.11997405798980265,0.14782305278822278,0.18652002042933385,0.1957847066867733,0.18507773934810046,0.18884486438033957,nan,0.0,1.1102230246251565e-16,0.0,0.06894405134739995,0.1524228594630743,0.17525347078646908,0.1669482945525249,0.17145353843629174,nan,1.4196,1.5192717062208043,1.6173787232892818,1.7087389675775437,2.0580730294177645,2.4829521518276447,2.668075995380173,2.764410600534312,nan,1.4196,1.5307992167000002,1.6443419239000001,1.735502180446384,2.0848347423097797,2.5100990291076397,2.6958506405576643,2.7932436048017832,nan,425.6,445.2554768609398,460.0966321528879,471.7848264751093,509.89938528603085,526.6150092073892,505.2992012809763,482.8968885042061,nan,425.6,447.78084386976184,465.54753150983714,476.3679833384171,513.5419633712263,529.622370001384,508.0277234923155,485.56780432379514,nan,0.0,0.0005596423736162144,0.001242828775117129,0.0020055438848700065,0.006078689086163483,0.029352796101534222,0.03586962369178365,0.038907969808268814,nan,0.0,0.0006332068992394159,0.0014976455049262696,0.002303367605320461,0.0065347624185989744,0.030586201165947038,0.03722323481756999,0.04035933186559572,nan,324.2393653813871,325.9088613155261,339.1855235410765,326.94044939587036,224.77407382458898,90.5532118564602,48.53835579158891,24.714492078444724,nan,276.437224309342,256.31715624776984,343.6519447804163,331.2341900580287,227.91631243092274,91.99163206881613,49.34275456966063,25.36784342166783,nan
mac_p103_h0p45_v75,5,307,mac_shift_grid,mac_base_m_plus_h_plus_v,default,0|5|10|15|35|75|125|175|225,0|5|10|15|35|75|125|175|225,7.0,0.9,0.005,1.5,1.5,10000.0,0.0,one_sided_huber,additive_removal_premium_v1,0.015,2,0,1,1,1,True,5.0,5.0,_FIXEDLEARN_GRID5,7.502760073287961,7.501099712933248,0.001660360354712509,103,0.45,75.0,MAC_base(m+h)+v,1.0,7.0,0.9,0.005,0.0,0.21078015902723246,0.22544956305801367,0.23788006709184795,0.2691904038933052,0.26870138478030314,0.25648441347576156,0.2612571064229433,nan,0.0,1.1102230246251565e-16,0.12383443777720043,0.1712538485563015,0.24091760957008296,0.2517896803460395,0.24154534974184777,0.2470742542592929,nan,1.4196,1.5073606281202705,1.5936739553559278,1.6781831162088077,1.9931878306434472,2.3865400253739892,2.5586796481911733,2.64435865679243,nan,1.4196,1.5307992167000002,1.6165111341088771,1.7007890269929402,2.0153781943831675,2.4089010740269687,2.581566570497512,2.6678723462187044,nan,425.6,442.64608051912967,455.3764572908893,466.2453866181198,499.58885248712954,514.3604300587541,493.43911864835536,470.89607906713087,nan,425.6,447.78084386976184,459.4390608770289,469.86600023832966,502.5188459445417,516.7962209076973,495.66878050580567,473.0484196197358,nan,0.0,0.0004853293344717043,0.0010611927446403826,0.0017176618315580074,0.005109546515204694,0.025501037365042164,0.031043910221163946,0.03342191003067463,nan,0.0,0.0006332068992394159,0.001242017052701479,0.0019290762626703712,0.0054354116024812795,0.026379488713367524,0.032015632344391046,0.03445443678023097,nan,306.2568545578213,309.764432323735,309.20808413306986,304.908873678423,200.58966462673644,74.28477608327168,41.76905475354355,20.678860811745164,nan,195.5499667932699,313.28379773277584,312.6506427689237,308.2130748408556,202.75901697010494,75.1160443275684,42.32391207686574,21.1662077736975,nan
mac_p044_h0p15_v250,5,130,mac_shift_grid,mac_base_m_plus_h_plus_v,default,0|5|10|15|35|75|125|175|225,0|5|10|15|35|75|125|175|225,7.0,0.9,0.005,1.5,1.5,10000.0,0.0,one_sided_huber,additive_removal_premium_v1,0.015,2,0,1,1,1,True,5.0,5.0,_FIXEDLEARN_GRID5,7.495178771079583,7.494992770691734,0.00018600038784910566,44,0.15,250.0,MAC_base(m+h)+v,1.0,7.0,0.9,0.005,0.0,0.10069983373027436,0.1382968179666026,0.18367588333645257,0.2378979808225284,0.25633970401393413,0.2455015740758632,0.25116227046740597,nan,0.0,1.1102230246251565e-16,0.08931216990392293,0.15133998734032061,0.22336939119363258,0.24696378935332933,0.23712544729842938,0.24325856568384527,nan,1.4196,1.5196014740673733,1.6132608309609375,1.696574298674723,2.0177481992543207,2.4028849269848136,2.575505561549976,2.661094841780387,nan,1.4196,1.5307992167000002,1.6242697350081088,1.7075456909596318,2.0291511997785916,2.4152819792575104,2.5883379428958015,2.674198359849475,nan,425.6,445.32772011257674,459.1794484515177,469.2741540063887,503.15988559079676,515.8884031037576,495.00219290805234,472.3559820804636,nan,425.6,447.78084386976184,461.1419656849893,471.0375757060591,504.69588168019294,517.2841426960505,496.2762988707723,473.56342758005337,nan,0.0,0.0005617088589245413,0.001198169188081056,0.0018583250943877978,0.0053343348839591295,0.024653460365377883,0.030032438853679847,0.03229375792685318,nan,0.0,0.0006332068992394159,0.001286515219535335,0.0019611632528240123,0.005501713067105464,0.025134791642424978,0.03056629174827097,0.03285531483716171,nan,318.9408144786777,325.322983760788,333.84432380705493,317.5908568350527,218.29860251694248,89.63744259602066,43.418822907951906,19.894757673805657,nan,295.68364923034414,326.03251425453504,335.1472275868887,318.77123727672466,219.26858973654538,90.27422281325923,43.9310833575,20.164284243773405,nan
mac_p038_h0p15_v100,5,112,mac_shift_grid,mac_base_m_plus_h_plus_v,default,0|5|10|15|35|75|125|175|225,0|5|10|15|35|75|125|175|225,7.0,0.9,0.005,1.5,1.5,10000.0,0.0,one_sided_huber,additive_removal_premium_v1,0.015,2,0,1,1,1,True,5.0,5.0,_FIXEDLEARN_GRID5,7.564425576944978,7.560362817478343,0.004062759466634702,38,0.15,100.0,MAC_base(m+h)+v,1.0,7.0,0.9,0.005,0.0,0.39421717281570534,0.4119499540645938,0.42900464253579046,0.4554639604348616,0.45711223584781474,0.4433302751119903,0.44934203033177994,nan,0.0,1.1102230246251565e-16,0.22433747989438413,0.3072464588318886,0.4046243960166406,0.42725773931368416,0.41695319018245075,0.424695822440911,nan,1.4196,1.4869625758732052,1.5517594986730066,1.6133355952762511,1.8469879917632364,2.137418819179412,2.2724283278476234,2.3325334727232114,nan,1.4196,1.5307992167000002,1.5939238870656587,1.6546474796747317,1.8868902530647529,2.17689312835415,2.312838510453619,2.3733943144773515,nan,425.6,438.1774167706183,447.00344051303614,454.0639681814464,476.12172679279377,481.90007459800796,461.9901743327323,439.63075310502336,nan,425.6,447.78084386976184,454.4814748266506,460.6451548488386,481.352799010827,486.15884076956877,465.91181538623425,443.32586862214396,nan,0.0,0.0003646795262531703,0.0007512015616357403,0.0011524912997139863,0.003115482835627914,0.01534210664464814,0.0184247625303968,0.019427617617155928,nan,0.0,0.0006332068992394159,0.0010605954811463453,0.0014993958138408113,0.0035949120798511717,0.016752261363100228,0.019941625272646958,0.020993765724298494,nan,265.4721058373487,270.94649890960227,271.616492286179,260.80511580485336,168.25495338278614,56.56367419815324,27.295592683518862,11.163992271781233,nan,133.9091341981999,278.3637661576037,278.8912609078524,267.11759239084245,172.07758116488395,57.92205234769258,28.34134348171714,11.680943677075373,nan
mac_p037_h0p15_v75,10,110,mac_shift_grid,mac_base_m_plus_h_plus_v,default,0|5|10|15|35|75|125|175|225,0|5|10|15|35|75|125|175|225,7.0,0.9,0.005,1.5,1.5,10000.0,0.0,one_sided_huber,additive_removal_premium_v1,0.015,2,0,1,1,1,True,5.0,5.0,_FIXEDLEARN_GRID5,7.578897868327583,7.56653384701654,0.012364021311042528,37,0.15,75.0,MAC_base(m+h)+v,1.0,7.0,0.9,0.005,0.0,0.4299790396053832,0.4465302042176428,0.46343447860901593,0.4899734021155955,0.49231250406086324,0.47931167247297246,0.4858965832405887,nan,0.0,1.1102230246251565e-16,0.0,0.17223009212390483,0.36843541902183385,0.420752170113537,0.41697491918855856,0.4275094868281313,nan,1.4196,1.4829858842984631,1.543987866724667,1.6016537405996514,1.819902693628373,2.090876206448126,2.217304160728313,2.271929837128887,nan,1.4196,1.5307992167000002,1.6443419239000001,1.700457792901048,1.9152937618832473,2.1854949431484703,2.312805221213849,2.368729552426145,nan,425.6,437.3062307738466,445.45882933306575,451.883907990177,471.76411813578477,475.8260230736087,455.86771727008926,433.50574663311033,nan,425.6,447.78084386976184,465.5475315098372,468.67618156028516,484.57327674756004,486.1747300093308,465.13348407979515,442.2924124186884,nan,0.0,0.00034217727495494134,0.0006985083102099846,0.00106663310337784,0.002833278555147078,0.014056605500759186,0.0167758952332532,0.0176364638639532,nan,0.0,0.0006332068992394159,0.0014976455049262696,0.0019501621038703972,0.004011133024582732,0.017540113854894387,0.020486996949712198,0.021423207368357913,nan,257.4047341552761,263.2027613930718,264.37408769937986,253.91316256893356,162.96063390226448,53.30533845760967,25.256523677557098,10.034092261733221,nan,106.94671502617585,99.16275904606401,281.0905511899366,269.10733938078874,172.06333399524323,56.683403494873694,27.93604513860442,11.411480705078237,nan
mac_p039_h0p15_v125,5,115,mac_shift_grid,mac_base_m_plus_h_plus_v,default,0|5|10|15|35|75|125|175|225,0|5|10|15|35|75|125|175|225,7.0,0.9,0.005,1.5,1.5,10000.0,0.0,one_sided_huber,additive_removal_premium_v1,0.015,2,0,1,1,1,True,5.0,5.0,_FIXEDLEARN_GRID5,7.550854736660674,7.547652595664764,0.0032021409959099856,39,0.15,125.0,MAC_base(m+h)+v,1.0,7.0,0.9,0.005,0.0,0.3570149660081574,0.3760316701801164,0.3932180946673641,0.42582597520627363,0.4240348642841723,0.40845479771958093,0.4147986520363497,nan,0.0,1.1102230246251565e-16,0.2068533412046875,0.2834773267338621,0.3805469754041596,0.39785382065691877,0.38562353407185535,0.393599461649225,nan,1.4196,1.491099432129716,1.5598318428963904,1.625477774829097,1.8702498478506135,2.181154488621976,2.3258582050938483,2.3898027906009487,nan,1.4196,1.5307992167000002,1.5978533060325153,1.662712215921733,1.90578780932315,2.2157716729874197,2.360836123828795,2.4249488369038814,nan,425.6,439.08369053452293,448.6075632412914,456.3300931669828,479.78151981753274,487.66072821336707,468.000705840112,445.38030376060374,nan,425.6,447.78084386976184,455.34392754693596,462.2575375685632,484.4194365920978,491.36708148584376,471.3611541753444,448.5312317534985,nan,0.0,0.00038873134899849846,0.0008058742069972393,0.0012442455713475183,0.00338302855481575,0.016637720942720133,0.02011207700461644,0.021268986431857467,nan,0.0,0.0006332068992394159,0.0010893388607254694,0.0015626956022771192,0.0038233040206724824,0.017920619190642396,0.02148861931862145,0.022679060343774746,nan,274.3554452934084,279.44939406342,279.74400048786185,270.2741271046438,173.98276538989197,60.20782361006122,29.56346285933624,12.28186478048907,nan,160.87155337022392,286.3551117609486,286.44979135167813,276.317654253058,177.60334143565393,61.575580311237964,30.661053433564376,12.832355441888993,nan
mac_p111_h0p5_v0,10,332,mac_shift_grid,mac_base_m_plus_h_plus_v,default,0|5|10|15|35|75|125|175|225,0|5|10|15|35|75|125|175|225,7.0,0.9,0.005,1.5,1.5,10000.0,0.0,one_sided_huber,additive_removal_premium_v1,0.015,2,0,1,1,1,True,5.0,5.0,_FIXEDLEARN_GRID5,7.517769485380367,7.5105142866908245,0.00725519868954283,111,0.5,0.0,MAC_base(m+h)+v,1.0,7.0,0.9,0.005,0.0,0.25690361062423295,0.2694413061461865,0.2815232255030354,0.30274086739280026,0.3018854355214832,0.28909439830724215,0.2929768679798557,nan,0.0,1.1102230246251565e-16,0.0,0.10409411612344063,0.22627301093368762,0.2552290820599853,0.2479259433643029,0.2539818523879597,nan,1.4196,1.5022317364311837,1.5837871663785772,1.6633752317593147,1.966855202174584,2.3426633022435226,2.508720547504383,2.5917706009261874,nan,1.4196,1.5307992167000002,1.6443419239000001,1.723575956118348,2.026872246469024,2.4043534171446224,2.5717913829016563,2.6564202690761913,nan,425.6,441.5224785161805,453.4142910379006,463.4849677587001,495.48829174229525,508.69391436917215,487.9875870971181,465.72571272210064,nan,425.6,447.78084386976184,465.54753150983714,473.75032727654093,503.6363447372919,515.5519999844669,494.1886163052074,471.67295741551277,nan,0.0,0.00045445226608585186,0.000989587214705749,0.0015985716887271968,0.0047691327698463955,0.024261499463580388,0.02946922946819428,0.03169617706452038,nan,0.0,0.0006332068992394159,0.0014976455049262696,0.002188921901186228,0.0056564751830995115,0.0267071588721852,0.03213049837561241,0.03452547939504124,nan,296.59701882473405,300.8119012351402,301.1538281249914,292.51270504278716,191.0402357306184,65.82839208749718,38.31817796428777,19.644798711928587,nan,136.30376253070852,126.3830979529983,310.0671076871707,300.8724960651179,196.06316607100445,67.69893029474885,39.63179026271283,20.803566554287187,nan
mac_p117_h0p5_v150,5,349,mac_shift_grid,mac_base_m_plus_h_plus_v,default,0|5|10|15|35|75|125|175|225,0|5|10|15|35|75|125|175|225,7.0,0.9,0.005,1.5,1.5,10000.0,0.0,one_sided_huber,additive_removal_premium_v1,0.015,2,0,1,1,1,True,5.0,5.0,_FIXEDLEARN_GRID5,7.470372830024854,7.470226484261329,0.00014634576352534623,117,0.5,150.0,MAC_base(m+h)+v,1.0,7.0,0.9,0.005,0.0,0.06583571091207086,0.08847785791558749,0.11644917154901693,0.15243404046280978,0.16308028574101713,0.1530197100080522,0.15607945592701494,nan,0.0,1.1102230246251565e-16,0.05623211013438362,0.0950256889594166,0.14293426144999388,0.157039672910076,0.14762822401893663,0.1509413063978784,nan,1.4196,1.5234783372156901,1.6244572398894999,1.7193839535280382,2.084825966719781,2.5261946972953817,2.717189490032075,2.8187322298798585,nan,1.4196,1.5307992167000002,1.631704211283442,1.726652823752866,2.0922820232146355,2.5341817359721475,2.725449346415744,2.827250745821491,nan,425.6,446.1770363903755,461.47979597135816,473.76096469384623,514.2354768752041,532.2126575244022,510.66148200424936,488.36781452726154,nan,425.6,447.78084386976184,462.7737296535658,474.93293379592524,515.2363520711432,533.10665741961,511.4793240241987,489.15611791638713,nan,0.0,0.0005864492853126597,0.0013040527185880508,0.002117674382559963,0.006528677496168226,0.03136038954802381,0.03838062459906713,0.041792154586036405,nan,0.0,0.0006332068992394159,0.0013632967539754174,0.00218890303969915,0.00664686404213958,0.031684696380843,0.03874143700302891,0.04217983459375089,nan,330.6335382256725,337.6112996792273,348.92557986519614,335.23721207146093,233.78942748693487,96.36874604414723,51.65937717383857,26.935825734741464,nan,298.07827756285275,338.0712521753733,349.6698954722599,336.0021230728211,234.37506121301834,96.76387421378156,51.939703833907075,27.124751665141428,nan
mac_p090_h0p4_v25,5,268,mac_shift_grid,mac_base_m_plus_h_plus_v,default,0|5|10|15|35|75|125|175|225,0|5|10|15|35|75|125|175|225,7.0,0.9,0.005,1.5,1.5,10000.0,0.0,one_sided_huber,additive_removal_premium_v1,0.015,2,0,1,1,1,True,5.0,5.0,_FIXEDLEARN_GRID5,7.5361204040067085,7.532458378624862,0.0036620253818462345,90,0.4,25.0,MAC_base(m+h)+v,1.0,7.0,0.9,0.005,0.0,0.30742999639665247,0.3210699882821103,0.3343780805577516,0.35655850701429237,0.3568038615229782,0.3441486727225671,0.3494531753686857,nan,0.0,1.1102230246251565e-16,0.17341496568388903,0.2381107349743331,0.316630685520622,0.3337294328294143,0.32392434280997096,0.3302705320228496,nan,1.4196,1.4966132419106086,1.5721840370269282,1.6454418691261388,1.9246155499788626,2.2700488830087315,2.4243763795151296,2.4981387745092682,nan,1.4196,1.5307992167000002,1.6053683108791506,1.6781048518605248,1.9559535518809743,2.300558428907081,2.4553604274884013,2.5299415961705556,nan,425.6,440.2916177221596,451.09525293388947,460.11630470497033,488.67693312603626,499.2122234187282,478.6790567292659,456.2407438758647,nan,425.6,447.78084386976184,456.9933664150245,465.33437798758496,492.7788301198211,502.4819469342773,481.6654516377206,459.1340904314287,nan,0.0,0.0004208092609671491,0.0009024151657929253,0.0014374146218162254,0.004170676885544363,0.021220741327940915,0.02566143354378294,0.02737118845429523,nan,0.0,0.0006332068992394159,0.0011553860812778642,0.0017281554287266211,0.0045913169753859446,0.02238564969565178,0.026918735099570393,0.028683403170772136,nan,284.9428904426073,289.7313228276405,290.2636770372418,280.85169366306,182.7156566291499,62.30902250298385,35.11039979376008,16.356351385338797,nan,122.3282745391666,296.14360579641635,296.562789409876,286.6318496776758,186.3329291582711,63.380916424198894,35.95434782103313,16.932132398535316,nan
mac_p100_h0p45_v0,10,299,mac_shift_grid,mac_base_m_plus_h_plus_v,default,0|5|10|15|35|75|125|175|225,0|5|10|15|35|75|125|175|225,7.0,0.9,0.005,1.5,1.5,10000.0,0.0,one_sided_huber,additive_removal_premium_v1,0.015,2,0,1,1,1,True,5.0,5.0,_FIXEDLEARN_GRID5,7.532565156996753,7.523571422543016,0.00899373445373719,100,0.45,0.0,MAC_base(m+h)+v,1.0,7.0,0.9,0.005,0.0,0.2966941826615491,0.30940195931444575,0.3220347422142013,0.3435932086565028,0.34362367161178986,0.33120198495649456,0.33609049391499657,nan,0.0,1.1102230246251565e-16,0.0,0.1185297722142501,0.2561892995507226,0.29063711604268766,0.2845021914440282,0.2917238427678442,nan,1.4196,1.4978070559885892,1.574806332305242,1.6496298961747369,1.9347915758525074,2.287476036434052,2.444210944940663,2.520292706453194,nan,1.4196,1.5307992167000002,1.6443419239000001,1.7186780171256804,2.0033919594282343,2.357536091683953,2.5157558934648145,2.593847986020424,nan,425.6,440.55315022673983,451.6224313989424,460.90864853041114,490.3241615698254,501.4882101623094,480.8529865832231,458.48615576789877,nan,425.6,447.78084386976184,465.54753150983714,472.67529134377577,499.6258686131205,509.25605150778176,487.8755361256621,465.25876599737177,nan,0.0,0.0004278291110223387,0.0009229897420116576,0.0014772876096552378,0.004328249290657107,0.02211797130534595,0.02676642224613522,0.028615156862775912,nan,0.0,0.0006332068992394159,0.0014976455049262696,0.0021406956236481823,0.005311615532286049,0.0248885341953509,0.02976942913479412,0.03178703323096589,nan,288.26541411463677,292.89782147106166,293.53023789908934,284.6263359316236,185.2775591236051,62.69651308286575,36.3007775588401,17.39701598923441,nan,114.6627092771978,106.31715624776986,303.8738425056576,293.93753721248055,190.837277783062,64.78546305204091,37.754475884746014,18.739089299878536,nan
mac_p078_h0p35_v0,5,232,mac_shift_grid,mac_base_m_plus_h_plus_v,default,0|5|10|15|35|75|125|175|225,0|5|10|15|35|75|125|175|225,7.0,0.9,0.005,1.5,1.5,10000.0,0.0,one_sided_huber,additive_removal_premium_v1,0.015,2,0,1,1,1,True,5.0,5.0,_FIXEDLEARN_GRID5,7.563441503368712,7.558152299173726,0.005289204194985686,78,0.35,0.0,MAC_base(m+h)+v,1.0,7.0,0.9,0.005,0.0,0.37336208864501064,0.3864601352683527,0.400098709974062,0.42381245375418614,0.4250981778549952,0.4132117401227656,0.41930260997708513,nan,0.0,1.1102230246251565e-16,0.20578569027664184,0.28143205456498616,0.37309851658727844,0.39426359204924555,0.38608277084627357,0.39371657832718226,nan,1.4196,1.489281644897199,1.557488129589136,1.6231432197668108,1.8718301930018124,2.179748550705844,2.3185704812353403,2.3823356981582253,nan,1.4196,1.5307992167000002,1.5980932519561377,1.6634061655589047,1.9116338537062183,2.220518756694066,2.36013256458549,2.4247546696686633,nan,425.6,438.68546232086476,448.1668158887443,455.9446797794509,480.1640616179121,487.4300689991872,466.9702678815214,444.57474081920265,nan,425.6,447.78084386976184,455.3965923343498,462.40021944044224,485.4341662014359,491.9022783303359,471.0221465199687,448.4455357506014,nan,0.0,0.00037816100981883803,0.0007979151551873173,0.0012534842014982543,0.003521024664772926,0.018142610574531485,0.02175695292325253,0.023039281335439418,nan,0.0,0.0006332068992394159,0.0010992977838874159,0.0015984360068597438,0.004028668733793389,0.019615955174426682,0.02334509189069807,0.0246938774870717,nan,269.94134646999294,275.2939924638928,276.57013408423427,267.9898524037893,172.856794353196,56.82259512038189,30.7921613116332,13.59678676517263,nan,78.15927274549462,281.4924210881819,282.46158766862925,273.241000794179,175.78448253117008,57.9010986128408,31.76659101333405,14.217420755941665,nan
mac_p049_h0p2_v100,5,145,mac_shift_grid,mac_base_m_plus_h_plus_v,default,0|5|10|15|35|75|125|175|225,0|5|10|15|35|75|125|175|225,7.0,0.9,0.005,1.5,1.5,10000.0,0.0,one_sided_huber,additive_removal_premium_v1,0.015,2,0,1,1,1,True,5.0,5.0,_FIXEDLEARN_GRID5,7.5523659718962035,7.5487587994783025,0.0036071724179009834,49,0.2,100.0,MAC_base(m+h)+v,1.0,7.0,0.9,0.005,0.0,0.3608977711142972,0.3781881738239635,0.3944919466122432,0.4222107210760552,0.42233535902281144,0.40777058768964525,0.41388530256831957,nan,0.0,1.1102230246251565e-16,0.20580662807962213,0.28218212908702955,0.37501980450565353,0.3942175989525679,0.38305932228258777,0.39052950343378273,nan,1.4196,1.4906676672433143,1.5593471861185748,1.625045563845927,1.8730873390177027,2.1834016139772587,2.3269064275310285,2.3913170287443846,nan,1.4196,1.5307992167000002,1.598088546354014,1.663151669384584,1.9101258995482362,2.220579569835432,2.364764543778215,2.4300385073874082,nan,425.6,438.98910247913545,448.5186849219038,456.2625005892336,480.3056122881894,487.9198408514043,468.04751207614913,445.524835383014,nan,425.6,447.78084386976184,455.39555952024,462.3445496158812,485.1746192807968,491.9572945545587,471.72089588967344,449.05302386424773,nan,0.0,0.00038622042558616413,0.0008046129805468745,0.001247859419000651,0.003437158678728142,0.017067406799302336,0.02057422511020765,0.02176795600829391,nan,0.0,0.0006332068992394159,0.0010933093761104757,0.0015744326111097856,0.0039002714162403853,0.01844955774033963,0.022067862586055694,0.023320006587521126,nan,274.09282120454463,279.22608752249556,279.70519353298687,269.6524904883667,174.23325046196672,59.630051543453064,29.878624645235796,12.62359440509956,nan,144.78658393434088,285.6009821702863,285.88701502807555,275.0925900382896,177.32201050740858,60.8974036921109,30.73205888074174,13.15629078095845,nan
mac_p027_h0p1_v100,5,79,mac_shift_grid,mac_base_m_plus_h_plus_v,default,0|5|10|15|35|75|125|175|225,0|5|10|15|35|75|125|175|225,7.0,0.9,0.005,1.5,1.5,10000.0,0.0,one_sided_huber,additive_removal_premium_v1,0.015,2,0,1,1,1,True,5.0,5.0,_FIXEDLEARN_GRID5,7.576393595337836,7.571856748699542,0.004536846638294456,27,0.1,100.0,MAC_base(m+h)+v,1.0,7.0,0.9,0.005,0.0,0.42858252422845233,0.4468083005215211,0.46477971812971686,0.4917180552865619,0.49351438551218973,0.47980859956720756,0.48592968712562534,nan,0.0,1.1102230246251565e-16,0.24191114483503273,0.33104956182755096,0.435390044000483,0.46020478973034806,0.45088470876828435,0.45862145829787104,nan,1.4196,1.4831411757144874,1.543925366826304,1.6011973082032662,1.8185333741327192,2.0892870508598946,2.216542859217037,2.2718749543406744,nan,1.4196,1.5307992167000002,1.5899743477969233,1.6465712172883504,1.8627433324722986,2.133329772560954,2.2608547955808396,2.3171491491238037,nan,425.6,437.34025093973486,445.43881835645493,451.7834235456992,471.53550050267484,475.6309189906061,455.82852699498335,433.55164753895167,nan,425.6,447.78084386976184,453.61460598041003,459.03104990767105,477.35336272468504,480.40188041918896,460.09662568868424,437.66171028672443,nan,0.0,0.00034305119057661637,0.0006964649330749885,0.0010565865100682938,0.002787619272779792,0.0136777386722544,0.016350502814714403,0.017215901967579043,nan,0.0,0.0006332068992394159,0.0010290075393990232,0.0014278406663317028,0.0032983311991514187,0.015218731387056646,0.017995335813174158,0.018898083633944907,nan,257.6858939112737,263.49644501477303,264.41492691955955,253.31760789298423,161.15755464288821,53.69419510725291,24.356458843280407,9.68360121272245,nan,124.20995015140535,270.6667992421342,271.3389552473906,259.5038946013427,165.0823480148293,55.19357002129257,25.517458757890598,10.233585401825199,nan
mac_p035_h0p15_v25,5,103,mac_shift_grid,mac_base_m_plus_h_plus_v,default,0|5|10|15|35|75|125|175|225,0|5|10|15|35|75|125|175|225,7.0,0.9,0.005,1.5,1.5,10000.0,0.0,one_sided_huber,additive_removal_premium_v1,0.015,2,0,1,1,1,True,5.0,5.0,_FIXEDLEARN_GRID5,7.610154665931069,7.602975916318631,0.007178749612438473,35,0.15,25.0,MAC_base(m+h)+v,1.0,7.0,0.9,0.005,0.0,0.491992306249873,0.5060334883611034,0.5216352641561516,0.5485001326304032,0.5524857508107648,0.5417788084971492,0.548118810236475,nan,0.0,1.1102230246251565e-16,0.2702165189351733,0.3682813872163047,0.48568991738716305,0.5166280747609098,0.5105377192191913,0.5191958495672232,nan,1.4196,1.4760900576225877,1.5306149841678975,1.5819065330503737,1.7739670346421148,2.0113137410909268,2.1216033514708195,2.1687718753796874,nan,1.4196,1.5307992167000002,1.5836129435649484,1.6339386629941348,1.8232646564789774,2.058725593743051,2.1694652788181696,2.216723127117905,nan,425.6,435.7955409143804,442.8031184069548,448.21129582644926,464.37353139358436,465.43084407970565,445.1802176887244,423.15306124495413,nan,425.6,447.78084386976184,452.2183663757822,456.513707578611,470.79482137911145,470.47852222281665,449.76597606179644,427.43731463524784,nan,0.0,0.0003033914454906518,0.0006130338104261995,0.0009249578454510071,0.0023804750883851165,0.011984948234584653,0.014136704064875475,0.014800526748053893,nan,0.0,0.0006332068992394159,0.000986066549233844,0.0013378543356934692,0.0029240577421792754,0.013638311602182155,0.015875481334524145,0.016553463865213128,nan,240.1524072016248,246.10679451327252,247.96748487290878,239.53477089724305,151.61224746449733,48.12247899013052,21.687915174160583,8.408121010145738,nan,53.02187668212778,255.57231970682426,257.18446405009223,247.95293154556674,156.99783990149302,49.622423513652336,23.000081027285525,8.965677474882018,nan
mac_p113_h0p5_v50,5,337,mac_shift_grid,mac_base_m_plus_h_plus_v,default,0|5|10|15|35|75|125|175|225,0|5|10|15|35|75|125|175|225,7.0,0.9,0.005,1.5,1.5,10000.0,0.0,one_sided_huber,additive_removal_premium_v1,0.015,2,0,1,1,1,True,5.0,5.0,_FIXEDLEARN_GRID5,7.49946548741295,7.497796292280285,0.0016691951326643917,113,0.5,50.0,MAC_base(m+h)+v,1.0,7.0,0.9,0.005,0.0,0.201770653689182,0.21540237997295414,0.22737277426165714,0.25656354197494513,0.25550367682524866,0.24338964974034408,0.24754484253990144,nan,0.0,1.1102230246251565e-16,0.11840127507545867,0.16397772894562224,0.2297997074917776,0.23939140820697433,0.22922648273830948,0.23413663515189528,nan,1.4196,1.5083624780567162,1.5959319786122395,1.681748183077721,2.0030982291578763,2.403990341564052,2.5787410687440557,2.667092159938104,nan,1.4196,1.5307992167000002,1.6177321935473283,1.7032577744978874,2.024104261156749,2.425294357601203,2.6004393028878323,2.689321569132164,nan,425.6,442.8655588515811,455.83146238848474,466.91909633302623,501.2128775415614,516.6534018926764,495.6507048431108,473.22045701788807,nan,425.6,447.78084386976184,459.707066412505,470.35884638251963,503.9804164884171,518.9778691452907,497.76034161420375,475.25038759514234,nan,0.0,0.0004913627075430356,0.001080291224565812,0.0017558574046274466,0.0052783738607008095,0.026419135961004675,0.03219005028046354,0.03475634060576181,nan,0.0,0.0006332068992394159,0.0012539757689322042,0.001959641343034476,0.005588920042500257,0.0272684497847651,0.033114887026617745,0.03573804452379886,nan,307.7606940360518,311.17839914345905,310.7445071430909,306.68867951265554,201.65318634263298,74.21033810331326,42.22929161802927,21.721086406530215,nan,190.2286008747566,314.98654957991795,314.50572426376607,310.0856176542202,203.7165392836107,75.04578585107087,42.81162478074096,22.126246943198318,nan
mac_p039_h0p15_v125,10,116,mac_shift_grid,mac_base_m_plus_h_plus_v,default,0|5|10|15|35|75|125|175|225,0|5|10|15|35|75|125|175|225,7.0,0.9,0.005,1.5,1.5,10000.0,0.0,one_sided_huber,additive_removal_premium_v1,0.015,2,0,1,1,1,True,5.0,5.0,_FIXEDLEARN_GRID5,7.550854736660674,7.542252596271574,0.008602140389100121,39,0.15,125.0,MAC_base(m+h)+v,1.0,7.0,0.9,0.005,0.0,0.3570149660081574,0.3760316701801164,0.3932180946673641,0.42582597520627363,0.4240348642841723,0.40845479771958093,0.4147986520363497,nan,0.0,1.1102230246251565e-16,0.0,0.14699724422342395,0.3209394073582217,0.3602905543502806,0.3524787921748597,0.362309910685912,nan,1.4196,1.491099432129716,1.5598318428963904,1.625477774829097,1.8702498478506135,2.181154488621976,2.3258582050938483,2.3898027906009487,nan,1.4196,1.5307992167000002,1.6443419239000001,1.7090191598974886,1.9525717812736354,2.265438696717198,2.4116144822434595,2.476823648482652,nan,425.6,439.08369053452293,448.6075632412914,456.3300931669828,479.78151981753274,487.66072821336707,468.000705840112,445.38030376060374,nan,425.6,447.78084386976184,465.5475315098372,470.55529380903744,490.9141116808938,497.006321269052,476.4021595101008,453.32432411279547,nan,0.0,0.00038873134899849846,0.0008058742069972393,0.0012442455713475183,0.00338302855481575,0.016637720942720133,0.02011207700461644,0.021268986431857467,nan,0.0,0.0006332068992394159,0.0014976455049262696,0.0020210662313931713,0.0044614430247391194,0.019851187876579704,0.023575248614939003,0.024846044354099244,nan,274.3554452934084,279.44939406342,279.74400048786185,270.2741271046438,173.98276538989197,60.20782361006122,29.56346285933624,12.28186478048907,nan,160.87155337022392,149.162759046064,292.30271589561306,281.7659160159832,180.8693714822893,63.34587898091955,32.01224239077845,13.620067471479917,nan
mac_p028_h0p1_v125,10,83,mac_shift_grid,mac_base_m_plus_h_plus_v,default,0|5|10|15|35|75|125|175|225,0|5|10|15|35|75|125|175|225,7.0,0.9,0.005,1.5,1.5,10000.0,0.0,one_sided_huber,additive_removal_premium_v1,0.015,2,0,1,1,1,True,5.0,5.0,_FIXEDLEARN_GRID5,7.561942018326965,7.552431897183741,0.009510121143224026,28,0.1,125.0,MAC_base(m+h)+v,1.0,7.0,0.9,0.005,0.0,0.38979254182674095,0.4091611541748773,0.42706995452537494,0.4586477157541403,0.45740894245168967,0.44189759865950384,0.4475780849721913,nan,0.0,1.1102230246251565e-16,0.0,0.16108264459530047,0.34740084613134126,0.39282966726460467,0.3851546050531248,0.394814138920075,nan,1.4196,1.4874545913733646,1.5523862589255937,1.6139920243145471,1.8444891694754428,2.1370265068119214,2.2746232147054752,2.33545791012633,nan,1.4196,1.5307992167000002,1.6443419239000001,1.704240060750573,1.931803089479717,2.222414725370594,2.361554531769884,2.4229350286958877,nan,425.6,438.2852041124016,447.12106693450653,454.1739788088031,475.64918364899,481.90700465709995,462.3502790948429,439.99183352207865,nan,425.6,447.78084386976184,465.5475315098372,469.50634172595255,487.38175616391845,491.1988753899026,470.8064621067672,447.9017809812484,nan,0.0,0.00036753940911219795,0.0007531461538144042,0.0011497868222167034,0.0030674082146643755,0.01498835991797479,0.018063117219960546,0.01908264279654956,nan,0.0,0.0006332068992394159,0.0014976455049262696,0.0019750529513999633,0.00417132683156146,0.018207137973576662,0.021513262575850463,0.022605338281633913,nan,266.4940542839713,271.8897346575883,272.3668965960353,262.10633993834495,167.32435811691562,57.065719803544255,26.699620923084453,10.843302936513082,nan,151.1723693234294,140.1695155383947,287.7685076042695,275.9190125324653,176.47412763349718,60.26772490907692,29.249432688818203,12.122054977602133,nan
mac_p079_h0p35_v25,10,236,mac_shift_grid,mac_base_m_plus_h_plus_v,default,0|5|10|15|35|75|125|175|225,0|5|10|15|35|75|125|175|225,7.0,0.9,0.005,1.5,1.5,10000.0,0.0,one_sided_huber,additive_removal_premium_v1,0.015,2,0,1,1,1,True,5.0,5.0,_FIXEDLEARN_GRID5,7.550628379076711,7.540100253826955,0.010528125249756215,79,0.35,25.0,MAC_base(m+h)+v,1.0,7.0,0.9,0.005,0.0,0.34580283437589354,0.35949811500399725,0.3733824248357226,0.3968369698640738,0.3974484565273463,0.3849739104407025,0.39070033125224635,nan,0.0,1.1102230246251565e-16,0.0,0.13789608891402172,0.29684240693461134,0.33785385144336677,0.33267733769645164,0.3414627366380282,nan,1.4196,1.4923462123847608,1.563547625895578,1.6322079088876336,1.893002341489622,2.2163076548607297,2.361831359262513,2.42975529268402,nan,1.4196,1.5307992167000002,1.6443419239000001,1.7121071320123566,1.9714847050661344,2.2951050267588626,2.441950677220057,2.511386088415133,nan,425.6,439.35682650165336,449.37260059492735,457.6355461962606,483.5728987864341,492.20527856725323,471.7750738591659,449.36116117476445,nan,425.6,447.78084386976184,465.54753150983714,471.23306480370053,494.1732053536264,500.87808418505483,479.598752137398,456.8173554865425,nan,0.0,0.0003959827894572975,0.0008389826091646785,0.0013244293506128465,0.003761693789834389,0.01922322601462535,0.02313547958793901,0.024570530308919546,nan,0.0,0.0006332068992394159,0.0014976455049262696,0.002071735807121191,0.004827891660188967,0.02222757043861224,0.02638684041166123,0.027958381122104067,nan,276.4856181988499,281.54835488011616,282.4616725329119,273.1583276087062,176.76911248222618,59.33953935731149,32.18244959325989,14.37004698078745,nan,105.12169191751866,97.47056750251845,295.95383442775625,285.40638485988035,183.99916058180935,61.810470741980765,34.273652188937135,15.773050251274736,nan
mac_p002_h0_v25,15,6,mac_shift_grid,mac_base_m_plus_h_plus_v,default,0|5|10|15|35|75|125|175|225,0|5|10|15|35|75|125|175|225,7.0,0.9,0.005,1.5,1.5,10000.0,0.0,one_sided_huber,additive_removal_premium_v1,0.015,2,0,1,1,1,True,5.0,5.0,_FIXEDLEARN_GRID5,7.652709806357299,7.618756662725275,0.03395314363202395,2,0.0,25.0,MAC_base(m+h)+v,1.0,7.0,0.9,0.005,0.0,0.5963863316446365,0.6105198064776467,0.6271126835183687,0.6558804453267131,0.6615233319744334,0.6517293156651113,0.6568217543711313,nan,0.0,1.1102230246251565e-16,0.0,0.0,0.395502142072533,0.5104646401583781,0.5215139480639426,0.5363654511676352,nan,1.4196,1.4644815237705302,1.5071325280131582,1.5461186227614134,1.6896878449032062,1.8671417171011886,1.9531571382464243,1.9885537331744962,nan,1.4196,1.5307992167000002,1.6443419239000001,1.7588945192,1.8940500028521865,2.066875030220751,2.1526494929522766,2.18825771868337,nan,425.6,433.25242386723585,438.11947740416446,441.5090829697066,450.7873349221595,446.62090685264366,426.55801745413726,405.19393244199733,nan,425.6,447.78084386976184,465.54753150983714,481.5023071324044,478.8376537643569,468.59300638073427,445.8735886597198,423.18808899699496,nan,0.0,0.00024075946236127972,0.0004643567732723902,0.0006696288674819611,0.0015588494927631633,0.007608721777817037,0.00890282566708464,0.00933027046780572,nan,0.0,0.0006332068992394159,0.0014976455049262696,0.002605083858391802,0.003848515925256142,0.014556742903120172,0.01605243659016811,0.016515961778829566,nan,212.6810998393166,218.94418800051375,221.2275037313698,212.53763739292722,129.30545090577473,38.3336354974208,14.605104477289485,5.136662578250973,nan,26.96241917202404,25.0,23.180412559140624,244.3527454212511,147.87630077176004,45.429573122053306,18.5554140115256,6.896169629142587,nan
mac_p116_h0p5_v125,10,347,mac_shift_grid,mac_base_m_plus_h_plus_v,default,0|5|10|15|35|75|125|175|225,0|5|10|15|35|75|125|175|225,7.0,0.9,0.005,1.5,1.5,10000.0,0.0,one_sided_huber,additive_removal_premium_v1,0.015,2,0,1,1,1,True,5.0,5.0,_FIXEDLEARN_GRID5,7.476607973578735,7.474688500292665,0.001919473286070783,116,0.5,125.0,MAC_base(m+h)+v,1.0,7.0,0.9,0.005,0.0,0.1035454282781677,0.11876440858054566,0.14362765646668824,0.17967554384147577,0.1875125831451706,0.17699081376614748,0.18026079897454822,nan,0.0,1.1102230246251565e-16,0.0,0.06550495394670339,0.14601700470912676,0.1673440908369173,0.15921435527004296,0.16323693247170745,nan,1.4196,1.519285046182602,1.6176505822247624,1.7101624425553124,2.0634450284977355,2.4938897458292564,2.680465315138621,2.778642085544352,nan,1.4196,1.5307992167000002,1.6443419239000001,1.7366690473454351,2.089862481889704,2.5205569951012095,2.707699178768147,2.8068658803892337,nan,425.6,445.2583992872072,460.1557608054378,472.0861074383476,510.8051243312382,528.0865469777852,506.6700684123268,484.3650057628195,nan,425.6,447.78084386976184,465.54753150983714,476.62409592926645,514.3967524696347,531.0345665640461,509.3407087771005,486.97468671041815,nan,0.0,0.0005597259670936706,0.001247557672037823,0.002024889196627884,0.006187481209659931,0.030029708332941288,0.03669847664939904,0.03988765025492712,nan,0.0,0.0006332068992394159,0.0014976455049262696,0.002318398541816012,0.006639389306708271,0.031244872747788432,0.038025489068759855,0.041303912521007166,nan,324.65535328536083,326.4157635928067,339.0549068140513,327.83579908613257,225.19178277798835,90.25625920391212,48.77166942294236,25.272176698450664,nan,271.11585839082875,251.3830979529983,343.4861040311904,332.1450057160256,228.3389205105875,91.67861581858025,49.61760366660192,25.971305254934123,nan
mac_p039_h0p15_v125,15,117,mac_shift_grid,mac_base_m_plus_h_plus_v,default,0|5|10|15|35|75|125|175|225,0|5|10|15|35|75|125|175|225,7.0,0.9,0.005,1.5,1.5,10000.0,0.0,one_sided_huber,additive_removal_premium_v1,0.015,2,0,1,1,1,True,5.0,5.0,_FIXEDLEARN_GRID5,7.550854736660674,7.534523592915346,0.016331143745327736,39,0.15,125.0,MAC_base(m+h)+v,1.0,7.0,0.9,0.005,0.0,0.3570149660081574,0.3760316701801164,0.3932180946673641,0.42582597520627363,0.4240348642841723,0.40845479771958093,0.4147986520363497,nan,0.0,1.1102230246251565e-16,0.0,0.0,0.25861315177771094,0.32194451218899334,0.3184238536531655,0.33009119486135075,nan,1.4196,1.491099432129716,1.5598318428963904,1.625477774829097,1.8702498478506135,2.181154488621976,2.3258582050938483,2.3898027906009487,nan,1.4196,1.5307992167000002,1.6443419239000001,1.7588945192,2.001489559476065,2.316140724874722,2.46378727874367,2.5302389184770573,nan,425.6,439.08369053452293,448.6075632412914,456.3300931669828,479.78151981753274,487.66072821336707,468.000705840112,445.38030376060374,nan,425.6,447.78084386976184,465.5475315098372,481.5023071324044,497.9396986918482,502.81606326755343,481.6239106408426,458.2883003156343,nan,0.0,0.00038873134899849846,0.0008058742069972393,0.0012442455713475183,0.00338302855481575,0.016637720942720133,0.02011207700461644,0.021268986431857467,nan,0.0,0.0006332068992394159,0.0014976455049262696,0.002605083858391802,0.0052175156542524324,0.022064904920261356,0.025959271836812643,0.027324675939983754,nan,274.3554452934084,279.44939406342,279.74400048786185,270.2741271046438,173.98276538989197,60.20782361006122,29.56346285933624,12.28186478048907,nan,160.87155337022392,149.162759046064,138.30617172589794,289.56382614158355,185.22789218568556,65.12299635550825,33.39199531873682,14.494188469111055,nan
mac_p101_h0p45_v25,10,302,mac_shift_grid,mac_base_m_plus_h_plus_v,default,0|5|10|15|35|75|125|175|225,0|5|10|15|35|75|125|175|225,7.0,0.9,0.005,1.5,1.5,10000.0,0.0,one_sided_huber,additive_removal_premium_v1,0.015,2,0,1,1,1,True,5.0,5.0,_FIXEDLEARN_GRID5,7.521922677147604,7.514486050947017,0.007436626200586716,101,0.45,25.0,MAC_base(m+h)+v,1.0,7.0,0.9,0.005,0.0,0.27021133803186526,0.28362606435426424,0.29639816919450496,0.3192343973059059,0.3184819825042652,0.30521575957972646,0.3097512589193461,nan,0.0,1.1102230246251565e-16,0.0,0.10923084974255176,0.23780860601915166,0.26768867311722777,0.26019357438575624,0.2669494029124868,nan,1.4196,1.5007519275673977,1.5805992565288376,1.6583282448913903,1.9539099862210572,2.32071896209756,2.4840223234732375,2.563960410541705,nan,1.4196,1.5307992167000002,1.6443419239000001,1.7218330905547934,2.017818346526409,2.387879056271643,2.5529971449847615,2.634921422995378,nan,425.6,441.1982922583834,452.77455787331263,462.5319753824648,493.3823264455448,505.82987825387033,485.2916937414691,462.90063879145055,nan,425.6,447.78084386976184,465.54753150983714,473.36779023195845,502.085036603298,513.3598052016099,492.111454672006,469.4613197553548,nan,0.0,0.0004455467843289592,0.0009648387113516154,0.0015492326948222958,0.0045698523231840985,0.023203255705617702,0.028168087647383537,0.030188084433634237,nan,0.0,0.0006332068992394159,0.0014976455049262696,0.0021681371924796417,0.0055039480252214975,0.02583647637786958,0.031047263855217458,0.03325115452486574,nan,294.50357885206955,298.8667504901383,299.15969764629904,290.47833490559896,189.57514542965242,65.47156228792414,37.782561501911346,18.45429023209877,nan,141.62512844922185,131.31715624776984,307.40998284019304,298.1878660563257,193.88271316117863,67.33118240275994,39.1727639580409,19.750919723848156,nan
mac_p028_h0p1_v125,5,82,mac_shift_grid,mac_base_m_plus_h_plus_v,default,0|5|10|15|35|75|125|175|225,0|5|10|15|35|75|125|175|225,7.0,0.9,0.005,1.5,1.5,10000.0,0.0,one_sided_huber,additive_removal_premium_v1,0.015,2,0,1,1,1,True,5.0,5.0,_FIXEDLEARN_GRID5,7.561942018326965,7.558375180641363,0.0035668376856019535,28,0.1,125.0,MAC_base(m+h)+v,1.0,7.0,0.9,0.005,0.0,0.38979254182674095,0.4091611541748773,0.42706995452537494,0.4586477157541403,0.45740894245168967,0.44189759865950384,0.4475780849721913,nan,0.0,1.1102230246251565e-16,0.22409874909107524,0.3068814424091927,0.4080647447780934,0.42785231847115934,0.4158059478311901,0.42317271876345997,nan,1.4196,1.4874545913733646,1.5523862589255937,1.6139920243145471,1.8444891694754428,2.1370265068119214,2.2746232147054752,2.33545791012633,nan,1.4196,1.5307992167000002,1.5939775398856886,1.6547713277463707,1.8841900392289586,2.1761069619733435,2.3145961069822585,2.375919461494493,nan,425.6,438.2852041124016,447.12106693450653,454.1739788088031,475.64918364899,481.90700465709995,462.3502790948429,439.99183352207865,nan,425.6,447.78084386976184,454.4932508731796,460.67018433792333,480.8682548552317,486.1188667032236,466.22646509306776,443.6519422424312,nan,0.0,0.00036753940911219795,0.0007531461538144042,0.0011497868222167034,0.0030674082146643755,0.01498835991797479,0.018063117219960546,0.01908264279654956,nan,0.0,0.0006332068992394159,0.0010587795223794343,0.0014926181860561328,0.003541611408109518,0.016388706454421333,0.019577342549797646,0.020636817238267595,nan,266.4940542839713,271.8897346575883,272.3668965960353,262.10633993834495,167.32435811691562,57.065719803544255,26.699620923084453,10.843302936513082,nan,151.1723693234294,278.65856734235956,278.9188063065879,267.79688759384226,171.16666670436615,58.40602962056447,27.780593075867458,11.392965211182187,nan
mac_p049_h0p2_v100,10,146,mac_shift_grid,mac_base_m_plus_h_plus_v,default,0|5|10|15|35|75|125|175|225,0|5|10|15|35|75|125|175|225,7.0,0.9,0.005,1.5,1.5,10000.0,0.0,one_sided_huber,additive_removal_premium_v1,0.015,2,0,1,1,1,True,5.0,5.0,_FIXEDLEARN_GRID5,7.5523659718962035,7.543056754029903,0.009309217866300123,49,0.2,100.0,MAC_base(m+h)+v,1.0,7.0,0.9,0.005,0.0,0.3608977711142972,0.3781881738239635,0.3944919466122432,0.4222107210760552,0.42233535902281144,0.40777058768964525,0.41388530256831957,nan,0.0,1.1102230246251565e-16,0.0,0.14689854600775537,0.31671952549622095,0.35913557509134897,0.35233065704548233,0.3614698071403557,nan,1.4196,1.4906676672433143,1.5593471861185748,1.625045563845927,1.8730873390177027,2.1834016139772587,2.3269064275310285,2.3913170287443846,nan,1.4196,1.5307992167000002,1.6443419239000001,1.7090526476611192,1.95588382437719,2.266965837136577,2.411841428005074,2.478216452527155,nan,425.6,438.98910247913545,448.5186849219038,456.2625005892336,480.3056122881894,487.9198408514043,468.04751207614913,445.524835383014,nan,425.6,447.78084386976184,465.5475315098372,470.5626439514677,491.50184870300905,497.13822704254557,476.3474836893678,453.4860720683459,nan,0.0,0.00038622042558616413,0.0008046129805468745,0.001247859419000651,0.003437158678728142,0.017067406799302336,0.02057422511020765,0.02176795600829391,nan,0.0,0.0006332068992394159,0.0014976455049262696,0.0020287436123650484,0.0045290807320841195,0.02029618024335508,0.02405869964173165,0.025388646652395645,nan,274.09282120454463,279.22608752249556,279.70519353298687,269.6524904883667,174.23325046196672,59.630051543453064,29.878624645235796,12.62359440509956,nan,144.78658393434088,134.24850994506656,292.22774083592816,280.9272516450514,181.06416086502097,62.59861184948015,32.00477484007415,13.934921520837642,nan
mac_p100_h0p45_v0,15,300,mac_shift_grid,mac_base_m_plus_h_plus_v,default,0|5|10|15|35|75|125|175|225,0|5|10|15|35|75|125|175|225,7.0,0.9,0.005,1.5,1.5,10000.0,0.0,one_sided_huber,additive_removal_premium_v1,0.015,2,0,1,1,1,True,5.0,5.0,_FIXEDLEARN_GRID5,7.532565156996753,7.51663024283536,0.015934914161393365,100,0.45,0.0,MAC_base(m+h)+v,1.0,7.0,0.9,0.005,0.0,0.2966941826615491,0.30940195931444575,0.3220347422142013,0.3435932086565028,0.34362367161178986,0.33120198495649456,0.33609049391499657,nan,0.0,1.1102230246251565e-16,0.0,0.0,0.2050247243167737,0.259184063099298,0.2566541754390905,0.26517759060238905,nan,1.4196,1.4978070559885892,1.574806332305242,1.6496298961747369,1.9347915758525074,2.287476036434052,2.444210944940663,2.520292706453194,nan,1.4196,1.5307992167000002,1.6443419239000001,1.7588945192,2.0435493107692393,2.3991240492955423,2.558419569719424,2.6378589029818134,nan,425.6,440.55315022673983,451.6224313989424,460.90864853041114,490.3241615698254,501.4882101623094,480.8529865832231,458.48615576789877,nan,425.6,447.78084386976184,465.54753150983714,481.5023071324044,505.41764521441195,514.0255039005731,492.1410628789109,469.3653648676715,nan,0.0,0.0004278291110223387,0.0009229897420116576,0.0014772876096552378,0.004328249290657107,0.02211797130534595,0.02676642224613522,0.028615156862775912,nan,0.0,0.0006332068992394159,0.0014976455049262696,0.002605083858391802,0.005972209322849015,0.026700544565571672,0.03173246434973039,0.03386771387698817,nan,288.26541411463677,292.89782147106166,293.53023789908934,284.6263359316236,185.2775591236051,62.69651308286575,36.3007775588401,17.39701598923441,nan,114.6627092771978,106.31715624776986,98.57902175751681,299.95108526162005,194.2414398282799,65.97939484987822,38.58919912392069,19.68887859551574,nan
mac_p093_h0p4_v100,5,277,mac_shift_grid,mac_base_m_plus_h_plus_v,default,0|5|10|15|35|75|125|175|225,0|5|10|15|35|75|125|175|225,7.0,0.9,0.005,1.5,1.5,10000.0,0.0,one_sided_huber,additive_removal_premium_v1,0.015,2,0,1,1,1,True,5.0,5.0,_FIXEDLEARN_GRID5,7.505196881385143,7.503616376993809,0.001580504391334614,93,0.4,100.0,MAC_base(m+h)+v,1.0,7.0,0.9,0.005,0.0,0.21495387907648922,0.23063447799807874,0.24490117511033688,0.2787411014650901,0.2793224611714267,0.26699549880984785,0.2722103278071507,nan,0.0,1.1102230246251565e-16,0.1279805303021258,0.17765819591857718,0.25061398678139457,0.26258776945461326,0.2523483987192067,0.2584722186942677,nan,1.4196,1.506896513720068,1.5925086875970398,1.675800892739423,1.98569180988713,2.3724965913220224,2.542576470797907,2.6261993583048127,nan,1.4196,1.5307992167000002,1.615579333298158,1.6986160670338668,2.007767834585805,2.3946235896459838,2.5650160993956925,2.6489757101455598,nan,425.6,442.5444055567251,455.1395052936374,465.777696093992,498.3452144846756,512.4953641451393,491.6585179668141,469.03989448360755,nan,425.6,447.78084386976184,459.23454358051583,469.42646500817455,501.24403978398743,514.8963265706484,493.83039061027273,471.1033243492051,nan,0.0,0.00048253454900113113,0.0010501474992185397,0.0016908150457573736,0.004979995641556885,0.024738461369417986,0.030095871186833455,0.032312332649290745,nan,0.0,0.0006332068992394159,0.0012324291025067949,0.0019023941107174462,0.005299557529644612,0.025581196874338644,0.031017203877939395,0.033286619789195344,nan,304.4072300325768,307.88826610938435,308.4772059782631,303.07961854620737,199.91524399219486,74.61095672458407,41.31809481458035,19.682685233439557,nan,203.2155320552387,312.28236652572394,312.47613352859696,307.04881592189156,202.31569991689327,75.6200897745008,42.05130872206314,20.248956953711183,nan
mac_p032_h0p1_v225,5,94,mac_shift_grid,mac_base_m_plus_h_plus_v,default,0|5|10|15|35|75|125|175|225,0|5|10|15|35|75|125|175|225,7.0,0.9,0.005,1.5,1.5,10000.0,0.0,one_sided_huber,additive_removal_premium_v1,0.015,2,0,1,1,1,True,5.0,5.0,_FIXEDLEARN_GRID5,7.512369406897662,7.511675899915648,0.0006935069820137585,32,0.1,225.0,MAC_base(m+h)+v,1.0,7.0,0.9,0.005,0.0,0.19188741631485906,0.2158401197401138,0.2540809392402683,0.3096084363310452,0.3229485695555192,0.31161665639707364,0.318726757660192,nan,0.0,1.1102230246251565e-16,0.1267532979186869,0.19615169226058732,0.28531643875704815,0.30818253262662854,0.2986577663881771,0.30651615188184295,nan,1.4196,1.509461486311201,1.5958336001348006,1.6726862490825887,1.9614650786867869,2.3148131368891027,2.4742160310067995,2.549079969893874,nan,1.4196,1.5307992167000002,1.6158551438650846,1.6923413250841777,1.9805310491730728,2.3343371340983765,2.4940692904943202,2.5693238805449785,nan,425.6,443.10632195418754,455.7653328337009,464.91416406670714,494.10924587201544,504.56640778570636,483.9222082438614,461.0748324932036,nan,425.6,447.78084386976184,459.29508015748456,468.0381672356309,496.61022066821516,506.7006192220357,485.8518382881033,462.91800661917523,nan,0.0,0.0004981959720709023,0.0010591742731833338,0.0016288508577859003,0.004519402897426871,0.021065840404697014,0.025527221107981224,0.027225821449535642,nan,0.0,0.0006332068992394159,0.0012180392555113469,0.0018109622580246886,0.0047794473921168945,0.02180144436391568,0.02632655009121792,0.028064591685515207,nan,303.1506226114443,305.69730757603224,314.3465164449308,300.73140802309035,201.9935615357029,79.03782072058797,37.697199734768816,16.189971322965476,nan,259.02204601152556,308.95899391412803,317.70307638698887,303.70880815373306,203.9831711357978,80.11426634394769,38.420982582513886,16.6197552066446,nan
mac_p080_h0p35_v50,10,239,mac_shift_grid,mac_base_m_plus_h_plus_v,default,0|5|10|15|35|75|125|175|225,0|5|10|15|35|75|125|175|225,7.0,0.9,0.005,1.5,1.5,10000.0,0.0,one_sided_huber,additive_removal_premium_v1,0.015,2,0,1,1,1,True,5.0,5.0,_FIXEDLEARN_GRID5,7.538573096031084,7.529688307136296,0.008884788894787832,80,0.35,50.0,MAC_base(m+h)+v,1.0,7.0,0.9,0.005,0.0,0.3166365445327677,0.33122426410529326,0.34531395895618294,0.36831580749433535,0.3686520429443466,0.35553267841753017,0.36089873938993294,nan,0.0,1.1102230246251565e-16,0.0,0.128550545780744,0.27638777738493,0.313751780829027,0.30715295776006785,0.3151071835155744,nan,1.4196,1.4955894809693617,1.5699019455426146,1.6417313855229134,1.9153876409414086,2.2543829421662593,2.406935871962835,2.4791632232873564,nan,1.4196,1.5307992167000002,1.6443419239000001,1.7152780235764247,1.9875388546729826,2.3269733446885965,2.4810544999847544,2.555080846255685,nan,425.6,440.06733927881214,450.6358531298549,459.412040699635,487.1793808269431,497.16792396510573,476.7829937952192,454.3454944081987,nan,425.6,447.78084386976184,465.54753150983714,471.9290355733199,496.9212486115212,505.16280381473814,484.03817317327054,461.3087608853937,nan,0.0,0.0004148515756715314,0.0008840695958677534,0.0014009112588617215,0.004022745516009011,0.020372150112972026,0.024621348535686243,0.026228215499312826,nan,0.0,0.0006332068992394159,0.0014976455049262696,0.0020994284157028783,0.005027029264803449,0.02320242674625244,0.027684290594994873,0.029422831349391734,nan,283.19948328909004,288.0242387016132,288.4770793625453,278.6291554405682,181.1102036668948,62.16151305414091,33.80179898193703,15.384558231011162,nan,132.0841110895427,122.47056750251845,301.1319517614732,290.0531562271266,188.0535270810576,64.55748878177552,35.81100616315471,16.80446053406893,nan
mac_p001_h0_v0,5,1,mac_shift_grid,mac_base_m_plus_h_plus_v,default,0|5|10|15|35|75|125|175|225,0|5|10|15|35|75|125|175|225,7.0,0.9,0.005,1.5,1.5,10000.0,0.0,one_sided_huber,additive_removal_premium_v1,0.015,2,0,1,1,1,True,5.0,5.0,_FIXEDLEARN_GRID5,7.671869086664538,7.661672156700526,0.010196929964012114,1,0.0,0.0,MAC_base(m+h)+v,1.0,7.0,0.9,0.005,0.0,0.6273845568117377,0.6401943408403169,0.6558874650776143,0.6833066183314962,0.6914890118395924,0.6836099354242375,0.688816466517824,nan,0.0,1.1102230246251565e-16,0.3381486887224113,0.45870647527297237,0.601034017509553,0.6436722745799887,0.6427488046606931,0.6511225797951354,nan,1.4196,1.4610345454128582,1.5004634160696548,1.536355497087184,1.6681619657132336,1.82752039874212,1.9043154383580545,1.935509837911419,nan,1.4196,1.5307992167000002,1.568345737032263,1.6032579262183302,1.7327349582933187,1.8907448000699039,1.9669154474209636,1.9980023701214105,nan,425.6,432.4972837664918,436.79538759900686,439.6963129164864,447.34460188289717,441.404324940909,421.047586218332,399.8309163122432,nan,425.6,447.78084386976184,448.86742723787546,450.39249186700016,455.8166071397528,448.2009660006152,427.00593388620496,405.3918846497208,nan,0.0,0.00022255353335432572,0.00042462003042431965,0.0006086743004166926,0.0013891881390219872,0.006757839170909068,0.007857947758610137,0.00822054091958824,nan,0.0,0.0006332068992394159,0.0008733942158249222,0.0010911158347005003,0.0019832221382571967,0.008724798072199596,0.009884450073243147,0.010256637871549963,nan,204.07622088614696,210.27677114297614,212.90149348167006,203.61709572076734,124.996547428664,36.31144056143681,13.546146017488825,4.611074245053745,nan,0.0,220.39316237353972,222.6526168031871,212.54827496652453,130.36073590901736,38.35350299906106,14.612589128553257,5.043530193235223,nan
mac_p003_h0_v50,5,7,mac_shift_grid,mac_base_m_plus_h_plus_v,default,0|5|10|15|35|75|125|175|225,0|5|10|15|35|75|125|175|225,7.0,0.9,0.005,1.5,1.5,10000.0,0.0,one_sided_huber,additive_removal_premium_v1,0.015,2,0,1,1,1,True,5.0,5.0,_FIXEDLEARN_GRID5,7.6342239916268415,7.626527172706372,0.0076968189204693616,3,0.0,50.0,MAC_base(m+h)+v,1.0,7.0,0.9,0.005,0.0,0.5655354927614504,0.5812590859290683,0.5990010179635807,0.6288511705333075,0.6316296054308546,0.6192661131054901,0.6240339572526021,nan,0.0,1.1102230246251565e-16,0.3101897724742156,0.42225019620401727,0.5554029709237125,0.5887188016823176,0.5824275617487987,0.5899140152326584,nan,1.4196,1.4679121128888784,1.513708638643946,1.5556567568097361,1.7109022120587678,1.9066678971061752,2.0028913657743725,2.0429124805915144,nan,1.4196,1.5307992167000002,1.5746292776600415,1.615627341896852,1.76854922942577,1.9634055591253543,2.0593287086892866,2.099479785294559,nan,425.6,434.0039735271504,439.4238188838987,443.2765000051437,454.1828536383739,451.83420060796516,432.2079208824688,410.71915670464625,nan,425.6,447.78084386976184,450.2465768661438,452.85520399790096,461.73291519640384,457.9421517001976,437.59617320004065,415.77250747151436,nan,0.0,0.00025919205400780685,0.0005035746006006876,0.0007311563589930244,0.0017331577734477016,0.008471443682511678,0.009980148310386442,0.010469029396371966,nan,0.0,0.0006332068992394159,0.0009172290084492993,0.0011800463109261383,0.0023013632592497188,0.010315220964686282,0.011879905223940194,0.012384126657129546,nan,222.62397361860053,228.98664820199267,231.08504869479856,222.37472268519318,134.5997156671502,40.675431019852816,15.893795138981723,5.721172426633917,nan,53.92483834404808,238.52452142473342,240.24095712247322,230.61868367038107,139.46504556786485,42.67471689853923,16.967685413898316,6.201174958029054,nan
mac_p080_h0p35_v50,5,238,mac_shift_grid,mac_base_m_plus_h_plus_v,default,0|5|10|15|35|75|125|175|225,0|5|10|15|35|75|125|175|225,7.0,0.9,0.005,1.5,1.5,10000.0,0.0,one_sided_huber,additive_removal_premium_v1,0.015,2,0,1,1,1,True,5.0,5.0,_FIXEDLEARN_GRID5,7.538573096031084,7.535042437975429,0.0035306580556548894,80,0.35,50.0,MAC_base(m+h)+v,1.0,7.0,0.9,0.005,0.0,0.3166365445327677,0.33122426410529326,0.34531395895618294,0.36831580749433535,0.3686520429443466,0.35553267841753017,0.36089873938993294,nan,0.0,1.1102230246251565e-16,0.17924399809957609,0.2461471388359373,0.32677859478798027,0.34455459945932565,0.33442279377596806,0.34095209280866373,nan,1.4196,1.4955894809693617,1.5699019455426146,1.6417313855229134,1.9153876409414086,2.2543829421662593,2.406935871962835,2.4791632232873564,nan,1.4196,1.5307992167000002,1.6040582829195733,1.6753781440762052,1.9479887997851622,2.2862451419980667,2.439276606181031,2.512232682617242,nan,425.6,440.06733927881214,450.6358531298549,459.412040699635,487.1793808269431,497.16792396510573,476.7829937952192,454.3454944081987,nan,425.6,447.78084386976184,456.7058335286317,464.7884839718527,491.46178125223025,500.5918870837886,479.9028690350667,457.34889454172765,nan,0.0,0.0004148515756715314,0.0008840695958677534,0.0014009112588617215,0.004022745516009011,0.020372150112972026,0.024621348535686243,0.026228215499312826,nan,0.0,0.0006332068992394159,0.001143682701984504,0.0016982102993609964,0.0044560725858358045,0.0215682469717413,0.02592607392429925,0.027586710254900275,nan,283.19948328909004,288.0242387016132,288.4770793625453,278.6291554405682,181.1102036668948,62.16151305414091,33.80179898193703,15.384558231011162,nan,132.0841110895427,294.18915219080594,294.5419973409132,284.0874385131459,184.60243531496116,63.27044382507842,34.67822762552956,15.985736679881212,nan
mac_p001_h0_v0,15,3,mac_shift_grid,mac_base_m_plus_h_plus_v,default,0|5|10|15|35|75|125|175|225,0|5|10|15|35|75|125|175|225,7.0,0.9,0.005,1.5,1.5,10000.0,0.0,one_sided_huber,additive_removal_premium_v1,0.015,2,0,1,1,1,True,5.0,5.0,_FIXEDLEARN_GRID5,7.671869086664538,7.634352230490114,0.03751685617442391,1,0.0,0.0,MAC_base(m+h)+v,1.0,7.0,0.9,0.005,0.0,0.6273845568117377,0.6401943408403169,0.6558874650776143,0.6833066183314962,0.6914890118395924,0.6836099354242375,0.688816466517824,nan,0.0,1.1102230246251565e-16,0.0,0.0,0.4092121345684492,0.5315074371805537,0.5460311503882376,0.561581019149295,nan,1.4196,1.4610345454128582,1.5004634160696548,1.536355497087184,1.6681619657132336,1.82752039874212,1.9043154383580545,1.935509837911419,nan,1.4196,1.5307992167000002,1.6443419239000001,1.7588945192,1.883289491638644,2.0390517549360716,2.1150886849418598,2.146452937290566,nan,425.6,432.4972837664918,436.79538759900686,439.6963129164864,447.34460188289717,441.404324940909,421.047586218332,399.8309163122432,nan,425.6,447.78084386976184,465.54753150983714,481.5023071324044,476.92450580374646,464.7370077461254,441.4521649289113,418.83812482375885,nan,0.0,0.00022255353335432572,0.00042462003042431965,0.0006086743004166926,0.0013891881390219872,0.006757839170909068,0.007857947758610137,0.00822054091958824,nan,0.0,0.0006332068992394159,0.0014976455049262696,0.002605083858391802,0.003735764265567267,0.013930461006873009,0.015225533259033256,0.015624204980205152,nan,204.07622088614696,210.27677114297614,212.90149348167006,203.61709572076734,124.996547428664,36.31144056143681,13.546146017488825,4.611074245053745,nan,0.0,0.0,0.0,235.0590118360921,143.41719072358896,43.5398113435518,17.454861664359484,6.319812229383862,nan
mac_p078_h0p35_v0,15,234,mac_shift_grid,mac_base_m_plus_h_plus_v,default,0|5|10|15|35|75|125|175|225,0|5|10|15|35|75|125|175|225,7.0,0.9,0.005,1.5,1.5,10000.0,0.0,one_sided_huber,additive_removal_premium_v1,0.015,2,0,1,1,1,True,5.0,5.0,_FIXEDLEARN_GRID5,7.563441503368712,7.542190558851927,0.021250944516784998,78,0.35,0.0,MAC_base(m+h)+v,1.0,7.0,0.9,0.005,0.0,0.37336208864501064,0.3864601352683527,0.400098709974062,0.42381245375418614,0.4250981778549952,0.4132117401227656,0.41930260997708513,nan,0.0,1.1102230246251565e-16,0.0,0.0,0.25308860743391737,0.3222816981595353,0.3227981720270372,0.3340894887678427,nan,1.4196,1.489281644897199,1.557488129589136,1.6231432197668108,1.8718301930018124,2.179748550705844,2.3185704812353403,2.3823356981582253,nan,1.4196,1.5307992167000002,1.6443419239000001,1.7588945192,2.005825588206847,2.3156948897478307,2.457085741984126,2.523610164255592,nan,425.6,438.68546232086476,448.1668158887443,455.9446797794509,480.1640616179121,487.4300689991872,466.9702678815214,444.57474081920265,nan,425.6,447.78084386976184,465.54753150983714,481.5023071324044,498.71061601713325,502.62257724206904,480.60729863673134,457.5519528965755,nan,0.0,0.00037816100981883803,0.0007979151551873173,0.0012534842014982543,0.003521024664772926,0.018142610574531485,0.02175695292325253,0.023039281335439418,nan,0.0,0.0006332068992394159,0.0014976455049262696,0.002605083858391802,0.005399862167775979,0.023468675293293766,0.0274897083253691,0.028997898086796287,nan,269.94134646999294,275.2939924638928,276.57013408423427,267.9898524037893,172.856794353196,56.82259512038189,30.7921613116332,13.59678676517263,nan,78.15927274549462,72.47056750251845,67.19590612413708,287.68401012650855,184.48256661512173,60.78534173906536,34.34274465410551,15.904444154414566,nan
mac_p078_h0p35_v0,10,233,mac_shift_grid,mac_base_m_plus_h_plus_v,default,0|5|10|15|35|75|125|175|225,0|5|10|15|35|75|125|175|225,7.0,0.9,0.005,1.5,1.5,10000.0,0.0,one_sided_huber,additive_removal_premium_v1,0.015,2,0,1,1,1,True,5.0,5.0,_FIXEDLEARN_GRID5,7.563441503368712,7.551106684551708,0.01233481881700449,78,0.35,0.0,MAC_base(m+h)+v,1.0,7.0,0.9,0.005,0.0,0.37336208864501064,0.3864601352683527,0.400098709974062,0.42381245375418614,0.4250981778549952,0.4132117401227656,0.41930260997708513,nan,0.0,1.1102230246251565e-16,0.0,0.14640269113030047,0.31555110740036774,0.35954345600538257,0.3555227556331291,0.36495162019006455,nan,1.4196,1.489281644897199,1.557488129589136,1.6231432197668108,1.8718301930018124,2.179748550705844,2.3185704812353403,2.3823356981582253,nan,1.4196,1.5307992167000002,1.6443419239000001,1.7092208885033588,1.9568008763760354,2.2664265275123587,2.4069510738523032,2.472443969690379,nan,425.6,438.68546232086476,448.1668158887443,455.9446797794509,480.1640616179121,487.4300689991872,466.9702678815214,444.57474081920265,nan,425.6,447.78084386976184,465.54753150983714,470.59957069780666,491.65925557803496,497.02938634402835,475.6341738235835,452.82516381934994,nan,0.0,0.00037816100981883803,0.0007979151551873173,0.0012534842014982543,0.003521024664772926,0.018142610574531485,0.02175695292325253,0.023039281335439418,nan,0.0,0.0006332068992394159,0.0014976455049262696,0.002047014254149873,0.004648161488501714,0.021376526998353726,0.025245352226169915,0.02667255029783991,nan,269.94134646999294,275.2939924638928,276.57013408423427,267.9898524037893,172.856794353196,56.82259512038189,30.7921613116332,13.59678676517263,nan,78.15927274549462,72.47056750251845,290.0720451338291,280.21128897443793,179.72079744639186,59.176964724636456,32.9732260628883,14.985157009795627,nan
mac_p001_h0_v0,10,2,mac_shift_grid,mac_base_m_plus_h_plus_v,default,0|5|10|15|35|75|125|175|225,0|5|10|15|35|75|125|175|225,7.0,0.9,0.005,1.5,1.5,10000.0,0.0,one_sided_huber,additive_removal_premium_v1,0.015,2,0,1,1,1,True,5.0,5.0,_FIXEDLEARN_GRID5,7.671869086664538,7.649111367169472,0.022757719495065665,1,0.0,0.0,MAC_base(m+h)+v,1.0,7.0,0.9,0.005,0.0,0.6273845568117377,0.6401943408403169,0.6558874650776143,0.6833066183314962,0.6914890118395924,0.6836099354242375,0.688816466517824,nan,0.0,1.1102230246251565e-16,0.0,0.2380946099384998,0.5098668776224113,0.5912467530379675,0.5976939994029224,0.6095545185707829,nan,1.4196,1.4610345454128582,1.5004634160696548,1.536355497087184,1.6681619657132336,1.82752039874212,1.9043154383580545,1.935509837911419,nan,1.4196,1.5307992167000002,1.6443419239000001,1.6781103229968053,1.80428897492421,1.9600630430900379,2.0359402434743417,2.066917879526975,nan,425.6,432.4972837664918,436.79538759900686,439.6963129164864,447.34460188289717,441.404324940909,421.047586218332,399.8309163122432,nan,425.6,447.78084386976184,465.54753150983714,463.77119332147424,465.58637710064687,455.7898590632125,433.6683774971395,411.583653362439,nan,0.0,0.00022255353335432572,0.00042462003042431965,0.0006086743004166926,0.0013891881390219872,0.006757839170909068,0.007857947758610137,0.00822054091958824,nan,0.0,0.0006332068992394159,0.0014976455049262696,0.0017494598655319578,0.002751267882310262,0.01111189968326352,0.012320792311648777,0.012691471286936554,nan,204.07622088614696,210.27677114297614,212.90149348167006,203.61709572076734,124.996547428664,36.31144056143681,13.546146017488825,4.611074245053745,nan,0.0,0.0,234.87525982506628,223.8641193251611,136.86863968914938,40.87845918813236,15.947611400715376,5.657330106137569,nan
