Constraint Cost;Delta Consumption (First Period);Delta Consumption (First Period) %;Delta Consumption $b;Delta Consumption (First 5 Years);Delta Consumption (First 5 Years) %;Delta Consumption First 5 Years Annual $b;Delta Consumption First 5 Years Total $b;Delta Emission Gton;Deadweight Cost;Marginal Impact Utility;Year 0 Consumption (Delayed)
0.000333286162170765;0.0006870388286089843;0.07170784548897872;57.33080763310948;0.0006870388286089843;0.07170784548897872;57.33080763310948;286.6540381655474;41.41052395050644;1.3844501871464088;0.004823500041933215;0.9581083128687503
