sample_index,delay_year,task_id,run_type,comparison_type,tree_spec,decision_times,scenario,node,period,calendar_year,node_probability,price,mitigation,average_mitigation,ghg_level,consumption,utility,marginal_utility,damage,climate_damage,ra,eis,pref,tech_chg,tech_scale,bs_premium,backstop_smoothing_width,backstop_smoothing_mode,cost_formulation,growth
prefs_ra7_eis0p9_prtp0p005,15,3,delay_frontier,fixed_learning_grid,default,0|5|10|15|35|75|125|175|225,optimal,0,0,2025,1.0,204.09310913665865,0.6274120832560213,0.0,425.6,0.9752112688009675,7.671869091150718,0.24486863635323472,0.0,0.0,7.0,0.9,0.005,1.5,1.5,10000.0,0.0,one_sided_huber,additive_removal_premium_v1,0.015
prefs_ra7_eis0p9_prtp0p005,15,3,delay_frontier,fixed_learning_grid,default,0|5|10|15|35|75|125|175|225,optimal,1,1,2030,0.5,267.7421087945362,0.7473057202920123,0.6274120832560224,432.49661320158697,1.0374525646414718,8.075945541240158,0.24201775601576525,0.00030055166774595914,0.0002916104574790492,7.0,0.9,0.005,1.5,1.5,10000.0,0.0,one_sided_huber,additive_removal_premium_v1,0.015
prefs_ra7_eis0p9_prtp0p005,15,3,delay_frontier,fixed_learning_grid,default,0|5|10|15|35|75|125|175|225,optimal,2,1,2030,0.5,152.83139994457434,0.5582032688254519,0.6274120832560224,432.49661320158697,1.0587797488247703,8.204289552911797,0.24078884505153053,0.0001445231472846518,0.00013558193701774187,7.0,0.9,0.005,1.5,1.5,10000.0,0.0,one_sided_huber,additive_removal_premium_v1,0.015
prefs_ra7_eis0p9_prtp0p005,15,3,delay_frontier,fixed_learning_grid,default,0|5|10|15|35|75|125|175|225,optimal,3,2,2035,0.25,346.83237676958737,0.8901168902566586,0.6879839956473103,434.4381568685936,1.098265776605114,8.52710101587621,0.24131836146048158,0.0006850712446460884,0.000676957215146063,7.0,0.9,0.005,1.5,1.5,10000.0,0.0,one_sided_huber,additive_removal_premium_v1,0.015
prefs_ra7_eis0p9_prtp0p005,15,3,delay_frontier,fixed_learning_grid,default,0|5|10|15|35|75|125|175|225,optimal,4,2,2035,0.25,193.73138164934355,0.6787558305629571,0.6879839956473103,434.4381568685936,1.1312820715736944,8.60224220483342,0.23579319210116875,0.00034752466026463907,0.00033941063076461367,7.0,0.9,0.005,1.5,1.5,10000.0,0.0,one_sided_huber,additive_removal_premium_v1,0.015
prefs_ra7_eis0p9_prtp0p005,15,3,delay_frontier,fixed_learning_grid,default,0|5|10|15|35|75|125|175|225,optimal,5,2,2035,0.25,206.72153109437778,0.6986810995961992,0.592446839494711,439.1507870801518,1.1285956724799333,8.68138309538723,0.23883484167347896,0.0004651643430820283,0.00045875366664822263,7.0,0.9,0.005,1.5,1.5,10000.0,0.0,one_sided_huber,additive_removal_premium_v1,0.015
prefs_ra7_eis0p9_prtp0p005,15,3,delay_frontier,fixed_learning_grid,default,0|5|10|15|35|75|125|175|225,optimal,6,2,2035,0.25,104.32643776987604,0.4791413775204152,0.592446839494711,439.1507870801518,1.1483145582508019,8.716703801040016,0.235341575957832,0.00020059858254236655,0.0001941879061085609,7.0,0.9,0.005,1.5,1.5,10000.0,0.0,one_sided_huber,additive_removal_premium_v1,0.015
prefs_ra7_eis0p9_prtp0p005,15,3,delay_frontier,fixed_learning_grid,default,0|5|10|15|35|75|125|175|225,optimal,7,3,2040,0.125,401.3264950917473,1.0,0.7562280914482018,432.65502713719826,1.1671010373949415,9.037546177893164,0.24060824084216167,0.0010578998477426022,0.001049029177730066,7.0,0.9,0.005,1.5,1.5,10000.0,0.0,one_sided_huber,additive_removal_premium_v1,0.015
prefs_ra7_eis0p9_prtp0p005,15,3,delay_frontier,fixed_learning_grid,default,0|5|10|15|35|75|125|175|225,optimal,8,3,2040,0.125,244.05310982436663,0.8105733053538686,0.7562280914482018,432.65502713719826,1.205475679532872,9.045997130167173,0.23235413586068177,0.0005844476918073432,0.000575577021794807,7.0,0.9,0.005,1.5,1.5,10000.0,0.0,one_sided_huber,additive_removal_premium_v1,0.015
prefs_ra7_eis0p9_prtp0p005,15,3,delay_frontier,fixed_learning_grid,default,0|5|10|15|35|75|125|175|225,optimal,9,3,2040,0.125,255.89514954753406,0.824008766311497,0.684868383102899,437.96924702026143,1.2026375884446776,9.114018930729177,0.2349107044599168,0.0007715690419098956,0.0007647682340631334,7.0,0.9,0.005,1.5,1.5,10000.0,0.0,one_sided_huber,additive_removal_premium_v1,0.015
prefs_ra7_eis0p9_prtp0p005,15,3,delay_frontier,fixed_learning_grid,default,0|5|10|15|35|75|125|175|225,optimal,10,3,2040,0.125,259.16563357412593,0.8254900465281916,0.628313644042849,441.31908219160687,1.2017953758504405,9.11668453029058,0.23517002697478095,0.0009324560002169673,0.0009267039825241852,7.0,0.9,0.005,1.5,1.5,10000.0,0.0,one_sided_huber,additive_removal_premium_v1,0.015
prefs_ra7_eis0p9_prtp0p005,15,3,delay_frontier,fixed_learning_grid,default,0|5|10|15|35|75|125|175|225,optimal,11,3,2040,0.125,130.03135038767752,0.5883158099790791,0.684868383102899,437.96924702026143,1.2309677294301562,9.202224417869772,0.23137425282306814,0.0003424673302498653,0.00033566652240310307,7.0,0.9,0.005,1.5,1.5,10000.0,0.0,one_sided_huber,additive_removal_premium_v1,0.015
prefs_ra7_eis0p9_prtp0p005,15,3,delay_frontier,fixed_learning_grid,default,0|5|10|15|35|75|125|175|225,optimal,12,3,2040,0.125,132.07711722632345,0.5905496546031997,0.628313644042849,441.31908219160687,1.2305208181852543,9.202998370636932,0.2314892549061952,0.00042134901113454983,0.0004155969934417678,7.0,0.9,0.005,1.5,1.5,10000.0,0.0,one_sided_huber,additive_removal_premium_v1,0.015
prefs_ra7_eis0p9_prtp0p005,15,3,delay_frontier,fixed_learning_grid,default,0|5|10|15|35|75|125|175|225,optimal,13,3,2040,0.125,138.91806197317788,0.6032653814195363,0.5541926561927693,446.83893697407257,1.22907273729965,9.223110688055684,0.23235523117102558,0.0005327848194851531,0.0005284200763350763,7.0,0.9,0.005,1.5,1.5,10000.0,0.0,one_sided_huber,additive_removal_premium_v1,0.015
prefs_ra7_eis0p9_prtp0p005,15,3,delay_frontier,fixed_learning_grid,default,0|5|10|15|35|75|125|175|225,optimal,14,3,2040,0.125,67.62527937938225,0.39160262534054036,0.5541926561927693,446.83893697407257,1.2428388677152666,9.249279323085862,0.23022099991594241,0.000226136732065154,0.0002217719889150772,7.0,0.9,0.005,1.5,1.5,10000.0,0.0,one_sided_huber,additive_removal_premium_v1,0.015
prefs_ra7_eis0p9_prtp0p005,15,3,delay_frontier,fixed_learning_grid,default,0|5|10|15|35|75|125|175|225,optimal,15,4,2060,0.0625,220.70211986217456,1.0,0.8946183935971981,419.06104376852625,1.621074498636006,11.375045827277587,0.21565719388519636,0.001323878701755398,0.0013063745015269603,7.0,0.9,0.005,1.5,1.5,10000.0,0.0,one_sided_huber,additive_removal_premium_v1,0.015
prefs_ra7_eis0p9_prtp0p005,15,3,delay_frontier,fixed_learning_grid,default,0|5|10|15|35|75|125|175|225,optimal,16,4,2060,0.0625,206.499530695184,0.9740097105459415,0.8946183935971981,419.06104376852625,1.6266051359507185,11.396115005691705,0.2152848147526877,0.0008162318938280751,0.0007987276935996373,7.0,0.9,0.005,1.5,1.5,10000.0,0.0,one_sided_huber,additive_removal_premium_v1,0.015
prefs_ra7_eis0p9_prtp0p005,15,3,delay_frontier,fixed_learning_grid,default,0|5|10|15|35|75|125|175|225,optimal,17,4,2060,0.0625,218.66608629063631,0.9769238953565612,0.7870800900129136,434.0673748260423,1.6216771828446952,11.348455196058424,0.21500830669115512,0.001762421953187269,0.0017541560950745836,7.0,0.9,0.005,1.5,1.5,10000.0,0.0,one_sided_huber,additive_removal_premium_v1,0.015
prefs_ra7_eis0p9_prtp0p005,15,3,delay_frontier,fixed_learning_grid,default,0|5|10|15|35|75|125|175|225,optimal,18,4,2060,0.0625,219.7652539128877,0.9746950562181964,0.7638589435319465,436.4962360482387,1.6210762828557865,11.349662278494437,0.2151222842842346,0.0019949820070804826,0.001987661413353468,7.0,0.9,0.005,1.5,1.5,10000.0,0.0,one_sided_huber,additive_removal_premium_v1,0.015
prefs_ra7_eis0p9_prtp0p005,15,3,delay_frontier,fixed_learning_grid,default,0|5|10|15|35|75|125|175|225,optimal,19,4,2060,0.0625,229.70761308383734,0.9877011348479704,0.7402514882296842,439.022140865258,1.6175516909433125,11.423621884635457,0.2172051050484266,0.002231503389027761,0.0022250513444934963,7.0,0.9,0.005,1.5,1.5,10000.0,0.0,one_sided_huber,additive_removal_premium_v1,0.015
prefs_ra7_eis0p9_prtp0p005,15,3,delay_frontier,fixed_learning_grid,default,0|5|10|15|35|75|125|175|225,optimal,20,4,2060,0.0625,101.75674307332083,0.6936357023959059,0.7870800900129136,434.0673748260423,1.6601139456270413,11.47512260626425,0.21208383462623084,0.000865324587864979,0.0008570587297522935,7.0,0.9,0.005,1.5,1.5,10000.0,0.0,one_sided_huber,additive_removal_premium_v1,0.015
prefs_ra7_eis0p9_prtp0p005,15,3,delay_frontier,fixed_learning_grid,default,0|5|10|15|35|75|125|175|225,optimal,21,4,2060,0.0625,101.47789530278179,0.6889617779317665,0.7638589435319465,436.4962360482387,1.6600616454806587,11.47631776720819,0.2121158031048072,0.0009955813317582107,0.0009882607380311964,7.0,0.9,0.005,1.5,1.5,10000.0,0.0,one_sided_huber,additive_removal_premium_v1,0.015
prefs_ra7_eis0p9_prtp0p005,15,3,delay_frontier,fixed_learning_grid,default,0|5|10|15|35|75|125|175|225,optimal,22,4,2060,0.0625,101.03735919962003,0.6836858804468432,0.7402514882296842,439.022140865258,1.6600539741530915,11.43134549549834,0.21119351249919463,0.0011280974777849644,0.0011216454332506997,7.0,0.9,0.005,1.5,1.5,10000.0,0.0,one_sided_huber,additive_removal_premium_v1,0.015
prefs_ra7_eis0p9_prtp0p005,15,3,delay_frontier,fixed_learning_grid,default,0|5|10|15|35|75|125|175|225,optimal,23,4,2060,0.0625,117.32259707773775,0.7180496427334193,0.6300550953567877,455.16776773101554,1.6544850588703546,11.548510776215789,0.21439901555127153,0.0018333125558571345,0.001830434487691254,7.0,0.9,0.005,1.5,1.5,10000.0,0.0,one_sided_huber,additive_removal_premium_v1,0.015
prefs_ra7_eis0p9_prtp0p005,15,3,delay_frontier,fixed_learning_grid,default,0|5|10|15|35|75|125|175|225,optimal,24,4,2060,0.0625,118.49729243120966,0.7177933942924172,0.6068748739238791,457.6340546010446,1.6539641973716013,11.530235450927403,0.21409695705938286,0.0019925059132157204,0.0019899617411381705,7.0,0.9,0.005,1.5,1.5,10000.0,0.0,one_sided_huber,additive_removal_premium_v1,0.015
prefs_ra7_eis0p9_prtp0p005,15,3,delay_frontier,fixed_learning_grid,default,0|5|10|15|35|75|125|175|225,optimal,25,4,2060,0.0625,121.97176440714722,0.7239481222204328,0.5820514415292426,460.2551036743258,1.652711347742117,11.525705247029475,0.21418375408588922,0.002183728826754506,0.0021814971501522276,7.0,0.9,0.005,1.5,1.5,10000.0,0.0,one_sided_huber,additive_removal_premium_v1,0.015
prefs_ra7_eis0p9_prtp0p005,15,3,delay_frontier,fixed_learning_grid,default,0|5|10|15|35|75|125|175|225,optimal,26,4,2060,0.0625,51.081369006520404,0.45270907830557455,0.6300550953567877,455.16776773101554,1.6743055985295598,11.55591452611209,0.21173152082377242,0.0008533241139801799,0.0008504460458142995,7.0,0.9,0.005,1.5,1.5,10000.0,0.0,one_sided_huber,additive_removal_premium_v1,0.015
prefs_ra7_eis0p9_prtp0p005,15,3,delay_frontier,fixed_learning_grid,default,0|5|10|15|35|75|125|175|225,optimal,27,4,2060,0.0625,51.706161480820526,0.4531222437995593,0.6068748739238791,457.6340546010446,1.6740610796139779,11.559251847380272,0.21183383741900336,0.0009362416886464384,0.0009336975165688884,7.0,0.9,0.005,1.5,1.5,10000.0,0.0,one_sided_huber,additive_removal_premium_v1,0.015
prefs_ra7_eis0p9_prtp0p005,15,3,delay_frontier,fixed_learning_grid,default,0|5|10|15|35|75|125|175|225,optimal,28,4,2060,0.0625,53.169970785689266,0.45777791677559027,0.5820514415292426,460.2551036743258,1.673586955461737,11.582416272367366,0.21237239651536993,0.00103833884326154,0.0010361071666592618,7.0,0.9,0.005,1.5,1.5,10000.0,0.0,one_sided_huber,additive_removal_premium_v1,0.015
prefs_ra7_eis0p9_prtp0p005,15,3,delay_frontier,fixed_learning_grid,default,0|5|10|15|35|75|125|175|225,optimal,29,4,2060,0.0625,59.70372859784098,0.4751258219826474,0.46188963559565455,477.0229694505898,1.6713325266509247,11.57590403598009,0.21255784598940933,0.001585526197014114,0.0015845612083063923,7.0,0.9,0.005,1.5,1.5,10000.0,0.0,one_sided_huber,additive_removal_premium_v1,0.015
prefs_ra7_eis0p9_prtp0p005,15,3,delay_frontier,fixed_learning_grid,default,0|5|10|15|35|75|125|175|225,optimal,30,4,2060,0.0625,26.81090885446114,0.2766617959420747,0.46188963559565455,477.0229694505898,1.6799157105023834,11.606261148986535,0.21196742980292765,0.0006830864312106571,0.0006821214425029354,7.0,0.9,0.005,1.5,1.5,10000.0,0.0,one_sided_huber,additive_removal_premium_v1,0.015
prefs_ra7_eis0p9_prtp0p005,15,3,delay_frontier,fixed_learning_grid,default,0|5|10|15|35|75|125|175|225,optimal,31,5,2100,0.03125,66.50502426776593,1.0,0.9374459093418835,397.7747952643578,2.991882705652416,17.459057988887544,0.17570855563909105,0.00978074615520277,0.009730005876182292,7.0,0.9,0.005,1.5,1.5,10000.0,0.0,one_sided_huber,additive_removal_premium_v1,0.015
prefs_ra7_eis0p9_prtp0p005,15,3,delay_frontier,fixed_learning_grid,default,0|5|10|15|35|75|125|175|225,optimal,32,5,2100,0.03125,66.50502426776593,1.0,0.9374459093418835,397.7747952643578,3.0034247055569954,17.369767479161137,0.17396452664519815,0.005960706515347779,0.005909966236327301,7.0,0.9,0.005,1.5,1.5,10000.0,0.0,one_sided_huber,additive_removal_premium_v1,0.015
prefs_ra7_eis0p9_prtp0p005,15,3,delay_frontier,fixed_learning_grid,default,0|5|10|15|35|75|125|175|225,optimal,33,5,2100,0.03125,67.26898040813371,1.0,0.9268833494341516,399.86811684176155,3.0000465370320435,17.457347673379072,0.17515829735443542,0.0069535907441428246,0.006907892539261745,7.0,0.9,0.005,1.5,1.5,10000.0,0.0,one_sided_huber,additive_removal_premium_v1,0.015
prefs_ra7_eis0p9_prtp0p005,15,3,delay_frontier,fixed_learning_grid,default,0|5|10|15|35|75|125|175|225,optimal,34,5,2100,0.03125,71.98133398701279,1.0,0.8642333887708447,409.8187496317222,2.979726372551331,17.430832626973057,0.17618819323089788,0.012912135247227879,0.012884348886204692,7.0,0.9,0.005,1.5,1.5,10000.0,0.0,one_sided_huber,additive_removal_premium_v1,0.015
prefs_ra7_eis0p9_prtp0p005,15,3,delay_frontier,fixed_learning_grid,default,0|5|10|15|35|75|125|175|225,optimal,35,5,2100,0.03125,73.13251270506431,1.0,0.8495436018308976,412.02245570237415,2.9749086681967154,17.419244970450155,0.17637488239299545,0.014320681760123131,0.014295794329416932,7.0,0.9,0.005,1.5,1.5,10000.0,0.0,one_sided_huber,additive_removal_premium_v1,0.015
prefs_ra7_eis0p9_prtp0p005,15,3,delay_frontier,fixed_learning_grid,default,0|5|10|15|35|75|125|175|225,optimal,36,5,2100,0.03125,73.82503033841637,1.0,0.8408160364303818,413.0242248053039,2.972041378324044,17.32823476197371,0.17553926377960263,0.015158040534757528,0.015134368943552162,7.0,0.9,0.005,1.5,1.5,10000.0,0.0,one_sided_huber,additive_removal_premium_v1,0.015
prefs_ra7_eis0p9_prtp0p005,15,3,delay_frontier,fixed_learning_grid,default,0|5|10|15|35|75|125|175|225,optimal,37,5,2100,0.03125,36.19284397122039,0.7659391126620813,0.9268833494341516,399.86811684176155,3.030781157983759,17.246604823662995,0.17086439137135537,0.002769459762875755,0.002723761557994675,7.0,0.9,0.005,1.5,1.5,10000.0,0.0,one_sided_huber,additive_removal_premium_v1,0.015
prefs_ra7_eis0p9_prtp0p005,15,3,delay_frontier,fixed_learning_grid,default,0|5|10|15|35|75|125|175|225,optimal,38,5,2100,0.03125,42.291995357311954,0.7979367826145859,0.8642333887708447,409.8187496317222,3.020357094139287,17.467448632507065,0.17396182354366088,0.005193435300825079,0.005165648939801891,7.0,0.9,0.005,1.5,1.5,10000.0,0.0,one_sided_huber,additive_removal_premium_v1,0.015
prefs_ra7_eis0p9_prtp0p005,15,3,delay_frontier,fixed_learning_grid,default,0|5|10|15|35|75|125|175|225,optimal,39,5,2100,0.03125,42.81281495638512,0.7966093803892208,0.8495436018308976,412.02245570237415,3.01836325483365,17.53582516883576,0.17484686979297248,0.005782135173077576,0.005757247742371376,7.0,0.9,0.005,1.5,1.5,10000.0,0.0,one_sided_huber,additive_removal_premium_v1,0.015
prefs_ra7_eis0p9_prtp0p005,15,3,delay_frontier,fixed_learning_grid,default,0|5|10|15|35|75|125|175|225,optimal,40,5,2100,0.03125,41.80003025612429,0.7844335680728536,0.8408160364303818,413.0242248053039,3.017916092255314,17.49307797699004,0.1744020580581365,0.006132402800382601,0.0061087312091772355,7.0,0.9,0.005,1.5,1.5,10000.0,0.0,one_sided_huber,additive_removal_premium_v1,0.015
prefs_ra7_eis0p9_prtp0p005,15,3,delay_frontier,fixed_learning_grid,default,0|5|10|15|35|75|125|175|225,optimal,41,5,2100,0.03125,48.213350849255974,0.8004222741304226,0.7491039087937449,432.63547462420416,3.0033253470946932,17.42172637042519,0.17454924657946838,0.00994646828312814,0.00993758893675765,7.0,0.9,0.005,1.5,1.5,10000.0,0.0,one_sided_huber,additive_removal_premium_v1,0.015
prefs_ra7_eis0p9_prtp0p005,15,3,delay_frontier,fixed_learning_grid,default,0|5|10|15|35|75|125|175|225,optimal,42,5,2100,0.03125,49.630374519560974,0.8048460002624396,0.7334204291795144,435.0361138563773,3.0005975209679763,17.578657924555493,0.17647521272190553,0.010618790442696204,0.010610915412728836,7.0,0.9,0.005,1.5,1.5,10000.0,0.0,one_sided_huber,additive_removal_premium_v1,0.015
prefs_ra7_eis0p9_prtp0p005,15,3,delay_frontier,fixed_learning_grid,default,0|5|10|15|35|75|125|175|225,optimal,43,5,2100,0.03125,49.13422512673611,0.7947827255879143,0.7172629939314713,437.5103580983825,2.9988811727104543,17.52402537690073,0.17597775224009543,0.011311548504000691,0.011304589852578662,7.0,0.9,0.005,1.5,1.5,10000.0,0.0,one_sided_huber,additive_removal_premium_v1,0.015
prefs_ra7_eis0p9_prtp0p005,15,3,delay_frontier,fixed_learning_grid,default,0|5|10|15|35|75|125|175|225,optimal,44,5,2100,0.03125,52.0532339194581,0.795618648220546,0.6658164392180153,445.36636070675695,2.99052905845775,17.487987267053597,0.17612061566859208,0.01364675949687243,0.013642061257558956,7.0,0.9,0.005,1.5,1.5,10000.0,0.0,one_sided_huber,additive_removal_premium_v1,0.015
prefs_ra7_eis0p9_prtp0p005,15,3,delay_frontier,fixed_learning_grid,default,0|5|10|15|35|75|125|175|225,optimal,45,5,2100,0.03125,53.308724086564794,0.7988778862760476,0.6519526141445338,447.39584522724465,2.9879686364401725,17.459691381316368,0.17597140980244624,0.014293730789755437,0.014289485907629183,7.0,0.9,0.005,1.5,1.5,10000.0,0.0,one_sided_huber,additive_removal_premium_v1,0.015
prefs_ra7_eis0p9_prtp0p005,15,3,delay_frontier,fixed_learning_grid,default,0|5|10|15|35|75|125|175|225,optimal,46,5,2100,0.03125,54.83958161150023,0.8044306476897799,0.6397188327738972,449.06929841075896,2.985475230179181,17.38521281947112,0.17530008452162862,0.014864693552147241,0.014860789395731475,7.0,0.9,0.005,1.5,1.5,10000.0,0.0,one_sided_huber,additive_removal_premium_v1,0.015
prefs_ra7_eis0p9_prtp0p005,15,3,delay_frontier,fixed_learning_grid,default,0|5|10|15|35|75|125|175|225,optimal,47,5,2100,0.03125,16.693372119039854,0.4527181067591156,0.7491039087937449,432.63547462420416,3.042293147617968,17.651584698647728,0.1745911555644536,0.002449207759800668,0.0024403284134301767,7.0,0.9,0.005,1.5,1.5,10000.0,0.0,one_sided_huber,additive_removal_premium_v1,0.015
prefs_ra7_eis0p9_prtp0p005,15,3,delay_frontier,fixed_learning_grid,default,0|5|10|15|35|75|125|175|225,optimal,48,5,2100,0.03125,17.670715640543463,0.46406083956224453,0.7334204291795144,435.0361138563773,3.041285341062015,17.631352228129902,0.174433018580001,0.002653795865348486,0.002645920835381119,7.0,0.9,0.005,1.5,1.5,10000.0,0.0,one_sided_huber,additive_removal_premium_v1,0.015
prefs_ra7_eis0p9_prtp0p005,15,3,delay_frontier,fixed_learning_grid,default,0|5|10|15|35|75|125|175|225,optimal,49,5,2100,0.03125,18.564500875997947,0.4732301594620432,0.7172629939314713,437.5103580983825,3.040293700153504,17.61920441643803,0.17436265608547724,0.002864684923279542,0.0028577262718575127,7.0,0.9,0.005,1.5,1.5,10000.0,0.0,one_sided_huber,additive_removal_premium_v1,0.015
prefs_ra7_eis0p9_prtp0p005,15,3,delay_frontier,fixed_learning_grid,default,0|5|10|15|35|75|125|175|225,optimal,50,5,2100,0.03125,19.957362360839433,0.4781304979632458,0.6658164392180153,445.36636070675695,3.0374585536045253,17.597591843456712,0.17430562119919196,0.0036421353805022737,0.0036374371411888,7.0,0.9,0.005,1.5,1.5,10000.0,0.0,one_sided_huber,additive_removal_premium_v1,0.015
prefs_ra7_eis0p9_prtp0p005,15,3,delay_frontier,fixed_learning_grid,default,0|5|10|15|35|75|125|175|225,optimal,51,5,2100,0.03125,19.80460021699013,0.47158848484668964,0.6519526141445338,447.39584522724465,3.036886332678582,17.565910229681887,0.17399339931186328,0.0038661296365083138,0.0038618847543820597,7.0,0.9,0.005,1.5,1.5,10000.0,0.0,one_sided_huber,additive_removal_premium_v1,0.015
prefs_ra7_eis0p9_prtp0p005,15,3,delay_frontier,fixed_learning_grid,default,0|5|10|15|35|75|125|175|225,optimal,52,5,2100,0.03125,20.266620951725592,0.4744437568438834,0.6397188327738972,449.06929841075896,3.036117108095809,17.64325384921033,0.1748940527953937,0.004063847023505822,0.0040599428670900556,7.0,0.9,0.005,1.5,1.5,10000.0,0.0,one_sided_huber,additive_removal_premium_v1,0.015
prefs_ra7_eis0p9_prtp0p005,15,3,delay_frontier,fixed_learning_grid,default,0|5|10|15|35|75|125|175|225,optimal,53,5,2100,0.03125,24.455845138922303,0.503831041270935,0.5579809488640257,466.7375397334132,3.030145627834368,17.615303051174727,0.17496854928006317,0.005496552423545596,0.005494938558490401,7.0,0.9,0.005,1.5,1.5,10000.0,0.0,one_sided_huber,additive_removal_premium_v1,0.015
prefs_ra7_eis0p9_prtp0p005,15,3,delay_frontier,fixed_learning_grid,default,0|5|10|15|35|75|125|175|225,optimal,54,5,2100,0.03125,24.39266662171304,0.4987070828359531,0.5443891763509385,468.7131080158074,3.0294458783235205,17.595457436649948,0.17479438848156964,0.0057525766803578175,0.005751114609692132,7.0,0.9,0.005,1.5,1.5,10000.0,0.0,one_sided_huber,additive_removal_premium_v1,0.015
prefs_ra7_eis0p9_prtp0p005,15,3,delay_frontier,fixed_learning_grid,default,0|5|10|15|35|75|125|175|225,optimal,55,5,2100,0.03125,24.420827488205862,0.49495609391928175,0.5315461729182198,470.5072987571796,3.0287445363357546,17.591044370481423,0.17479063948433526,0.005994514573986039,0.005993177953659687,7.0,0.9,0.005,1.5,1.5,10000.0,0.0,one_sided_huber,additive_removal_premium_v1,0.015
prefs_ra7_eis0p9_prtp0p005,15,3,delay_frontier,fixed_learning_grid,default,0|5|10|15|35|75|125|175|225,optimal,56,5,2100,0.03125,27.62098816538326,0.5111026007562993,0.46726887586574284,480.4910227003587,3.023538702069998,17.638221115465978,0.17564698270691773,0.007308662346135711,0.007307850984481736,7.0,0.9,0.005,1.5,1.5,10000.0,0.0,one_sided_huber,additive_removal_premium_v1,0.015
prefs_ra7_eis0p9_prtp0p005,15,3,delay_frontier,fixed_learning_grid,default,0|5|10|15|35|75|125|175|225,optimal,57,5,2100,0.03125,9.435819025702436,0.2657242275326494,0.5579809488640257,466.7375397334132,3.0474143780034577,17.655627424508687,0.17430952931299837,0.001782557676509437,0.001780943811454242,7.0,0.9,0.005,1.5,1.5,10000.0,0.0,one_sided_huber,additive_removal_premium_v1,0.015
prefs_ra7_eis0p9_prtp0p005,15,3,delay_frontier,fixed_learning_grid,default,0|5|10|15|35|75|125|175|225,optimal,58,5,2100,0.03125,9.696145891351037,0.2682408581638937,0.5443891763509385,468.7131080158074,3.0470494550865865,17.646360578062808,0.17423105952636303,0.0018815346580272586,0.0018800725873615724,7.0,0.9,0.005,1.5,1.5,10000.0,0.0,one_sided_huber,additive_removal_premium_v1,0.015
prefs_ra7_eis0p9_prtp0p005,15,3,delay_frontier,fixed_learning_grid,default,0|5|10|15|35|75|125|175|225,optimal,59,5,2100,0.03125,10.466399091004458,0.28100311447241333,0.5315461729182198,470.5072987571796,3.0465399472226276,17.643732256262318,0.17423459689405868,0.0019750769914911918,0.001973740371164841,7.0,0.9,0.005,1.5,1.5,10000.0,0.0,one_sided_huber,additive_removal_premium_v1,0.015
prefs_ra7_eis0p9_prtp0p005,15,3,delay_frontier,fixed_learning_grid,default,0|5|10|15|35|75|125|175|225,optimal,60,5,2100,0.03125,11.332509626965482,0.2831761423474099,0.46726887586574284,480.4910227003587,3.044786332229384,17.645574465314656,0.17436632553336445,0.002489974575831311,0.0024891632141773356,7.0,0.9,0.005,1.5,1.5,10000.0,0.0,one_sided_huber,additive_removal_premium_v1,0.015
prefs_ra7_eis0p9_prtp0p005,15,3,delay_frontier,fixed_learning_grid,default,0|5|10|15|35|75|125|175|225,optimal,61,5,2100,0.03125,13.403054304452908,0.30046221533227013,0.3866122841687277,496.47580150720944,3.0420460735870845,17.67521826362321,0.17486668609409087,0.003210709068315159,0.0032103442222969174,7.0,0.9,0.005,1.5,1.5,10000.0,0.0,one_sided_huber,additive_removal_premium_v1,0.015
prefs_ra7_eis0p9_prtp0p005,15,3,delay_frontier,fixed_learning_grid,default,0|5|10|15|35|75|125|175|225,optimal,62,5,2100,0.03125,4.463976533873721,0.12445896592660485,0.3866122841687277,496.47580150720944,3.0506492294630605,17.68533310528573,0.17442967911313037,0.0011574558003256833,0.0011570909543074418,7.0,0.9,0.005,1.5,1.5,10000.0,0.0,one_sided_huber,additive_removal_premium_v1,0.015
prefs_ra7_eis0p9_prtp0p005,15,3,delay_frontier,fixed_learning_grid,default,0|5|10|15|35|75|125|175|225,optimal,63,6,2150,0.015625,14.980938244029353,1.0,0.9460120935572344,375.34009005636165,6.340146832628734,27.58814468092693,0.12681726769896248,0.011657987345565961,0.011502222062616379,7.0,0.9,0.005,1.5,1.5,10000.0,0.0,one_sided_huber,additive_removal_premium_v1,0.015
prefs_ra7_eis0p9_prtp0p005,15,3,delay_frontier,fixed_learning_grid,default,0|5|10|15|35|75|125|175|225,optimal,64,6,2150,0.015625,14.980938244029353,1.0,0.9460120935572344,375.34009005636165,6.362841590958847,27.64712358279815,0.12661486169432404,0.008120185506457843,0.00796442022350826,7.0,0.9,0.005,1.5,1.5,10000.0,0.0,one_sided_huber,additive_removal_premium_v1,0.015
prefs_ra7_eis0p9_prtp0p005,15,3,delay_frontier,fixed_learning_grid,default,0|5|10|15|35|75|125|175|225,optimal,65,6,2150,0.015625,14.980938244029353,1.0,0.9460120935572344,375.34009005636165,6.362841590958847,27.49489767404012,0.12584049313285275,0.008120185506457843,0.00796442022350826,7.0,0.9,0.005,1.5,1.5,10000.0,0.0,one_sided_huber,additive_removal_premium_v1,0.015
prefs_ra7_eis0p9_prtp0p005,15,3,delay_frontier,fixed_learning_grid,default,0|5|10|15|35|75|125|175|225,optimal,66,6,2150,0.015625,15.236285944216036,1.0,0.9368959751692078,376.88600633621945,6.354023428847485,27.30849341916444,0.125085509981955,0.009453431500006399,0.009309250990866599,7.0,0.9,0.005,1.5,1.5,10000.0,0.0,one_sided_huber,additive_removal_premium_v1,0.015
prefs_ra7_eis0p9_prtp0p005,15,3,delay_frontier,fixed_learning_grid,default,0|5|10|15|35|75|125|175|225,optimal,67,6,2150,0.015625,16.842028193614727,1.0,0.8828253272012045,385.26487209722484,6.3014009243327465,27.68727743331735,0.1281938638658684,0.01739873285166546,0.017303894667907604,7.0,0.9,0.005,1.5,1.5,10000.0,0.0,one_sided_huber,additive_removal_premium_v1,0.015
prefs_ra7_eis0p9_prtp0p005,15,3,delay_frontier,fixed_learning_grid,default,0|5|10|15|35|75|125|175|225,optimal,68,6,2150,0.015625,17.242186343300656,1.0,0.8701471660348554,387.17122177183813,6.288964741341572,27.581903020884464,0.12793238314067526,0.019273722959479277,0.019187506315122917,7.0,0.9,0.005,1.5,1.5,10000.0,0.0,one_sided_huber,additive_removal_premium_v1,0.015
prefs_ra7_eis0p9_prtp0p005,15,3,delay_frontier,fixed_learning_grid,default,0|5|10|15|35|75|125|175|225,optimal,69,6,2150,0.015625,17.484380141105646,1.0,0.8626147572130027,388.1970740872817,6.281567062331567,27.46047833233877,0.1274733538274692,0.020388512758918526,0.020306606538118,7.0,0.9,0.005,1.5,1.5,10000.0,0.0,one_sided_huber,additive_removal_premium_v1,0.015
prefs_ra7_eis0p9_prtp0p005,15,3,delay_frontier,fixed_learning_grid,default,0|5|10|15|35|75|125|175|225,optimal,70,6,2150,0.015625,14.980938244029353,1.0,0.9460120935572344,375.34009005636165,6.3891106045235455,27.731840243827293,0.12646575824728104,0.004025206254026708,0.003869440971077124,7.0,0.9,0.005,1.5,1.5,10000.0,0.0,one_sided_huber,additive_removal_premium_v1,0.015
prefs_ra7_eis0p9_prtp0p005,15,3,delay_frontier,fixed_learning_grid,default,0|5|10|15|35|75|125|175|225,optimal,71,6,2150,0.015625,15.236285944216036,1.0,0.9368959751692078,376.88600633621945,6.3847268092200435,27.55432678155741,0.12566241419151944,0.0046669952506040975,0.004522814741464298,7.0,0.9,0.005,1.5,1.5,10000.0,0.0,one_sided_huber,additive_removal_premium_v1,0.015
prefs_ra7_eis0p9_prtp0p005,15,3,delay_frontier,fixed_learning_grid,default,0|5|10|15|35|75|125|175|225,optimal,72,6,2150,0.015625,16.842028193614727,1.0,0.8828253272012045,385.26487209722484,6.358152123417003,27.556044200579446,0.12625487220893983,0.008549303843419438,0.008454465659661582,7.0,0.9,0.005,1.5,1.5,10000.0,0.0,one_sided_huber,additive_removal_premium_v1,0.015
prefs_ra7_eis0p9_prtp0p005,15,3,delay_frontier,fixed_learning_grid,default,0|5|10|15|35|75|125|175|225,optimal,73,6,2150,0.015625,17.242186343300656,1.0,0.8701471660348554,387.17122177183813,6.3516976596016885,27.456848506388443,0.12589197552387588,0.009490901159144785,0.009404684514788425,7.0,0.9,0.005,1.5,1.5,10000.0,0.0,one_sided_huber,additive_removal_premium_v1,0.015
prefs_ra7_eis0p9_prtp0p005,15,3,delay_frontier,fixed_learning_grid,default,0|5|10|15|35|75|125|175|225,optimal,74,6,2150,0.015625,17.484380141105646,1.0,0.8626147572130027,388.1970740872817,6.347853448181545,27.303439934506127,0.1251948599881488,0.010051139236995105,0.009969233016194578,7.0,0.9,0.005,1.5,1.5,10000.0,0.0,one_sided_huber,additive_removal_premium_v1,0.015
prefs_ra7_eis0p9_prtp0p005,15,3,delay_frontier,fixed_learning_grid,default,0|5|10|15|35|75|125|175|225,optimal,75,6,2150,0.015625,16.16883789637775,1.0,0.9048435760782632,384.15988445304697,6.369300512429993,27.15491111655321,0.12397287939266667,0.006920310853313487,0.006820086008971194,7.0,0.9,0.005,1.5,1.5,10000.0,0.0,one_sided_huber,additive_removal_premium_v1,0.015
prefs_ra7_eis0p9_prtp0p005,15,3,delay_frontier,fixed_learning_grid,default,0|5|10|15|35|75|125|175|225,optimal,76,6,2150,0.015625,17.727572140678646,1.0,0.8551547028653788,391.54436301034593,6.344096548593482,26.97706753338524,0.12361445392307595,0.01059764323492082,0.01052835860297118,7.0,0.9,0.005,1.5,1.5,10000.0,0.0,one_sided_huber,additive_removal_premium_v1,0.015
prefs_ra7_eis0p9_prtp0p005,15,3,delay_frontier,fixed_learning_grid,default,0|5|10|15|35|75|125|175|225,optimal,77,6,2150,0.015625,18.15469636855523,1.0,0.8422947666644842,393.49196418199114,6.337514430908926,27.350454138075435,0.12566180185840484,0.011555057557777153,0.011492201363248775,7.0,0.9,0.005,1.5,1.5,10000.0,0.0,one_sided_huber,additive_removal_premium_v1,0.015
prefs_ra7_eis0p9_prtp0p005,15,3,delay_frontier,fixed_learning_grid,default,0|5|10|15|35|75|125|175|225,optimal,78,6,2150,0.015625,18.46649995902455,1.0,0.8330949968407174,394.8962025480471,6.332797589924978,27.801273033044613,0.12807123884810187,0.01224031190399177,0.012181717345469675,7.0,0.9,0.005,1.5,1.5,10000.0,0.0,one_sided_huber,additive_removal_premium_v1,0.015
prefs_ra7_eis0p9_prtp0p005,15,3,delay_frontier,fixed_learning_grid,default,0|5|10|15|35|75|125|175|225,optimal,79,6,2150,0.015625,21.2918643664033,1.0,0.7561314679266441,408.31725455339614,6.292328909504906,27.746781402669317,0.1287058869813927,0.018098250067164912,0.01806829741489615,7.0,0.9,0.005,1.5,1.5,10000.0,0.0,one_sided_huber,additive_removal_premium_v1,0.015
prefs_ra7_eis0p9_prtp0p005,15,3,delay_frontier,fixed_learning_grid,default,0|5|10|15|35|75|125|175|225,optimal,80,6,2150,0.015625,21.806897444610353,1.0,0.743201477759166,410.2315636766711,6.285382630950437,27.75086584000191,0.128885017245153,0.01909945409202188,0.019072235367036377,7.0,0.9,0.005,1.5,1.5,10000.0,0.0,one_sided_huber,additive_removal_premium_v1,0.015
prefs_ra7_eis0p9_prtp0p005,15,3,delay_frontier,fixed_learning_grid,default,0|5|10|15|35|75|125|175|225,optimal,81,6,2150,0.015625,22.43326159036179,1.0,0.7278785794944196,412.65757269080814,6.277134923851797,27.715694018903662,0.1288914400084351,0.02028607815262314,0.020261968607782,7.0,0.9,0.005,1.5,1.5,10000.0,0.0,one_sided_huber,additive_removal_premium_v1,0.015
prefs_ra7_eis0p9_prtp0p005,15,3,delay_frontier,fixed_learning_grid,default,0|5|10|15|35|75|125|175|225,optimal,82,6,2150,0.015625,24.345681543048045,1.0,0.6835916098291936,419.4291831749101,6.252718013079942,27.62852181638056,0.12899849544437733,0.023791150982360225,0.02377396602869409,7.0,0.9,0.005,1.5,1.5,10000.0,0.0,one_sided_huber,additive_removal_premium_v1,0.015
prefs_ra7_eis0p9_prtp0p005,15,3,delay_frontier,fixed_learning_grid,default,0|5|10|15|35|75|125|175|225,optimal,83,6,2150,0.015625,24.869047484308975,1.0,0.6720726244224832,421.1086222389985,6.246132608838176,27.583674783426357,0.12891671164679405,0.024735658307519868,0.024719857458957956,7.0,0.9,0.005,1.5,1.5,10000.0,0.0,one_sided_huber,additive_removal_premium_v1,0.015
prefs_ra7_eis0p9_prtp0p005,15,3,delay_frontier,fixed_learning_grid,default,0|5|10|15|35|75|125|175|225,optimal,84,6,2150,0.015625,25.322994837618023,1.0,0.6622745399094326,422.46835340739506,6.240522000931252,27.543610614713476,0.12883725776849442,0.025539197948816053,0.025524435626796994,7.0,0.9,0.005,1.5,1.5,10000.0,0.0,one_sided_huber,additive_removal_premium_v1,0.015
prefs_ra7_eis0p9_prtp0p005,15,3,delay_frontier,fixed_learning_grid,default,0|5|10|15|35|75|125|175|225,optimal,85,6,2150,0.015625,9.187742292398724,0.7857387124864192,0.9048435760782632,384.15988445304697,6.412374184794009,27.82701759785086,0.12643648728848522,0.0015443928006161679,0.0014441679562738742,7.0,0.9,0.005,1.5,1.5,10000.0,0.0,one_sided_huber,additive_removal_premium_v1,0.015
prefs_ra7_eis0p9_prtp0p005,15,3,delay_frontier,fixed_learning_grid,default,0|5|10|15|35|75|125|175|225,optimal,86,6,2150,0.015625,9.865724681694148,0.778163426376382,0.8551547028653788,391.54436301034593,6.405757296458433,27.790631011438347,0.12639771538420327,0.0024874866251177186,0.00241820199316808,7.0,0.9,0.005,1.5,1.5,10000.0,0.0,one_sided_huber,additive_removal_premium_v1,0.015
prefs_ra7_eis0p9_prtp0p005,15,3,delay_frontier,fixed_learning_grid,default,0|5|10|15|35|75|125|175|225,optimal,87,6,2150,0.015625,9.956733875442595,0.7728625843973289,0.8422947666644842,393.49196418199114,6.4040976766737705,27.718933334265756,0.12607172978834036,0.0027392944786021017,0.0026764382840737235,7.0,0.9,0.005,1.5,1.5,10000.0,0.0,one_sided_huber,additive_removal_premium_v1,0.015
prefs_ra7_eis0p9_prtp0p005,15,3,delay_frontier,fixed_learning_grid,default,0|5|10|15|35|75|125|175|225,optimal,88,6,2150,0.015625,9.987937419854502,0.7678369297884617,0.8330949968407174,394.8962025480471,6.40294851547935,27.677268264119554,0.12588628873017965,0.0029197704959840172,0.0028611759374619224,7.0,0.9,0.005,1.5,1.5,10000.0,0.0,one_sided_huber,additive_removal_premium_v1,0.015
prefs_ra7_eis0p9_prtp0p005,15,3,delay_frontier,fixed_learning_grid,default,0|5|10|15|35|75|125|175|225,optimal,89,6,2150,0.015625,13.268037168848636,0.8195808434331152,0.7561314679266441,408.31725455339614,6.3884736434588945,27.63058451843923,0.1259667521810443,0.0046396897639328265,0.004609737111664063,7.0,0.9,0.005,1.5,1.5,10000.0,0.0,one_sided_huber,additive_removal_premium_v1,0.015
prefs_ra7_eis0p9_prtp0p005,15,3,delay_frontier,fixed_learning_grid,default,0|5|10|15|35|75|125|175|225,optimal,90,6,2150,0.015625,13.451137780014985,0.8158163725553086,0.743201477759166,410.2315636766711,6.386306167121441,27.662668373694643,0.126176848677666,0.004956455786230364,0.004929237061244859,7.0,0.9,0.005,1.5,1.5,10000.0,0.0,one_sided_huber,additive_removal_premium_v1,0.015
prefs_ra7_eis0p9_prtp0p005,15,3,delay_frontier,fixed_learning_grid,default,0|5|10|15|35|75|125|175|225,optimal,91,6,2150,0.015625,13.552784043060516,0.8081584035648427,0.7278785794944196,412.65757269080814,6.3838759338403825,27.62191041020427,0.12602358533731695,0.005331975294863499,0.005307865750022362,7.0,0.9,0.005,1.5,1.5,10000.0,0.0,one_sided_huber,additive_removal_premium_v1,0.015
prefs_ra7_eis0p9_prtp0p005,15,3,delay_frontier,fixed_learning_grid,default,0|5|10|15|35|75|125|175|225,optimal,92,6,2150,0.015625,15.344796159992493,0.823792938653518,0.6835916098291936,419.4291831749101,6.374507442171274,27.57103802963334,0.12597110936678252,0.006508079749257129,0.0064908947955909955,7.0,0.9,0.005,1.5,1.5,10000.0,0.0,one_sided_huber,additive_removal_premium_v1,0.015
prefs_ra7_eis0p9_prtp0p005,15,3,delay_frontier,fixed_learning_grid,default,0|5|10|15|35|75|125|175|225,optimal,93,6,2150,0.015625,16.8508119381174,0.8507189778081802,0.6720726244224832,421.1086222389985,6.370574120491792,27.477439019889644,0.1255821277942407,0.0068535975472595765,0.006837796698697664,7.0,0.9,0.005,1.5,1.5,10000.0,0.0,one_sided_huber,additive_removal_premium_v1,0.015
prefs_ra7_eis0p9_prtp0p005,15,3,delay_frontier,fixed_learning_grid,default,0|5|10|15|35|75|125|175|225,optimal,94,6,2150,0.015625,16.750073273285114,0.8417241055644943,0.6622745399094326,422.46835340739506,6.368886645241918,27.41778341412494,0.1253161039668697,0.0071476348493914555,0.007132872527372396,7.0,0.9,0.005,1.5,1.5,10000.0,0.0,one_sided_huber,additive_removal_premium_v1,0.015
prefs_ra7_eis0p9_prtp0p005,15,3,delay_frontier,fixed_learning_grid,default,0|5|10|15|35|75|125|175|225,optimal,95,6,2150,0.015625,14.553553588219511,0.8212384047440467,0.7085167089426718,419.12280930855894,6.379790582196643,27.883521972305726,0.12744110622338353,0.00580374763718308,0.005786297410444877,7.0,0.9,0.005,1.5,1.5,10000.0,0.0,one_sided_huber,additive_removal_premium_v1,0.015
prefs_ra7_eis0p9_prtp0p005,15,3,delay_frontier,fixed_learning_grid,default,0|5|10|15|35|75|125|175|225,optimal,96,6,2150,0.015625,14.628038833380758,0.8149498629519771,0.6965342105396557,420.82209740979306,6.3777753519755125,27.876181244087206,0.12744855868586166,0.006117148612164595,0.006101119771221793,7.0,0.9,0.005,1.5,1.5,10000.0,0.0,one_sided_huber,additive_removal_premium_v1,0.015
prefs_ra7_eis0p9_prtp0p005,15,3,delay_frontier,fixed_learning_grid,default,0|5|10|15|35|75|125|175|225,optimal,97,6,2150,0.015625,16.028584365868223,0.840157789992555,0.6838450320897052,422.65041771824724,6.373753104910255,27.85426048571529,0.1274264970082453,0.00649789136493671,0.006483262815745809,7.0,0.9,0.005,1.5,1.5,10000.0,0.0,one_sided_huber,additive_removal_premium_v1,0.015
prefs_ra7_eis0p9_prtp0p005,15,3,delay_frontier,fixed_learning_grid,default,0|5|10|15|35|75|125|175|225,optimal,98,6,2150,0.015625,18.284095564099662,0.8592034186559945,0.6401146452904706,429.295718907446,6.362969447848239,27.833833675370027,0.12756244899797078,0.007810725545611259,0.007800232485262687,7.0,0.9,0.005,1.5,1.5,10000.0,0.0,one_sided_huber,additive_removal_premium_v1,0.015
prefs_ra7_eis0p9_prtp0p005,15,3,delay_frontier,fixed_learning_grid,default,0|5|10|15|35|75|125|175|225,optimal,99,6,2150,0.015625,18.356027638539526,0.8517808097598312,0.6272534723114136,431.279750110908,6.360515158626995,27.820364818970123,0.12754852694328386,0.008197057366243517,0.00818755525936915,7.0,0.9,0.005,1.5,1.5,10000.0,0.0,one_sided_huber,additive_removal_premium_v1,0.015
prefs_ra7_eis0p9_prtp0p005,15,3,delay_frontier,fixed_learning_grid,default,0|5|10|15|35|75|125|175|225,optimal,100,6,2150,0.015625,18.45901128351939,0.846858996592364,0.6170859924316024,432.7233107882007,6.358519725193303,27.83044162116034,0.12764435401856533,0.008502596110915667,0.008493755675080284,7.0,0.9,0.005,1.5,1.5,10000.0,0.0,one_sided_huber,additive_removal_premium_v1,0.015
prefs_ra7_eis0p9_prtp0p005,15,3,delay_frontier,fixed_learning_grid,default,0|5|10|15|35|75|125|175|225,optimal,101,6,2150,0.015625,21.603536168709837,0.8598360122192932,0.5505656371105259,444.2796249493412,6.3411139815507935,27.804635060313167,0.12790180737775964,0.010724477434881101,0.010719516846544779,7.0,0.9,0.005,1.5,1.5,10000.0,0.0,one_sided_huber,additive_removal_premium_v1,0.015
prefs_ra7_eis0p9_prtp0p005,15,3,delay_frontier,fixed_learning_grid,default,0|5|10|15|35|75|125|175|225,optimal,102,6,2150,0.015625,21.640415420957144,0.8518884603783321,0.5381334507177267,446.1797703638979,6.338438931083988,27.78732586231141,0.12787327766420623,0.011154376694050982,0.01114986570004908,7.0,0.9,0.005,1.5,1.5,10000.0,0.0,one_sided_huber,additive_removal_premium_v1,0.015
prefs_ra7_eis0p9_prtp0p005,15,3,delay_frontier,fixed_learning_grid,default,0|5|10|15|35|75|125|175|225,optimal,103,6,2150,0.015625,21.595845167750984,0.8431342399357479,0.5265355116830943,447.91779749433124,6.336038528104799,27.752180467486454,0.1277473387128454,0.011555472030359216,0.01155133649600318,7.0,0.9,0.005,1.5,1.5,10000.0,0.0,one_sided_huber,additive_removal_premium_v1,0.015
prefs_ra7_eis0p9_prtp0p005,15,3,delay_frontier,fixed_learning_grid,default,0|5|10|15|35|75|125|175|225,optimal,104,6,2150,0.015625,22.704383881479203,0.8252830317260164,0.4732714851005202,455.9402648702256,6.322517972753879,27.71986364520773,0.12788524337267893,0.01354600838334134,0.013543239360355118,7.0,0.9,0.005,1.5,1.5,10000.0,0.0,one_sided_huber,additive_removal_premium_v1,0.015
prefs_ra7_eis0p9_prtp0p005,15,3,delay_frontier,fixed_learning_grid,default,0|5|10|15|35|75|125|175|225,optimal,105,6,2150,0.015625,6.158763381216205,0.5283757251496249,0.7085167089426718,419.12280930855894,6.416298345931693,27.865737590435586,0.12654593116348486,0.0015752878288431632,0.00155783760210496,7.0,0.9,0.005,1.5,1.5,10000.0,0.0,one_sided_huber,additive_removal_premium_v1,0.015
prefs_ra7_eis0p9_prtp0p005,15,3,delay_frontier,fixed_learning_grid,default,0|5|10|15|35|75|125|175|225,optimal,106,6,2150,0.015625,6.2879403119864214,0.5279543303205774,0.6965342105396557,420.82209740979306,6.415519549063952,27.84881230140483,0.1264775886210603,0.0016830884549918863,0.0016670596140490846,7.0,0.9,0.005,1.5,1.5,10000.0,0.0,one_sided_huber,additive_removal_premium_v1,0.015
prefs_ra7_eis0p9_prtp0p005,15,3,delay_frontier,fixed_learning_grid,default,0|5|10|15|35|75|125|175|225,optimal,107,6,2150,0.015625,6.393168893344237,0.5258630247587791,0.6838450320897052,422.65041771824724,6.414565466969743,27.83168013882101,0.12641202724019274,0.001822395427361585,0.0018077668781706835,7.0,0.9,0.005,1.5,1.5,10000.0,0.0,one_sided_huber,additive_removal_premium_v1,0.015
prefs_ra7_eis0p9_prtp0p005,15,3,delay_frontier,fixed_learning_grid,default,0|5|10|15|35|75|125|175|225,optimal,108,6,2150,0.015625,6.489885954573719,0.5059860919654758,0.6401146452904706,429.295718907446,6.411539730025384,27.793858406499908,0.1262873537446104,0.0023031757358476066,0.0022926826754990338,7.0,0.9,0.005,1.5,1.5,10000.0,0.0,one_sided_huber,additive_removal_premium_v1,0.015
prefs_ra7_eis0p9_prtp0p005,15,3,delay_frontier,fixed_learning_grid,default,0|5|10|15|35|75|125|175|225,optimal,109,6,2150,0.015625,6.433015505127078,0.49629465325912864,0.6272534723114136,431.279750110908,6.410731141924524,27.770480401436878,0.1261870158422165,0.0024447992526809544,0.002435297145806588,7.0,0.9,0.005,1.5,1.5,10000.0,0.0,one_sided_huber,additive_removal_premium_v1,0.015
prefs_ra7_eis0p9_prtp0p005,15,3,delay_frontier,fixed_learning_grid,default,0|5|10|15|35|75|125|175|225,optimal,110,6,2150,0.015625,6.449511859031124,0.4915071199283972,0.6170859924316024,432.7233107882007,6.410031911397354,27.776299855432175,0.1262316955347691,0.0025568823336006904,0.0025480418977653074,7.0,0.9,0.005,1.5,1.5,10000.0,0.0,one_sided_huber,additive_removal_premium_v1,0.015
prefs_ra7_eis0p9_prtp0p005,15,3,delay_frontier,fixed_learning_grid,default,0|5|10|15|35|75|125|175|225,optimal,111,6,2150,0.015625,8.192814683418561,0.526523211065755,0.5505656371105259,444.2796249493412,6.403038149566001,27.747684195904203,0.12624023905959117,0.003424160500246646,0.0034191999119103232,7.0,0.9,0.005,1.5,1.5,10000.0,0.0,one_sided_huber,additive_removal_premium_v1,0.015
prefs_ra7_eis0p9_prtp0p005,15,3,delay_frontier,fixed_learning_grid,default,0|5|10|15|35|75|125|175|225,optimal,112,6,2150,0.015625,8.281594229925489,0.522821443389785,0.5381334507177267,446.1797703638979,6.401909447360168,27.791220938256032,0.12648511363360912,0.0035951496666717067,0.0035906386726698037,7.0,0.9,0.005,1.5,1.5,10000.0,0.0,one_sided_huber,additive_removal_premium_v1,0.015
prefs_ra7_eis0p9_prtp0p005,15,3,delay_frontier,fixed_learning_grid,default,0|5|10|15|35|75|125|175|225,optimal,113,6,2150,0.015625,8.361392378744515,0.5192402359244036,0.5265355116830943,447.91779749433124,6.400860029340013,27.891514327221007,0.12701552851213807,0.00375470876983235,0.003750573235476314,7.0,0.9,0.005,1.5,1.5,10000.0,0.0,one_sided_huber,additive_removal_premium_v1,0.015
prefs_ra7_eis0p9_prtp0p005,15,3,delay_frontier,fixed_learning_grid,default,0|5|10|15|35|75|125|175|225,optimal,114,6,2150,0.015625,10.164227214596481,0.5491623201726553,0.4732714851005202,455.9402648702256,6.394167151146366,27.87692270221211,0.127089342506441,0.00456025734314398,0.004557488320157758,7.0,0.9,0.005,1.5,1.5,10000.0,0.0,one_sided_huber,additive_removal_premium_v1,0.015
prefs_ra7_eis0p9_prtp0p005,15,3,delay_frontier,fixed_learning_grid,default,0|5|10|15|35|75|125|175|225,optimal,115,6,2150,0.015625,8.444303332760146,0.5174416874226787,0.5179591871093584,451.67923776640265,6.400063937104322,27.871914057466803,0.1269338980292132,0.003872266519945531,0.003868839999691175,7.0,0.9,0.005,1.5,1.5,10000.0,0.0,one_sided_huber,additive_removal_premium_v1,0.015
prefs_ra7_eis0p9_prtp0p005,15,3,delay_frontier,fixed_learning_grid,default,0|5|10|15|35|75|125|175|225,optimal,116,6,2150,0.015625,8.434095317965197,0.5107446698182209,0.5065733062861312,453.34193764172124,6.399120718805623,27.86087125015113,0.126898800068436,0.004029003475368995,0.0040258502983478795,7.0,0.9,0.005,1.5,1.5,10000.0,0.0,one_sided_huber,additive_removal_premium_v1,0.015
prefs_ra7_eis0p9_prtp0p005,15,3,delay_frontier,fixed_learning_grid,default,0|5|10|15|35|75|125|175|225,optimal,117,6,2150,0.015625,8.856980457332735,0.5203393659595288,0.49723669819091487,454.56678491349714,6.397879033656279,27.8518590600837,0.1268805470229683,0.004165053086440341,0.004162087222568593,7.0,0.9,0.005,1.5,1.5,10000.0,0.0,one_sided_huber,additive_removal_premium_v1,0.015
prefs_ra7_eis0p9_prtp0p005,15,3,delay_frontier,fixed_learning_grid,default,0|5|10|15|35|75|125|175|225,optimal,118,6,2150,0.015625,10.245460364158264,0.53381918484175,0.4420591373588829,463.02350417997343,6.390961016545611,27.848473714728947,0.1270160047533257,0.005074402798878282,0.0050724596041111895,7.0,0.9,0.005,1.5,1.5,10000.0,0.0,one_sided_huber,additive_removal_premium_v1,0.015
prefs_ra7_eis0p9_prtp0p005,15,3,delay_frontier,fixed_learning_grid,default,0|5|10|15|35|75|125|175|225,optimal,119,6,2150,0.015625,12.037891324729882,0.545450467314982,0.37481485650166113,474.29105338786565,6.382034278687016,27.81864765269338,0.12706204447472247,0.006250618723053099,0.006249512494220988,7.0,0.9,0.005,1.5,1.5,10000.0,0.0,one_sided_huber,additive_removal_premium_v1,0.015
prefs_ra7_eis0p9_prtp0p005,15,3,delay_frontier,fixed_learning_grid,default,0|5|10|15|35|75|125|175|225,optimal,120,6,2150,0.015625,3.3638644859191107,0.28140743443127314,0.5179591871093584,451.67923776640265,6.419337692383777,27.867213312976787,0.12648680268589593,0.0015472975760332998,0.001543871055778944,7.0,0.9,0.005,1.5,1.5,10000.0,0.0,one_sided_huber,additive_removal_premium_v1,0.015
prefs_ra7_eis0p9_prtp0p005,15,3,delay_frontier,fixed_learning_grid,default,0|5|10|15|35|75|125|175|225,optimal,121,6,2150,0.015625,3.793418799211571,0.30251491688801635,0.5065733062861312,453.34193764172124,6.418669225846989,27.85570987713271,0.12644341936833586,0.0016083753549624197,0.0016052221779413044,7.0,0.9,0.005,1.5,1.5,10000.0,0.0,one_sided_huber,additive_removal_premium_v1,0.015
prefs_ra7_eis0p9_prtp0p005,15,3,delay_frontier,fixed_learning_grid,default,0|5|10|15|35|75|125|175|225,optimal,122,6,2150,0.015625,3.79593767771137,0.29892361309451626,0.49723669819091487,454.56678491349714,6.418343666918429,27.826039252842282,0.12630089968540642,0.001661499241995178,0.0016585333781234297,7.0,0.9,0.005,1.5,1.5,10000.0,0.0,one_sided_huber,additive_removal_premium_v1,0.015
prefs_ra7_eis0p9_prtp0p005,15,3,delay_frontier,fixed_learning_grid,default,0|5|10|15|35|75|125|175|225,optimal,123,6,2150,0.015625,3.909011725270316,0.2835849151093077,0.4420591373588829,463.02350417997343,6.416080606630633,27.915196833644746,0.12680030125518388,0.00201774208519959,0.0020157988904324978,7.0,0.9,0.005,1.5,1.5,10000.0,0.0,one_sided_huber,additive_removal_premium_v1,0.015
prefs_ra7_eis0p9_prtp0p005,15,3,delay_frontier,fixed_learning_grid,default,0|5|10|15|35|75|125|175|225,optimal,124,6,2150,0.015625,4.503816230959089,0.287353111950562,0.37481485650166113,474.29105338786565,6.412878792949041,27.90974558067135,0.12684311851458224,0.002474562936673358,0.002473456707841247,7.0,0.9,0.005,1.5,1.5,10000.0,0.0,one_sided_huber,additive_removal_premium_v1,0.015
prefs_ra7_eis0p9_prtp0p005,15,3,delay_frontier,fixed_learning_grid,default,0|5|10|15|35|75|125|175|225,optimal,125,6,2150,0.015625,4.5284492019376,0.2792621726562198,0.35071289544607953,479.76068224770205,6.4117766620086805,27.900306189420903,0.1268196699808804,0.0026516592563268645,0.0026508177185684237,7.0,0.9,0.005,1.5,1.5,10000.0,0.0,one_sided_huber,additive_removal_premium_v1,0.015
prefs_ra7_eis0p9_prtp0p005,15,3,delay_frontier,fixed_learning_grid,default,0|5|10|15|35|75|125|175|225,optimal,126,6,2150,0.015625,1.1020385742582763,0.08612250766535276,0.35071289544607953,479.76068224770205,6.426050353248132,27.924710742412874,0.126629671660187,0.0006930912221563361,0.0006922496843978954,7.0,0.9,0.005,1.5,1.5,10000.0,0.0,one_sided_huber,additive_removal_premium_v1,0.015
prefs_ra7_eis0p9_prtp0p005,15,3,delay_frontier,fixed_learning_grid,default,0|5|10|15|35|75|125|175|225,optimal,127,7,2200,0.0078125,3.36954178428059,1.0,0.9501111721482866,355.9881035419446,13.344295561547531,39.3723147934235,0.08235746430095663,0.01377235038906395,0.013362539631545985,7.0,0.9,0.005,1.5,1.5,10000.0,0.0,one_sided_huber,additive_removal_premium_v1,0.015
prefs_ra7_eis0p9_prtp0p005,15,3,delay_frontier,fixed_learning_grid,default,0|5|10|15|35|75|125|175|225,optimal,128,7,2200,0.0078125,3.36954178428059,1.0,0.9501111721482866,355.9881035419446,13.394581030342067,39.520751803129656,0.0823576260221696,0.01005593692459262,0.009646126167074654,7.0,0.9,0.005,1.5,1.5,10000.0,0.0,one_sided_huber,additive_removal_premium_v1,0.015
prefs_ra7_eis0p9_prtp0p005,15,3,delay_frontier,fixed_learning_grid,default,0|5|10|15|35|75|125|175|225,optimal,129,7,2200,0.0078125,3.36954178428059,1.0,0.9501111721482866,355.9881035419446,13.394581030342067,39.520751803129656,0.0823576260221696,0.01005593692459262,0.009646126167074654,7.0,0.9,0.005,1.5,1.5,10000.0,0.0,one_sided_huber,additive_removal_premium_v1,0.015
prefs_ra7_eis0p9_prtp0p005,15,3,delay_frontier,fixed_learning_grid,default,0|5|10|15|35|75|125|175|225,optimal,130,7,2200,0.0078125,3.36954178428059,1.0,0.9501111721482866,355.9881035419446,13.394581030342067,39.520751803129656,0.0823576260221696,0.01005593692459262,0.009646126167074654,7.0,0.9,0.005,1.5,1.5,10000.0,0.0,one_sided_huber,additive_removal_premium_v1,0.015
prefs_ra7_eis0p9_prtp0p005,15,3,delay_frontier,fixed_learning_grid,default,0|5|10|15|35|75|125|175|225,optimal,131,7,2200,0.0078125,3.444930535740258,1.0,0.9416872029503285,357.35445482864935,13.372743774170251,39.4577971387151,0.08236104974380545,0.011657679878108392,0.011274921093918448,7.0,0.9,0.005,1.5,1.5,10000.0,0.0,one_sided_huber,additive_removal_premium_v1,0.015
prefs_ra7_eis0p9_prtp0p005,15,3,delay_frontier,fixed_learning_grid,default,0|5|10|15|35|75|125|175|225,optimal,132,7,2200,0.0078125,3.9278288472631346,1.0,0.891721915795398,365.030512315004,13.242483962352628,39.081172394012405,0.08237913438262948,0.02120763072680162,0.02094683847612411,7.0,0.9,0.005,1.5,1.5,10000.0,0.0,one_sided_huber,additive_removal_premium_v1,0.015
prefs_ra7_eis0p9_prtp0p005,15,3,delay_frontier,fixed_learning_grid,default,0|5|10|15|35|75|125|175|225,optimal,133,7,2200,0.0078125,4.050462989130451,1.0,0.8800063550044862,366.79437105299127,13.211659094700508,38.991788770419355,0.08238285909391975,0.02346643170551206,0.02322764918198552,7.0,0.9,0.005,1.5,1.5,10000.0,0.0,one_sided_huber,additive_removal_premium_v1,0.015
prefs_ra7_eis0p9_prtp0p005,15,3,delay_frontier,fixed_learning_grid,default,0|5|10|15|35|75|125|175|225,optimal,134,7,2200,0.0078125,4.125117703629302,1.0,0.8730458508511993,367.78235948313727,13.193320750558977,38.938565915066846,0.08238497345834969,0.024810011213097262,0.02458273518037194,7.0,0.9,0.005,1.5,1.5,10000.0,0.0,one_sided_huber,additive_removal_premium_v1,0.015
prefs_ra7_eis0p9_prtp0p005,15,3,delay_frontier,fixed_learning_grid,default,0|5|10|15|35|75|125|175|225,optimal,135,7,2200,0.0078125,3.36954178428059,1.0,0.9501111721482866,355.9881035419446,13.440039107254375,39.65494574309143,0.0823577869711646,0.006696298182908551,0.006286487425390587,7.0,0.9,0.005,1.5,1.5,10000.0,0.0,one_sided_huber,additive_removal_premium_v1,0.015
prefs_ra7_eis0p9_prtp0p005,15,3,delay_frontier,fixed_learning_grid,default,0|5|10|15|35|75|125|175|225,optimal,136,7,2200,0.0078125,3.36954178428059,1.0,0.9501111721482866,355.9881035419446,13.440039107254375,39.65494574309143,0.0823577869711646,0.006696298182908551,0.006286487425390587,7.0,0.9,0.005,1.5,1.5,10000.0,0.0,one_sided_huber,additive_removal_premium_v1,0.015
prefs_ra7_eis0p9_prtp0p005,15,3,delay_frontier,fixed_learning_grid,default,0|5|10|15|35|75|125|175|225,optimal,137,7,2200,0.0078125,3.444930535740258,1.0,0.9416872029503285,357.35445482864935,13.425877012451332,39.61465010314046,0.08236122835562493,0.007730749931260417,0.007347991147070474,7.0,0.9,0.005,1.5,1.5,10000.0,0.0,one_sided_huber,additive_removal_premium_v1,0.015
prefs_ra7_eis0p9_prtp0p005,15,3,delay_frontier,fixed_learning_grid,default,0|5|10|15|35|75|125|175|225,optimal,138,7,2200,0.0078125,3.9278288472631346,1.0,0.891721915795398,365.030512315004,13.341163068291698,39.37248043066304,0.08237933571846422,0.013913957109793623,0.013653164859116114,7.0,0.9,0.005,1.5,1.5,10000.0,0.0,one_sided_huber,additive_removal_premium_v1,0.015
prefs_ra7_eis0p9_prtp0p005,15,3,delay_frontier,fixed_learning_grid,default,0|5|10|15|35|75|125|175|225,optimal,139,7,2200,0.0078125,4.050462989130451,1.0,0.8800063550044862,366.79437105299127,13.321047560951294,39.31472200528603,0.08238307618249749,0.015381034670026229,0.01514225214649969,7.0,0.9,0.005,1.5,1.5,10000.0,0.0,one_sided_huber,additive_removal_premium_v1,0.015
prefs_ra7_eis0p9_prtp0p005,15,3,delay_frontier,fixed_learning_grid,default,0|5|10|15|35|75|125|175|225,optimal,140,7,2200,0.0078125,4.125117703629302,1.0,0.8730458508511993,367.78235948313727,13.309071675270966,39.280288364039016,0.08238519935128734,0.01625423173148522,0.0160269556987599,7.0,0.9,0.005,1.5,1.5,10000.0,0.0,one_sided_huber,additive_removal_premium_v1,0.015
prefs_ra7_eis0p9_prtp0p005,15,3,delay_frontier,fixed_learning_grid,default,0|5|10|15|35|75|125|175|225,optimal,141,7,2200,0.0078125,3.36954178428059,1.0,0.9501111721482866,355.9881035419446,13.440039107254375,39.65494574309143,0.0823577869711646,0.006696298182908551,0.006286487425390587,7.0,0.9,0.005,1.5,1.5,10000.0,0.0,one_sided_huber,additive_removal_premium_v1,0.015
prefs_ra7_eis0p9_prtp0p005,15,3,delay_frontier,fixed_learning_grid,default,0|5|10|15|35|75|125|175|225,optimal,142,7,2200,0.0078125,3.444930535740258,1.0,0.9416872029503285,357.35445482864935,13.425877012451332,39.61465010314046,0.08236122835562493,0.007730749931260417,0.007347991147070474,7.0,0.9,0.005,1.5,1.5,10000.0,0.0,one_sided_huber,additive_removal_premium_v1,0.015
prefs_ra7_eis0p9_prtp0p005,15,3,delay_frontier,fixed_learning_grid,default,0|5|10|15|35|75|125|175|225,optimal,143,7,2200,0.0078125,3.9278288472631346,1.0,0.891721915795398,365.030512315004,13.341163068291698,39.37248043066304,0.08237933571846422,0.013913957109793623,0.013653164859116114,7.0,0.9,0.005,1.5,1.5,10000.0,0.0,one_sided_huber,additive_removal_premium_v1,0.015
prefs_ra7_eis0p9_prtp0p005,15,3,delay_frontier,fixed_learning_grid,default,0|5|10|15|35|75|125|175|225,optimal,144,7,2200,0.0078125,4.050462989130451,1.0,0.8800063550044862,366.79437105299127,13.321047560951294,39.31472200528603,0.08238307618249749,0.015381034670026229,0.01514225214649969,7.0,0.9,0.005,1.5,1.5,10000.0,0.0,one_sided_huber,additive_removal_premium_v1,0.015
prefs_ra7_eis0p9_prtp0p005,15,3,delay_frontier,fixed_learning_grid,default,0|5|10|15|35|75|125|175|225,optimal,145,7,2200,0.0078125,4.125117703629302,1.0,0.8730458508511993,367.78235948313727,13.309071675270966,39.280288364039016,0.08238519935128734,0.01625423173148522,0.0160269556987599,7.0,0.9,0.005,1.5,1.5,10000.0,0.0,one_sided_huber,additive_removal_premium_v1,0.015
prefs_ra7_eis0p9_prtp0p005,15,3,delay_frontier,fixed_learning_grid,default,0|5|10|15|35|75|125|175|225,optimal,146,7,2200,0.0078125,3.723557890315211,1.0,0.9120684100419988,362.70315095017975,13.375983980997693,39.47231452574075,0.0823725430453326,0.01137322000947644,0.011080253001907113,7.0,0.9,0.005,1.5,1.5,10000.0,0.0,one_sided_huber,additive_removal_premium_v1,0.015
prefs_ra7_eis0p9_prtp0p005,15,3,delay_frontier,fixed_learning_grid,default,0|5|10|15|35|75|125|175|225,optimal,147,7,2200,0.0078125,4.200403311610403,1.0,0.8661522075959716,369.64800633301553,13.297327803661162,39.246670099025266,0.08238763096123823,0.017110199177314062,0.016903161005387687,7.0,0.9,0.005,1.5,1.5,10000.0,0.0,one_sided_huber,additive_removal_premium_v1,0.015
prefs_ra7_eis0p9_prtp0p005,15,3,delay_frontier,fixed_learning_grid,default,0|5|10|15|35|75|125|175|225,optimal,148,7,2200,0.0078125,4.333404017979474,1.0,0.854268673197567,371.4421985078075,13.276845254916807,39.18773091171109,0.08239116883284127,0.01860287526448498,0.018413598304776436,7.0,0.9,0.005,1.5,1.5,10000.0,0.0,one_sided_huber,additive_removal_premium_v1,0.015
prefs_ra7_eis0p9_prtp0p005,15,3,delay_frontier,fixed_learning_grid,default,0|5|10|15|35|75|125|175|225,optimal,149,7,2200,0.0078125,4.43111109737457,1.0,0.8457674038716329,372.7084253094035,13.262172565047749,39.14547245319229,0.08239362262538198,0.01967180541296104,0.01949413830672776,7.0,0.9,0.005,1.5,1.5,10000.0,0.0,one_sided_huber,additive_removal_premium_v1,0.015
prefs_ra7_eis0p9_prtp0p005,15,3,delay_frontier,fixed_learning_grid,default,0|5|10|15|35|75|125|175|225,optimal,150,7,2200,0.0078125,5.339159393563853,1.0,0.7746473975990228,384.48412414132537,13.138967372624396,38.79026414966199,0.08241357464339291,0.02863495504910363,0.028536341789355053,7.0,0.9,0.005,1.5,1.5,10000.0,0.0,one_sided_huber,additive_removal_premium_v1,0.015
prefs_ra7_eis0p9_prtp0p005,15,3,delay_frontier,fixed_learning_grid,default,0|5|10|15|35|75|125|175|225,optimal,151,7,2200,0.0078125,5.508909339180576,1.0,0.7626991281421674,386.275435150829,13.118159299928747,38.73014943487759,0.082416688811605,0.030146403234560613,0.030056237575854218,7.0,0.9,0.005,1.5,1.5,10000.0,0.0,one_sided_huber,additive_removal_premium_v1,0.015
prefs_ra7_eis0p9_prtp0p005,15,3,delay_frontier,fixed_learning_grid,default,0|5|10|15|35|75|125|175|225,optimal,152,7,2200,0.0078125,5.717032818743077,1.0,0.7485396342093982,388.45449967943085,13.093477409341297,38.6588371296963,0.08242038115289708,0.0319382739876904,0.03185741516438182,7.0,0.9,0.005,1.5,1.5,10000.0,0.0,one_sided_huber,additive_removal_premium_v1,0.015
prefs_ra7_eis0p9_prtp0p005,15,3,delay_frontier,fixed_learning_grid,default,0|5|10|15|35|75|125|175|225,optimal,153,7,2200,0.0078125,6.363536738522644,1.0,0.7076151911020367,394.69860818777113,13.021983659592252,38.45225585893155,0.08243111379088612,0.03712244062604269,0.03706326433511807,7.0,0.9,0.005,1.5,1.5,10000.0,0.0,one_sided_huber,additive_removal_premium_v1,0.015
prefs_ra7_eis0p9_prtp0p005,15,3,delay_frontier,fixed_learning_grid,default,0|5|10|15|35|75|125|175|225,optimal,154,7,2200,0.0078125,6.5432813263360305,1.0,0.6969707946464898,396.2782347372137,13.003256604593917,38.398378657238176,0.08243450433643787,0.03847892714193297,0.038424244619747194,7.0,0.9,0.005,1.5,1.5,10000.0,0.0,one_sided_huber,additive_removal_premium_v1,0.015
prefs_ra7_eis0p9_prtp0p005,15,3,delay_frontier,fixed_learning_grid,default,0|5|10|15|35|75|125|175|225,optimal,155,7,2200,0.0078125,6.700138967339481,1.0,0.6879166381926489,397.5894197768792,12.987114131613883,38.352077641687174,0.08243777016381,0.03964796315293852,0.03959675041161469,7.0,0.9,0.005,1.5,1.5,10000.0,0.0,one_sided_huber,additive_removal_premium_v1,0.015
prefs_ra7_eis0p9_prtp0p005,15,3,delay_frontier,fixed_learning_grid,default,0|5|10|15|35|75|125|175|225,optimal,156,7,2200,0.0078125,3.36954178428059,1.0,0.9501111721482866,355.9881035419446,13.505270716972584,39.847390622055464,0.08235773754839099,0.001875270588307994,0.0014654598307900296,7.0,0.9,0.005,1.5,1.5,10000.0,0.0,one_sided_huber,additive_removal_premium_v1,0.015
prefs_ra7_eis0p9_prtp0p005,15,3,delay_frontier,fixed_learning_grid,default,0|5|10|15|35|75|125|175|225,optimal,157,7,2200,0.0078125,3.444930535740258,1.0,0.9416872029503285,357.35445482864935,13.502122355370311,39.83958984225366,0.08236115661638083,0.002095668575362156,0.0017129097911722127,7.0,0.9,0.005,1.5,1.5,10000.0,0.0,one_sided_huber,additive_removal_premium_v1,0.015
prefs_ra7_eis0p9_prtp0p005,15,3,delay_frontier,fixed_learning_grid,default,0|5|10|15|35|75|125|175|225,optimal,158,7,2200,0.0078125,3.9278288472631346,1.0,0.891721915795398,365.030512315004,13.482108286441171,39.78877432701635,0.08238010855694361,0.003496266259462928,0.003235474008785418,7.0,0.9,0.005,1.5,1.5,10000.0,0.0,one_sided_huber,additive_removal_premium_v1,0.015
prefs_ra7_eis0p9_prtp0p005,15,3,delay_frontier,fixed_learning_grid,default,0|5|10|15|35|75|125|175|225,optimal,159,7,2200,0.0078125,4.050462989130451,1.0,0.8800063550044862,366.79437105299127,13.476429742628644,39.773550779838835,0.08238364159481884,0.0038960337904902953,0.003657251266963755,7.0,0.9,0.005,1.5,1.5,10000.0,0.0,one_sided_huber,additive_removal_premium_v1,0.015
prefs_ra7_eis0p9_prtp0p005,15,3,delay_frontier,fixed_learning_grid,default,0|5|10|15|35|75|125|175|225,optimal,160,7,2200,0.0078125,4.125117703629302,1.0,0.8730458508511993,367.78235948313727,13.473030891727864,39.7643880288805,0.08238564073816478,0.004135115590741237,0.003907839558015915,7.0,0.9,0.005,1.5,1.5,10000.0,0.0,one_sided_huber,additive_removal_premium_v1,0.015
prefs_ra7_eis0p9_prtp0p005,15,3,delay_frontier,fixed_learning_grid,default,0|5|10|15|35|75|125|175|225,optimal,161,7,2200,0.0078125,3.723557890315211,1.0,0.9120684100419988,362.70315095017975,13.490951355258813,39.81150565569457,0.0823723688985404,0.002875914302381843,0.0025829472948125163,7.0,0.9,0.005,1.5,1.5,10000.0,0.0,one_sided_huber,additive_removal_premium_v1,0.015
prefs_ra7_eis0p9_prtp0p005,15,3,delay_frontier,fixed_learning_grid,default,0|5|10|15|35|75|125|175|225,optimal,162,7,2200,0.0078125,4.200403311610403,1.0,0.8661522075959716,369.64800633301553,13.469781421828039,39.75579780802434,0.08238794400281363,0.004363058931247237,0.0041560207593208595,7.0,0.9,0.005,1.5,1.5,10000.0,0.0,one_sided_huber,additive_removal_premium_v1,0.015
prefs_ra7_eis0p9_prtp0p005,15,3,delay_frontier,fixed_learning_grid,default,0|5|10|15|35|75|125|175|225,optimal,163,7,2200,0.0078125,4.333404017979474,1.0,0.854268673197567,371.4421985078075,13.463941269129059,39.740002710128365,0.08239126581373957,0.0047731222718169364,0.0045838453121083925,7.0,0.9,0.005,1.5,1.5,10000.0,0.0,one_sided_huber,additive_removal_premium_v1,0.015
prefs_ra7_eis0p9_prtp0p005,15,3,delay_frontier,fixed_learning_grid,default,0|5|10|15|35|75|125|175|225,optimal,164,7,2200,0.0078125,4.43111109737457,1.0,0.8457674038716329,372.7084253094035,13.459743016105577,39.72860857252121,0.08239356410426844,0.005067570500521545,0.004889903394288264,7.0,0.9,0.005,1.5,1.5,10000.0,0.0,one_sided_huber,additive_removal_premium_v1,0.015
prefs_ra7_eis0p9_prtp0p005,15,3,delay_frontier,fixed_learning_grid,default,0|5|10|15|35|75|125|175|225,optimal,165,7,2200,0.0078125,5.339159393563853,1.0,0.7746473975990228,384.48412414132537,13.422005689950332,39.62624643726026,0.08241442113724169,0.007709906676963601,0.007611293417215022,7.0,0.9,0.005,1.5,1.5,10000.0,0.0,one_sided_huber,additive_removal_premium_v1,0.015
prefs_ra7_eis0p9_prtp0p005,15,3,delay_frontier,fixed_learning_grid,default,0|5|10|15|35|75|125|175|225,optimal,166,7,2200,0.0078125,5.508909339180576,1.0,0.7626991281421674,386.275435150829,13.41490342437025,39.60646023670562,0.08241715419148136,0.008207474926976762,0.008117309268270367,7.0,0.9,0.005,1.5,1.5,10000.0,0.0,one_sided_huber,additive_removal_premium_v1,0.015
prefs_ra7_eis0p9_prtp0p005,15,3,delay_frontier,fixed_learning_grid,default,0|5|10|15|35|75|125|175|225,optimal,167,7,2200,0.0078125,5.717032818743077,1.0,0.7485396342093982,388.45449967943085,13.406462486161091,39.582939353470024,0.08242039396026542,0.008797830527948957,0.00871697170464038,7.0,0.9,0.005,1.5,1.5,10000.0,0.0,one_sided_huber,additive_removal_premium_v1,0.015
prefs_ra7_eis0p9_prtp0p005,15,3,delay_frontier,fixed_learning_grid,default,0|5|10|15|35|75|125|175|225,optimal,168,7,2200,0.0078125,6.363536738522644,1.0,0.7076151911020367,394.69860818777113,13.381900252098013,39.514483492357456,0.08242981548951522,0.010509320902546608,0.010450144611621987,7.0,0.9,0.005,1.5,1.5,10000.0,0.0,one_sided_huber,additive_removal_premium_v1,0.015
prefs_ra7_eis0p9_prtp0p005,15,3,delay_frontier,fixed_learning_grid,default,0|5|10|15|35|75|125|175|225,optimal,169,7,2200,0.0078125,6.5432813263360305,1.0,0.6969707946464898,396.2782347372137,13.375143994156288,39.49643539651914,0.0824342262548474,0.010979849590232005,0.010925167068046233,7.0,0.9,0.005,1.5,1.5,10000.0,0.0,one_sided_huber,additive_removal_premium_v1,0.015
prefs_ra7_eis0p9_prtp0p005,15,3,delay_frontier,fixed_learning_grid,default,0|5|10|15|35|75|125|175|225,optimal,170,7,2200,0.0078125,6.700138967339481,1.0,0.6879166381926489,397.5894197768792,13.368683394872772,39.47949980487568,0.08243919692754154,0.011432239824774405,0.011381027083450571,7.0,0.9,0.005,1.5,1.5,10000.0,0.0,one_sided_huber,additive_removal_premium_v1,0.015
prefs_ra7_eis0p9_prtp0p005,15,3,delay_frontier,fixed_learning_grid,default,0|5|10|15|35|75|125|175|225,optimal,171,7,2200,0.0078125,3.8860084273354536,1.0,0.8958004360751016,366.6550490107527,13.484462148381995,39.79529385187688,0.08237912582827314,0.0033290926490004515,0.00308864133626558,7.0,0.9,0.005,1.5,1.5,10000.0,0.0,one_sided_huber,additive_removal_premium_v1,0.015
prefs_ra7_eis0p9_prtp0p005,15,3,delay_frontier,fixed_learning_grid,default,0|5|10|15|35|75|125|175|225,optimal,172,7,2200,0.0078125,4.390142512095244,1.0,0.8493090734652391,373.73962519352364,13.461678791080244,39.73393397043833,0.08239266932963747,0.004931138377567897,0.004762398128665503,7.0,0.9,0.005,1.5,1.5,10000.0,0.0,one_sided_huber,additive_removal_premium_v1,0.015
prefs_ra7_eis0p9_prtp0p005,15,3,delay_frontier,fixed_learning_grid,default,0|5|10|15|35|75|125|175|225,optimal,173,7,2200,0.0078125,4.533896883252101,1.0,0.8370230680450341,375.63158765327717,13.455585062744795,39.717382701436364,0.08239597750396364,0.005358224057593487,0.005204712224642718,7.0,0.9,0.005,1.5,1.5,10000.0,0.0,one_sided_huber,additive_removal_premium_v1,0.015
prefs_ra7_eis0p9_prtp0p005,15,3,delay_frontier,fixed_learning_grid,default,0|5|10|15|35|75|125|175|225,optimal,174,7,2200,0.0078125,4.6407376107505565,1.0,0.8281402215369014,376.9905091032269,13.451160501627772,39.7053303728332,0.08239830136840967,0.005667936859938273,0.0055245076413440375,7.0,0.9,0.005,1.5,1.5,10000.0,0.0,one_sided_huber,additive_removal_premium_v1,0.015
prefs_ra7_eis0p9_prtp0p005,15,3,delay_frontier,fixed_learning_grid,default,0|5|10|15|35|75|125|175|225,optimal,175,7,2200,0.0078125,5.534221182506704,1.0,0.7609489167571509,387.8118280079498,13.413935554258844,39.60379274735512,0.08241759369119021,0.008274930776441494,0.008191431693004248,7.0,0.9,0.005,1.5,1.5,10000.0,0.0,one_sided_huber,additive_removal_premium_v1,0.015
prefs_ra7_eis0p9_prtp0p005,15,3,delay_frontier,fixed_learning_grid,default,0|5|10|15|35|75|125|175|225,optimal,176,7,2200,0.0078125,5.714410594683807,1.0,0.7487148265860173,389.67257202298487,13.406633196270569,39.58343910548626,0.08242038407180874,0.008785633766303487,0.00870955221013756,7.0,0.9,0.005,1.5,1.5,10000.0,0.0,one_sided_huber,additive_removal_premium_v1,0.015
prefs_ra7_eis0p9_prtp0p005,15,3,delay_frontier,fixed_learning_grid,default,0|5|10|15|35|75|125|175|225,optimal,177,7,2200,0.0078125,5.9392847265684985,1.0,0.7339738947200501,391.99288237883127,13.397809916979066,39.558846271599364,0.08242375975844086,0.009401587120096755,0.009333838866078893,7.0,0.9,0.005,1.5,1.5,10000.0,0.0,one_sided_huber,additive_removal_premium_v1,0.015
prefs_ra7_eis0p9_prtp0p005,15,3,delay_frontier,fixed_learning_grid,default,0|5|10|15|35|75|125|175|225,optimal,178,7,2200,0.0078125,6.590262254681601,1.0,0.6942365172406362,397.9486229341367,13.373238845346961,39.491853300670705,0.08243664711053453,0.011113134082244935,0.011062832873437017,7.0,0.9,0.005,1.5,1.5,10000.0,0.0,one_sided_huber,additive_removal_premium_v1,0.015
prefs_ra7_eis0p9_prtp0p005,15,3,delay_frontier,fixed_learning_grid,default,0|5|10|15|35|75|125|175|225,optimal,179,7,2200,0.0078125,6.740226582531291,1.0,0.6856365036462344,399.0316177161282,13.367091536950692,39.4750324920744,0.08243973911209763,0.011543477607606469,0.011495827636627626,7.0,0.9,0.005,1.5,1.5,10000.0,0.0,one_sided_huber,additive_removal_premium_v1,0.015
prefs_ra7_eis0p9_prtp0p005,15,3,delay_frontier,fixed_learning_grid,default,0|5|10|15|35|75|125|175|225,optimal,180,7,2200,0.0078125,6.914117454367244,1.0,0.675899403720925,400.50870681894685,13.36012811347219,39.45540697211158,0.08244191802938952,0.012030330361879268,0.011986072591480615,7.0,0.9,0.005,1.5,1.5,10000.0,0.0,one_sided_huber,additive_removal_premium_v1,0.015
prefs_ra7_eis0p9_prtp0p005,15,3,delay_frontier,fixed_learning_grid,default,0|5|10|15|35|75|125|175|225,optimal,181,7,2200,0.0078125,6.207916603275452,1.0,0.7170752013986879,395.7268970953095,13.387698972560282,39.53074576535136,0.08242782215605626,0.010105718751395256,0.010049507918706952,7.0,0.9,0.005,1.5,1.5,10000.0,0.0,one_sided_huber,additive_removal_premium_v1,0.015
prefs_ra7_eis0p9_prtp0p005,15,3,delay_frontier,fixed_learning_grid,default,0|5|10|15|35|75|125|175|225,optimal,182,7,2200,0.0078125,6.398440372995001,1.0,0.7055250215866338,397.4760845449934,13.3807305621729,39.51131712358283,0.08243048199355785,0.010590168212651869,0.01053866445208974,7.0,0.9,0.005,1.5,1.5,10000.0,0.0,one_sided_huber,additive_removal_premium_v1,0.015
prefs_ra7_eis0p9_prtp0p005,15,3,delay_frontier,fixed_learning_grid,default,0|5|10|15|35|75|125|175|225,optimal,183,7,2200,0.0078125,6.564847850275537,1.0,0.6957132137186253,398.7507086182644,13.374326582582773,39.49456616542376,0.08243548919318952,0.01103680786567143,0.010988483939592595,7.0,0.9,0.005,1.5,1.5,10000.0,0.0,one_sided_huber,additive_removal_premium_v1,0.015
prefs_ra7_eis0p9_prtp0p005,15,3,delay_frontier,fixed_learning_grid,default,0|5|10|15|35|75|125|175|225,optimal,184,7,2200,0.0078125,7.269229801867446,1.0,0.656749150304933,404.550655030056,13.346424712275594,39.41688003470352,0.08244643187545857,0.012986411968014245,0.012950252397928285,7.0,0.9,0.005,1.5,1.5,10000.0,0.0,one_sided_huber,additive_removal_premium_v1,0.015
prefs_ra7_eis0p9_prtp0p005,15,3,delay_frontier,fixed_learning_grid,default,0|5|10|15|35|75|125|175|225,optimal,185,7,2200,0.0078125,7.509727726453914,1.0,0.6443009050177819,406.49116189821694,13.337470857170631,39.3916900349077,0.08244934823823734,0.013609814615634314,0.01357699850258064,7.0,0.9,0.005,1.5,1.5,10000.0,0.0,one_sided_huber,additive_removal_premium_v1,0.015
prefs_ra7_eis0p9_prtp0p005,15,3,delay_frontier,fixed_learning_grid,default,0|5|10|15|35|75|125|175|225,optimal,186,7,2200,0.0078125,7.703992597752756,1.0,0.6345317069298229,407.95476860312795,13.330428263199723,39.37189051628984,0.08245167626721722,0.014099359996272659,0.014068859540499409,7.0,0.9,0.005,1.5,1.5,10000.0,0.0,one_sided_huber,additive_removal_premium_v1,0.015
prefs_ra7_eis0p9_prtp0p005,15,3,delay_frontier,fixed_learning_grid,default,0|5|10|15|35|75|125|175|225,optimal,187,7,2200,0.0078125,9.02300258740966,1.0,0.5740472584028605,417.90106533308233,13.284403207324294,39.24466544819552,0.08247201734790438,0.01729148109343078,0.017272931669349987,7.0,0.9,0.005,1.5,1.5,10000.0,0.0,one_sided_huber,additive_removal_premium_v1,0.015
prefs_ra7_eis0p9_prtp0p005,15,3,delay_frontier,fixed_learning_grid,default,0|5|10|15|35|75|125|175|225,optimal,188,7,2200,0.0078125,9.312463276632233,1.0,0.5619555717754972,419.7836572343253,13.27456773230203,39.21696920885154,0.08247519442493159,0.017972591877729118,0.01795570881670457,7.0,0.9,0.005,1.5,1.5,10000.0,0.0,one_sided_huber,additive_removal_premium_v1,0.015
prefs_ra7_eis0p9_prtp0p005,15,3,delay_frontier,fixed_learning_grid,default,0|5|10|15|35|75|125|175|225,optimal,189,7,2200,0.0078125,9.59336336797821,1.0,0.5505735445397786,421.54772220010636,13.265290083987626,39.190877542478894,0.08247827458151592,0.0186138715958045,0.01859841386907745,7.0,0.9,0.005,1.5,1.5,10000.0,0.0,one_sided_huber,additive_removal_premium_v1,0.015
prefs_ra7_eis0p9_prtp0p005,15,3,delay_frontier,fixed_learning_grid,default,0|5|10|15|35|75|125|175|225,optimal,190,7,2200,0.0078125,10.946921448500943,1.0,0.49999826688646365,429.34429954156815,13.223828859103312,39.07472635456961,0.0824931500749434,0.021464712886061728,0.02145424528249246,7.0,0.9,0.005,1.5,1.5,10000.0,0.0,one_sided_huber,additive_removal_premium_v1,0.015
prefs_ra7_eis0p9_prtp0p005,15,3,delay_frontier,fixed_learning_grid,default,0|5|10|15|35|75|125|175|225,optimal,191,7,2200,0.0078125,1.0038917501842963,0.5207305623903111,0.8958004360751016,366.6550490107527,13.527627939676467,39.903463024399656,0.08233505698266648,0.000666716530254768,0.00042626521751989635,7.0,0.9,0.005,1.5,1.5,10000.0,0.0,one_sided_huber,additive_removal_premium_v1,0.015
prefs_ra7_eis0p9_prtp0p005,15,3,delay_frontier,fixed_learning_grid,default,0|5|10|15|35|75|125|175|225,optimal,192,7,2200,0.0078125,1.3983065873379783,0.5863433976258506,0.8493090734652391,373.73962519352364,13.522322032705025,39.8924208842494,0.0823456280868849,0.0010031957897826903,0.0008344555408802966,7.0,0.9,0.005,1.5,1.5,10000.0,0.0,one_sided_huber,additive_removal_premium_v1,0.015
prefs_ra7_eis0p9_prtp0p005,15,3,delay_frontier,fixed_learning_grid,default,0|5|10|15|35|75|125|175|225,optimal,193,7,2200,0.0078125,1.5487141778717683,0.6090982070062909,0.8370230680450341,375.63158765327717,13.520764419308616,39.88922162012174,0.0823488299699225,0.001095837486552116,0.0009423256536013464,7.0,0.9,0.005,1.5,1.5,10000.0,0.0,one_sided_huber,additive_removal_premium_v1,0.015
prefs_ra7_eis0p9_prtp0p005,15,3,delay_frontier,fixed_learning_grid,default,0|5|10|15|35|75|125|175|225,optimal,194,7,2200,0.0078125,1.6159349322104053,0.6154137613120031,0.8281402215369014,376.9905091032269,13.519717673993215,39.88683536613805,0.08235044006969587,0.001163745530781835,0.0010203163121876003,7.0,0.9,0.005,1.5,1.5,10000.0,0.0,one_sided_huber,additive_removal_premium_v1,0.015
prefs_ra7_eis0p9_prtp0p005,15,3,delay_frontier,fixed_learning_grid,default,0|5|10|15|35|75|125|175|225,optimal,195,7,2200,0.0078125,3.5263925046723115,0.8278319423846425,0.7609489167571509,387.8118280079498,13.505777537001585,39.86009308660982,0.08238347380082227,0.0018718878324942602,0.0017883887490570153,7.0,0.9,0.005,1.5,1.5,10000.0,0.0,one_sided_huber,additive_removal_premium_v1,0.015
prefs_ra7_eis0p9_prtp0p005,15,3,delay_frontier,fixed_learning_grid,default,0|5|10|15|35|75|125|175|225,optimal,196,7,2200,0.0078125,3.581792148033022,0.8217395024751198,0.7487148265860173,389.67257202298487,13.503592246433668,39.85401950898657,0.08238433729594581,0.0020276925436731093,0.0019516109875071831,7.0,0.9,0.005,1.5,1.5,10000.0,0.0,one_sided_huber,additive_removal_premium_v1,0.015
prefs_ra7_eis0p9_prtp0p005,15,3,delay_frontier,fixed_learning_grid,default,0|5|10|15|35|75|125|175|225,optimal,197,7,2200,0.0078125,3.6085465173915177,0.8102441444997684,0.7339738947200501,391.99288237883127,13.501053537811748,39.84663993526422,0.0823845970714367,0.0022160267388499897,0.002148278484832127,7.0,0.9,0.005,1.5,1.5,10000.0,0.0,one_sided_huber,additive_removal_premium_v1,0.015
prefs_ra7_eis0p9_prtp0p005,15,3,delay_frontier,fixed_learning_grid,default,0|5|10|15|35|75|125|175|225,optimal,198,7,2200,0.0078125,5.187734463687312,0.9073850677485205,0.6942365172406362,397.9486229341367,13.489964282838507,39.82589138398925,0.0824121413716197,0.0027551479422739844,0.002704846733466067,7.0,0.9,0.005,1.5,1.5,10000.0,0.0,one_sided_huber,additive_removal_premium_v1,0.015
prefs_ra7_eis0p9_prtp0p005,15,3,delay_frontier,fixed_learning_grid,default,0|5|10|15|35|75|125|175|225,optimal,199,7,2200,0.0078125,5.214020135824655,0.9007337775806291,0.6856365036462344,399.0316177161282,13.487906736671995,39.819787422566776,0.08241207342179233,0.002906639982875944,0.0028589900118971023,7.0,0.9,0.005,1.5,1.5,10000.0,0.0,one_sided_huber,additive_removal_premium_v1,0.015
prefs_ra7_eis0p9_prtp0p005,15,3,delay_frontier,fixed_learning_grid,default,0|5|10|15|35|75|125|175|225,optimal,200,7,2200,0.0078125,5.273556722060362,0.8953621560079841,0.675899403720925,400.50870681894685,13.485506450581521,39.81288070550054,0.08241248638112708,0.0030777717511735257,0.003033513980774872,7.0,0.9,0.005,1.5,1.5,10000.0,0.0,one_sided_huber,additive_removal_premium_v1,0.015
prefs_ra7_eis0p9_prtp0p005,15,3,delay_frontier,fixed_learning_grid,default,0|5|10|15|35|75|125|175|225,optimal,201,7,2200,0.0078125,3.729432580822446,0.8060938503083921,0.7170752013986879,395.7268970953095,13.49794681895205,39.83827260994961,0.0823864393549544,0.0024299447876218153,0.00237373395493351,7.0,0.9,0.005,1.5,1.5,10000.0,0.0,one_sided_huber,additive_removal_premium_v1,0.015
prefs_ra7_eis0p9_prtp0p005,15,3,delay_frontier,fixed_learning_grid,default,0|5|10|15|35|75|125|175|225,optimal,202,7,2200,0.0078125,3.80737547723833,0.8025894460659069,0.7055250215866338,397.4760845449934,13.49579433101176,39.83234607043497,0.08238741925427087,0.0025793355010321263,0.0025278317404699973,7.0,0.9,0.005,1.5,1.5,10000.0,0.0,one_sided_huber,additive_removal_premium_v1,0.015
prefs_ra7_eis0p9_prtp0p005,15,3,delay_frontier,fixed_learning_grid,default,0|5|10|15|35|75|125|175|225,optimal,203,7,2200,0.0078125,4.674926925333041,0.869380469395029,0.6957132137186253,398.7507086182644,13.49166272240996,39.82705522129187,0.08240328956489897,0.002726702929713291,0.0026783790036344563,7.0,0.9,0.005,1.5,1.5,10000.0,0.0,one_sided_huber,additive_removal_premium_v1,0.015
prefs_ra7_eis0p9_prtp0p005,15,3,delay_frontier,fixed_learning_grid,default,0|5|10|15|35|75|125|175|225,optimal,204,7,2200,0.0078125,5.348937685591453,0.8817498834020728,0.656749150304933,404.550655030056,13.480916608444112,39.79937480067897,0.08241258889642264,0.0034129151994842367,0.003376755629398276,7.0,0.9,0.005,1.5,1.5,10000.0,0.0,one_sided_huber,additive_removal_premium_v1,0.015
prefs_ra7_eis0p9_prtp0p005,15,3,delay_frontier,fixed_learning_grid,default,0|5|10|15|35|75|125|175|225,optimal,205,7,2200,0.0078125,5.339857136811329,0.8688213058252534,0.6443009050177819,406.49116189821694,13.47805841812554,39.790460361737374,0.08241149286209024,0.0036326892199085234,0.0035998731068548496,7.0,0.9,0.005,1.5,1.5,10000.0,0.0,one_sided_huber,additive_removal_premium_v1,0.015
prefs_ra7_eis0p9_prtp0p005,15,3,delay_frontier,fixed_learning_grid,default,0|5|10|15|35|75|125|175|225,optimal,206,7,2200,0.0078125,5.40144881913561,0.8635268205896997,0.6345317069298229,407.95476860312795,13.475636252970544,39.78343905911584,0.08241179095169708,0.0038054728464130064,0.0037749723906397564,7.0,0.9,0.005,1.5,1.5,10000.0,0.0,one_sided_huber,additive_removal_premium_v1,0.015
prefs_ra7_eis0p9_prtp0p005,15,3,delay_frontier,fixed_learning_grid,default,0|5|10|15|35|75|125|175|225,optimal,207,7,2200,0.0078125,6.907860930727395,0.8967854199912478,0.5740472584028605,417.90106533308233,13.456185587515934,39.73600650665143,0.0824348197993886,0.004994735621508132,0.004976186197427338,7.0,0.9,0.005,1.5,1.5,10000.0,0.0,one_sided_huber,additive_removal_premium_v1,0.015
prefs_ra7_eis0p9_prtp0p005,15,3,delay_frontier,fixed_learning_grid,default,0|5|10|15|35|75|125|175|225,optimal,208,7,2200,0.0078125,6.967302179006148,0.8880477762336686,0.5619555717754972,419.7836572343253,13.4524991370263,39.724937276096945,0.08243439745904556,0.005264360806048504,0.005247477745023956,7.0,0.9,0.005,1.5,1.5,10000.0,0.0,one_sided_huber,additive_removal_premium_v1,0.015
prefs_ra7_eis0p9_prtp0p005,15,3,delay_frontier,fixed_learning_grid,default,0|5|10|15|35|75|125|175|225,optimal,209,7,2200,0.0078125,6.931045657072669,0.8748310363836989,0.5505735445397786,421.54772220010636,13.449265659351711,39.71450449715909,0.08243235783424521,0.00551830495648254,0.005502847229755489,7.0,0.9,0.005,1.5,1.5,10000.0,0.0,one_sided_huber,additive_removal_premium_v1,0.015
prefs_ra7_eis0p9_prtp0p005,15,3,delay_frontier,fixed_learning_grid,default,0|5|10|15|35|75|125|175|225,optimal,210,7,2200,0.0078125,7.043791004114846,0.8314546250130376,0.49999826688646365,429.34429954156815,13.434193895138907,39.66803553630393,0.08242782477081875,0.006648039758280138,0.0066375721547108696,7.0,0.9,0.005,1.5,1.5,10000.0,0.0,one_sided_huber,additive_removal_premium_v1,0.015
prefs_ra7_eis0p9_prtp0p005,15,3,delay_frontier,fixed_learning_grid,default,0|5|10|15|35|75|125|175|225,optimal,211,7,2200,0.0078125,5.132569307760087,0.9039088229385078,0.6948393486097617,401.1285422965222,13.490349502443333,39.82670497261468,0.08241139717695509,0.0027369490581258668,0.002694041819897258,7.0,0.9,0.005,1.5,1.5,10000.0,0.0,one_sided_huber,additive_removal_premium_v1,0.015
prefs_ra7_eis0p9_prtp0p005,15,3,delay_frontier,fixed_learning_grid,default,0|5|10|15|35|75|125|175|225,optimal,212,7,2200,0.0078125,5.2556166588496005,0.9018652954873754,0.6837346370162645,402.7695143659415,13.487461058099067,39.8188183779127,0.08241287074602476,0.002932605772954814,0.002893078325161278,7.0,0.9,0.005,1.5,1.5,10000.0,0.0,one_sided_huber,additive_removal_premium_v1,0.015
prefs_ra7_eis0p9_prtp0p005,15,3,delay_frontier,fixed_learning_grid,default,0|5|10|15|35|75|125|175|225,optimal,213,7,2200,0.0078125,5.288333316726086,0.8924010141712703,0.671850111251125,404.5476534961246,13.484624863239457,39.81034911677338,0.08241264991398956,0.003142256911497769,0.0031060919144920204,7.0,0.9,0.005,1.5,1.5,10000.0,0.0,one_sided_huber,additive_removal_premium_v1,0.015
prefs_ra7_eis0p9_prtp0p005,15,3,delay_frontier,fixed_learning_grid,default,0|5|10|15|35|75|125|175|225,optimal,214,7,2200,0.0078125,5.426072342029884,0.86071714349896,0.6299308186224346,411.06549905301347,13.474551900880158,39.78028567329796,0.08241190119250687,0.003883544069477352,0.0038574369123071973,7.0,0.9,0.005,1.5,1.5,10000.0,0.0,one_sided_huber,additive_removal_premium_v1,0.015
prefs_ra7_eis0p9_prtp0p005,15,3,delay_frontier,fixed_learning_grid,default,0|5|10|15|35|75|125|175|225,optimal,215,7,2200,0.0078125,5.436717453239726,0.849091937997928,0.6173103104654216,413.0478528839677,13.471594049257792,39.77117758515856,0.08241103605042378,0.0041072856047038465,0.004083641962035718,7.0,0.9,0.005,1.5,1.5,10000.0,0.0,one_sided_huber,additive_removal_premium_v1,0.015
prefs_ra7_eis0p9_prtp0p005,15,3,delay_frontier,fixed_learning_grid,default,0|5|10|15|35|75|125|175|225,optimal,216,7,2200,0.0078125,5.435729517655369,0.8395070586457447,0.6075513076904547,414.5089828921664,13.469327790888531,39.7641140705015,0.08241017710095964,0.004280536453682691,0.004258558509020038,7.0,0.9,0.005,1.5,1.5,10000.0,0.0,one_sided_huber,additive_removal_premium_v1,0.015
prefs_ra7_eis0p9_prtp0p005,15,3,delay_frontier,fixed_learning_grid,default,0|5|10|15|35|75|125|175|225,optimal,217,7,2200,0.0078125,6.885512445543705,0.8705400227923005,0.5487401950741404,424.0487844461736,13.448867866911595,39.71290054148965,0.08243136771146443,0.00555762132856434,0.00554398063232754,7.0,0.9,0.005,1.5,1.5,10000.0,0.0,one_sided_huber,additive_removal_premium_v1,0.015
prefs_ra7_eis0p9_prtp0p005,15,3,delay_frontier,fixed_learning_grid,default,0|5|10|15|35|75|125|175|225,optimal,218,7,2200,0.0078125,7.0069806003653285,0.8655565933193834,0.5369708732895663,425.85306585837805,13.44511498231707,39.70209425663722,0.08243200335954083,0.0058205035404430665,0.005808039536556349,7.0,0.9,0.005,1.5,1.5,10000.0,0.0,one_sided_huber,additive_removal_premium_v1,0.015
prefs_ra7_eis0p9_prtp0p005,15,3,delay_frontier,fixed_learning_grid,default,0|5|10|15|35|75|125|175|225,optimal,219,7,2200,0.0078125,6.886359907062367,0.8482905178420445,0.525981611547886,427.5217182548183,13.442207018672983,39.69199263646956,0.08242850827998953,0.006066063164643379,0.0060545968545485385,7.0,0.9,0.005,1.5,1.5,10000.0,0.0,one_sided_huber,additive_removal_premium_v1,0.015
prefs_ra7_eis0p9_prtp0p005,15,3,delay_frontier,fixed_learning_grid,default,0|5|10|15|35|75|125|175|225,optimal,220,7,2200,0.0078125,8.495145780397756,0.881185145151342,0.4790335625322699,434.43715097140284,13.423146674721215,39.646352011797546,0.08245309600298505,0.007208948488808374,0.007200834051207423,7.0,0.9,0.005,1.5,1.5,10000.0,0.0,one_sided_huber,additive_removal_premium_v1,0.015
prefs_ra7_eis0p9_prtp0p005,15,3,delay_frontier,fixed_learning_grid,default,0|5|10|15|35|75|125|175|225,optimal,221,7,2200,0.0078125,7.032472392854216,0.84827484080368,0.5179198954971009,429.6574392710221,13.439484792737069,39.6846138768735,0.08243003011541258,0.006245776150736188,0.006235471160268028,7.0,0.9,0.005,1.5,1.5,10000.0,0.0,one_sided_huber,additive_removal_premium_v1,0.015
prefs_ra7_eis0p9_prtp0p005,15,3,delay_frontier,fixed_learning_grid,default,0|5|10|15|35|75|125|175|225,optimal,222,7,2200,0.0078125,7.040376820793595,0.8379588831048838,0.506890020677863,431.3423652760574,13.436238477316397,39.67446148741093,0.08242872225354562,0.006492412086428181,0.006482939681552433,7.0,0.9,0.005,1.5,1.5,10000.0,0.0,one_sided_huber,additive_removal_premium_v1,0.015
prefs_ra7_eis0p9_prtp0p005,15,3,delay_frontier,fixed_learning_grid,default,0|5|10|15|35|75|125|175|225,optimal,223,7,2200,0.0078125,7.049591033905953,0.8307844713777892,0.4989907882656418,432.39064122428437,13.433843313012623,39.66715776917112,0.08242818823522588,0.006673628947317427,0.006664640235856038,7.0,0.9,0.005,1.5,1.5,10000.0,0.0,one_sided_huber,additive_removal_premium_v1,0.015
prefs_ra7_eis0p9_prtp0p005,15,3,delay_frontier,fixed_learning_grid,default,0|5|10|15|35|75|125|175|225,optimal,224,7,2200,0.0078125,8.585635421425636,0.8557136912221406,0.4490260984976653,439.9286580718188,13.412393551399257,39.61316813236632,0.08244980359202428,0.00801321527613092,0.008007049145664627,7.0,0.9,0.005,1.5,1.5,10000.0,0.0,one_sided_huber,additive_removal_premium_v1,0.015
prefs_ra7_eis0p9_prtp0p005,15,3,delay_frontier,fixed_learning_grid,default,0|5|10|15|35|75|125|175|225,optimal,225,7,2200,0.0078125,10.220770499655266,0.8612419165778465,0.3877705131522394,449.75268342698325,13.38607682223187,39.54477245648987,0.08247142348917302,0.009711668097277165,0.00970789508907987,7.0,0.9,0.005,1.5,1.5,10000.0,0.0,one_sided_huber,additive_removal_premium_v1,0.015
prefs_ra7_eis0p9_prtp0p005,15,3,delay_frontier,fixed_learning_grid,default,0|5|10|15|35|75|125|175|225,optimal,226,7,2200,0.0078125,2.0342664725270034,0.5767787099584581,0.6948393486097617,401.1285422965222,13.5182600045207,39.888561504298515,0.08236426684476233,0.0012326811566216555,0.0011897739183930468,7.0,0.9,0.005,1.5,1.5,10000.0,0.0,one_sided_huber,additive_removal_premium_v1,0.015
prefs_ra7_eis0p9_prtp0p005,15,3,delay_frontier,fixed_learning_grid,default,0|5|10|15|35|75|125|175|225,optimal,227,7,2200,0.0078125,1.9813528105205784,0.559185089007644,0.6837346370162645,402.7695143659415,13.517289017008894,39.885326013809674,0.08236341702345092,0.0013156269086532209,0.001276099460859685,7.0,0.9,0.005,1.5,1.5,10000.0,0.0,one_sided_huber,additive_removal_premium_v1,0.015
prefs_ra7_eis0p9_prtp0p005,15,3,delay_frontier,fixed_learning_grid,default,0|5|10|15|35|75|125|175|225,optimal,228,7,2200,0.0078125,2.097814054427751,0.5674166361645814,0.671850111251125,404.5476534961246,13.515873497712175,39.88184308611975,0.08236500915165458,0.001404652101164083,0.0013684871041583341,7.0,0.9,0.005,1.5,1.5,10000.0,0.0,one_sided_huber,additive_removal_premium_v1,0.015
prefs_ra7_eis0p9_prtp0p005,15,3,delay_frontier,fixed_learning_grid,default,0|5|10|15|35|75|125|175|225,optimal,229,7,2200,0.0078125,2.139720405131613,0.5392595115363287,0.6299308186224346,411.06549905301347,13.511657922032947,39.869374141491285,0.08236494058240035,0.0017204654598302592,0.0016943583026601049,7.0,0.9,0.005,1.5,1.5,10000.0,0.0,one_sided_huber,additive_removal_premium_v1,0.015
prefs_ra7_eis0p9_prtp0p005,15,3,delay_frontier,fixed_learning_grid,default,0|5|10|15|35|75|125|175|225,optimal,230,7,2200,0.0078125,2.2147087913743113,0.5397114649760575,0.6173103104654216,413.0478528839677,13.51025125525049,39.865568836168,0.08236573350263722,0.0018161109510134198,0.0017924673083452914,7.0,0.9,0.005,1.5,1.5,10000.0,0.0,one_sided_huber,additive_removal_premium_v1,0.015
prefs_ra7_eis0p9_prtp0p005,15,3,delay_frontier,fixed_learning_grid,default,0|5|10|15|35|75|125|175|225,optimal,231,7,2200,0.0078125,2.244365901450522,0.5359410157904227,0.6075513076904547,414.5089828921664,13.509220987252581,39.86260666141121,0.08236591235541849,0.0018903095563164404,0.001868331611653787,7.0,0.9,0.005,1.5,1.5,10000.0,0.0,one_sided_huber,additive_removal_premium_v1,0.015
prefs_ra7_eis0p9_prtp0p005,15,3,delay_frontier,fixed_learning_grid,default,0|5|10|15|35|75|125|175|225,optimal,232,7,2200,0.0078125,2.8898107143352147,0.5669705564353964,0.5487401950741404,424.0487844461736,13.500776434508001,39.84075140827786,0.08237294817265146,0.002431092052106339,0.0024174513558695384,7.0,0.9,0.005,1.5,1.5,10000.0,0.0,one_sided_huber,additive_removal_premium_v1,0.015
prefs_ra7_eis0p9_prtp0p005,15,3,delay_frontier,fixed_learning_grid,default,0|5|10|15|35|75|125|175|225,optimal,233,7,2200,0.0078125,2.9283846371770132,0.5614434534372984,0.5369708732895663,425.85306585837805,13.499242299175643,39.836229069178614,0.08237295940704281,0.0025425159086515936,0.0025300519047648765,7.0,0.9,0.005,1.5,1.5,10000.0,0.0,one_sided_huber,additive_removal_premium_v1,0.015
prefs_ra7_eis0p9_prtp0p005,15,3,delay_frontier,fixed_learning_grid,default,0|5|10|15|35|75|125|175|225,optimal,234,7,2200,0.0078125,2.9044182881552203,0.5498522266617725,0.525981611547886,427.5217182548183,13.497937529767642,39.83199750294813,0.08237208351016116,0.0026466557008352955,0.002635189390740455,7.0,0.9,0.005,1.5,1.5,10000.0,0.0,one_sided_huber,additive_removal_premium_v1,0.015
prefs_ra7_eis0p9_prtp0p005,15,3,delay_frontier,fixed_learning_grid,default,0|5|10|15|35|75|125|175|225,optimal,235,7,2200,0.0078125,3.5600716882626493,0.5754745870978705,0.4790335625322699,434.43715097140284,13.490209409600299,39.81230841087363,0.08237924828607748,0.0031320479573687574,0.0031239335197678067,7.0,0.9,0.005,1.5,1.5,10000.0,0.0,one_sided_huber,additive_removal_premium_v1,0.015
prefs_ra7_eis0p9_prtp0p005,15,3,delay_frontier,fixed_learning_grid,default,0|5|10|15|35|75|125|175|225,optimal,236,7,2200,0.0078125,2.973089122167728,0.5505808386753653,0.5179198954971009,429.6574392710221,13.496802804870507,39.828919830476416,0.08237270594826274,0.0027226231800444606,0.0027123181895763013,7.0,0.9,0.005,1.5,1.5,10000.0,0.0,one_sided_huber,additive_removal_premium_v1,0.015
prefs_ra7_eis0p9_prtp0p005,15,3,delay_frontier,fixed_learning_grid,default,0|5|10|15|35|75|125|175|225,optimal,237,7,2200,0.0078125,2.9173666385940336,0.535766064493426,0.506890020677863,431.3423652760574,13.49555789280872,39.82465841764066,0.08237135533551085,0.002827316637636703,0.002817844232760955,7.0,0.9,0.005,1.5,1.5,10000.0,0.0,one_sided_huber,additive_removal_premium_v1,0.015
prefs_ra7_eis0p9_prtp0p005,15,3,delay_frontier,fixed_learning_grid,default,0|5|10|15|35|75|125|175|225,optimal,238,7,2200,0.0078125,3.018017206184806,0.5398798239105511,0.4989907882656418,432.39064122428437,13.494343330500106,39.82158738434301,0.0823725345726399,0.0029043123058158536,0.0028953235943544645,7.0,0.9,0.005,1.5,1.5,10000.0,0.0,one_sided_huber,additive_removal_premium_v1,0.015
prefs_ra7_eis0p9_prtp0p005,15,3,delay_frontier,fixed_learning_grid,default,0|5|10|15|35|75|125|175|225,optimal,239,7,2200,0.0078125,3.5796752077763716,0.5524565584140703,0.4490260984976653,439.9286580718188,13.485719736208711,39.79832815651076,0.08237756862797938,0.003473835007364597,0.0034676688768983032,7.0,0.9,0.005,1.5,1.5,10000.0,0.0,one_sided_huber,additive_removal_premium_v1,0.015
prefs_ra7_eis0p9_prtp0p005,15,3,delay_frontier,fixed_learning_grid,default,0|5|10|15|35|75|125|175|225,optimal,240,7,2200,0.0078125,4.169124130467966,0.550214936021509,0.3877705131522394,449.75268342698325,13.475108682612222,39.76900333686448,0.0823821488510594,0.004194402561164786,0.004190629552967491,7.0,0.9,0.005,1.5,1.5,10000.0,0.0,one_sided_huber,additive_removal_premium_v1,0.015
prefs_ra7_eis0p9_prtp0p005,15,3,delay_frontier,fixed_learning_grid,default,0|5|10|15|35|75|125|175|225,optimal,241,7,2200,0.0078125,2.9298515944547634,0.5315464547453019,0.4999987902544343,434.0109242960124,13.49468909053275,39.82202699466648,0.08237119988979696,0.0028920661578686483,0.0028837769363894246,7.0,0.9,0.005,1.5,1.5,10000.0,0.0,one_sided_huber,additive_removal_premium_v1,0.015
prefs_ra7_eis0p9_prtp0p005,15,3,delay_frontier,fixed_learning_grid,default,0|5|10|15|35|75|125|175|225,optimal,242,7,2200,0.0078125,3.603239313855256,0.5894462148702929,0.4910799962020823,435.18301594285737,13.491915102368496,39.81797578094681,0.08238070465068806,0.0029937590790552753,0.0029859416796420755,7.0,0.9,0.005,1.5,1.5,10000.0,0.0,one_sided_huber,additive_removal_premium_v1,0.015
prefs_ra7_eis0p9_prtp0p005,15,3,delay_frontier,fixed_learning_grid,default,0|5|10|15|35|75|125|175|225,optimal,243,7,2200,0.0078125,3.5584198334317914,0.5779506933475111,0.48217960531575577,436.47449834323345,13.4906927891726,39.81382628128695,0.08237945823366534,0.003095224169355407,0.0030878956147158427,7.0,0.9,0.005,1.5,1.5,10000.0,0.0,one_sided_huber,additive_removal_premium_v1,0.015
prefs_ra7_eis0p9_prtp0p005,15,3,delay_frontier,fixed_learning_grid,default,0|5|10|15|35|75|125|175|225,optimal,244,7,2200,0.0078125,3.5871261444336637,0.5376969691151614,0.4300268446759741,444.54405237248943,13.482889297838742,39.789468770153526,0.08237640385093505,0.0036902006731790683,0.0036853052386408586,7.0,0.9,0.005,1.5,1.5,10000.0,0.0,one_sided_huber,additive_removal_premium_v1,0.015
prefs_ra7_eis0p9_prtp0p005,15,3,delay_frontier,fixed_learning_grid,default,0|5|10|15|35|75|125|175|225,optimal,245,7,2200,0.0078125,4.210628479205137,0.5374360048686405,0.3681742477385571,454.5131067864247,13.471669404590008,39.75841709367734,0.082381145236599,0.004452174303998419,0.004449200469357839,7.0,0.9,0.005,1.5,1.5,10000.0,0.0,one_sided_huber,additive_removal_premium_v1,0.015
prefs_ra7_eis0p9_prtp0p005,15,3,delay_frontier,fixed_learning_grid,default,0|5|10|15|35|75|125|175|225,optimal,246,7,2200,0.0078125,4.170633911188301,0.5163006957457972,0.34528793738786,458.68431711978496,13.467833303588883,39.74603529304697,0.08237870307036897,0.004753597242820348,0.004751183225523301,7.0,0.9,0.005,1.5,1.5,10000.0,0.0,one_sided_huber,additive_removal_premium_v1,0.015
prefs_ra7_eis0p9_prtp0p005,15,3,delay_frontier,fixed_learning_grid,default,0|5|10|15|35|75|125|175|225,optimal,247,7,2200,0.0078125,1.0702133773880325,0.27310630622816695,0.4999987902544343,434.0109242960124,13.52490583791917,39.9049612691175,0.08235690535080352,0.0009078842291631787,0.0008995950076839551,7.0,0.9,0.005,1.5,1.5,10000.0,0.0,one_sided_huber,additive_removal_premium_v1,0.015
prefs_ra7_eis0p9_prtp0p005,15,3,delay_frontier,fixed_learning_grid,default,0|5|10|15|35|75|125|175|225,optimal,248,7,2200,0.0078125,1.0771434813254634,0.2697097422248857,0.4910799962020823,435.18301594285737,13.524488404631201,39.90371785882227,0.08235687833261013,0.0009390256709779722,0.0009312082715647725,7.0,0.9,0.005,1.5,1.5,10000.0,0.0,one_sided_huber,additive_removal_premium_v1,0.015
prefs_ra7_eis0p9_prtp0p005,15,3,delay_frontier,fixed_learning_grid,default,0|5|10|15|35|75|125|175|225,optimal,249,7,2200,0.0078125,1.029347639174043,0.2561657151141186,0.48217960531575577,436.47449834323345,13.524145476857427,39.90247606426871,0.08235635089605033,0.000970084858828508,0.0009627563041889438,7.0,0.9,0.005,1.5,1.5,10000.0,0.0,one_sided_huber,additive_removal_premium_v1,0.015
prefs_ra7_eis0p9_prtp0p005,15,3,delay_frontier,fixed_learning_grid,default,0|5|10|15|35|75|125|175|225,optimal,250,7,2200,0.0078125,1.0432141983471703,0.23322343976990642,0.4300268446759741,444.54405237248943,13.521731470861342,39.895155183890886,0.08235589572137803,0.0011525106977456926,0.001147615263207483,7.0,0.9,0.005,1.5,1.5,10000.0,0.0,one_sided_huber,additive_removal_premium_v1,0.015
prefs_ra7_eis0p9_prtp0p005,15,3,delay_frontier,fixed_learning_grid,default,0|5|10|15|35|75|125|175|225,optimal,251,7,2200,0.0078125,1.1816896874499392,0.22670644593075687,0.3681742477385571,454.5131067864247,13.518573168629505,39.8859192172315,0.08235608485028072,0.0013800069686440372,0.0013770331340034578,7.0,0.9,0.005,1.5,1.5,10000.0,0.0,one_sided_huber,additive_removal_premium_v1,0.015
prefs_ra7_eis0p9_prtp0p005,15,3,delay_frontier,fixed_learning_grid,default,0|5|10|15|35|75|125|175|225,optimal,252,7,2200,0.0078125,1.1836199538856795,0.216638877115852,0.34528793738786,458.68431711978496,13.517415919951622,39.8823572523814,0.08235574629514145,0.0014678877637323124,0.0014654737464352657,7.0,0.9,0.005,1.5,1.5,10000.0,0.0,one_sided_huber,additive_removal_premium_v1,0.015
prefs_ra7_eis0p9_prtp0p005,15,3,delay_frontier,fixed_learning_grid,default,0|5|10|15|35|75|125|175|225,optimal,253,7,2200,0.0078125,1.182567496507856,0.21005074208616809,0.33062364091830965,462.2466417765372,13.516677082838132,39.88007406115264,0.08235550928167766,0.001524161815260264,0.0015221416558000936,7.0,0.9,0.005,1.5,1.5,10000.0,0.0,one_sided_huber,additive_removal_premium_v1,0.015
prefs_ra7_eis0p9_prtp0p005,15,3,delay_frontier,fixed_learning_grid,default,0|5|10|15|35|75|125|175|225,optimal,254,7,2200,0.0078125,0.1349743882712714,0.02975949753157463,0.33062364091830965,462.2466417765372,13.535947751376357,39.93749399977774,0.08235679946715531,0.00015723033144231078,0.0001552101719821403,7.0,0.9,0.005,1.5,1.5,10000.0,0.0,one_sided_huber,additive_removal_premium_v1,0.015
prefs_ra7_eis0p9_prtp0p005,15,3,delay_frontier,fixed_learning_grid,default,0|5|10|15|35|75|125|175|225,delayed,0,0,2025,1.0,0.0,0.0,0.0,425.6,1.0,7.634352178949543,0.236840010343808,0.0,0.0,7.0,0.9,0.005,1.5,1.5,10000.0,0.0,one_sided_huber,additive_removal_premium_v1,0.015
prefs_ra7_eis0p9_prtp0p005,15,3,delay_frontier,fixed_learning_grid,default,0|5|10|15|35|75|125|175|225,delayed,1,1,2030,0.5,0.0,0.0,1.1102230246251565e-16,447.78084386976184,1.0763710634048167,7.99721045199095,0.22979933147071352,0.0008474464266302309,0.000843282476390714,7.0,0.9,0.005,1.5,1.5,10000.0,0.0,one_sided_huber,additive_removal_premium_v1,0.015
prefs_ra7_eis0p9_prtp0p005,15,3,delay_frontier,fixed_learning_grid,default,0|5|10|15|35|75|125|175|225,delayed,2,1,2030,0.5,0.0,0.0,1.1102230246251565e-16,447.78084386976184,1.0768326570365325,8.192552311498476,0.2359321296126864,0.0004189673718486009,0.000414803421609084,7.0,0.9,0.005,1.5,1.5,10000.0,0.0,one_sided_huber,additive_removal_premium_v1,0.015
prefs_ra7_eis0p9_prtp0p005,15,3,delay_frontier,fixed_learning_grid,default,0|5|10|15|35|75|125|175|225,delayed,3,2,2035,0.25,0.0,0.0,0.0,465.5475315098372,1.1575922939317689,8.393107078610395,0.22364570765840314,0.002540652624879617,0.002538939820064291,7.0,0.9,0.005,1.5,1.5,10000.0,0.0,one_sided_huber,additive_removal_premium_v1,0.015
prefs_ra7_eis0p9_prtp0p005,15,3,delay_frontier,fixed_learning_grid,default,0|5|10|15|35|75|125|175|225,delayed,4,2,2035,0.25,0.0,0.0,0.0,465.5475315098372,1.1589246821907908,8.547743488054671,0.22793717323750906,0.0013925773221491189,0.001390864517333793,7.0,0.9,0.005,1.5,1.5,10000.0,0.0,one_sided_huber,additive_removal_premium_v1,0.015
prefs_ra7_eis0p9_prtp0p005,15,3,delay_frontier,fixed_learning_grid,default,0|5|10|15|35|75|125|175|225,delayed,5,2,2035,0.25,0.0,0.0,0.0,465.5475315098372,1.1589246821907908,8.658770095679543,0.23122917696921821,0.0013925773221491189,0.001390864517333793,7.0,0.9,0.005,1.5,1.5,10000.0,0.0,one_sided_huber,additive_removal_premium_v1,0.015
prefs_ra7_eis0p9_prtp0p005,15,3,delay_frontier,fixed_learning_grid,default,0|5|10|15|35|75|125|175|225,delayed,6,2,2035,0.25,0.0,0.0,0.0,465.5475315098372,1.1597693267877163,8.70439173804533,0.232395048424025,0.0006647747505272233,0.0006630619457118972,7.0,0.9,0.005,1.5,1.5,10000.0,0.0,one_sided_huber,additive_removal_premium_v1,0.015
prefs_ra7_eis0p9_prtp0p005,15,3,delay_frontier,fixed_learning_grid,default,0|5|10|15|35|75|125|175|225,delayed,7,3,2040,0.125,450.61133456123076,1.0,0.0,481.5023071324043,1.1520972371422515,8.837785033545122,0.23810500526771966,0.005337807428985926,0.005337036073214269,7.0,0.9,0.005,1.5,1.5,10000.0,0.0,one_sided_huber,additive_removal_premium_v1,0.015
prefs_ra7_eis0p9_prtp0p005,15,3,delay_frontier,fixed_learning_grid,default,0|5|10|15|35|75|125|175|225,delayed,8,3,2040,0.125,281.0570895538069,0.8199207324452499,0.0,481.5023071324043,1.1952693266783532,8.924165354122671,0.23105226532628145,0.0032246131285654156,0.003223841772793758,7.0,0.9,0.005,1.5,1.5,10000.0,0.0,one_sided_huber,additive_removal_premium_v1,0.015
prefs_ra7_eis0p9_prtp0p005,15,3,delay_frontier,fixed_learning_grid,default,0|5|10|15|35|75|125|175|225,delayed,9,3,2040,0.125,296.8701006038714,0.8402331814416588,0.0,481.5023071324043,1.1915830991077403,9.043119562975578,0.23528289031565183,0.0032246131285654156,0.003223841772793758,7.0,0.9,0.005,1.5,1.5,10000.0,0.0,one_sided_huber,additive_removal_premium_v1,0.015
prefs_ra7_eis0p9_prtp0p005,15,3,delay_frontier,fixed_learning_grid,default,0|5|10|15|35|75|125|175|225,delayed,10,3,2040,0.125,298.76912564934133,0.84261012924735,0.0,481.5023071324043,1.191138426213472,9.054468669643416,0.2357087346913609,0.0032246131285654156,0.003223841772793758,7.0,0.9,0.005,1.5,1.5,10000.0,0.0,one_sided_huber,additive_removal_premium_v1,0.015
prefs_ra7_eis0p9_prtp0p005,15,3,delay_frontier,fixed_learning_grid,default,0|5|10|15|35|75|125|175|225,delayed,11,3,2040,0.125,156.52766369953227,0.6146183561640207,0.0,481.5023071324043,1.224751269517827,9.167957642148739,0.23171697995548,0.0016810496353052767,0.0016802782795336192,7.0,0.9,0.005,1.5,1.5,10000.0,0.0,one_sided_huber,additive_removal_premium_v1,0.015
prefs_ra7_eis0p9_prtp0p005,15,3,delay_frontier,fixed_learning_grid,default,0|5|10|15|35|75|125|175|225,delayed,12,3,2040,0.125,157.03846557924427,0.6156925095478865,0.0,481.5023071324043,1.2246453182534252,9.17223027728307,0.2318592575735374,0.0016810496353052767,0.0016802782795336192,7.0,0.9,0.005,1.5,1.5,10000.0,0.0,one_sided_huber,additive_removal_premium_v1,0.015
prefs_ra7_eis0p9_prtp0p005,15,3,delay_frontier,fixed_learning_grid,default,0|5|10|15|35|75|125|175|225,delayed,13,3,2040,0.125,160.38788460515906,0.6226711230896897,0.0,481.5023071324043,1.223948513842982,9.201803998635562,0.23283724270428444,0.0016810496353052767,0.0016802782795336192,7.0,0.9,0.005,1.5,1.5,10000.0,0.0,one_sided_huber,additive_removal_premium_v1,0.015
prefs_ra7_eis0p9_prtp0p005,15,3,delay_frontier,fixed_learning_grid,default,0|5|10|15|35|75|125|175|225,delayed,14,3,2040,0.125,79.15698340358465,0.4106673776176476,0.0,481.5023071324043,1.2405977703153477,9.237925656191539,0.23036853261423712,0.0007858751465364094,0.0007851037907647521,7.0,0.9,0.005,1.5,1.5,10000.0,0.0,one_sided_huber,additive_removal_premium_v1,0.015
prefs_ra7_eis0p9_prtp0p005,15,3,delay_frontier,fixed_learning_grid,default,0|5|10|15|35|75|125|175|225,delayed,15,4,2060,0.0625,256.6844822247366,1.0,0.5677040597956766,454.8078997142822,1.6028883612949651,11.059697190339365,0.2116613115926335,0.0064745920935058675,0.006471661770546711,7.0,0.9,0.005,1.5,1.5,10000.0,0.0,one_sided_huber,additive_removal_premium_v1,0.015
prefs_ra7_eis0p9_prtp0p005,15,3,delay_frontier,fixed_learning_grid,default,0|5|10|15|35|75|125|175|225,delayed,16,4,2060,0.0625,230.37489248517667,0.9578389476466299,0.5677040597956766,454.8078997142822,1.6152406302431364,11.182191303428882,0.21244782548518876,0.004192615920057158,0.0041896855970980015,7.0,0.9,0.005,1.5,1.5,10000.0,0.0,one_sided_huber,additive_removal_premium_v1,0.015
prefs_ra7_eis0p9_prtp0p005,15,3,delay_frontier,fixed_learning_grid,default,0|5|10|15|35|75|125|175|225,delayed,17,4,2060,0.0625,241.639745033413,0.9580966465764644,0.4654723285198131,469.0737301484236,1.6100237765437702,11.16217172759876,0.2127887428501915,0.005548998031287013,0.005547562087083186,7.0,0.9,0.005,1.5,1.5,10000.0,0.0,one_sided_huber,additive_removal_premium_v1,0.015
prefs_ra7_eis0p9_prtp0p005,15,3,delay_frontier,fixed_learning_grid,default,0|5|10|15|35|75|125|175|225,delayed,18,4,2060,0.0625,245.20257373782067,0.9658358372277344,0.4770037882794671,467.46458348196006,1.6090450149992728,11.216592991944578,0.21408638329482624,0.005384749098864516,0.005383192847702957,7.0,0.9,0.005,1.5,1.5,10000.0,0.0,one_sided_huber,additive_removal_premium_v1,0.015
prefs_ra7_eis0p9_prtp0p005,15,3,delay_frontier,fixed_learning_grid,default,0|5|10|15|35|75|125|175|225,delayed,19,4,2060,0.0625,255.60593751615636,0.9822570639795672,0.47835319119868036,467.27628232543475,1.6056470630724728,11.332694275825396,0.21705924398363904,0.005365529453021795,0.005363958480496075,7.0,0.9,0.005,1.5,1.5,10000.0,0.0,one_sided_huber,additive_removal_premium_v1,0.015
prefs_ra7_eis0p9_prtp0p005,15,3,delay_frontier,fixed_learning_grid,default,0|5|10|15|35|75|125|175|225,delayed,20,4,2060,0.0625,124.56662141414672,0.7124572206504244,0.4654723285198131,469.0737301484236,1.6508092290103773,11.392693258734647,0.21170981319290838,0.0031607798769019498,0.003159343932698122,7.0,0.9,0.005,1.5,1.5,10000.0,0.0,one_sided_huber,additive_removal_premium_v1,0.015
prefs_ra7_eis0p9_prtp0p005,15,3,delay_frontier,fixed_learning_grid,default,0|5|10|15|35|75|125|175|225,delayed,21,4,2060,0.0625,121.52245862525069,0.7056488849215417,0.4770037882794671,467.46458348196006,1.651839034128219,11.400694629748099,0.2117282690738381,0.0030545157182073077,0.0030529594670457485,7.0,0.9,0.005,1.5,1.5,10000.0,0.0,one_sided_huber,additive_removal_premium_v1,0.015
prefs_ra7_eis0p9_prtp0p005,15,3,delay_frontier,fixed_learning_grid,default,0|5|10|15|35|75|125|175|225,delayed,22,4,2060,0.0625,119.9855337378387,0.7014209660255857,0.47835319119868036,467.27628232543475,1.652308210134849,11.356561767535375,0.2107512699828656,0.0030420814078354758,0.003040510435309755,7.0,0.9,0.005,1.5,1.5,10000.0,0.0,one_sided_huber,additive_removal_premium_v1,0.015
prefs_ra7_eis0p9_prtp0p005,15,3,delay_frontier,fixed_learning_grid,default,0|5|10|15|35|75|125|175|225,delayed,23,4,2060,0.0625,136.8398870346909,0.7266892387655469,0.34892133601925956,485.3377283727824,1.6457933821168416,11.508365349544922,0.21482465070263942,0.004294259143443271,0.004293622392381365,7.0,0.9,0.005,1.5,1.5,10000.0,0.0,one_sided_huber,additive_removal_premium_v1,0.015
prefs_ra7_eis0p9_prtp0p005,15,3,delay_frontier,fixed_learning_grid,default,0|5|10|15|35|75|125|175|225,delayed,24,4,2060,0.0625,136.13291566827718,0.7249569648518678,0.3495311372561235,485.2526342348366,1.6460122709556027,11.489707744670858,0.21440602529320663,0.004287931388828157,0.004287291922807267,7.0,0.9,0.005,1.5,1.5,10000.0,0.0,one_sided_huber,additive_removal_premium_v1,0.015
prefs_ra7_eis0p9_prtp0p005,15,3,delay_frontier,fixed_learning_grid,default,0|5|10|15|35|75|125|175|225,delayed,25,4,2060,0.0625,137.19471182495573,0.7283486590231812,0.35349292449555025,484.6997903744377,1.6457445553161358,11.48776978915407,0.21440459000687953,0.004246821199613649,0.004246163810789613,7.0,0.9,0.005,1.5,1.5,10000.0,0.0,one_sided_huber,additive_removal_premium_v1,0.015
prefs_ra7_eis0p9_prtp0p005,15,3,delay_frontier,fixed_learning_grid,default,0|5|10|15|35|75|125|175|225,delayed,26,4,2060,0.0625,62.773507767577875,0.4746074132568188,0.34892133601925956,485.3377283727824,1.669815719266596,11.521637173369761,0.2116643922289645,0.0021937389983813942,0.0021931022473194875,7.0,0.9,0.005,1.5,1.5,10000.0,0.0,one_sided_huber,additive_removal_premium_v1,0.015
prefs_ra7_eis0p9_prtp0p005,15,3,delay_frontier,fixed_learning_grid,default,0|5|10|15|35|75|125|175|225,delayed,27,4,2060,0.0625,62.56251857692664,0.4737151131162996,0.3495311372561235,485.2526342348366,1.6698718616956767,11.531278580879517,0.21185328992980584,0.002190221665326358,0.002189582199305467,7.0,0.9,0.005,1.5,1.5,10000.0,0.0,one_sided_huber,additive_removal_premium_v1,0.015
prefs_ra7_eis0p9_prtp0p005,15,3,delay_frontier,fixed_learning_grid,default,0|5|10|15|35|75|125|175|225,delayed,28,4,2060,0.0625,63.088539515554814,0.47666506719296425,0.35349292449555025,484.6997903744377,1.6697720477360949,11.562799919504304,0.21251095895523453,0.0021673703637641365,0.0021667129749401008,7.0,0.9,0.005,1.5,1.5,10000.0,0.0,one_sided_huber,additive_removal_premium_v1,0.015
prefs_ra7_eis0p9_prtp0p005,15,3,delay_frontier,fixed_learning_grid,default,0|5|10|15|35|75|125|175|225,delayed,29,4,2060,0.0625,69.46354855162035,0.4886424118553519,0.23313753749918276,501.4946692373668,1.6672533631913329,11.55752238442683,0.21275974493317684,0.002905549597924147,0.002905265723466127,7.0,0.9,0.005,1.5,1.5,10000.0,0.0,one_sided_huber,additive_removal_premium_v1,0.015
prefs_ra7_eis0p9_prtp0p005,15,3,delay_frontier,fixed_learning_grid,default,0|5|10|15|35|75|125|175|225,delayed,30,4,2060,0.0625,30.969055265448684,0.28475848709371443,0.23313753749918276,501.4946692373668,1.6784201072713956,11.598522316494336,0.21202011684912495,0.0012633317245120323,0.0012630478500540122,7.0,0.9,0.005,1.5,1.5,10000.0,0.0,one_sided_huber,additive_removal_premium_v1,0.015
prefs_ra7_eis0p9_prtp0p005,15,3,delay_frontier,fixed_learning_grid,default,0|5|10|15|35|75|125|175|225,delayed,31,5,2100,0.03125,82.00827060904943,1.0,0.7433908975413197,426.3790229719319,2.8929713439967455,16.884352860846377,0.1757373481240695,0.04006160274280695,0.04004946223919095,7.0,0.9,0.005,1.5,1.5,10000.0,0.0,one_sided_huber,additive_removal_premium_v1,0.015
prefs_ra7_eis0p9_prtp0p005,15,3,delay_frontier,fixed_learning_grid,default,0|5|10|15|35|75|125|175|225,delayed,32,5,2100,0.03125,82.00827060904943,1.0,0.7433908975413197,426.3790229719319,2.9396832629740297,16.896767028172352,0.17277837656910863,0.024561772532282387,0.02454963202866639,7.0,0.9,0.005,1.5,1.5,10000.0,0.0,one_sided_huber,additive_removal_premium_v1,0.015
prefs_ra7_eis0p9_prtp0p005,15,3,delay_frontier,fixed_learning_grid,default,0|5|10|15|35|75|125|175|225,delayed,33,5,2100,0.03125,83.53719059607039,1.0,0.7262564734694879,429.77477740450047,2.933935581378302,17.08247936965506,0.17527039309688106,0.02622265273359438,0.026212408023920386,7.0,0.9,0.005,1.5,1.5,10000.0,0.0,one_sided_huber,additive_removal_premium_v1,0.015
prefs_ra7_eis0p9_prtp0p005,15,3,delay_frontier,fixed_learning_grid,default,0|5|10|15|35|75|125|175|225,delayed,34,5,2100,0.03125,89.1714510297728,1.0,0.6656768657057752,439.43676508795613,2.913232902433682,17.100958420473027,0.17686722175855688,0.03219158691802969,0.03218526725439816,7.0,0.9,0.005,1.5,1.5,10000.0,0.0,one_sided_huber,additive_removal_premium_v1,0.015
prefs_ra7_eis0p9_prtp0p005,15,3,delay_frontier,fixed_learning_grid,default,0|5|10|15|35|75|125|175|225,delayed,35,5,2100,0.03125,88.21716172989935,1.0,0.6756671317932945,437.7212447364424,2.916692799264334,17.10699463033262,0.17670339459170753,0.031195298025827593,0.03118841236274762,7.0,0.9,0.005,1.5,1.5,10000.0,0.0,one_sided_huber,additive_removal_premium_v1,0.015
prefs_ra7_eis0p9_prtp0p005,15,3,delay_frontier,fixed_learning_grid,default,0|5|10|15|35|75|125|175|225,delayed,36,5,2100,0.03125,87.50975883008272,1.0,0.6831417855463713,436.27083199404694,2.919278622180722,17.030746668368852,0.17565547228583675,0.03044997541676867,0.030442571852407518,7.0,0.9,0.005,1.5,1.5,10000.0,0.0,one_sided_huber,additive_removal_premium_v1,0.015
prefs_ra7_eis0p9_prtp0p005,15,3,delay_frontier,fixed_learning_grid,default,0|5|10|15|35|75|125|175|225,delayed,37,5,2100,0.03125,44.04342865052942,0.7586356652265731,0.7262564734694879,429.77477740450047,3.002796318698407,16.9844297793283,0.16972119369543845,0.010928724589657213,0.010918479879983222,7.0,0.9,0.005,1.5,1.5,10000.0,0.0,one_sided_huber,additive_removal_premium_v1,0.015
prefs_ra7_eis0p9_prtp0p005,15,3,delay_frontier,fixed_learning_grid,default,0|5|10|15|35|75|125|175|225,delayed,38,5,2100,0.03125,51.49650120434672,0.7916341963221171,0.6656768657057752,439.43676508795613,2.990814331080736,17.30531383321763,0.1740592515135966,0.0136548988433254,0.013648579179693872,7.0,0.9,0.005,1.5,1.5,10000.0,0.0,one_sided_huber,additive_removal_premium_v1,0.015
prefs_ra7_eis0p9_prtp0p005,15,3,delay_frontier,fixed_learning_grid,default,0|5|10|15|35|75|125|175|225,delayed,39,5,2100,0.03125,50.5042686243358,0.7884612341917865,0.6756671317932945,437.7212447364424,2.992708057999047,17.40037253153689,0.17499880160347409,0.013188930932288184,0.01318204526920821,7.0,0.9,0.005,1.5,1.5,10000.0,0.0,one_sided_huber,additive_removal_premium_v1,0.015
prefs_ra7_eis0p9_prtp0p005,15,3,delay_frontier,fixed_learning_grid,default,0|5|10|15|35|75|125|175|225,delayed,40,5,2100,0.03125,48.30378912307317,0.7751950115634242,0.6831417855463713,436.27083199404694,2.9949303107062373,17.359958523530906,0.17440334792055237,0.012840391119350338,0.012832987554989185,7.0,0.9,0.005,1.5,1.5,10000.0,0.0,one_sided_huber,additive_removal_premium_v1,0.015
prefs_ra7_eis0p9_prtp0p005,15,3,delay_frontier,fixed_learning_grid,default,0|5|10|15|35|75|125|175|225,delayed,41,5,2100,0.03125,56.177535897025024,0.7841908046784816,0.5658479985963507,459.22116616055575,2.974588126954066,17.28401694501393,0.17487511737446482,0.01839537234711456,0.01839302226586967,7.0,0.9,0.005,1.5,1.5,10000.0,0.0,one_sided_huber,additive_removal_premium_v1,0.015
prefs_ra7_eis0p9_prtp0p005,15,3,delay_frontier,fixed_learning_grid,default,0|5|10|15|35|75|125|175|225,delayed,42,5,2100,0.03125,57.108966905309636,0.7917833483331823,0.5699260904785273,458.6773392187385,2.974650429584373,17.474129858547265,0.17700953556591215,0.01819513762883144,0.01819272276915079,7.0,0.9,0.005,1.5,1.5,10000.0,0.0,one_sided_huber,additive_removal_premium_v1,0.015
prefs_ra7_eis0p9_prtp0p005,15,3,delay_frontier,fixed_learning_grid,default,0|5|10|15|35|75|125|175|225,delayed,43,5,2100,0.03125,56.73101003846596,0.7890003854225285,0.5690088470065353,458.89005924813756,2.9747295371715663,17.413963799967064,0.17632726556246334,0.018240163396486455,0.01823777408508892,7.0,0.9,0.005,1.5,1.5,10000.0,0.0,one_sided_huber,additive_removal_premium_v1,0.015
prefs_ra7_eis0p9_prtp0p005,15,3,delay_frontier,fixed_learning_grid,default,0|5|10|15|35|75|125|175|225,delayed,44,5,2100,0.03125,60.4247428966014,0.7859175616062438,0.5024477563782612,469.11385785800485,2.9633239094100916,17.37345717059679,0.17662388804805085,0.021508420631130742,0.021506987565092065,7.0,0.9,0.005,1.5,1.5,10000.0,0.0,one_sided_huber,additive_removal_premium_v1,0.015
prefs_ra7_eis0p9_prtp0p005,15,3,delay_frontier,fixed_learning_grid,default,0|5|10|15|35|75|125|175|225,delayed,45,5,2100,0.03125,60.045334560503186,0.7834912371902563,0.5021057286972617,469.19562292367857,2.9634838782742103,17.348316604188298,0.17632934922043864,0.02152521381056024,0.021523786591290457,7.0,0.9,0.005,1.5,1.5,10000.0,0.0,one_sided_huber,additive_removal_premium_v1,0.015
prefs_ra7_eis0p9_prtp0p005,15,3,delay_frontier,fixed_learning_grid,default,0|5|10|15|35|75|125|175|225,delayed,46,5,2100,0.03125,60.20741337489992,0.7859308214621195,0.5058358277827117,468.54721212183625,2.963919448371538,17.2707817464491,0.1754252857195946,0.021342053351961127,0.02134057910330015,7.0,0.9,0.005,1.5,1.5,10000.0,0.0,one_sided_huber,additive_removal_premium_v1,0.015
prefs_ra7_eis0p9_prtp0p005,15,3,delay_frontier,fixed_learning_grid,default,0|5|10|15|35|75|125|175|225,delayed,47,5,2100,0.03125,24.139688887466793,0.5024717078647429,0.5658479985963507,459.22116616055575,3.0307100353837058,17.601820873583826,0.17478358730973323,0.0053490114571166075,0.0053466613758717165,7.0,0.9,0.005,1.5,1.5,10000.0,0.0,one_sided_huber,additive_removal_premium_v1,0.015
prefs_ra7_eis0p9_prtp0p005,15,3,delay_frontier,fixed_learning_grid,default,0|5|10|15|35|75|125|175|225,delayed,48,5,2100,0.03125,23.987997408474556,0.501899522886297,0.5699260904785273,458.6773392187385,3.0309980888048247,17.577354062390537,0.17449523379586748,0.005272212862963697,0.00526979800328305,7.0,0.9,0.005,1.5,1.5,10000.0,0.0,one_sided_huber,additive_removal_premium_v1,0.015
prefs_ra7_eis0p9_prtp0p005,15,3,delay_frontier,fixed_learning_grid,default,0|5|10|15|35|75|125|175|225,delayed,49,5,2100,0.03125,23.894682600874646,0.5004445428501275,0.5690088470065353,458.89005924813756,3.0309914750254316,17.567171027695935,0.17438333821508115,0.005289475406459579,0.005287086095062044,7.0,0.9,0.005,1.5,1.5,10000.0,0.0,one_sided_huber,additive_removal_premium_v1,0.015
prefs_ra7_eis0p9_prtp0p005,15,3,delay_frontier,fixed_learning_grid,default,0|5|10|15|35|75|125|175|225,delayed,50,5,2100,0.03125,24.32287641009918,0.48457418556030374,0.5024477563782612,469.11385785800485,3.0272270815821836,17.540196585181857,0.17432639324612573,0.006543054384112545,0.0065416213180738685,7.0,0.9,0.005,1.5,1.5,10000.0,0.0,one_sided_huber,additive_removal_premium_v1,0.015
prefs_ra7_eis0p9_prtp0p005,15,3,delay_frontier,fixed_learning_grid,default,0|5|10|15|35|75|125|175|225,delayed,51,5,2100,0.03125,24.51145823331568,0.4867287602865376,0.5021057286972617,469.19562292367857,3.027124259454249,17.50552411876753,0.17395011288228981,0.006549495032871423,0.006548067813601644,7.0,0.9,0.005,1.5,1.5,10000.0,0.0,one_sided_huber,additive_removal_premium_v1,0.015
prefs_ra7_eis0p9_prtp0p005,15,3,delay_frontier,fixed_learning_grid,default,0|5|10|15|35|75|125|175|225,delayed,52,5,2100,0.03125,24.40101057469827,0.48657946385961137,0.5058358277827117,468.54721212183625,3.0273737538465926,17.599160381787748,0.17496823124813896,0.006479237614966894,0.006477763366305919,7.0,0.9,0.005,1.5,1.5,10000.0,0.0,one_sided_huber,additive_removal_premium_v1,0.015
prefs_ra7_eis0p9_prtp0p005,15,3,delay_frontier,fixed_learning_grid,default,0|5|10|15|35|75|125|175|225,delayed,53,5,2100,0.03125,29.235465766743914,0.5064847717308162,0.4000006717356318,489.41714557403867,3.018587336471423,17.56608756124888,0.17516772080817158,0.008788291135242586,0.00878777187351975,7.0,0.9,0.005,1.5,1.5,10000.0,0.0,one_sided_huber,additive_removal_premium_v1,0.015
prefs_ra7_eis0p9_prtp0p005,15,3,delay_frontier,fixed_learning_grid,default,0|5|10|15|35|75|125|175|225,delayed,54,5,2100,0.03125,29.06409678501132,0.5047249581246578,0.40000001283067443,489.43125709445593,3.0186655761738628,17.54497354828481,0.17492875709243455,0.008788305265102247,0.008787786369628616,7.0,0.9,0.005,1.5,1.5,10000.0,0.0,one_sided_huber,additive_removal_premium_v1,0.015
prefs_ra7_eis0p9_prtp0p005,15,3,delay_frontier,fixed_learning_grid,default,0|5|10|15|35|75|125|175|225,delayed,55,5,2100,0.03125,28.936312459673047,0.5045461080094538,0.40355058693539625,488.8184251219055,3.0189458387911774,17.54345381338384,0.17489387937791115,0.008710207704017548,0.008709672662661032,7.0,0.9,0.005,1.5,1.5,10000.0,0.0,one_sided_huber,additive_removal_premium_v1,0.015
prefs_ra7_eis0p9_prtp0p005,15,3,delay_frontier,fixed_learning_grid,default,0|5|10|15|35|75|125|175|225,delayed,56,5,2100,0.03125,32.2541639473424,0.5157264498206771,0.33697576319016787,499.25304194151613,3.0127409549813713,17.608277006751607,0.17601397881828382,0.01035127446469834,0.010350956921641152,7.0,0.9,0.005,1.5,1.5,10000.0,0.0,one_sided_huber,additive_removal_premium_v1,0.015
prefs_ra7_eis0p9_prtp0p005,15,3,delay_frontier,fixed_learning_grid,default,0|5|10|15|35|75|125|175|225,delayed,57,5,2100,0.03125,12.498194160796826,0.28857026387087326,0.4000006717356318,489.41714557403867,3.0427304763552203,17.628705228206265,0.17431188761377134,0.003076121394882571,0.003075602133159733,7.0,0.9,0.005,1.5,1.5,10000.0,0.0,one_sided_huber,additive_removal_premium_v1,0.015
prefs_ra7_eis0p9_prtp0p005,15,3,delay_frontier,fixed_learning_grid,default,0|5|10|15|35|75|125|175|225,delayed,58,5,2100,0.03125,12.491899882751802,0.28846379526761645,0.40000001283067443,489.43125709445593,3.04273250019917,17.61977681598937,0.17421366855545395,0.0030761267729150182,0.003075607877441387,7.0,0.9,0.005,1.5,1.5,10000.0,0.0,one_sided_huber,additive_removal_premium_v1,0.015
prefs_ra7_eis0p9_prtp0p005,15,3,delay_frontier,fixed_learning_grid,default,0|5|10|15|35|75|125|175|225,delayed,59,5,2100,0.03125,12.313005289996857,0.2862295740402976,0.40355058693539625,488.8184251219055,3.0428787398356887,17.618113047771168,0.17418608856747633,0.003045189292687825,0.003044654251331308,7.0,0.9,0.005,1.5,1.5,10000.0,0.0,one_sided_huber,additive_removal_premium_v1,0.015
prefs_ra7_eis0p9_prtp0p005,15,3,delay_frontier,fixed_learning_grid,default,0|5|10|15|35|75|125|175|225,delayed,60,5,2100,0.03125,13.281641116931928,0.28714485854898103,0.33697576319016787,499.25304194151613,3.040652111422468,17.622889745323242,0.17438033802859348,0.0037102120949324283,0.003709894551875241,7.0,0.9,0.005,1.5,1.5,10000.0,0.0,one_sided_huber,additive_removal_premium_v1,0.015
prefs_ra7_eis0p9_prtp0p005,15,3,delay_frontier,fixed_learning_grid,default,0|5|10|15|35|75|125|175|225,delayed,61,5,2100,0.03125,15.454684574752225,0.300570345268124,0.25411650249109063,515.6743526677286,3.03736242301802,17.663038314818454,0.17503220569305555,0.004607929947155767,0.004607790240059164,7.0,0.9,0.005,1.5,1.5,10000.0,0.0,one_sided_huber,additive_removal_premium_v1,0.015
prefs_ra7_eis0p9_prtp0p005,15,3,delay_frontier,fixed_learning_grid,default,0|5|10|15|35|75|125|175|225,delayed,62,5,2100,0.03125,5.257305267885863,0.12682193364348746,0.25411650249109063,515.6743526677286,3.049075660952125,17.67767489793441,0.17444573275009925,0.001646179558232896,0.0016460398511362925,7.0,0.9,0.005,1.5,1.5,10000.0,0.0,one_sided_huber,additive_removal_premium_v1,0.015
prefs_ra7_eis0p9_prtp0p005,15,3,delay_frontier,fixed_learning_grid,default,0|5|10|15|35|75|125|175|225,delayed,63,6,2150,0.015625,20.428026607446768,1.0,0.7785310589579523,400.34299288794256,6.105420620533609,26.58873611598109,0.1269337756385508,0.047399587608023645,0.047354961624188285,7.0,0.9,0.005,1.5,1.5,10000.0,0.0,one_sided_huber,additive_removal_premium_v1,0.015
prefs_ra7_eis0p9_prtp0p005,15,3,delay_frontier,fixed_learning_grid,default,0|5|10|15|35|75|125|175|225,delayed,64,6,2150,0.015625,20.428026607446768,1.0,0.7785310589579523,400.34299288794256,6.198695559179189,26.835319103712184,0.12610008154034777,0.03284633230554955,0.03280170632171419,7.0,0.9,0.005,1.5,1.5,10000.0,0.0,one_sided_huber,additive_removal_premium_v1,0.015
prefs_ra7_eis0p9_prtp0p005,15,3,delay_frontier,fixed_learning_grid,default,0|5|10|15|35|75|125|175|225,delayed,65,6,2150,0.015625,20.428026607446768,1.0,0.7785310589579523,400.34299288794256,6.198695559179189,26.658528097181364,0.12517736783731892,0.03284633230554955,0.03280170632171419,7.0,0.9,0.005,1.5,1.5,10000.0,0.0,one_sided_huber,additive_removal_premium_v1,0.015
prefs_ra7_eis0p9_prtp0p005,15,3,delay_frontier,fixed_learning_grid,default,0|5|10|15|35|75|125|175|225,delayed,66,6,2150,0.015625,20.994337050674858,1.0,0.7637430303253163,402.85075477048036,6.1840623605168465,26.589635540480735,0.12514619925506318,0.035039990449757016,0.035000623231287394,7.0,0.9,0.005,1.5,1.5,10000.0,0.0,one_sided_huber,additive_removal_premium_v1,0.015
prefs_ra7_eis0p9_prtp0p005,15,3,delay_frontier,fixed_learning_grid,default,0|5|10|15|35|75|125|175|225,delayed,67,6,2150,0.015625,23.124256950816488,1.0,0.7114592202358734,410.96561373757413,6.1321835695131,27.12084048483606,0.12913030891672178,0.042801241101408885,0.0427750032354528,7.0,0.9,0.005,1.5,1.5,10000.0,0.0,one_sided_huber,additive_removal_premium_v1,0.015
prefs_ra7_eis0p9_prtp0p005,15,3,delay_frontier,fixed_learning_grid,default,0|5|10|15|35|75|125|175|225,delayed,68,6,2150,0.015625,22.75880762707222,1.0,0.720081414966816,409.5882196818728,6.140752756518278,27.012500632913923,0.1283579686782676,0.041521028065350345,0.041492919580998634,7.0,0.9,0.005,1.5,1.5,10000.0,0.0,one_sided_huber,additive_removal_premium_v1,0.015
prefs_ra7_eis0p9_prtp0p005,15,3,delay_frontier,fixed_learning_grid,default,0|5|10|15|35|75|125|175|225,delayed,69,6,2150,0.015625,22.489131803444735,1.0,0.7265324864038336,408.5041623349971,6.147159969393193,26.977826572825876,0.12802647761275535,0.04056334676380437,0.04053367271854554,7.0,0.9,0.005,1.5,1.5,10000.0,0.0,one_sided_huber,additive_removal_premium_v1,0.015
prefs_ra7_eis0p9_prtp0p005,15,3,delay_frontier,fixed_learning_grid,default,0|5|10|15|35|75|125|175|225,delayed,70,6,2150,0.015625,20.428026607446768,1.0,0.7785310589579523,400.34299288794256,6.304272027763939,27.211054210777682,0.1256826501658924,0.016373726442084766,0.016329100458249406,7.0,0.9,0.005,1.5,1.5,10000.0,0.0,one_sided_huber,additive_removal_premium_v1,0.015
prefs_ra7_eis0p9_prtp0p005,15,3,delay_frontier,fixed_learning_grid,default,0|5|10|15|35|75|125|175|225,delayed,71,6,2150,0.015625,20.994337050674858,1.0,0.7637430303253163,402.85075477048036,6.296362659531224,27.05180820947003,0.125039958521076,0.01751667142547217,0.017477304207002546,7.0,0.9,0.005,1.5,1.5,10000.0,0.0,one_sided_huber,additive_removal_premium_v1,0.015
prefs_ra7_eis0p9_prtp0p005,15,3,delay_frontier,fixed_learning_grid,default,0|5|10|15|35|75|125|175|225,delayed,72,6,2150,0.015625,23.124256950816488,1.0,0.7114592202358734,410.96561373757413,6.268243443492642,27.069059668845092,0.12575241094015083,0.021563073484150874,0.02153683561819479,7.0,0.9,0.005,1.5,1.5,10000.0,0.0,one_sided_huber,additive_removal_premium_v1,0.015
prefs_ra7_eis0p9_prtp0p005,15,3,delay_frontier,fixed_learning_grid,default,0|5|10|15|35|75|125|175|225,delayed,73,6,2150,0.015625,22.75880762707222,1.0,0.720081414966816,409.5882196818728,6.272895857587027,26.956087355942934,0.12506626157034487,0.020895481217500456,0.02086737273314875,7.0,0.9,0.005,1.5,1.5,10000.0,0.0,one_sided_huber,additive_removal_premium_v1,0.015
prefs_ra7_eis0p9_prtp0p005,15,3,delay_frontier,fixed_learning_grid,default,0|5|10|15|35|75|125|175|225,delayed,74,6,2150,0.015625,22.489131803444735,1.0,0.7265324864038336,408.5041623349971,6.276372179040661,26.838018406703828,0.1243811565108209,0.02039615889189707,0.020366484846638243,7.0,0.9,0.005,1.5,1.5,10000.0,0.0,one_sided_huber,additive_removal_premium_v1,0.015
prefs_ra7_eis0p9_prtp0p005,15,3,delay_frontier,fixed_learning_grid,default,0|5|10|15|35|75|125|175|225,delayed,75,6,2150,0.015625,22.316995480678745,1.0,0.7306904939854487,410.35160112229477,6.278634486187849,26.711491297503283,0.12368024650795387,0.020070695783897113,0.02004363992855239,7.0,0.9,0.005,1.5,1.5,10000.0,0.0,one_sided_huber,additive_removal_premium_v1,0.015
prefs_ra7_eis0p9_prtp0p005,15,3,delay_frontier,fixed_learning_grid,default,0|5|10|15|35|75|125|175|225,delayed,76,6,2150,0.015625,24.37564573528839,1.0,0.6829255170087005,417.44096926111183,6.2523254696710575,26.525931307251952,0.12329989527424959,0.023847643903617023,0.023828662815643536,7.0,0.9,0.005,1.5,1.5,10000.0,0.0,one_sided_huber,additive_removal_premium_v1,0.015
prefs_ra7_eis0p9_prtp0p005,15,3,delay_frontier,fixed_learning_grid,default,0|5|10|15|35|75|125|175|225,delayed,77,6,2150,0.015625,24.009847103221706,1.0,0.6911132049339206,416.1621809146677,6.256998866458792,27.056361897891275,0.12593786594191894,0.02317655809612513,0.023156323753764974,7.0,0.9,0.005,1.5,1.5,10000.0,0.0,one_sided_huber,additive_removal_premium_v1,0.015
prefs_ra7_eis0p9_prtp0p005,15,3,delay_frontier,fixed_learning_grid,default,0|5|10|15|35|75|125|175|225,delayed,78,6,2150,0.015625,23.805216146055045,1.0,0.6957475941095413,415.49039615022525,6.259641963763391,27.621734281948687,0.12880479364067568,0.02279669241353272,0.022775766886041743,7.0,0.9,0.005,1.5,1.5,10000.0,0.0,one_sided_huber,additive_removal_premium_v1,0.015
prefs_ra7_eis0p9_prtp0p005,15,3,delay_frontier,fixed_learning_grid,default,0|5|10|15|35|75|125|175|225,delayed,79,6,2150,0.015625,28.63014198825468,1.0,0.5957479568455795,432.2830506003752,6.202147852179779,27.56939659895882,0.1298582261883174,0.031006120067983714,0.03099708287160948,7.0,0.9,0.005,1.5,1.5,10000.0,0.0,one_sided_huber,additive_removal_premium_v1,0.015
prefs_ra7_eis0p9_prtp0p005,15,3,delay_frontier,fixed_learning_grid,default,0|5|10|15|35|75|125|175|225,delayed,80,6,2150,0.015625,28.390417412750875,1.0,0.6003073192726982,431.5349987347966,6.204848385442154,27.55613104958838,0.12972603876096397,0.03062230905024669,0.0306129274416587,7.0,0.9,0.005,1.5,1.5,10000.0,0.0,one_sided_huber,additive_removal_premium_v1,0.015
prefs_ra7_eis0p9_prtp0p005,15,3,delay_frontier,fixed_learning_grid,default,0|5|10|15|35|75|125|175|225,delayed,81,6,2150,0.015625,28.451887320022117,1.0,0.5991345833742703,431.76564934219255,6.20415741889605,27.543459953924362,0.12967580574373436,0.030720488036286863,0.030711213998905102,7.0,0.9,0.005,1.5,1.5,10000.0,0.0,one_sided_huber,additive_removal_premium_v1,0.015
prefs_ra7_eis0p9_prtp0p005,15,3,delay_frontier,fixed_learning_grid,default,0|5|10|15|35|75|125|175|225,delayed,82,6,2150,0.015625,31.65480843803724,1.0,0.5412662340433576,440.6518158879025,6.169670456956014,27.418421082845498,0.12982345553616695,0.035601892217609454,0.03559594505748036,7.0,0.9,0.005,1.5,1.5,10000.0,0.0,one_sided_huber,additive_removal_premium_v1,0.015
prefs_ra7_eis0p9_prtp0p005,15,3,delay_frontier,fixed_learning_grid,default,0|5|10|15|35|75|125|175|225,delayed,83,6,2150,0.015625,31.691426903737568,1.0,0.5406387818664773,440.78175932793437,6.169294805851108,27.385761563472006,0.12966041696192437,0.035654817632209984,0.03564890898632255,7.0,0.9,0.005,1.5,1.5,10000.0,0.0,one_sided_huber,additive_removal_premium_v1,0.015
prefs_ra7_eis0p9_prtp0p005,15,3,delay_frontier,fixed_learning_grid,default,0|5|10|15|35|75|125|175|225,delayed,84,6,2150,0.015625,31.4846031658301,1.0,0.5441921572954964,440.1891357090732,6.1714219382510525,27.35533850822227,0.1294507875070923,0.03535505100010125,0.03534896465541287,7.0,0.9,0.005,1.5,1.5,10000.0,0.0,one_sided_huber,additive_removal_premium_v1,0.015
prefs_ra7_eis0p9_prtp0p005,15,3,delay_frontier,fixed_learning_grid,default,0|5|10|15|35|75|125|175|225,delayed,85,6,2150,0.015625,13.598110134232156,0.8112992676609645,0.7306904939854487,410.35160112229477,6.384230590257757,27.66490240063226,0.1262337551354982,0.0052654392216628,0.005238383366318077,7.0,0.9,0.005,1.5,1.5,10000.0,0.0,one_sided_huber,additive_removal_premium_v1,0.015
prefs_ra7_eis0p9_prtp0p005,15,3,delay_frontier,fixed_learning_grid,default,0|5|10|15|35|75|125|175|225,delayed,86,6,2150,0.015625,15.54798369677241,0.8282108598454259,0.6829255170087005,417.44096926111183,6.374129726211586,27.643780276565092,0.12634876728313926,0.006529935711658382,0.006510954623684893,7.0,0.9,0.005,1.5,1.5,10000.0,0.0,one_sided_huber,additive_removal_premium_v1,0.015
prefs_ra7_eis0p9_prtp0p005,15,3,delay_frontier,fixed_learning_grid,default,0|5|10|15|35|75|125|175|225,delayed,87,6,2150,0.015625,14.4484970084235,0.8067169414650772,0.6911132049339206,416.1621809146677,6.37695195569169,27.542149382478453,0.12577086990255607,0.006284611301171224,0.006264376958811069,7.0,0.9,0.005,1.5,1.5,10000.0,0.0,one_sided_huber,additive_removal_premium_v1,0.015
prefs_ra7_eis0p9_prtp0p005,15,3,delay_frontier,fixed_learning_grid,default,0|5|10|15|35|75|125|175|225,delayed,88,6,2150,0.015625,13.639516941107246,0.788756637146115,0.6957475941095413,415.49039615022525,6.378765325484899,27.510961858353845,0.12557296174207655,0.006145734775432021,0.0061248092479410455,7.0,0.9,0.005,1.5,1.5,10000.0,0.0,one_sided_huber,additive_removal_premium_v1,0.015
prefs_ra7_eis0p9_prtp0p005,15,3,delay_frontier,fixed_learning_grid,default,0|5|10|15|35|75|125|175|225,delayed,89,6,2150,0.015625,17.20068283029637,0.8061152544121557,0.5957479568455795,432.2830506003752,6.355953920133596,27.462328566616666,0.12582620638914602,0.009164536348661517,0.009155499152287284,7.0,0.9,0.005,1.5,1.5,10000.0,0.0,one_sided_huber,additive_removal_premium_v1,0.015
prefs_ra7_eis0p9_prtp0p005,15,3,delay_frontier,fixed_learning_grid,default,0|5|10|15|35|75|125|175|225,delayed,90,6,2150,0.015625,17.245180976892488,0.8101575425234024,0.6003073192726982,431.5349987347966,6.356864601017366,27.48835617087821,0.125938666686884,0.00900843817996404,0.008999056571376052,7.0,0.9,0.005,1.5,1.5,10000.0,0.0,one_sided_huber,additive_removal_premium_v1,0.015
prefs_ra7_eis0p9_prtp0p005,15,3,delay_frontier,fixed_learning_grid,default,0|5|10|15|35|75|125|175|225,delayed,91,6,2150,0.015625,17.21024445149604,0.8086155894363977,0.5991345833742703,431.76564934219255,6.356664837688358,27.449192819279347,0.1257437085672034,0.009047542736567608,0.009038268699185847,7.0,0.9,0.005,1.5,1.5,10000.0,0.0,one_sided_huber,additive_removal_premium_v1,0.015
prefs_ra7_eis0p9_prtp0p005,15,3,delay_frontier,fixed_learning_grid,default,0|5|10|15|35|75|125|175|225,delayed,92,6,2150,0.015625,20.09494137772327,0.8264432616489349,0.5412662340433576,440.6518158879025,6.340939254969369,27.400870149988595,0.12584363715848532,0.011047369367628585,0.011041422207499488,7.0,0.9,0.005,1.5,1.5,10000.0,0.0,one_sided_huber,additive_removal_premium_v1,0.015
prefs_ra7_eis0p9_prtp0p005,15,3,delay_frontier,fixed_learning_grid,default,0|5|10|15|35|75|125|175|225,delayed,93,6,2150,0.015625,19.889755045037933,0.8222153413953275,0.5406387818664773,440.78175932793437,6.341049744678432,27.281575496475778,0.125232600994694,0.011069050550664438,0.011063141904777002,7.0,0.9,0.005,1.5,1.5,10000.0,0.0,one_sided_huber,additive_removal_premium_v1,0.015
prefs_ra7_eis0p9_prtp0p005,15,3,delay_frontier,fixed_learning_grid,default,0|5|10|15|35|75|125|175|225,delayed,94,6,2150,0.015625,19.742630248814972,0.821890964811657,0.5441921572954964,440.1891357090732,6.341978100868397,27.243842289034745,0.12501982349857776,0.01094622566620018,0.010940139321511803,7.0,0.9,0.005,1.5,1.5,10000.0,0.0,one_sided_huber,additive_removal_premium_v1,0.015
prefs_ra7_eis0p9_prtp0p005,15,3,delay_frontier,fixed_learning_grid,default,0|5|10|15|35|75|125|175|225,delayed,95,6,2150,0.015625,21.705098972149155,0.8661725815026662,0.5571692219475187,441.0379963613361,6.342385124510566,27.819351806827434,0.12794853000891251,0.010496762553317765,0.010490929124817543,7.0,0.9,0.005,1.5,1.5,10000.0,0.0,one_sided_huber,additive_removal_premium_v1,0.015
prefs_ra7_eis0p9_prtp0p005,15,3,delay_frontier,fixed_learning_grid,default,0|5|10|15|35|75|125|175|225,delayed,96,6,2150,0.015625,21.666674415236916,0.8678929308830288,0.5606105029061987,440.5436786484814,6.343159762362905,27.815801108439604,0.12791302616455535,0.01037778617277769,0.010371806770280457,7.0,0.9,0.005,1.5,1.5,10000.0,0.0,one_sided_huber,additive_removal_premium_v1,0.015
prefs_ra7_eis0p9_prtp0p005,15,3,delay_frontier,fixed_learning_grid,default,0|5|10|15|35|75|125|175|225,delayed,97,6,2150,0.015625,21.499442208184185,0.864290428419755,0.559619621556658,440.7330597140923,6.34315195667387,27.779339684384848,0.1277269137497029,0.01041202987409664,0.01040610682332508,7.0,0.9,0.005,1.5,1.5,10000.0,0.0,one_sided_huber,additive_removal_premium_v1,0.015
prefs_ra7_eis0p9_prtp0p005,15,3,delay_frontier,fixed_learning_grid,default,0|5|10|15|35|75|125|175|225,delayed,98,6,2150,0.015625,21.865511991705663,0.8295689218703869,0.5000001418641355,450.0166226849772,6.3301039823503435,27.75851561154581,0.12791285336472372,0.01247360048081648,0.012469876937571513,7.0,0.9,0.005,1.5,1.5,10000.0,0.0,one_sided_huber,additive_removal_premium_v1,0.015
prefs_ra7_eis0p9_prtp0p005,15,3,delay_frontier,fixed_learning_grid,default,0|5|10|15|35|75|125|175|225,delayed,99,6,2150,0.015625,21.878441674296827,0.8297881670486186,0.499999999996004,450.0042061501967,6.330088580919894,27.745909071304258,0.12784865431722564,0.012473607704087846,0.01246988184845856,7.0,0.9,0.005,1.5,1.5,10000.0,0.0,one_sided_huber,additive_removal_premium_v1,0.015
prefs_ra7_eis0p9_prtp0p005,15,3,delay_frontier,fixed_learning_grid,default,0|5|10|15|35|75|125|175|225,delayed,100,6,2150,0.015625,21.89376734557842,0.8322349568043436,0.5031988529830197,449.49203682199544,6.330746376665304,27.75646444169678,0.1278879307848955,0.012362973809108653,0.012359151308208319,7.0,0.9,0.005,1.5,1.5,10000.0,0.0,one_sided_huber,additive_removal_premium_v1,0.015
prefs_ra7_eis0p9_prtp0p005,15,3,delay_frontier,fixed_learning_grid,default,0|5|10|15|35|75|125|175|225,delayed,101,6,2150,0.015625,25.76996655321674,0.8322088999304642,0.4145826504194867,464.3296718423213,6.3044623854673985,27.722478322206783,0.12830570428898935,0.015901872336807805,0.015900051993442584,7.0,0.9,0.005,1.5,1.5,10000.0,0.0,one_sided_huber,additive_removal_premium_v1,0.015
prefs_ra7_eis0p9_prtp0p005,15,3,delay_frontier,fixed_learning_grid,default,0|5|10|15|35|75|125|175|225,delayed,102,6,2150,0.015625,25.705876729573802,0.8311192772459831,0.4143410921093069,464.38894012919747,6.304479119166698,27.70771281699818,0.12822939726045846,0.015911567393055784,0.01590975243612735,7.0,0.9,0.005,1.5,1.5,10000.0,0.0,one_sided_huber,additive_removal_premium_v1,0.015
prefs_ra7_eis0p9_prtp0p005,15,3,delay_frontier,fixed_learning_grid,default,0|5|10|15|35|75|125|175|225,delayed,103,6,2150,0.015625,25.511860978428448,0.8303821966696705,0.41738095724921154,463.9039641733687,6.305453947832382,27.659277918811537,0.12795837801927207,0.015789537741062294,0.01578767823575266,7.0,0.9,0.005,1.5,1.5,10000.0,0.0,one_sided_huber,additive_removal_premium_v1,0.015
prefs_ra7_eis0p9_prtp0p005,15,3,delay_frontier,fixed_learning_grid,default,0|5|10|15|35|75|125|175|225,delayed,104,6,2150,0.015625,26.653876541156443,0.8085747064213731,0.3614539594869708,472.4156031139984,6.289250257133244,27.63267777364386,0.12818761819199287,0.018217192685781206,0.018215977703871827,7.0,0.9,0.005,1.5,1.5,10000.0,0.0,one_sided_huber,additive_removal_premium_v1,0.015
prefs_ra7_eis0p9_prtp0p005,15,3,delay_frontier,fixed_learning_grid,default,0|5|10|15|35|75|125|175|225,delayed,105,6,2150,0.015625,8.160508915669467,0.5290389981038589,0.5571692219475187,441.0379963613361,6.403619295751943,27.795794322046028,0.12647070922890166,0.0033339704842680483,0.003328137055767827,7.0,0.9,0.005,1.5,1.5,10000.0,0.0,one_sided_huber,additive_removal_premium_v1,0.015
prefs_ra7_eis0p9_prtp0p005,15,3,delay_frontier,fixed_learning_grid,default,0|5|10|15|35|75|125|175|225,delayed,106,6,2150,0.015625,8.169034041725045,0.5313052535220417,0.5606105029061987,440.5436786484814,6.403899056285929,27.78083577864259,0.12638895263739044,0.0032866614954499083,0.0032806820929526755,7.0,0.9,0.005,1.5,1.5,10000.0,0.0,one_sided_huber,additive_removal_premium_v1,0.015
prefs_ra7_eis0p9_prtp0p005,15,3,delay_frontier,fixed_learning_grid,default,0|5|10|15|35|75|125|175|225,delayed,107,6,2150,0.015625,8.26522537835158,0.534344183642237,0.559619621556658,440.7330597140923,6.403720601432577,27.7656777424437,0.1263162421718889,0.0033002693106903417,0.003294346259918781,7.0,0.9,0.005,1.5,1.5,10000.0,0.0,one_sided_huber,additive_removal_premium_v1,0.015
prefs_ra7_eis0p9_prtp0p005,15,3,delay_frontier,fixed_learning_grid,default,0|5|10|15|35|75|125|175|225,delayed,108,6,2150,0.015625,8.445322477245268,0.5075079805282418,0.5000001418641355,450.0166226849772,6.398554875657376,27.710805197651062,0.12615196581005889,0.004120217202878674,0.004116493659633706,7.0,0.9,0.005,1.5,1.5,10000.0,0.0,one_sided_huber,additive_removal_premium_v1,0.015
prefs_ra7_eis0p9_prtp0p005,15,3,delay_frontier,fixed_learning_grid,default,0|5|10|15|35|75|125|175|225,delayed,109,6,2150,0.015625,8.378683807261611,0.5051350480391296,0.499999999996004,450.0042061501967,6.3986192824640105,27.695294782734187,0.12607210229426347,0.004120221471622919,0.004116495615993633,7.0,0.9,0.005,1.5,1.5,10000.0,0.0,one_sided_huber,additive_removal_premium_v1,0.015
prefs_ra7_eis0p9_prtp0p005,15,3,delay_frontier,fixed_learning_grid,default,0|5|10|15|35|75|125|175|225,delayed,110,6,2150,0.015625,8.179605565744131,0.499718942783282,0.5031988529830197,449.49203682199544,6.399078952695421,27.693606419726187,0.12605350098017695,0.004076206214550067,0.004072383713649734,7.0,0.9,0.005,1.5,1.5,10000.0,0.0,one_sided_huber,additive_removal_premium_v1,0.015
prefs_ra7_eis0p9_prtp0p005,15,3,delay_frontier,fixed_learning_grid,default,0|5|10|15|35|75|125|175|225,delayed,111,6,2150,0.015625,9.972722052110862,0.5102269244195988,0.4145826504194867,464.3296718423213,6.388472517658038,27.667595469472936,0.12615427024586284,0.005527613412643303,0.005525793069278083,7.0,0.9,0.005,1.5,1.5,10000.0,0.0,one_sided_huber,additive_removal_premium_v1,0.015
prefs_ra7_eis0p9_prtp0p005,15,3,delay_frontier,fixed_learning_grid,default,0|5|10|15|35|75|125|175|225,delayed,112,6,2150,0.015625,10.066222459528376,0.5129035762444069,0.4143410921093069,464.38894012919747,6.388357532047221,27.725668822271256,0.12645104847995722,0.005531593487158467,0.005529778530230031,7.0,0.9,0.005,1.5,1.5,10000.0,0.0,one_sided_huber,additive_removal_premium_v1,0.015
prefs_ra7_eis0p9_prtp0p005,15,3,delay_frontier,fixed_learning_grid,default,0|5|10|15|35|75|125|175|225,delayed,113,6,2150,0.015625,10.181300007659301,0.5180309753889695,0.41738095724921154,463.9039641733687,6.38855006741243,27.859634027777442,0.12712584850235398,0.005481483421503577,0.005479623916193943,7.0,0.9,0.005,1.5,1.5,10000.0,0.0,one_sided_huber,additive_removal_premium_v1,0.015
prefs_ra7_eis0p9_prtp0p005,15,3,delay_frontier,fixed_learning_grid,default,0|5|10|15|35|75|125|175|225,delayed,114,6,2150,0.015625,11.859612459334354,0.5332339018658652,0.3614539594869708,472.4156031139984,6.3806541066179525,27.84082004411615,0.1272051401383782,0.0065070265120607505,0.006505811530151372,7.0,0.9,0.005,1.5,1.5,10000.0,0.0,one_sided_huber,additive_removal_premium_v1,0.015
prefs_ra7_eis0p9_prtp0p005,15,3,delay_frontier,fixed_learning_grid,default,0|5|10|15|35|75|125|175|225,delayed,115,6,2150,0.015625,11.026720524615657,0.5240380631523887,0.3847413435139474,471.10177113703713,6.384196156872069,27.832769791598047,0.127085882740723,0.006060392436804642,0.006059094960979985,7.0,0.9,0.005,1.5,1.5,10000.0,0.0,one_sided_huber,additive_removal_premium_v1,0.015
prefs_ra7_eis0p9_prtp0p005,15,3,delay_frontier,fixed_learning_grid,default,0|5|10|15|35|75|125|175|225,delayed,116,6,2150,0.015625,11.009804352924359,0.5235614693924014,0.38472619498316596,471.10965864785555,6.384211003726906,27.822081651709418,0.12703133053625737,0.0060606825160196606,0.006059385551786183,7.0,0.9,0.005,1.5,1.5,10000.0,0.0,one_sided_huber,additive_removal_premium_v1,0.015
prefs_ra7_eis0p9_prtp0p005,15,3,delay_frontier,fixed_learning_grid,default,0|5|10|15|35|75|125|175|225,delayed,117,6,2150,0.015625,10.659112861490188,0.5152739274543944,0.3874845967144902,470.68855717838125,6.384877033318085,27.811378557253793,0.12696231610397132,0.006007796322752086,0.006006471761367038,7.0,0.9,0.005,1.5,1.5,10000.0,0.0,one_sided_huber,additive_removal_premium_v1,0.015
prefs_ra7_eis0p9_prtp0p005,15,3,delay_frontier,fixed_learning_grid,default,0|5|10|15|35|75|125|175|225,delayed,118,6,2150,0.015625,12.006245069755971,0.5194137982600946,0.33015189756790264,479.5192018979351,6.376863769840688,27.80949364534668,0.1271300239557137,0.007107123594929631,0.007106271834850176,7.0,0.9,0.005,1.5,1.5,10000.0,0.0,one_sided_huber,additive_removal_premium_v1,0.015
prefs_ra7_eis0p9_prtp0p005,15,3,delay_frontier,fixed_learning_grid,default,0|5|10|15|35|75|125|175|225,delayed,119,6,2150,0.015625,13.735426264202264,0.5214355557405906,0.2604779118018563,491.2291044829825,6.366434402403357,27.774938940402755,0.12718562253663349,0.008545564937286525,0.008545090651465213,7.0,0.9,0.005,1.5,1.5,10000.0,0.0,one_sided_huber,additive_removal_premium_v1,0.015
prefs_ra7_eis0p9_prtp0p005,15,3,delay_frontier,fixed_learning_grid,default,0|5|10|15|35|75|125|175|225,delayed,120,6,2150,0.015625,4.486930861768139,0.29041389552484226,0.3847413435139474,471.10177113703713,6.413336783157776,27.82946831881215,0.12642777210780853,0.0024017073570857268,0.0024004098812610694,7.0,0.9,0.005,1.5,1.5,10000.0,0.0,one_sided_huber,additive_removal_premium_v1,0.015
prefs_ra7_eis0p9_prtp0p005,15,3,delay_frontier,fixed_learning_grid,default,0|5|10|15|35|75|125|175|225,delayed,121,6,2150,0.015625,4.468102307057008,0.28951732570205324,0.38472619498316596,471.10965864785555,6.413348998922626,27.82149601336171,0.1263872633164699,0.002401818320188419,0.0024005213559549422,7.0,0.9,0.005,1.5,1.5,10000.0,0.0,one_sided_huber,additive_removal_premium_v1,0.015
prefs_ra7_eis0p9_prtp0p005,15,3,delay_frontier,fixed_learning_grid,default,0|5|10|15|35|75|125|175|225,delayed,122,6,2150,0.015625,4.438719407934145,0.28919431052862654,0.3874845967144902,470.68855717838125,6.413493372579699,27.786253714768907,0.12620623193914604,0.0023815474479361508,0.002380222886551103,7.0,0.9,0.005,1.5,1.5,10000.0,0.0,one_sided_huber,additive_removal_premium_v1,0.015
prefs_ra7_eis0p9_prtp0p005,15,3,delay_frontier,fixed_learning_grid,default,0|5|10|15|35|75|125|175|225,delayed,123,6,2150,0.015625,4.499700084538284,0.2702652806879551,0.33015189756790264,479.5192018979351,6.410867357276088,27.9016701056443,0.12684654621469219,0.002802973323045564,0.0028021215629661094,7.0,0.9,0.005,1.5,1.5,10000.0,0.0,one_sided_huber,additive_removal_premium_v1,0.015
prefs_ra7_eis0p9_prtp0p005,15,3,delay_frontier,fixed_learning_grid,default,0|5|10|15|35|75|125|175|225,delayed,124,6,2150,0.015625,5.141038550776907,0.2713437634675068,0.2604779118018563,491.2291044829825,6.407032132424681,27.896825179821423,0.12690642615448078,0.003359345884878881,0.0033588715990575694,7.0,0.9,0.005,1.5,1.5,10000.0,0.0,one_sided_huber,additive_removal_premium_v1,0.015
prefs_ra7_eis0p9_prtp0p005,15,3,delay_frontier,fixed_learning_grid,default,0|5|10|15|35|75|125|175|225,delayed,125,6,2150,0.015625,5.170602180944252,0.2637627935569983,0.23668472920672068,496.62866005813237,6.405775749188164,27.885584526266516,0.12687725453634643,0.0035608322346531193,0.003560470166496531,7.0,0.9,0.005,1.5,1.5,10000.0,0.0,one_sided_huber,additive_removal_premium_v1,0.015
prefs_ra7_eis0p9_prtp0p005,15,3,delay_frontier,fixed_learning_grid,default,0|5|10|15|35|75|125|175|225,delayed,126,6,2150,0.015625,1.1573559455022753,0.07438840631626478,0.23668472920672068,496.62866005813237,6.424584274955758,27.91759782096107,0.12662593218046514,0.0009231291268201716,0.0009227670586635834,7.0,0.9,0.005,1.5,1.5,10000.0,0.0,one_sided_huber,additive_removal_premium_v1,0.015
prefs_ra7_eis0p9_prtp0p005,15,3,delay_frontier,fixed_learning_grid,default,0|5|10|15|35|75|125|175|225,delayed,127,7,2200,0.0078125,5.057306110768283,1.0,0.795346280266281,379.18249592945784,12.780690897094882,37.72947159112958,0.08240617174836967,0.05516587098183514,0.05503732878749829,7.0,0.9,0.005,1.5,1.5,10000.0,0.0,one_sided_huber,additive_removal_premium_v1,0.015
prefs_ra7_eis0p9_prtp0p005,15,3,delay_frontier,fixed_learning_grid,default,0|5|10|15|35|75|125|175|225,delayed,128,7,2200,0.0078125,5.057306110768283,1.0,0.795346280266281,379.18249592945784,12.988009444776539,38.34188793072148,0.08240712182344086,0.039839497704735265,0.03971095551039842,7.0,0.9,0.005,1.5,1.5,10000.0,0.0,one_sided_huber,additive_removal_premium_v1,0.015
prefs_ra7_eis0p9_prtp0p005,15,3,delay_frontier,fixed_learning_grid,default,0|5|10|15|35|75|125|175|225,delayed,129,7,2200,0.0078125,5.057306110768283,1.0,0.795346280266281,379.18249592945784,12.988009444776539,38.34188793072148,0.08240712182344086,0.039839497704735265,0.03971095551039842,7.0,0.9,0.005,1.5,1.5,10000.0,0.0,one_sided_huber,additive_removal_premium_v1,0.015
prefs_ra7_eis0p9_prtp0p005,15,3,delay_frontier,fixed_learning_grid,default,0|5|10|15|35|75|125|175|225,delayed,130,7,2200,0.0078125,5.057306110768283,1.0,0.795346280266281,379.18249592945784,12.988009444776539,38.34188793072148,0.08240712182344086,0.039839497704735265,0.03971095551039842,7.0,0.9,0.005,1.5,1.5,10000.0,0.0,one_sided_huber,additive_removal_premium_v1,0.015
prefs_ra7_eis0p9_prtp0p005,15,3,delay_frontier,fixed_learning_grid,default,0|5|10|15|35|75|125|175|225,delayed,131,7,2200,0.0078125,5.241674035995449,1.0,0.7816810455252023,381.39897021050353,12.951755469238966,38.23641750440381,0.08241084543513291,0.04249079658669735,0.04237573736333123,7.0,0.9,0.005,1.5,1.5,10000.0,0.0,one_sided_huber,additive_removal_premium_v1,0.015
prefs_ra7_eis0p9_prtp0p005,15,3,delay_frontier,fixed_learning_grid,default,0|5|10|15|35|75|125|175|225,delayed,132,7,2200,0.0078125,5.9487302683766545,1.0,0.7333669290341485,388.8283416556714,12.823317458898039,37.86251629187644,0.08242360670085568,0.05187656758412518,0.051797206024884614,7.0,0.9,0.005,1.5,1.5,10000.0,0.0,one_sided_huber,additive_removal_premium_v1,0.015
prefs_ra7_eis0p9_prtp0p005,15,3,delay_frontier,fixed_learning_grid,default,0|5|10|15|35|75|125|175|225,delayed,133,7,2200,0.0078125,5.8259199086659,1.0,0.7413344761567984,387.58193904245024,12.844519962832125,37.9242475025331,0.08242150112379823,0.05032796303909161,0.050243498724050595,7.0,0.9,0.005,1.5,1.5,10000.0,0.0,one_sided_huber,additive_removal_premium_v1,0.015
prefs_ra7_eis0p9_prtp0p005,15,3,delay_frontier,fixed_learning_grid,default,0|5|10|15|35|75|125|175|225,delayed,134,7,2200,0.0078125,5.73568539755629,1.0,0.7472957444034503,386.6204063010496,12.860375999706012,37.97040664094535,0.0824199170385175,0.049169648675078496,0.04908102477134272,7.0,0.9,0.005,1.5,1.5,10000.0,0.0,one_sided_huber,additive_removal_premium_v1,0.015
prefs_ra7_eis0p9_prtp0p005,15,3,delay_frontier,fixed_learning_grid,default,0|5|10|15|35|75|125|175|225,delayed,135,7,2200,0.0078125,5.057306110768283,1.0,0.795346280266281,379.18249592945784,13.174784258582791,38.893353029442444,0.0824073275426764,0.02603185460108486,0.025903312406748008,7.0,0.9,0.005,1.5,1.5,10000.0,0.0,one_sided_huber,additive_removal_premium_v1,0.015
prefs_ra7_eis0p9_prtp0p005,15,3,delay_frontier,fixed_learning_grid,default,0|5|10|15|35|75|125|175|225,delayed,136,7,2200,0.0078125,5.057306110768283,1.0,0.795346280266281,379.18249592945784,13.174784258582791,38.893353029442444,0.0824073275426764,0.02603185460108486,0.025903312406748008,7.0,0.9,0.005,1.5,1.5,10000.0,0.0,one_sided_huber,additive_removal_premium_v1,0.015
prefs_ra7_eis0p9_prtp0p005,15,3,delay_frontier,fixed_learning_grid,default,0|5|10|15|35|75|125|175|225,delayed,137,7,2200,0.0078125,5.241674035995449,1.0,0.7816810455252023,381.39897021050353,13.151056658415543,38.82488905652054,0.08241105961190842,0.027756676309254984,0.027641617085888866,7.0,0.9,0.005,1.5,1.5,10000.0,0.0,one_sided_huber,additive_removal_premium_v1,0.015
prefs_ra7_eis0p9_prtp0p005,15,3,delay_frontier,fixed_learning_grid,default,0|5|10|15|35|75|125|175|225,delayed,138,7,2200,0.0078125,5.9487302683766545,1.0,0.7333669290341485,388.8283416556714,13.06689802090696,38.581833913771355,0.08242387792640654,0.03386684121948332,0.03378747966024276,7.0,0.9,0.005,1.5,1.5,10000.0,0.0,one_sided_huber,additive_removal_premium_v1,0.015
prefs_ra7_eis0p9_prtp0p005,15,3,delay_frontier,fixed_learning_grid,default,0|5|10|15|35|75|125|175|225,delayed,139,7,2200,0.0078125,5.8259199086659,1.0,0.7413344761567984,387.58193904245024,13.080799297273254,38.62198750872868,0.08242176316881733,0.03285842136063424,0.03277395704559323,7.0,0.9,0.005,1.5,1.5,10000.0,0.0,one_sided_huber,additive_removal_premium_v1,0.015
prefs_ra7_eis0p9_prtp0p005,15,3,delay_frontier,fixed_learning_grid,default,0|5|10|15|35|75|125|175|225,delayed,140,7,2200,0.0078125,5.73568539755629,1.0,0.7472957444034503,386.6204063010496,13.091192347956538,38.652002307277066,0.08242017237430925,0.032104269754306615,0.03201564585057084,7.0,0.9,0.005,1.5,1.5,10000.0,0.0,one_sided_huber,additive_removal_premium_v1,0.015
prefs_ra7_eis0p9_prtp0p005,15,3,delay_frontier,fixed_learning_grid,default,0|5|10|15|35|75|125|175|225,delayed,141,7,2200,0.0078125,5.057306110768283,1.0,0.795346280266281,379.18249592945784,13.174784258582791,38.893353029442444,0.0824073275426764,0.02603185460108486,0.025903312406748008,7.0,0.9,0.005,1.5,1.5,10000.0,0.0,one_sided_huber,additive_removal_premium_v1,0.015
prefs_ra7_eis0p9_prtp0p005,15,3,delay_frontier,fixed_learning_grid,default,0|5|10|15|35|75|125|175|225,delayed,142,7,2200,0.0078125,5.241674035995449,1.0,0.7816810455252023,381.39897021050353,13.151056658415543,38.82488905652054,0.08241105961190842,0.027756676309254984,0.027641617085888866,7.0,0.9,0.005,1.5,1.5,10000.0,0.0,one_sided_huber,additive_removal_premium_v1,0.015
prefs_ra7_eis0p9_prtp0p005,15,3,delay_frontier,fixed_learning_grid,default,0|5|10|15|35|75|125|175|225,delayed,143,7,2200,0.0078125,5.9487302683766545,1.0,0.7333669290341485,388.8283416556714,13.06689802090696,38.581833913771355,0.08242387792640654,0.03386684121948332,0.03378747966024276,7.0,0.9,0.005,1.5,1.5,10000.0,0.0,one_sided_huber,additive_removal_premium_v1,0.015
prefs_ra7_eis0p9_prtp0p005,15,3,delay_frontier,fixed_learning_grid,default,0|5|10|15|35|75|125|175|225,delayed,144,7,2200,0.0078125,5.8259199086659,1.0,0.7413344761567984,387.58193904245024,13.080799297273254,38.62198750872868,0.08242176316881733,0.03285842136063424,0.03277395704559323,7.0,0.9,0.005,1.5,1.5,10000.0,0.0,one_sided_huber,additive_removal_premium_v1,0.015
prefs_ra7_eis0p9_prtp0p005,15,3,delay_frontier,fixed_learning_grid,default,0|5|10|15|35|75|125|175|225,delayed,145,7,2200,0.0078125,5.73568539755629,1.0,0.7472957444034503,386.6204063010496,13.091192347956538,38.652002307277066,0.08242017237430925,0.032104269754306615,0.03201564585057084,7.0,0.9,0.005,1.5,1.5,10000.0,0.0,one_sided_huber,additive_removal_premium_v1,0.015
prefs_ra7_eis0p9_prtp0p005,15,3,delay_frontier,fixed_learning_grid,default,0|5|10|15|35|75|125|175|225,delayed,146,7,2200,0.0078125,5.678262936211684,1.0,0.75113805165545,386.9145627384194,13.097943482418971,38.67156997786661,0.08241930758668692,0.03161421004746334,0.031526879956577804,7.0,0.9,0.005,1.5,1.5,10000.0,0.0,one_sided_huber,additive_removal_premium_v1,0.015
prefs_ra7_eis0p9_prtp0p005,15,3,delay_frontier,fixed_learning_grid,default,0|5|10|15|35|75|125|175|225,delayed,147,7,2200,0.0078125,6.373795552255957,1.0,0.7069996719562801,393.58986067180007,13.020857314136707,38.44887322419146,0.08243097877124946,0.0372041115765233,0.03714156228106942,7.0,0.9,0.005,1.5,1.5,10000.0,0.0,one_sided_huber,additive_removal_premium_v1,0.015
prefs_ra7_eis0p9_prtp0p005,15,3,delay_frontier,fixed_learning_grid,default,0|5|10|15|35|75|125|175|225,delayed,148,7,2200,0.0078125,6.248826090909116,1.0,0.7145657025790436,392.41596573140407,13.034088453639832,38.48709367265628,0.08242895754617487,0.036245445358646024,0.03617911511618196,7.0,0.9,0.005,1.5,1.5,10000.0,0.0,one_sided_huber,additive_removal_premium_v1,0.015
prefs_ra7_eis0p9_prtp0p005,15,3,delay_frontier,fixed_learning_grid,default,0|5|10|15|35|75|125|175|225,delayed,149,7,2200,0.0078125,6.1791736974433595,1.0,0.718848221739617,391.75758912312205,13.041574384535833,38.50871720644849,0.0824278137006734,0.03570290141188376,0.035634351470596196,7.0,0.9,0.005,1.5,1.5,10000.0,0.0,one_sided_huber,additive_removal_premium_v1,0.015
prefs_ra7_eis0p9_prtp0p005,15,3,delay_frontier,fixed_learning_grid,default,0|5|10|15|35|75|125|175|225,delayed,150,7,2200,0.0078125,7.8686528864108105,1.0,0.6264411436102872,406.67361444394817,12.877248578750201,38.03470749300498,0.08245480565999777,0.04759029436295368,0.047557776248003975,7.0,0.9,0.005,1.5,1.5,10000.0,0.0,one_sided_huber,additive_removal_premium_v1,0.015
prefs_ra7_eis0p9_prtp0p005,15,3,delay_frontier,fixed_learning_grid,default,0|5|10|15|35|75|125|175|225,delayed,151,7,2200,0.0078125,7.782473560137963,1.0,0.6306543324932686,406.0184959174506,12.884792363823342,38.05648194834856,0.08245358479486395,0.04704577263993759,0.047012171763178456,7.0,0.9,0.005,1.5,1.5,10000.0,0.0,one_sided_huber,additive_removal_premium_v1,0.015
prefs_ra7_eis0p9_prtp0p005,15,3,delay_frontier,fixed_learning_grid,default,0|5|10|15|35|75|125|175|225,delayed,152,7,2200,0.0078125,7.804550117011273,1.0,0.6295706375844057,406.206117464968,12.882852636045014,38.05088390569053,0.08245390052046325,0.04718579650860193,0.047152509359920575,7.0,0.9,0.005,1.5,1.5,10000.0,0.0,one_sided_huber,additive_removal_premium_v1,0.015
prefs_ra7_eis0p9_prtp0p005,15,3,delay_frontier,fixed_learning_grid,default,0|5|10|15|35|75|125|175|225,delayed,153,7,2200,0.0078125,8.974852244253077,1.0,0.576095992834228,414.3713792031527,12.787085572726456,37.774521359277905,0.08246965761330131,0.05408780304157091,0.0540656733665736,7.0,0.9,0.005,1.5,1.5,10000.0,0.0,one_sided_huber,additive_removal_premium_v1,0.015
prefs_ra7_eis0p9_prtp0p005,15,3,delay_frontier,fixed_learning_grid,default,0|5|10|15|35|75|125|175|225,delayed,154,7,2200,0.0078125,8.988453297166581,1.0,0.5755161805077258,414.47349712781954,12.786047504413643,37.7715306886855,0.08246984175179842,0.0541624903486156,0.05414047337498917,7.0,0.9,0.005,1.5,1.5,10000.0,0.0,one_sided_huber,additive_removal_premium_v1,0.015
prefs_ra7_eis0p9_prtp0p005,15,3,delay_frontier,fixed_learning_grid,default,0|5|10|15|35|75|125|175|225,delayed,155,7,2200,0.0078125,8.911697731898256,1.0,0.5787997628273842,413.9510060807624,12.791926519150081,37.78847065106161,0.08246880546452817,0.05373946708987281,0.053716867366773786,7.0,0.9,0.005,1.5,1.5,10000.0,0.0,one_sided_huber,additive_removal_premium_v1,0.015
prefs_ra7_eis0p9_prtp0p005,15,3,delay_frontier,fixed_learning_grid,default,0|5|10|15|35|75|125|175|225,delayed,156,7,2200,0.0078125,5.057306110768283,1.0,0.795346280266281,379.18249592945784,13.43407666142088,39.659380369801006,0.08240864081024198,0.006863226428390379,0.006734684234053529,7.0,0.9,0.005,1.5,1.5,10000.0,0.0,one_sided_huber,additive_removal_premium_v1,0.015
prefs_ra7_eis0p9_prtp0p005,15,3,delay_frontier,fixed_learning_grid,default,0|5|10|15|35|75|125|175|225,delayed,157,7,2200,0.0078125,5.241674035995449,1.0,0.7816810455252023,381.39897021050353,13.42602624391608,39.63713076452719,0.08241214400528392,0.007428473742365688,0.007313414518999569,7.0,0.9,0.005,1.5,1.5,10000.0,0.0,one_sided_huber,additive_removal_premium_v1,0.015
prefs_ra7_eis0p9_prtp0p005,15,3,delay_frontier,fixed_learning_grid,default,0|5|10|15|35|75|125|175|225,delayed,158,7,2200,0.0078125,5.9487302683766545,1.0,0.7333669290341485,388.8283416556714,13.397284509163986,39.557146676227454,0.08242341651634054,0.00943890575940336,0.009359544200162797,7.0,0.9,0.005,1.5,1.5,10000.0,0.0,one_sided_huber,additive_removal_premium_v1,0.015
prefs_ra7_eis0p9_prtp0p005,15,3,delay_frontier,fixed_learning_grid,default,0|5|10|15|35|75|125|175|225,delayed,159,7,2200,0.0078125,5.8259199086659,1.0,0.7413344761567984,387.58193904245024,13.402048116156982,39.57040849543441,0.08242155735102204,0.009106578467057548,0.009022114152016533,7.0,0.9,0.005,1.5,1.5,10000.0,0.0,one_sided_huber,additive_removal_premium_v1,0.015
prefs_ra7_eis0p9_prtp0p005,15,3,delay_frontier,fixed_learning_grid,default,0|5|10|15|35|75|125|175|225,delayed,160,7,2200,0.0078125,5.73568539755629,1.0,0.7472957444034503,386.6204063010496,13.40560409573908,39.58030290467208,0.08242015789522325,0.008858275032877639,0.008769651129141864,7.0,0.9,0.005,1.5,1.5,10000.0,0.0,one_sided_huber,additive_removal_premium_v1,0.015
prefs_ra7_eis0p9_prtp0p005,15,3,delay_frontier,fixed_learning_grid,default,0|5|10|15|35|75|125|175|225,delayed,161,7,2200,0.0078125,5.678262936211684,1.0,0.75113805165545,386.9145627384194,13.40794828408755,39.58690201433839,0.08241941265613024,0.008694257372765886,0.008606927281880348,7.0,0.9,0.005,1.5,1.5,10000.0,0.0,one_sided_huber,additive_removal_premium_v1,0.015
prefs_ra7_eis0p9_prtp0p005,15,3,delay_frontier,fixed_learning_grid,default,0|5|10|15|35|75|125|175|225,delayed,162,7,2200,0.0078125,6.373795552255957,1.0,0.7069996719562801,393.58986067180007,13.381479667169984,39.513178271855665,0.08242966875454388,0.010538761484937712,0.010476212189483834,7.0,0.9,0.005,1.5,1.5,10000.0,0.0,one_sided_huber,additive_removal_premium_v1,0.015
prefs_ra7_eis0p9_prtp0p005,15,3,delay_frontier,fixed_learning_grid,default,0|5|10|15|35|75|125|175|225,delayed,163,7,2200,0.0078125,6.248826090909116,1.0,0.7145657025790436,392.41596573140407,13.38603528933361,39.52586281272348,0.08242789054627987,0.010222116830691323,0.010155786588227257,7.0,0.9,0.005,1.5,1.5,10000.0,0.0,one_sided_huber,additive_removal_premium_v1,0.015
prefs_ra7_eis0p9_prtp0p005,15,3,delay_frontier,fixed_learning_grid,default,0|5|10|15|35|75|125|175|225,delayed,164,7,2200,0.0078125,6.1791736974433595,1.0,0.718848221739617,391.75758912312205,13.388610491664556,39.533032440991235,0.082426884299992,0.01004296946330298,0.009974419522015419,7.0,0.9,0.005,1.5,1.5,10000.0,0.0,one_sided_huber,additive_removal_premium_v1,0.015
prefs_ra7_eis0p9_prtp0p005,15,3,delay_frontier,fixed_learning_grid,default,0|5|10|15|35|75|125|175|225,delayed,165,7,2200,0.0078125,7.8686528864108105,1.0,0.6264411436102872,406.67361444394817,13.324534679692665,39.355261731156574,0.08245348765252002,0.014508722540450375,0.014476204425500674,7.0,0.9,0.005,1.5,1.5,10000.0,0.0,one_sided_huber,additive_removal_premium_v1,0.015
prefs_ra7_eis0p9_prtp0p005,15,3,delay_frontier,fixed_learning_grid,default,0|5|10|15|35|75|125|175|225,delayed,166,7,2200,0.0078125,7.782473560137963,1.0,0.6306543324932686,406.0184959174506,13.327575840937921,39.36380049668582,0.08245245525899207,0.014297679041918615,0.014264078165159485,7.0,0.9,0.005,1.5,1.5,10000.0,0.0,one_sided_huber,additive_removal_premium_v1,0.015
prefs_ra7_eis0p9_prtp0p005,15,3,delay_frontier,fixed_learning_grid,default,0|5|10|15|35|75|125|175|225,delayed,167,7,2200,0.0078125,7.804550117011273,1.0,0.6295706375844057,406.206117464968,13.326794273711434,39.36160687816448,0.08245272242685356,0.014351927346247328,0.014318640197565973,7.0,0.9,0.005,1.5,1.5,10000.0,0.0,one_sided_huber,additive_removal_premium_v1,0.015
prefs_ra7_eis0p9_prtp0p005,15,3,delay_frontier,fixed_learning_grid,default,0|5|10|15|35|75|125|175|225,delayed,168,7,2200,0.0078125,8.974852244253077,1.0,0.576095992834228,414.3713792031527,13.286023227261639,39.24914376389292,0.08247129935243942,0.01717937615551924,0.017157246480521932,7.0,0.9,0.005,1.5,1.5,10000.0,0.0,one_sided_huber,additive_removal_premium_v1,0.015
prefs_ra7_eis0p9_prtp0p005,15,3,delay_frontier,fixed_learning_grid,default,0|5|10|15|35|75|125|175|225,delayed,169,7,2200,0.0078125,8.988453297166581,1.0,0.5755161805077258,414.47349712781954,13.285552625633413,39.24781825625057,0.0824714504793326,0.017212003519160825,0.017189986545534396,7.0,0.9,0.005,1.5,1.5,10000.0,0.0,one_sided_huber,additive_removal_premium_v1,0.015
prefs_ra7_eis0p9_prtp0p005,15,3,delay_frontier,fixed_learning_grid,default,0|5|10|15|35|75|125|175|225,delayed,170,7,2200,0.0078125,8.911697731898256,1.0,0.5787997628273842,413.9510060807624,13.288217918401068,39.25532807630542,0.08247060098860558,0.017027173344993235,0.017004573621894208,7.0,0.9,0.005,1.5,1.5,10000.0,0.0,one_sided_huber,additive_removal_premium_v1,0.015
prefs_ra7_eis0p9_prtp0p005,15,3,delay_frontier,fixed_learning_grid,default,0|5|10|15|35|75|125|175|225,delayed,171,7,2200,0.0078125,5.895334629817746,1.0,0.7368107849949652,390.3950144187635,13.39945486803327,39.563268635441574,0.0824227538021111,0.00928707755725357,0.009213694986499064,7.0,0.9,0.005,1.5,1.5,10000.0,0.0,one_sided_huber,additive_removal_premium_v1,0.015
prefs_ra7_eis0p9_prtp0p005,15,3,delay_frontier,fixed_learning_grid,default,0|5|10|15|35|75|125|175|225,delayed,172,7,2200,0.0078125,6.595093621623121,1.0,0.6939564325906383,396.75838998329004,13.37299587373339,39.49112522927755,0.08243662260852405,0.011130320036879634,0.011076934617041014,7.0,0.9,0.005,1.5,1.5,10000.0,0.0,one_sided_huber,additive_removal_premium_v1,0.015
prefs_ra7_eis0p9_prtp0p005,15,3,delay_frontier,fixed_learning_grid,default,0|5|10|15|35|75|125|175|225,delayed,173,7,2200,0.0078125,6.493481556925095,1.0,0.6998905188303739,395.98093518076087,13.37722977904293,39.50138971531357,0.0824314323817672,0.010833665763494045,0.010778164360701009,7.0,0.9,0.005,1.5,1.5,10000.0,0.0,one_sided_huber,additive_removal_premium_v1,0.015
prefs_ra7_eis0p9_prtp0p005,15,3,delay_frontier,fixed_learning_grid,default,0|5|10|15|35|75|125|175|225,delayed,174,7,2200,0.0078125,6.444073038751452,1.0,0.702809386318314,395.65382369567993,13.379008996965116,39.506315184067795,0.08243067114288555,0.010710089687317476,0.010653673114759826,7.0,0.9,0.005,1.5,1.5,10000.0,0.0,one_sided_huber,additive_removal_premium_v1,0.015
prefs_ra7_eis0p9_prtp0p005,15,3,delay_frontier,fixed_learning_grid,default,0|5|10|15|35|75|125|175|225,delayed,175,7,2200,0.0078125,8.177278894539135,1.0,0.611720276250608,410.24968158587046,13.313913982387763,39.325478280253954,0.08245718212322503,0.015244566923679264,0.015217372844177816,7.0,0.9,0.005,1.5,1.5,10000.0,0.0,one_sided_huber,additive_removal_premium_v1,0.015
prefs_ra7_eis0p9_prtp0p005,15,3,delay_frontier,fixed_learning_grid,default,0|5|10|15|35|75|125|175|225,delayed,176,7,2200,0.0078125,8.0812552093879,1.0,0.6162403793621167,409.52000591126415,13.317186185435089,39.334654085267225,0.08245604235023471,0.015017998535228023,0.014989794020623526,7.0,0.9,0.005,1.5,1.5,10000.0,0.0,one_sided_huber,additive_removal_premium_v1,0.015
prefs_ra7_eis0p9_prtp0p005,15,3,delay_frontier,fixed_learning_grid,default,0|5|10|15|35|75|125|175|225,delayed,177,7,2200,0.0078125,8.106654094640856,1.0,0.6150396103286246,409.73606769399504,13.316317619957793,39.33221914805724,0.08245634638477586,0.015078151985557219,0.015050250518464642,7.0,0.9,0.005,1.5,1.5,10000.0,0.0,one_sided_huber,additive_removal_premium_v1,0.015
prefs_ra7_eis0p9_prtp0p005,15,3,delay_frontier,fixed_learning_grid,default,0|5|10|15|35|75|125|175|225,delayed,178,7,2200,0.0078125,9.289076330394305,1.0,0.5629185470434397,417.57251061446965,13.275326833622675,39.21903478040253,0.0824747807637166,0.01792018948053977,0.017901332820478292,7.0,0.9,0.005,1.5,1.5,10000.0,0.0,one_sided_huber,additive_removal_premium_v1,0.015
prefs_ra7_eis0p9_prtp0p005,15,3,delay_frontier,fixed_learning_grid,default,0|5|10|15|35|75|125|175|225,delayed,179,7,2200,0.0078125,9.310952020266164,1.0,0.5620177262071039,417.75260954095154,13.274594060262475,39.21697367109819,0.08247502310095421,0.017970886785853714,0.01795219916360027,7.0,0.9,0.005,1.5,1.5,10000.0,0.0,one_sided_huber,additive_removal_premium_v1,0.015
prefs_ra7_eis0p9_prtp0p005,15,3,delay_frontier,fixed_learning_grid,default,0|5|10|15|35|75|125|175|225,delayed,180,7,2200,0.0078125,9.232052660706291,1.0,0.5652766799534916,417.23610139078994,13.277246215198952,39.22443603349553,0.08247415199119265,0.017787353447415916,0.017768176933212355,7.0,0.9,0.005,1.5,1.5,10000.0,0.0,one_sided_huber,additive_removal_premium_v1,0.015
prefs_ra7_eis0p9_prtp0p005,15,3,delay_frontier,fixed_learning_grid,default,0|5|10|15|35|75|125|175|225,delayed,181,7,2200,0.0078125,8.869184898304004,1.0,0.5806305698525075,415.5797352621282,13.289731687104963,39.25962760399992,0.08247019868121253,0.016922026330126377,0.01690119406563433,7.0,0.9,0.005,1.5,1.5,10000.0,0.0,one_sided_huber,additive_removal_premium_v1,0.015
prefs_ra7_eis0p9_prtp0p005,15,3,delay_frontier,fixed_learning_grid,default,0|5|10|15|35|75|125|175|225,delayed,182,7,2200,0.0078125,8.792820927410908,1.0,0.5839411875894744,415.07946427830876,13.292417609416812,39.26720151797178,0.08246935706542835,0.016735614456215384,0.016714254542299967,7.0,0.9,0.005,1.5,1.5,10000.0,0.0,one_sided_huber,additive_removal_premium_v1,0.015
prefs_ra7_eis0p9_prtp0p005,15,3,delay_frontier,fixed_learning_grid,default,0|5|10|15|35|75|125|175|225,delayed,183,7,2200,0.0078125,8.820175278000223,1.0,0.5827520166432332,415.3031847327498,13.291453635110972,39.2644840684911,0.08246966099286171,0.016802525370629165,0.01678140305279429,7.0,0.9,0.005,1.5,1.5,10000.0,0.0,one_sided_huber,additive_removal_premium_v1,0.015
prefs_ra7_eis0p9_prtp0p005,15,3,delay_frontier,fixed_learning_grid,default,0|5|10|15|35|75|125|175|225,delayed,184,7,2200,0.0078125,10.254985587183546,1.0,0.5250229371420925,424.4010773845073,13.244383622936473,39.13217946183153,0.0824854596095588,0.020054573835316544,0.02004117130811745,7.0,0.9,0.005,1.5,1.5,10000.0,0.0,one_sided_huber,additive_removal_premium_v1,0.015
prefs_ra7_eis0p9_prtp0p005,15,3,delay_frontier,fixed_learning_grid,default,0|5|10|15|35|75|125|175|225,delayed,185,7,2200,0.0078125,10.254543607819759,1.0,0.525039452425611,424.3944700179709,13.244397124114062,39.13221728200601,0.08248545475974711,0.020053645700873902,0.020040238745232218,7.0,0.9,0.005,1.5,1.5,10000.0,0.0,one_sided_huber,additive_removal_premium_v1,0.015
prefs_ra7_eis0p9_prtp0p005,15,3,delay_frontier,fixed_learning_grid,default,0|5|10|15|35|75|125|175|225,delayed,186,7,2200,0.0078125,10.170808073296994,1.0,0.5281812043599352,423.88601006451546,13.246971502936935,39.13942967047675,0.08248453231812634,0.01987658667511608,0.019862834509618045,7.0,0.9,0.005,1.5,1.5,10000.0,0.0,one_sided_huber,additive_removal_premium_v1,0.015
prefs_ra7_eis0p9_prtp0p005,15,3,delay_frontier,fixed_learning_grid,default,0|5|10|15|35|75|125|175|225,delayed,187,7,2200,0.0078125,12.592554591475212,1.0,0.44629128539400065,437.1040367610798,13.1732949685809,38.93654659471487,0.08251938563417556,0.024941746474276806,0.024934645005600903,7.0,0.9,0.005,1.5,1.5,10000.0,0.0,one_sided_huber,additive_removal_premium_v1,0.015
prefs_ra7_eis0p9_prtp0p005,15,3,delay_frontier,fixed_learning_grid,default,0|5|10|15|35|75|125|175|225,delayed,188,7,2200,0.0078125,12.602600742929774,1.0,0.4459853370611361,437.1668623102276,13.173005763447518,38.935737907007734,0.08251949424314454,0.02496155072082604,0.024954471524675278,7.0,0.9,0.005,1.5,1.5,10000.0,0.0,one_sided_huber,additive_removal_premium_v1,0.015
prefs_ra7_eis0p9_prtp0p005,15,3,delay_frontier,fixed_learning_grid,default,0|5|10|15|35|75|125|175|225,delayed,189,7,2200,0.0078125,12.51248573412472,1.0,0.44873843432384386,436.7410249350737,13.175608260786971,38.94301750441926,0.08251852267736015,0.024783292760104225,0.024776061219635825,7.0,0.9,0.005,1.5,1.5,10000.0,0.0,one_sided_huber,additive_removal_premium_v1,0.015
prefs_ra7_eis0p9_prtp0p005,15,3,delay_frontier,fixed_learning_grid,default,0|5|10|15|35|75|125|175|225,delayed,190,7,2200,0.0078125,14.378001612955392,1.0,0.3954019897429145,445.02049111479056,13.1245347001417,38.801666879186406,0.08254122968830126,0.028267110526603394,0.028262330332170477,7.0,0.9,0.005,1.5,1.5,10000.0,0.0,one_sided_huber,additive_removal_premium_v1,0.015
prefs_ra7_eis0p9_prtp0p005,15,3,delay_frontier,fixed_learning_grid,default,0|5|10|15|35|75|125|175|225,delayed,191,7,2200,0.0078125,3.6592806329963294,0.8181299656631991,0.7368107849949652,390.3950144187635,13.501347094549072,39.84776352242101,0.08238518789757263,0.0021838124232460183,0.0021104298524915136,7.0,0.9,0.005,1.5,1.5,10000.0,0.0,one_sided_huber,additive_removal_premium_v1,0.015
prefs_ra7_eis0p9_prtp0p005,15,3,delay_frontier,fixed_learning_grid,default,0|5|10|15|35|75|125|175|225,delayed,192,7,2200,0.0078125,5.112063083643101,0.9015029276186114,0.6939564325906383,396.75838998329004,13.490052933447718,39.82545570406884,0.08241053789873398,0.0027632522809725064,0.002709866861133886,7.0,0.9,0.005,1.5,1.5,10000.0,0.0,one_sided_huber,additive_removal_premium_v1,0.015
prefs_ra7_eis0p9_prtp0p005,15,3,delay_frontier,fixed_learning_grid,default,0|5|10|15|35|75|125|175|225,delayed,193,7,2200,0.0078125,3.812511485514811,0.7976798920201145,0.6998905188303739,395.98093518076087,13.494734996628415,39.82903250616357,0.08238698951451735,0.0026590080242081433,0.0026035066214151067,7.0,0.9,0.005,1.5,1.5,10000.0,0.0,one_sided_huber,additive_removal_premium_v1,0.015
prefs_ra7_eis0p9_prtp0p005,15,3,delay_frontier,fixed_learning_grid,default,0|5|10|15|35|75|125|175|225,delayed,194,7,2200,0.0078125,3.8011984878436826,0.7993888017822408,0.702809386318314,395.65382369567993,13.495268191324566,39.83054218507069,0.08238684238345623,0.0026204792105532543,0.002564062637995604,7.0,0.9,0.005,1.5,1.5,10000.0,0.0,one_sided_huber,additive_removal_premium_v1,0.015
prefs_ra7_eis0p9_prtp0p005,15,3,delay_frontier,fixed_learning_grid,default,0|5|10|15|35|75|125|175|225,delayed,195,7,2200,0.0078125,5.421731957376839,0.8426063751731026,0.611720276250608,410.24968158587046,13.470271465789196,39.766886670407764,0.08241014644277435,0.004211029627390791,0.004183835547889343,7.0,0.9,0.005,1.5,1.5,10000.0,0.0,one_sided_huber,additive_removal_premium_v1,0.015
prefs_ra7_eis0p9_prtp0p005,15,3,delay_frontier,fixed_learning_grid,default,0|5|10|15|35|75|125|175|225,delayed,196,7,2200,0.0078125,5.4134890293686055,0.8464470706132502,0.6162403793621167,409.52000591126415,13.471340095548475,39.77014468717853,0.08241038407854387,0.004131023503065629,0.004102818988461132,7.0,0.9,0.005,1.5,1.5,10000.0,0.0,one_sided_huber,additive_removal_premium_v1,0.015
prefs_ra7_eis0p9_prtp0p005,15,3,delay_frontier,fixed_learning_grid,default,0|5|10|15|35|75|125|175|225,delayed,197,7,2200,0.0078125,5.414775145215339,0.8453639865858481,0.6150396103286246,409.73606769399504,13.471058955293085,39.76928161990422,0.08241030790438228,0.004152242569842158,0.004124341102749581,7.0,0.9,0.005,1.5,1.5,10000.0,0.0,one_sided_huber,additive_removal_premium_v1,0.015
prefs_ra7_eis0p9_prtp0p005,15,3,delay_frontier,fixed_learning_grid,default,0|5|10|15|35|75|125|175|225,delayed,198,7,2200,0.0078125,6.9494993308034605,0.8880311103310174,0.5629185470434397,417.57251061446965,13.452801385999631,39.725682525129145,0.08243405787036169,0.005244728895549139,0.00522587223548766,7.0,0.9,0.005,1.5,1.5,10000.0,0.0,one_sided_huber,additive_removal_premium_v1,0.015
prefs_ra7_eis0p9_prtp0p005,15,3,delay_frontier,fixed_learning_grid,default,0|5|10|15|35|75|125|175|225,delayed,199,7,2200,0.0078125,6.950710315605126,0.8872053581249436,0.5620177262071039,417.75260954095154,13.452535706780607,39.724860342495894,0.08243397108274562,0.005264770857771801,0.005246083235518357,7.0,0.9,0.005,1.5,1.5,10000.0,0.0,one_sided_huber,additive_removal_premium_v1,0.015
prefs_ra7_eis0p9_prtp0p005,15,3,delay_frontier,fixed_learning_grid,default,0|5|10|15|35|75|125|175|225,delayed,200,7,2200,0.0078125,6.945087183881343,0.8901259872154099,0.5652766799534916,417.23610139078994,13.453501769144959,39.72784061199588,0.08243426508732746,0.0051921411987165865,0.0051729646845130265,7.0,0.9,0.005,1.5,1.5,10000.0,0.0,one_sided_huber,additive_removal_premium_v1,0.015
prefs_ra7_eis0p9_prtp0p005,15,3,delay_frontier,fixed_learning_grid,default,0|5|10|15|35|75|125|175|225,delayed,201,7,2200,0.0078125,6.923443390994593,0.904190868673962,0.5806305698525075,415.5797352621282,13.458050974518695,39.74192260362015,0.08243575927197963,0.004849313943391458,0.004828481678899411,7.0,0.9,0.005,1.5,1.5,10000.0,0.0,one_sided_huber,additive_removal_premium_v1,0.015
prefs_ra7_eis0p9_prtp0p005,15,3,delay_frontier,fixed_learning_grid,default,0|5|10|15|35|75|125|175|225,delayed,202,7,2200,0.0078125,6.917635332938177,0.9071692356623472,0.5839411875894744,415.07946427830876,13.459032857113717,39.74494687861187,0.0824360467779888,0.004775563897978602,0.0047542039840631845,7.0,0.9,0.005,1.5,1.5,10000.0,0.0,one_sided_huber,additive_removal_premium_v1,0.015
prefs_ra7_eis0p9_prtp0p005,15,3,delay_frontier,fixed_learning_grid,default,0|5|10|15|35|75|125|175|225,delayed,203,7,2200,0.0078125,6.920854892114756,0.9061615626494798,0.5827520166432332,415.3031847327498,13.458677865325843,39.74386351527842,0.08243596597381483,0.004802006783811366,0.004780884465976491,7.0,0.9,0.005,1.5,1.5,10000.0,0.0,one_sided_huber,additive_removal_premium_v1,0.015
prefs_ra7_eis0p9_prtp0p005,15,3,delay_frontier,fixed_learning_grid,default,0|5|10|15|35|75|125|175|225,delayed,204,7,2200,0.0078125,7.013353588424453,0.8541918864386517,0.5250229371420925,424.4010773845073,13.44157695882581,39.69099074672609,0.08243048942054168,0.006089508396263476,0.006076105869064383,7.0,0.9,0.005,1.5,1.5,10000.0,0.0,one_sided_huber,additive_removal_premium_v1,0.015
prefs_ra7_eis0p9_prtp0p005,15,3,delay_frontier,fixed_learning_grid,default,0|5|10|15|35|75|125|175|225,delayed,205,7,2200,0.0078125,7.013128161272502,0.8541959908441754,0.525039452425611,424.3944700179709,13.441582321383356,39.691005816135146,0.0824304876542623,0.006089142284436307,0.006075735328794623,7.0,0.9,0.005,1.5,1.5,10000.0,0.0,one_sided_huber,additive_removal_premium_v1,0.015
prefs_ra7_eis0p9_prtp0p005,15,3,delay_frontier,fixed_learning_grid,default,0|5|10|15|35|75|125|175|225,delayed,206,7,2200,0.0078125,7.00765530663932,0.8569764170666246,0.5281812043599352,423.88601006451546,13.442514187411675,39.69388993346556,0.08243079328044517,0.006018998507049256,0.00600524634155122,7.0,0.9,0.005,1.5,1.5,10000.0,0.0,one_sided_huber,additive_removal_premium_v1,0.015
prefs_ra7_eis0p9_prtp0p005,15,3,delay_frontier,fixed_learning_grid,default,0|5|10|15|35|75|125|175|225,delayed,207,7,2200,0.0078125,8.612281112794506,0.8542036810099013,0.44629128539400065,437.1040367610798,13.41135251873198,39.610077209094854,0.0824497659870443,0.008087627253424427,0.008080525784748525,7.0,0.9,0.005,1.5,1.5,10000.0,0.0,one_sided_huber,additive_removal_premium_v1,0.015
prefs_ra7_eis0p9_prtp0p005,15,3,delay_frontier,fixed_learning_grid,default,0|5|10|15|35|75|125|175|225,delayed,208,7,2200,0.0078125,8.614886191801812,0.8540182500827453,0.4459853370611361,437.1668623102276,13.41123873698063,39.60973891366319,0.08244976079699487,0.00809582494123299,0.008088745745082228,7.0,0.9,0.005,1.5,1.5,10000.0,0.0,one_sided_huber,additive_removal_premium_v1,0.015
prefs_ra7_eis0p9_prtp0p005,15,3,delay_frontier,fixed_learning_grid,default,0|5|10|15|35|75|125|175|225,delayed,209,7,2200,0.0078125,8.61063728933174,0.8565226530094898,0.44873843432384386,436.7410249350737,13.412214635240957,39.6127855644345,0.08245014090968497,0.008022009403188288,0.00801477786271989,7.0,0.9,0.005,1.5,1.5,10000.0,0.0,one_sided_huber,additive_removal_premium_v1,0.015
prefs_ra7_eis0p9_prtp0p005,15,3,delay_frontier,fixed_learning_grid,default,0|5|10|15|35|75|125|175|225,delayed,210,7,2200,0.0078125,8.755137723016064,0.81106324420605,0.3954019897429145,445.02049111479056,13.392883455301195,39.55360742210828,0.08244531488176027,0.009473266311930333,0.009468486117497414,7.0,0.9,0.005,1.5,1.5,10000.0,0.0,one_sided_huber,additive_removal_premium_v1,0.015
prefs_ra7_eis0p9_prtp0p005,15,3,delay_frontier,fixed_learning_grid,default,0|5|10|15|35|75|125|175|225,delayed,211,7,2200,0.0078125,6.974610979858371,0.8815990117468112,0.5550334103201262,421.7979260041367,13.450467407605396,39.718594201345,0.08243360551188268,0.0054180503265334285,0.005402784771397887,7.0,0.9,0.005,1.5,1.5,10000.0,0.0,one_sided_huber,additive_removal_premium_v1,0.015
prefs_ra7_eis0p9_prtp0p005,15,3,delay_frontier,fixed_learning_grid,default,0|5|10|15|35|75|125|175|225,delayed,212,7,2200,0.0078125,6.969665958422761,0.8846436096879958,0.5583854764461827,421.28758616916286,13.451460086507531,39.7216669580483,0.08243393161543558,0.005343237224423893,0.005327577132049533,7.0,0.9,0.005,1.5,1.5,10000.0,0.0,one_sided_huber,additive_removal_premium_v1,0.015
prefs_ra7_eis0p9_prtp0p005,15,3,delay_frontier,fixed_learning_grid,default,0|5|10|15|35|75|125|175|225,delayed,213,7,2200,0.0078125,6.970756112718642,0.8840255906663648,0.557700562025348,421.38881009214634,13.451257020496726,39.721039572495236,0.08243386765155516,0.005358525046743288,0.005342944011702121,7.0,0.9,0.005,1.5,1.5,10000.0,0.0,one_sided_huber,additive_removal_premium_v1,0.015
prefs_ra7_eis0p9_prtp0p005,15,3,delay_frontier,fixed_learning_grid,default,0|5|10|15|35|75|125|175|225,delayed,214,7,2200,0.0078125,7.046103046635161,0.8321305450601079,0.5005701810221785,430.3412638934475,13.434362877785556,39.668567168374935,0.08242790018942338,0.006634691502183038,0.006624732893168852,7.0,0.9,0.005,1.5,1.5,10000.0,0.0,one_sided_huber,additive_removal_premium_v1,0.015
prefs_ra7_eis0p9_prtp0p005,15,3,delay_frontier,fixed_learning_grid,default,0|5|10|15|35|75|125|175|225,delayed,215,7,2200,0.0078125,7.0422723104239555,0.8317539077197468,0.5003898829695161,430.3824674124663,13.434319893922389,39.66840157200587,0.0824278108966206,0.006638716210905384,0.006628778097055027,7.0,0.9,0.005,1.5,1.5,10000.0,0.0,one_sided_huber,additive_removal_premium_v1,0.015
prefs_ra7_eis0p9_prtp0p005,15,3,delay_frontier,fixed_learning_grid,default,0|5|10|15|35|75|125|175|225,delayed,216,7,2200,0.0078125,7.042132860743919,0.8342130277002097,0.5029346377848688,430.01903300192305,13.435064514694599,39.670744056606175,0.08242814286955438,0.006581803814403601,0.006571683458946505,7.0,0.9,0.005,1.5,1.5,10000.0,0.0,one_sided_huber,additive_removal_premium_v1,0.015
prefs_ra7_eis0p9_prtp0p005,15,3,delay_frontier,fixed_learning_grid,default,0|5|10|15|35|75|125|175|225,delayed,217,7,2200,0.0078125,8.66598291273525,0.8327551519963836,0.42184452482327073,443.04276680105573,13.402657022448942,39.58304249722763,0.08244663520278224,0.008742617663028354,0.008737340614551364,7.0,0.9,0.005,1.5,1.5,10000.0,0.0,one_sided_huber,additive_removal_premium_v1,0.015
prefs_ra7_eis0p9_prtp0p005,15,3,delay_frontier,fixed_learning_grid,default,0|5|10|15|35|75|125|175|225,delayed,218,7,2200,0.0078125,8.665703919834861,0.8327238416683779,0.4218245341469682,443.0361260779639,13.402650682828503,39.58302028491114,0.08244662712803107,0.008743156508017786,0.008737877707088238,7.0,0.9,0.005,1.5,1.5,10000.0,0.0,one_sided_huber,additive_removal_premium_v1,0.015
prefs_ra7_eis0p9_prtp0p005,15,3,delay_frontier,fixed_learning_grid,default,0|5|10|15|35|75|125|175|225,delayed,219,7,2200,0.0078125,8.655952257014853,0.8354029281455897,0.4250228971155606,442.50212251794227,13.403796005108825,39.5865621356956,0.08244699573704048,0.008657368446934283,0.008651946803368466,7.0,0.9,0.005,1.5,1.5,10000.0,0.0,one_sided_huber,additive_removal_premium_v1,0.015
prefs_ra7_eis0p9_prtp0p005,15,3,delay_frontier,fixed_learning_grid,default,0|5|10|15|35|75|125|175|225,delayed,220,7,2200,0.0078125,10.315962286627922,0.8517585348238679,0.37449650050352234,450.0989577110978,13.380396117234856,39.527545590177155,0.08247039167634188,0.010128025724450073,0.010124317478540512,7.0,0.9,0.005,1.5,1.5,10000.0,0.0,one_sided_huber,additive_removal_premium_v1,0.015
prefs_ra7_eis0p9_prtp0p005,15,3,delay_frontier,fixed_learning_grid,default,0|5|10|15|35|75|125|175|225,delayed,221,7,2200,0.0078125,8.745422615136945,0.8105735321543299,0.3953175676888756,447.76775352817816,13.392881180315404,39.553545603943846,0.08244518727193124,0.009475301219485166,0.009471134542988363,7.0,0.9,0.005,1.5,1.5,10000.0,0.0,one_sided_huber,additive_removal_premium_v1,0.015
prefs_ra7_eis0p9_prtp0p005,15,3,delay_frontier,fixed_learning_grid,default,0|5|10|15|35|75|125|175|225,delayed,222,7,2200,0.0078125,8.745234608474995,0.8105175026776313,0.3952673835291062,447.7814903989113,13.392861031468712,39.55348882357109,0.08244519358474249,0.009476872698523223,0.00947270888288673,7.0,0.9,0.005,1.5,1.5,10000.0,0.0,one_sided_huber,additive_removal_premium_v1,0.015
prefs_ra7_eis0p9_prtp0p005,15,3,delay_frontier,fixed_learning_grid,default,0|5|10|15|35|75|125|175|225,delayed,223,7,2200,0.0078125,8.746804816243149,0.8124249642428318,0.39718711241318916,447.54188473375535,13.39364660125343,39.55566480067917,0.08244485994606088,0.009416698584340133,0.009412484585217124,7.0,0.9,0.005,1.5,1.5,10000.0,0.0,one_sided_huber,additive_removal_premium_v1,0.015
prefs_ra7_eis0p9_prtp0p005,15,3,delay_frontier,fixed_learning_grid,default,0|5|10|15|35|75|125|175|225,delayed,224,7,2200,0.0078125,10.475522371948278,0.8284069679791721,0.3445217714219976,455.57734448652354,13.36773244210314,39.48871171645813,0.08246708828112684,0.011067481971998127,0.011064662243751376,7.0,0.9,0.005,1.5,1.5,10000.0,0.0,one_sided_huber,additive_removal_premium_v1,0.015
prefs_ra7_eis0p9_prtp0p005,15,3,delay_frontier,fixed_learning_grid,default,0|5|10|15|35|75|125|175|225,delayed,225,7,2200,0.0078125,11.006336733156513,0.7851721801798124,0.28029134710471815,465.95176460050294,13.339091626961023,39.403924779740684,0.08246666727475599,0.013162392373490985,0.01316071383973271,7.0,0.9,0.005,1.5,1.5,10000.0,0.0,one_sided_huber,additive_removal_premium_v1,0.015
prefs_ra7_eis0p9_prtp0p005,15,3,delay_frontier,fixed_learning_grid,default,0|5|10|15|35|75|125|175|225,delayed,226,7,2200,0.0078125,3.083261051782131,0.5930225962760683,0.5550334103201262,421.7979260041367,13.501115723493767,39.843084338092524,0.08237600736856619,0.0023725078773848677,0.0023572423222493265,7.0,0.9,0.005,1.5,1.5,10000.0,0.0,one_sided_huber,additive_removal_premium_v1,0.015
prefs_ra7_eis0p9_prtp0p005,15,3,delay_frontier,fixed_learning_grid,default,0|5|10|15|35|75|125|175|225,delayed,227,7,2200,0.0078125,3.0677379854121187,0.5942240953759484,0.5583854764461827,421.28758616916286,13.501561657262027,39.84436800908986,0.08237593311930855,0.002340832216133393,0.0023251721237590325,7.0,0.9,0.005,1.5,1.5,10000.0,0.0,one_sided_huber,additive_removal_premium_v1,0.015
prefs_ra7_eis0p9_prtp0p005,15,3,delay_frontier,fixed_learning_grid,default,0|5|10|15|35|75|125|175|225,delayed,228,7,2200,0.0078125,3.0666279977326325,0.5935266208816202,0.557700562025348,421.38881009214634,13.501479964737758,39.844106387199716,0.08237588593624623,0.002347305935684371,0.002331724900643203,7.0,0.9,0.005,1.5,1.5,10000.0,0.0,one_sided_huber,additive_removal_premium_v1,0.015
prefs_ra7_eis0p9_prtp0p005,15,3,delay_frontier,fixed_learning_grid,default,0|5|10|15|35|75|125|175|225,delayed,229,7,2200,0.0078125,3.059799892090012,0.5454273885987065,0.5005701810221785,430.3412638934475,13.494464219198921,39.82214303828381,0.08237299174665082,0.002888266598921565,0.0028783079899073792,7.0,0.9,0.005,1.5,1.5,10000.0,0.0,one_sided_huber,additive_removal_premium_v1,0.015
prefs_ra7_eis0p9_prtp0p005,15,3,delay_frontier,fixed_learning_grid,default,0|5|10|15|35|75|125|175|225,delayed,230,7,2200,0.0078125,3.058836588995104,0.5451830196240834,0.5003898829695161,430.3824674124663,13.494444111387896,39.82207373899962,0.08237296885229237,0.002889971068039123,0.0028800329541887664,7.0,0.9,0.005,1.5,1.5,10000.0,0.0,one_sided_huber,additive_removal_premium_v1,0.015
prefs_ra7_eis0p9_prtp0p005,15,3,delay_frontier,fixed_learning_grid,default,0|5|10|15|35|75|125|175|225,delayed,231,7,2200,0.0078125,3.0748453660446455,0.5488793897255888,0.5029346377848688,430.01903300192305,13.49472417279969,39.82305656127239,0.08237332822059217,0.002865806894936705,0.0028556865394796086,7.0,0.9,0.005,1.5,1.5,10000.0,0.0,one_sided_huber,additive_removal_premium_v1,0.015
prefs_ra7_eis0p9_prtp0p005,15,3,delay_frontier,fixed_learning_grid,default,0|5|10|15|35|75|125|175|225,delayed,232,7,2200,0.0078125,3.5465555107405904,0.5276420237844196,0.42184452482327073,443.04276680105573,13.481749200486915,39.78559938529239,0.082375242463512,0.0037843107219326507,0.0037790336734556604,7.0,0.9,0.005,1.5,1.5,10000.0,0.0,one_sided_huber,additive_removal_premium_v1,0.015
prefs_ra7_eis0p9_prtp0p005,15,3,delay_frontier,fixed_learning_grid,default,0|5|10|15|35|75|125|175|225,delayed,233,7,2200,0.0078125,3.5479477168627866,0.5277462039292294,0.4218245341469682,443.0361260779639,13.481743299380629,39.78558997823504,0.08237526088509149,0.0037845414674867314,0.003779262666557184,7.0,0.9,0.005,1.5,1.5,10000.0,0.0,one_sided_huber,additive_removal_premium_v1,0.015
prefs_ra7_eis0p9_prtp0p005,15,3,delay_frontier,fixed_learning_grid,default,0|5|10|15|35|75|125|175|225,delayed,234,7,2200,0.0078125,3.549850108157497,0.5304646525679405,0.4250228971155606,442.50212251794227,13.48221428071131,39.78708520318153,0.08237550318102738,0.0037480470776006434,0.0037426254340348266,7.0,0.9,0.005,1.5,1.5,10000.0,0.0,one_sided_huber,additive_removal_premium_v1,0.015
prefs_ra7_eis0p9_prtp0p005,15,3,delay_frontier,fixed_learning_grid,default,0|5|10|15|35|75|125|175|225,delayed,235,7,2200,0.0078125,4.037161554112287,0.5295538815948452,0.37449650050352234,450.0989577110978,13.473107670332228,39.76179888405992,0.08237915880467385,0.004369487172612286,0.004365778926702724,7.0,0.9,0.005,1.5,1.5,10000.0,0.0,one_sided_huber,additive_removal_premium_v1,0.015
prefs_ra7_eis0p9_prtp0p005,15,3,delay_frontier,fixed_learning_grid,default,0|5|10|15|35|75|125|175|225,delayed,236,7,2200,0.0078125,3.972646646781607,0.5413050484585974,0.3953175676888756,447.76775352817816,13.47681555353108,39.77306466136623,0.08237990234217095,0.004095213540294172,0.004091046863797368,7.0,0.9,0.005,1.5,1.5,10000.0,0.0,one_sided_huber,additive_removal_premium_v1,0.015
prefs_ra7_eis0p9_prtp0p005,15,3,delay_frontier,fixed_learning_grid,default,0|5|10|15|35|75|125|175|225,delayed,237,7,2200,0.0078125,3.9710631826034004,0.5411409228711288,0.3952673835291062,447.7814903989113,13.476810299597282,39.773037552611996,0.08237987563862796,0.004095872854797684,0.0040917090391611914,7.0,0.9,0.005,1.5,1.5,10000.0,0.0,one_sided_huber,additive_removal_premium_v1,0.015
prefs_ra7_eis0p9_prtp0p005,15,3,delay_frontier,fixed_learning_grid,default,0|5|10|15|35|75|125|175|225,delayed,238,7,2200,0.0078125,3.599806236597646,0.5126560681466021,0.39718711241318916,447.54188473375535,13.477912007108799,39.774042307186555,0.08237470571658927,0.0040705923925565815,0.004066378393433572,7.0,0.9,0.005,1.5,1.5,10000.0,0.0,one_sided_huber,additive_removal_premium_v1,0.015
prefs_ra7_eis0p9_prtp0p005,15,3,delay_frontier,fixed_learning_grid,default,0|5|10|15|35|75|125|175|225,delayed,239,7,2200,0.0078125,4.013594892644506,0.5041583568559144,0.3445217714219976,455.57734448652354,13.46801699597281,39.74559026602414,0.08237642980862983,0.004764112443089472,0.004761292714842722,7.0,0.9,0.005,1.5,1.5,10000.0,0.0,one_sided_huber,additive_removal_premium_v1,0.015
prefs_ra7_eis0p9_prtp0p005,15,3,delay_frontier,fixed_learning_grid,default,0|5|10|15|35|75|125|175|225,delayed,240,7,2200,0.0078125,4.605431206821351,0.49537508890609405,0.28029134710471815,465.95176460050294,13.455321272963003,39.70960230882144,0.08237983785886643,0.005648003655547666,0.005646325121789392,7.0,0.9,0.005,1.5,1.5,10000.0,0.0,one_sided_huber,additive_removal_premium_v1,0.015
prefs_ra7_eis0p9_prtp0p005,15,3,delay_frontier,fixed_learning_grid,default,0|5|10|15|35|75|125|175|225,delayed,241,7,2200,0.0078125,4.0383762003361525,0.5321105487185519,0.3775794502664176,452.0767862314925,13.473639611244622,39.76348996837415,0.08237943784838352,0.0043284587712209095,0.004325099688666856,7.0,0.9,0.005,1.5,1.5,10000.0,0.0,one_sided_huber,additive_removal_premium_v1,0.015
prefs_ra7_eis0p9_prtp0p005,15,3,delay_frontier,fixed_learning_grid,default,0|5|10|15|35|75|125|175|225,delayed,242,7,2200,0.0078125,4.039109391872979,0.5321006643430602,0.37749737906006275,452.0982692639674,13.473624026457452,39.7634456850687,0.0823794417861049,0.004329538087011404,0.004326182610672066,7.0,0.9,0.005,1.5,1.5,10000.0,0.0,one_sided_huber,additive_removal_premium_v1,0.015
prefs_ra7_eis0p9_prtp0p005,15,3,delay_frontier,fixed_learning_grid,default,0|5|10|15|35|75|125|175|225,delayed,243,7,2200,0.0078125,4.043323968276071,0.5344442816055672,0.38002182154205444,451.71176353002363,13.47404809684418,39.764811229448966,0.08237970425588963,0.004296293777035586,0.004292872824742776,7.0,0.9,0.005,1.5,1.5,10000.0,0.0,one_sided_huber,additive_removal_premium_v1,0.015
prefs_ra7_eis0p9_prtp0p005,15,3,delay_frontier,fixed_learning_grid,default,0|5|10|15|35|75|125|175|225,delayed,244,7,2200,0.0078125,3.9972036377935463,0.4883593250996806,0.32560495427416025,460.17271285574213,13.464806237607478,39.73535945032026,0.08237468953022715,0.005013139263001809,0.005010898373974577,7.0,0.9,0.005,1.5,1.5,10000.0,0.0,one_sided_huber,additive_removal_premium_v1,0.015
prefs_ra7_eis0p9_prtp0p005,15,3,delay_frontier,fixed_learning_grid,default,0|5|10|15|35|75|125|175|225,delayed,245,7,2200,0.0078125,4.595920848971134,0.48027563688955444,0.2613029110076218,470.564531005104,13.451610565542788,39.69782277470814,0.08237792776632222,0.005934355441584224,0.005933022640674618,7.0,0.9,0.005,1.5,1.5,10000.0,0.0,one_sided_huber,additive_removal_premium_v1,0.015
prefs_ra7_eis0p9_prtp0p005,15,3,delay_frontier,fixed_learning_grid,default,0|5|10|15|35|75|125|175|225,delayed,246,7,2200,0.0078125,4.583388514626806,0.4625945159214555,0.2387406547126123,474.6748083701011,13.447200375848746,39.68382018176522,0.08237565031576527,0.00627476480500205,0.006273679599844678,7.0,0.9,0.005,1.5,1.5,10000.0,0.0,one_sided_huber,additive_removal_premium_v1,0.015
prefs_ra7_eis0p9_prtp0p005,15,3,delay_frontier,fixed_learning_grid,default,0|5|10|15|35|75|125|175|225,delayed,247,7,2200,0.0078125,1.5640811496144293,0.2855604542227235,0.3775794502664176,452.0767862314925,13.518537090891035,39.88734181720073,0.08235959282224592,0.001344047263663703,0.0013406881811096497,7.0,0.9,0.005,1.5,1.5,10000.0,0.0,one_sided_huber,additive_removal_premium_v1,0.015
prefs_ra7_eis0p9_prtp0p005,15,3,delay_frontier,fixed_learning_grid,default,0|5|10|15|35|75|125|175|225,delayed,248,7,2200,0.0078125,1.5647567181856725,0.2856061625904065,0.37749737906006275,452.0982692639674,13.51853206914102,39.88732905716299,0.08235959754140444,0.0013443608089531759,0.0013410053326138377,7.0,0.9,0.005,1.5,1.5,10000.0,0.0,one_sided_huber,additive_removal_premium_v1,0.015
prefs_ra7_eis0p9_prtp0p005,15,3,delay_frontier,fixed_learning_grid,default,0|5|10|15|35|75|125|175|225,delayed,249,7,2200,0.0078125,1.5711148908038024,0.28783951742823805,0.38002182154205444,451.71176353002363,13.51864834766331,39.88772025260075,0.08235970791103207,0.001334670966738928,0.0013312500144461185,7.0,0.9,0.005,1.5,1.5,10000.0,0.0,one_sided_huber,additive_removal_premium_v1,0.015
prefs_ra7_eis0p9_prtp0p005,15,3,delay_frontier,fixed_learning_grid,default,0|5|10|15|35|75|125|175|225,delayed,250,7,2200,0.0078125,1.4448558446549025,0.24309681075406137,0.32560495427416025,460.17271285574213,13.51610412841993,39.879259030966416,0.08235751808197768,0.001543776484418746,0.0015415355953915131,7.0,0.9,0.005,1.5,1.5,10000.0,0.0,one_sided_huber,additive_removal_premium_v1,0.015
prefs_ra7_eis0p9_prtp0p005,15,3,delay_frontier,fixed_learning_grid,default,0|5|10|15|35|75|125|175|225,delayed,251,7,2200,0.0078125,1.4405960548735892,0.2129157787278435,0.2613029110076218,470.564531005104,13.512510057777959,39.86803540455097,0.08235609658566578,0.0018185624637430333,0.0018172296628334278,7.0,0.9,0.005,1.5,1.5,10000.0,0.0,one_sided_huber,additive_removal_premium_v1,0.015
prefs_ra7_eis0p9_prtp0p005,15,3,delay_frontier,fixed_learning_grid,default,0|5|10|15|35|75|125|175|225,delayed,252,7,2200,0.0078125,1.3693885786436486,0.19511119869445342,0.2387406547126123,474.6748083701011,13.511235998599114,39.86384490290807,0.08235510621314862,0.0019213672281251392,0.0019202820229677674,7.0,0.9,0.005,1.5,1.5,10000.0,0.0,one_sided_huber,additive_removal_premium_v1,0.015
prefs_ra7_eis0p9_prtp0p005,15,3,delay_frontier,fixed_learning_grid,default,0|5|10|15|35|75|125|175|225,delayed,253,7,2200,0.0078125,1.343645031549805,0.1864082866219603,0.2243622402198211,478.1676851391321,13.51039920511941,39.86117411000242,0.08235464273398448,0.001986866263839466,0.001985954956077727,7.0,0.9,0.005,1.5,1.5,10000.0,0.0,one_sided_huber,additive_removal_premium_v1,0.015
prefs_ra7_eis0p9_prtp0p005,15,3,delay_frontier,fixed_learning_grid,default,0|5|10|15|35|75|125|175|225,delayed,254,7,2200,0.0078125,0.14734329832093213,0.02478722003098404,0.2243622402198211,478.1676851391321,13.535341911509764,39.935719771838855,0.08235682991552912,0.00020207020334303677,0.00020115889558129798,7.0,0.9,0.005,1.5,1.5,10000.0,0.0,one_sided_huber,additive_removal_premium_v1,0.015
prefs_ra7_eis0p9_prtp0p005,10,2,delay_frontier,fixed_learning_grid,default,0|5|10|15|35|75|125|175|225,optimal,0,0,2025,1.0,204.09310913665865,0.6274120832560213,0.0,425.6,0.9752112688009675,7.671869091150718,0.24486863635323472,0.0,0.0,7.0,0.9,0.005,1.5,1.5,10000.0,0.0,one_sided_huber,additive_removal_premium_v1,0.015
prefs_ra7_eis0p9_prtp0p005,10,2,delay_frontier,fixed_learning_grid,default,0|5|10|15|35|75|125|175|225,optimal,1,1,2030,0.5,267.7421087945362,0.7473057202920123,0.6274120832560224,432.49661320158697,1.0374525646414718,8.075945541240158,0.24201775601576525,0.00030055166774595914,0.0002916104574790492,7.0,0.9,0.005,1.5,1.5,10000.0,0.0,one_sided_huber,additive_removal_premium_v1,0.015
prefs_ra7_eis0p9_prtp0p005,10,2,delay_frontier,fixed_learning_grid,default,0|5|10|15|35|75|125|175|225,optimal,2,1,2030,0.5,152.83139994457434,0.5582032688254519,0.6274120832560224,432.49661320158697,1.0587797488247703,8.204289552911797,0.24078884505153053,0.0001445231472846518,0.00013558193701774187,7.0,0.9,0.005,1.5,1.5,10000.0,0.0,one_sided_huber,additive_removal_premium_v1,0.015
prefs_ra7_eis0p9_prtp0p005,10,2,delay_frontier,fixed_learning_grid,default,0|5|10|15|35|75|125|175|225,optimal,3,2,2035,0.25,346.83237676958737,0.8901168902566586,0.6879839956473103,434.4381568685936,1.098265776605114,8.52710101587621,0.24131836146048158,0.0006850712446460884,0.000676957215146063,7.0,0.9,0.005,1.5,1.5,10000.0,0.0,one_sided_huber,additive_removal_premium_v1,0.015
prefs_ra7_eis0p9_prtp0p005,10,2,delay_frontier,fixed_learning_grid,default,0|5|10|15|35|75|125|175|225,optimal,4,2,2035,0.25,193.73138164934355,0.6787558305629571,0.6879839956473103,434.4381568685936,1.1312820715736944,8.60224220483342,0.23579319210116875,0.00034752466026463907,0.00033941063076461367,7.0,0.9,0.005,1.5,1.5,10000.0,0.0,one_sided_huber,additive_removal_premium_v1,0.015
prefs_ra7_eis0p9_prtp0p005,10,2,delay_frontier,fixed_learning_grid,default,0|5|10|15|35|75|125|175|225,optimal,5,2,2035,0.25,206.72153109437778,0.6986810995961992,0.592446839494711,439.1507870801518,1.1285956724799333,8.68138309538723,0.23883484167347896,0.0004651643430820283,0.00045875366664822263,7.0,0.9,0.005,1.5,1.5,10000.0,0.0,one_sided_huber,additive_removal_premium_v1,0.015
prefs_ra7_eis0p9_prtp0p005,10,2,delay_frontier,fixed_learning_grid,default,0|5|10|15|35|75|125|175|225,optimal,6,2,2035,0.25,104.32643776987604,0.4791413775204152,0.592446839494711,439.1507870801518,1.1483145582508019,8.716703801040016,0.235341575957832,0.00020059858254236655,0.0001941879061085609,7.0,0.9,0.005,1.5,1.5,10000.0,0.0,one_sided_huber,additive_removal_premium_v1,0.015
prefs_ra7_eis0p9_prtp0p005,10,2,delay_frontier,fixed_learning_grid,default,0|5|10|15|35|75|125|175|225,optimal,7,3,2040,0.125,401.3264950917473,1.0,0.7562280914482018,432.65502713719826,1.1671010373949415,9.037546177893164,0.24060824084216167,0.0010578998477426022,0.001049029177730066,7.0,0.9,0.005,1.5,1.5,10000.0,0.0,one_sided_huber,additive_removal_premium_v1,0.015
prefs_ra7_eis0p9_prtp0p005,10,2,delay_frontier,fixed_learning_grid,default,0|5|10|15|35|75|125|175|225,optimal,8,3,2040,0.125,244.05310982436663,0.8105733053538686,0.7562280914482018,432.65502713719826,1.205475679532872,9.045997130167173,0.23235413586068177,0.0005844476918073432,0.000575577021794807,7.0,0.9,0.005,1.5,1.5,10000.0,0.0,one_sided_huber,additive_removal_premium_v1,0.015
prefs_ra7_eis0p9_prtp0p005,10,2,delay_frontier,fixed_learning_grid,default,0|5|10|15|35|75|125|175|225,optimal,9,3,2040,0.125,255.89514954753406,0.824008766311497,0.684868383102899,437.96924702026143,1.2026375884446776,9.114018930729177,0.2349107044599168,0.0007715690419098956,0.0007647682340631334,7.0,0.9,0.005,1.5,1.5,10000.0,0.0,one_sided_huber,additive_removal_premium_v1,0.015
prefs_ra7_eis0p9_prtp0p005,10,2,delay_frontier,fixed_learning_grid,default,0|5|10|15|35|75|125|175|225,optimal,10,3,2040,0.125,259.16563357412593,0.8254900465281916,0.628313644042849,441.31908219160687,1.2017953758504405,9.11668453029058,0.23517002697478095,0.0009324560002169673,0.0009267039825241852,7.0,0.9,0.005,1.5,1.5,10000.0,0.0,one_sided_huber,additive_removal_premium_v1,0.015
prefs_ra7_eis0p9_prtp0p005,10,2,delay_frontier,fixed_learning_grid,default,0|5|10|15|35|75|125|175|225,optimal,11,3,2040,0.125,130.03135038767752,0.5883158099790791,0.684868383102899,437.96924702026143,1.2309677294301562,9.202224417869772,0.23137425282306814,0.0003424673302498653,0.00033566652240310307,7.0,0.9,0.005,1.5,1.5,10000.0,0.0,one_sided_huber,additive_removal_premium_v1,0.015
prefs_ra7_eis0p9_prtp0p005,10,2,delay_frontier,fixed_learning_grid,default,0|5|10|15|35|75|125|175|225,optimal,12,3,2040,0.125,132.07711722632345,0.5905496546031997,0.628313644042849,441.31908219160687,1.2305208181852543,9.202998370636932,0.2314892549061952,0.00042134901113454983,0.0004155969934417678,7.0,0.9,0.005,1.5,1.5,10000.0,0.0,one_sided_huber,additive_removal_premium_v1,0.015
prefs_ra7_eis0p9_prtp0p005,10,2,delay_frontier,fixed_learning_grid,default,0|5|10|15|35|75|125|175|225,optimal,13,3,2040,0.125,138.91806197317788,0.6032653814195363,0.5541926561927693,446.83893697407257,1.22907273729965,9.223110688055684,0.23235523117102558,0.0005327848194851531,0.0005284200763350763,7.0,0.9,0.005,1.5,1.5,10000.0,0.0,one_sided_huber,additive_removal_premium_v1,0.015
prefs_ra7_eis0p9_prtp0p005,10,2,delay_frontier,fixed_learning_grid,default,0|5|10|15|35|75|125|175|225,optimal,14,3,2040,0.125,67.62527937938225,0.39160262534054036,0.5541926561927693,446.83893697407257,1.2428388677152666,9.249279323085862,0.23022099991594241,0.000226136732065154,0.0002217719889150772,7.0,0.9,0.005,1.5,1.5,10000.0,0.0,one_sided_huber,additive_removal_premium_v1,0.015
prefs_ra7_eis0p9_prtp0p005,10,2,delay_frontier,fixed_learning_grid,default,0|5|10|15|35|75|125|175|225,optimal,15,4,2060,0.0625,220.70211986217456,1.0,0.8946183935971981,419.06104376852625,1.621074498636006,11.375045827277587,0.21565719388519636,0.001323878701755398,0.0013063745015269603,7.0,0.9,0.005,1.5,1.5,10000.0,0.0,one_sided_huber,additive_removal_premium_v1,0.015
prefs_ra7_eis0p9_prtp0p005,10,2,delay_frontier,fixed_learning_grid,default,0|5|10|15|35|75|125|175|225,optimal,16,4,2060,0.0625,206.499530695184,0.9740097105459415,0.8946183935971981,419.06104376852625,1.6266051359507185,11.396115005691705,0.2152848147526877,0.0008162318938280751,0.0007987276935996373,7.0,0.9,0.005,1.5,1.5,10000.0,0.0,one_sided_huber,additive_removal_premium_v1,0.015
prefs_ra7_eis0p9_prtp0p005,10,2,delay_frontier,fixed_learning_grid,default,0|5|10|15|35|75|125|175|225,optimal,17,4,2060,0.0625,218.66608629063631,0.9769238953565612,0.7870800900129136,434.0673748260423,1.6216771828446952,11.348455196058424,0.21500830669115512,0.001762421953187269,0.0017541560950745836,7.0,0.9,0.005,1.5,1.5,10000.0,0.0,one_sided_huber,additive_removal_premium_v1,0.015
prefs_ra7_eis0p9_prtp0p005,10,2,delay_frontier,fixed_learning_grid,default,0|5|10|15|35|75|125|175|225,optimal,18,4,2060,0.0625,219.7652539128877,0.9746950562181964,0.7638589435319465,436.4962360482387,1.6210762828557865,11.349662278494437,0.2151222842842346,0.0019949820070804826,0.001987661413353468,7.0,0.9,0.005,1.5,1.5,10000.0,0.0,one_sided_huber,additive_removal_premium_v1,0.015
prefs_ra7_eis0p9_prtp0p005,10,2,delay_frontier,fixed_learning_grid,default,0|5|10|15|35|75|125|175|225,optimal,19,4,2060,0.0625,229.70761308383734,0.9877011348479704,0.7402514882296842,439.022140865258,1.6175516909433125,11.423621884635457,0.2172051050484266,0.002231503389027761,0.0022250513444934963,7.0,0.9,0.005,1.5,1.5,10000.0,0.0,one_sided_huber,additive_removal_premium_v1,0.015
prefs_ra7_eis0p9_prtp0p005,10,2,delay_frontier,fixed_learning_grid,default,0|5|10|15|35|75|125|175|225,optimal,20,4,2060,0.0625,101.75674307332083,0.6936357023959059,0.7870800900129136,434.0673748260423,1.6601139456270413,11.47512260626425,0.21208383462623084,0.000865324587864979,0.0008570587297522935,7.0,0.9,0.005,1.5,1.5,10000.0,0.0,one_sided_huber,additive_removal_premium_v1,0.015
prefs_ra7_eis0p9_prtp0p005,10,2,delay_frontier,fixed_learning_grid,default,0|5|10|15|35|75|125|175|225,optimal,21,4,2060,0.0625,101.47789530278179,0.6889617779317665,0.7638589435319465,436.4962360482387,1.6600616454806587,11.47631776720819,0.2121158031048072,0.0009955813317582107,0.0009882607380311964,7.0,0.9,0.005,1.5,1.5,10000.0,0.0,one_sided_huber,additive_removal_premium_v1,0.015
prefs_ra7_eis0p9_prtp0p005,10,2,delay_frontier,fixed_learning_grid,default,0|5|10|15|35|75|125|175|225,optimal,22,4,2060,0.0625,101.03735919962003,0.6836858804468432,0.7402514882296842,439.022140865258,1.6600539741530915,11.43134549549834,0.21119351249919463,0.0011280974777849644,0.0011216454332506997,7.0,0.9,0.005,1.5,1.5,10000.0,0.0,one_sided_huber,additive_removal_premium_v1,0.015
prefs_ra7_eis0p9_prtp0p005,10,2,delay_frontier,fixed_learning_grid,default,0|5|10|15|35|75|125|175|225,optimal,23,4,2060,0.0625,117.32259707773775,0.7180496427334193,0.6300550953567877,455.16776773101554,1.6544850588703546,11.548510776215789,0.21439901555127153,0.0018333125558571345,0.001830434487691254,7.0,0.9,0.005,1.5,1.5,10000.0,0.0,one_sided_huber,additive_removal_premium_v1,0.015
prefs_ra7_eis0p9_prtp0p005,10,2,delay_frontier,fixed_learning_grid,default,0|5|10|15|35|75|125|175|225,optimal,24,4,2060,0.0625,118.49729243120966,0.7177933942924172,0.6068748739238791,457.6340546010446,1.6539641973716013,11.530235450927403,0.21409695705938286,0.0019925059132157204,0.0019899617411381705,7.0,0.9,0.005,1.5,1.5,10000.0,0.0,one_sided_huber,additive_removal_premium_v1,0.015
prefs_ra7_eis0p9_prtp0p005,10,2,delay_frontier,fixed_learning_grid,default,0|5|10|15|35|75|125|175|225,optimal,25,4,2060,0.0625,121.97176440714722,0.7239481222204328,0.5820514415292426,460.2551036743258,1.652711347742117,11.525705247029475,0.21418375408588922,0.002183728826754506,0.0021814971501522276,7.0,0.9,0.005,1.5,1.5,10000.0,0.0,one_sided_huber,additive_removal_premium_v1,0.015
prefs_ra7_eis0p9_prtp0p005,10,2,delay_frontier,fixed_learning_grid,default,0|5|10|15|35|75|125|175|225,optimal,26,4,2060,0.0625,51.081369006520404,0.45270907830557455,0.6300550953567877,455.16776773101554,1.6743055985295598,11.55591452611209,0.21173152082377242,0.0008533241139801799,0.0008504460458142995,7.0,0.9,0.005,1.5,1.5,10000.0,0.0,one_sided_huber,additive_removal_premium_v1,0.015
prefs_ra7_eis0p9_prtp0p005,10,2,delay_frontier,fixed_learning_grid,default,0|5|10|15|35|75|125|175|225,optimal,27,4,2060,0.0625,51.706161480820526,0.4531222437995593,0.6068748739238791,457.6340546010446,1.6740610796139779,11.559251847380272,0.21183383741900336,0.0009362416886464384,0.0009336975165688884,7.0,0.9,0.005,1.5,1.5,10000.0,0.0,one_sided_huber,additive_removal_premium_v1,0.015
prefs_ra7_eis0p9_prtp0p005,10,2,delay_frontier,fixed_learning_grid,default,0|5|10|15|35|75|125|175|225,optimal,28,4,2060,0.0625,53.169970785689266,0.45777791677559027,0.5820514415292426,460.2551036743258,1.673586955461737,11.582416272367366,0.21237239651536993,0.00103833884326154,0.0010361071666592618,7.0,0.9,0.005,1.5,1.5,10000.0,0.0,one_sided_huber,additive_removal_premium_v1,0.015
prefs_ra7_eis0p9_prtp0p005,10,2,delay_frontier,fixed_learning_grid,default,0|5|10|15|35|75|125|175|225,optimal,29,4,2060,0.0625,59.70372859784098,0.4751258219826474,0.46188963559565455,477.0229694505898,1.6713325266509247,11.57590403598009,0.21255784598940933,0.001585526197014114,0.0015845612083063923,7.0,0.9,0.005,1.5,1.5,10000.0,0.0,one_sided_huber,additive_removal_premium_v1,0.015
prefs_ra7_eis0p9_prtp0p005,10,2,delay_frontier,fixed_learning_grid,default,0|5|10|15|35|75|125|175|225,optimal,30,4,2060,0.0625,26.81090885446114,0.2766617959420747,0.46188963559565455,477.0229694505898,1.6799157105023834,11.606261148986535,0.21196742980292765,0.0006830864312106571,0.0006821214425029354,7.0,0.9,0.005,1.5,1.5,10000.0,0.0,one_sided_huber,additive_removal_premium_v1,0.015
prefs_ra7_eis0p9_prtp0p005,10,2,delay_frontier,fixed_learning_grid,default,0|5|10|15|35|75|125|175|225,optimal,31,5,2100,0.03125,66.50502426776593,1.0,0.9374459093418835,397.7747952643578,2.991882705652416,17.459057988887544,0.17570855563909105,0.00978074615520277,0.009730005876182292,7.0,0.9,0.005,1.5,1.5,10000.0,0.0,one_sided_huber,additive_removal_premium_v1,0.015
prefs_ra7_eis0p9_prtp0p005,10,2,delay_frontier,fixed_learning_grid,default,0|5|10|15|35|75|125|175|225,optimal,32,5,2100,0.03125,66.50502426776593,1.0,0.9374459093418835,397.7747952643578,3.0034247055569954,17.369767479161137,0.17396452664519815,0.005960706515347779,0.005909966236327301,7.0,0.9,0.005,1.5,1.5,10000.0,0.0,one_sided_huber,additive_removal_premium_v1,0.015
prefs_ra7_eis0p9_prtp0p005,10,2,delay_frontier,fixed_learning_grid,default,0|5|10|15|35|75|125|175|225,optimal,33,5,2100,0.03125,67.26898040813371,1.0,0.9268833494341516,399.86811684176155,3.0000465370320435,17.457347673379072,0.17515829735443542,0.0069535907441428246,0.006907892539261745,7.0,0.9,0.005,1.5,1.5,10000.0,0.0,one_sided_huber,additive_removal_premium_v1,0.015
prefs_ra7_eis0p9_prtp0p005,10,2,delay_frontier,fixed_learning_grid,default,0|5|10|15|35|75|125|175|225,optimal,34,5,2100,0.03125,71.98133398701279,1.0,0.8642333887708447,409.8187496317222,2.979726372551331,17.430832626973057,0.17618819323089788,0.012912135247227879,0.012884348886204692,7.0,0.9,0.005,1.5,1.5,10000.0,0.0,one_sided_huber,additive_removal_premium_v1,0.015
prefs_ra7_eis0p9_prtp0p005,10,2,delay_frontier,fixed_learning_grid,default,0|5|10|15|35|75|125|175|225,optimal,35,5,2100,0.03125,73.13251270506431,1.0,0.8495436018308976,412.02245570237415,2.9749086681967154,17.419244970450155,0.17637488239299545,0.014320681760123131,0.014295794329416932,7.0,0.9,0.005,1.5,1.5,10000.0,0.0,one_sided_huber,additive_removal_premium_v1,0.015
prefs_ra7_eis0p9_prtp0p005,10,2,delay_frontier,fixed_learning_grid,default,0|5|10|15|35|75|125|175|225,optimal,36,5,2100,0.03125,73.82503033841637,1.0,0.8408160364303818,413.0242248053039,2.972041378324044,17.32823476197371,0.17553926377960263,0.015158040534757528,0.015134368943552162,7.0,0.9,0.005,1.5,1.5,10000.0,0.0,one_sided_huber,additive_removal_premium_v1,0.015
prefs_ra7_eis0p9_prtp0p005,10,2,delay_frontier,fixed_learning_grid,default,0|5|10|15|35|75|125|175|225,optimal,37,5,2100,0.03125,36.19284397122039,0.7659391126620813,0.9268833494341516,399.86811684176155,3.030781157983759,17.246604823662995,0.17086439137135537,0.002769459762875755,0.002723761557994675,7.0,0.9,0.005,1.5,1.5,10000.0,0.0,one_sided_huber,additive_removal_premium_v1,0.015
prefs_ra7_eis0p9_prtp0p005,10,2,delay_frontier,fixed_learning_grid,default,0|5|10|15|35|75|125|175|225,optimal,38,5,2100,0.03125,42.291995357311954,0.7979367826145859,0.8642333887708447,409.8187496317222,3.020357094139287,17.467448632507065,0.17396182354366088,0.005193435300825079,0.005165648939801891,7.0,0.9,0.005,1.5,1.5,10000.0,0.0,one_sided_huber,additive_removal_premium_v1,0.015
prefs_ra7_eis0p9_prtp0p005,10,2,delay_frontier,fixed_learning_grid,default,0|5|10|15|35|75|125|175|225,optimal,39,5,2100,0.03125,42.81281495638512,0.7966093803892208,0.8495436018308976,412.02245570237415,3.01836325483365,17.53582516883576,0.17484686979297248,0.005782135173077576,0.005757247742371376,7.0,0.9,0.005,1.5,1.5,10000.0,0.0,one_sided_huber,additive_removal_premium_v1,0.015
prefs_ra7_eis0p9_prtp0p005,10,2,delay_frontier,fixed_learning_grid,default,0|5|10|15|35|75|125|175|225,optimal,40,5,2100,0.03125,41.80003025612429,0.7844335680728536,0.8408160364303818,413.0242248053039,3.017916092255314,17.49307797699004,0.1744020580581365,0.006132402800382601,0.0061087312091772355,7.0,0.9,0.005,1.5,1.5,10000.0,0.0,one_sided_huber,additive_removal_premium_v1,0.015
prefs_ra7_eis0p9_prtp0p005,10,2,delay_frontier,fixed_learning_grid,default,0|5|10|15|35|75|125|175|225,optimal,41,5,2100,0.03125,48.213350849255974,0.8004222741304226,0.7491039087937449,432.63547462420416,3.0033253470946932,17.42172637042519,0.17454924657946838,0.00994646828312814,0.00993758893675765,7.0,0.9,0.005,1.5,1.5,10000.0,0.0,one_sided_huber,additive_removal_premium_v1,0.015
prefs_ra7_eis0p9_prtp0p005,10,2,delay_frontier,fixed_learning_grid,default,0|5|10|15|35|75|125|175|225,optimal,42,5,2100,0.03125,49.630374519560974,0.8048460002624396,0.7334204291795144,435.0361138563773,3.0005975209679763,17.578657924555493,0.17647521272190553,0.010618790442696204,0.010610915412728836,7.0,0.9,0.005,1.5,1.5,10000.0,0.0,one_sided_huber,additive_removal_premium_v1,0.015
prefs_ra7_eis0p9_prtp0p005,10,2,delay_frontier,fixed_learning_grid,default,0|5|10|15|35|75|125|175|225,optimal,43,5,2100,0.03125,49.13422512673611,0.7947827255879143,0.7172629939314713,437.5103580983825,2.9988811727104543,17.52402537690073,0.17597775224009543,0.011311548504000691,0.011304589852578662,7.0,0.9,0.005,1.5,1.5,10000.0,0.0,one_sided_huber,additive_removal_premium_v1,0.015
prefs_ra7_eis0p9_prtp0p005,10,2,delay_frontier,fixed_learning_grid,default,0|5|10|15|35|75|125|175|225,optimal,44,5,2100,0.03125,52.0532339194581,0.795618648220546,0.6658164392180153,445.36636070675695,2.99052905845775,17.487987267053597,0.17612061566859208,0.01364675949687243,0.013642061257558956,7.0,0.9,0.005,1.5,1.5,10000.0,0.0,one_sided_huber,additive_removal_premium_v1,0.015
prefs_ra7_eis0p9_prtp0p005,10,2,delay_frontier,fixed_learning_grid,default,0|5|10|15|35|75|125|175|225,optimal,45,5,2100,0.03125,53.308724086564794,0.7988778862760476,0.6519526141445338,447.39584522724465,2.9879686364401725,17.459691381316368,0.17597140980244624,0.014293730789755437,0.014289485907629183,7.0,0.9,0.005,1.5,1.5,10000.0,0.0,one_sided_huber,additive_removal_premium_v1,0.015
prefs_ra7_eis0p9_prtp0p005,10,2,delay_frontier,fixed_learning_grid,default,0|5|10|15|35|75|125|175|225,optimal,46,5,2100,0.03125,54.83958161150023,0.8044306476897799,0.6397188327738972,449.06929841075896,2.985475230179181,17.38521281947112,0.17530008452162862,0.014864693552147241,0.014860789395731475,7.0,0.9,0.005,1.5,1.5,10000.0,0.0,one_sided_huber,additive_removal_premium_v1,0.015
prefs_ra7_eis0p9_prtp0p005,10,2,delay_frontier,fixed_learning_grid,default,0|5|10|15|35|75|125|175|225,optimal,47,5,2100,0.03125,16.693372119039854,0.4527181067591156,0.7491039087937449,432.63547462420416,3.042293147617968,17.651584698647728,0.1745911555644536,0.002449207759800668,0.0024403284134301767,7.0,0.9,0.005,1.5,1.5,10000.0,0.0,one_sided_huber,additive_removal_premium_v1,0.015
prefs_ra7_eis0p9_prtp0p005,10,2,delay_frontier,fixed_learning_grid,default,0|5|10|15|35|75|125|175|225,optimal,48,5,2100,0.03125,17.670715640543463,0.46406083956224453,0.7334204291795144,435.0361138563773,3.041285341062015,17.631352228129902,0.174433018580001,0.002653795865348486,0.002645920835381119,7.0,0.9,0.005,1.5,1.5,10000.0,0.0,one_sided_huber,additive_removal_premium_v1,0.015
prefs_ra7_eis0p9_prtp0p005,10,2,delay_frontier,fixed_learning_grid,default,0|5|10|15|35|75|125|175|225,optimal,49,5,2100,0.03125,18.564500875997947,0.4732301594620432,0.7172629939314713,437.5103580983825,3.040293700153504,17.61920441643803,0.17436265608547724,0.002864684923279542,0.0028577262718575127,7.0,0.9,0.005,1.5,1.5,10000.0,0.0,one_sided_huber,additive_removal_premium_v1,0.015
prefs_ra7_eis0p9_prtp0p005,10,2,delay_frontier,fixed_learning_grid,default,0|5|10|15|35|75|125|175|225,optimal,50,5,2100,0.03125,19.957362360839433,0.4781304979632458,0.6658164392180153,445.36636070675695,3.0374585536045253,17.597591843456712,0.17430562119919196,0.0036421353805022737,0.0036374371411888,7.0,0.9,0.005,1.5,1.5,10000.0,0.0,one_sided_huber,additive_removal_premium_v1,0.015
prefs_ra7_eis0p9_prtp0p005,10,2,delay_frontier,fixed_learning_grid,default,0|5|10|15|35|75|125|175|225,optimal,51,5,2100,0.03125,19.80460021699013,0.47158848484668964,0.6519526141445338,447.39584522724465,3.036886332678582,17.565910229681887,0.17399339931186328,0.0038661296365083138,0.0038618847543820597,7.0,0.9,0.005,1.5,1.5,10000.0,0.0,one_sided_huber,additive_removal_premium_v1,0.015
prefs_ra7_eis0p9_prtp0p005,10,2,delay_frontier,fixed_learning_grid,default,0|5|10|15|35|75|125|175|225,optimal,52,5,2100,0.03125,20.266620951725592,0.4744437568438834,0.6397188327738972,449.06929841075896,3.036117108095809,17.64325384921033,0.1748940527953937,0.004063847023505822,0.0040599428670900556,7.0,0.9,0.005,1.5,1.5,10000.0,0.0,one_sided_huber,additive_removal_premium_v1,0.015
prefs_ra7_eis0p9_prtp0p005,10,2,delay_frontier,fixed_learning_grid,default,0|5|10|15|35|75|125|175|225,optimal,53,5,2100,0.03125,24.455845138922303,0.503831041270935,0.5579809488640257,466.7375397334132,3.030145627834368,17.615303051174727,0.17496854928006317,0.005496552423545596,0.005494938558490401,7.0,0.9,0.005,1.5,1.5,10000.0,0.0,one_sided_huber,additive_removal_premium_v1,0.015
prefs_ra7_eis0p9_prtp0p005,10,2,delay_frontier,fixed_learning_grid,default,0|5|10|15|35|75|125|175|225,optimal,54,5,2100,0.03125,24.39266662171304,0.4987070828359531,0.5443891763509385,468.7131080158074,3.0294458783235205,17.595457436649948,0.17479438848156964,0.0057525766803578175,0.005751114609692132,7.0,0.9,0.005,1.5,1.5,10000.0,0.0,one_sided_huber,additive_removal_premium_v1,0.015
prefs_ra7_eis0p9_prtp0p005,10,2,delay_frontier,fixed_learning_grid,default,0|5|10|15|35|75|125|175|225,optimal,55,5,2100,0.03125,24.420827488205862,0.49495609391928175,0.5315461729182198,470.5072987571796,3.0287445363357546,17.591044370481423,0.17479063948433526,0.005994514573986039,0.005993177953659687,7.0,0.9,0.005,1.5,1.5,10000.0,0.0,one_sided_huber,additive_removal_premium_v1,0.015
prefs_ra7_eis0p9_prtp0p005,10,2,delay_frontier,fixed_learning_grid,default,0|5|10|15|35|75|125|175|225,optimal,56,5,2100,0.03125,27.62098816538326,0.5111026007562993,0.46726887586574284,480.4910227003587,3.023538702069998,17.638221115465978,0.17564698270691773,0.007308662346135711,0.007307850984481736,7.0,0.9,0.005,1.5,1.5,10000.0,0.0,one_sided_huber,additive_removal_premium_v1,0.015
prefs_ra7_eis0p9_prtp0p005,10,2,delay_frontier,fixed_learning_grid,default,0|5|10|15|35|75|125|175|225,optimal,57,5,2100,0.03125,9.435819025702436,0.2657242275326494,0.5579809488640257,466.7375397334132,3.0474143780034577,17.655627424508687,0.17430952931299837,0.001782557676509437,0.001780943811454242,7.0,0.9,0.005,1.5,1.5,10000.0,0.0,one_sided_huber,additive_removal_premium_v1,0.015
prefs_ra7_eis0p9_prtp0p005,10,2,delay_frontier,fixed_learning_grid,default,0|5|10|15|35|75|125|175|225,optimal,58,5,2100,0.03125,9.696145891351037,0.2682408581638937,0.5443891763509385,468.7131080158074,3.0470494550865865,17.646360578062808,0.17423105952636303,0.0018815346580272586,0.0018800725873615724,7.0,0.9,0.005,1.5,1.5,10000.0,0.0,one_sided_huber,additive_removal_premium_v1,0.015
prefs_ra7_eis0p9_prtp0p005,10,2,delay_frontier,fixed_learning_grid,default,0|5|10|15|35|75|125|175|225,optimal,59,5,2100,0.03125,10.466399091004458,0.28100311447241333,0.5315461729182198,470.5072987571796,3.0465399472226276,17.643732256262318,0.17423459689405868,0.0019750769914911918,0.001973740371164841,7.0,0.9,0.005,1.5,1.5,10000.0,0.0,one_sided_huber,additive_removal_premium_v1,0.015
prefs_ra7_eis0p9_prtp0p005,10,2,delay_frontier,fixed_learning_grid,default,0|5|10|15|35|75|125|175|225,optimal,60,5,2100,0.03125,11.332509626965482,0.2831761423474099,0.46726887586574284,480.4910227003587,3.044786332229384,17.645574465314656,0.17436632553336445,0.002489974575831311,0.0024891632141773356,7.0,0.9,0.005,1.5,1.5,10000.0,0.0,one_sided_huber,additive_removal_premium_v1,0.015
prefs_ra7_eis0p9_prtp0p005,10,2,delay_frontier,fixed_learning_grid,default,0|5|10|15|35|75|125|175|225,optimal,61,5,2100,0.03125,13.403054304452908,0.30046221533227013,0.3866122841687277,496.47580150720944,3.0420460735870845,17.67521826362321,0.17486668609409087,0.003210709068315159,0.0032103442222969174,7.0,0.9,0.005,1.5,1.5,10000.0,0.0,one_sided_huber,additive_removal_premium_v1,0.015
prefs_ra7_eis0p9_prtp0p005,10,2,delay_frontier,fixed_learning_grid,default,0|5|10|15|35|75|125|175|225,optimal,62,5,2100,0.03125,4.463976533873721,0.12445896592660485,0.3866122841687277,496.47580150720944,3.0506492294630605,17.68533310528573,0.17442967911313037,0.0011574558003256833,0.0011570909543074418,7.0,0.9,0.005,1.5,1.5,10000.0,0.0,one_sided_huber,additive_removal_premium_v1,0.015
prefs_ra7_eis0p9_prtp0p005,10,2,delay_frontier,fixed_learning_grid,default,0|5|10|15|35|75|125|175|225,optimal,63,6,2150,0.015625,14.980938244029353,1.0,0.9460120935572344,375.34009005636165,6.340146832628734,27.58814468092693,0.12681726769896248,0.011657987345565961,0.011502222062616379,7.0,0.9,0.005,1.5,1.5,10000.0,0.0,one_sided_huber,additive_removal_premium_v1,0.015
prefs_ra7_eis0p9_prtp0p005,10,2,delay_frontier,fixed_learning_grid,default,0|5|10|15|35|75|125|175|225,optimal,64,6,2150,0.015625,14.980938244029353,1.0,0.9460120935572344,375.34009005636165,6.362841590958847,27.64712358279815,0.12661486169432404,0.008120185506457843,0.00796442022350826,7.0,0.9,0.005,1.5,1.5,10000.0,0.0,one_sided_huber,additive_removal_premium_v1,0.015
prefs_ra7_eis0p9_prtp0p005,10,2,delay_frontier,fixed_learning_grid,default,0|5|10|15|35|75|125|175|225,optimal,65,6,2150,0.015625,14.980938244029353,1.0,0.9460120935572344,375.34009005636165,6.362841590958847,27.49489767404012,0.12584049313285275,0.008120185506457843,0.00796442022350826,7.0,0.9,0.005,1.5,1.5,10000.0,0.0,one_sided_huber,additive_removal_premium_v1,0.015
prefs_ra7_eis0p9_prtp0p005,10,2,delay_frontier,fixed_learning_grid,default,0|5|10|15|35|75|125|175|225,optimal,66,6,2150,0.015625,15.236285944216036,1.0,0.9368959751692078,376.88600633621945,6.354023428847485,27.30849341916444,0.125085509981955,0.009453431500006399,0.009309250990866599,7.0,0.9,0.005,1.5,1.5,10000.0,0.0,one_sided_huber,additive_removal_premium_v1,0.015
prefs_ra7_eis0p9_prtp0p005,10,2,delay_frontier,fixed_learning_grid,default,0|5|10|15|35|75|125|175|225,optimal,67,6,2150,0.015625,16.842028193614727,1.0,0.8828253272012045,385.26487209722484,6.3014009243327465,27.68727743331735,0.1281938638658684,0.01739873285166546,0.017303894667907604,7.0,0.9,0.005,1.5,1.5,10000.0,0.0,one_sided_huber,additive_removal_premium_v1,0.015
prefs_ra7_eis0p9_prtp0p005,10,2,delay_frontier,fixed_learning_grid,default,0|5|10|15|35|75|125|175|225,optimal,68,6,2150,0.015625,17.242186343300656,1.0,0.8701471660348554,387.17122177183813,6.288964741341572,27.581903020884464,0.12793238314067526,0.019273722959479277,0.019187506315122917,7.0,0.9,0.005,1.5,1.5,10000.0,0.0,one_sided_huber,additive_removal_premium_v1,0.015
prefs_ra7_eis0p9_prtp0p005,10,2,delay_frontier,fixed_learning_grid,default,0|5|10|15|35|75|125|175|225,optimal,69,6,2150,0.015625,17.484380141105646,1.0,0.8626147572130027,388.1970740872817,6.281567062331567,27.46047833233877,0.1274733538274692,0.020388512758918526,0.020306606538118,7.0,0.9,0.005,1.5,1.5,10000.0,0.0,one_sided_huber,additive_removal_premium_v1,0.015
prefs_ra7_eis0p9_prtp0p005,10,2,delay_frontier,fixed_learning_grid,default,0|5|10|15|35|75|125|175|225,optimal,70,6,2150,0.015625,14.980938244029353,1.0,0.9460120935572344,375.34009005636165,6.3891106045235455,27.731840243827293,0.12646575824728104,0.004025206254026708,0.003869440971077124,7.0,0.9,0.005,1.5,1.5,10000.0,0.0,one_sided_huber,additive_removal_premium_v1,0.015
prefs_ra7_eis0p9_prtp0p005,10,2,delay_frontier,fixed_learning_grid,default,0|5|10|15|35|75|125|175|225,optimal,71,6,2150,0.015625,15.236285944216036,1.0,0.9368959751692078,376.88600633621945,6.3847268092200435,27.55432678155741,0.12566241419151944,0.0046669952506040975,0.004522814741464298,7.0,0.9,0.005,1.5,1.5,10000.0,0.0,one_sided_huber,additive_removal_premium_v1,0.015
prefs_ra7_eis0p9_prtp0p005,10,2,delay_frontier,fixed_learning_grid,default,0|5|10|15|35|75|125|175|225,optimal,72,6,2150,0.015625,16.842028193614727,1.0,0.8828253272012045,385.26487209722484,6.358152123417003,27.556044200579446,0.12625487220893983,0.008549303843419438,0.008454465659661582,7.0,0.9,0.005,1.5,1.5,10000.0,0.0,one_sided_huber,additive_removal_premium_v1,0.015
prefs_ra7_eis0p9_prtp0p005,10,2,delay_frontier,fixed_learning_grid,default,0|5|10|15|35|75|125|175|225,optimal,73,6,2150,0.015625,17.242186343300656,1.0,0.8701471660348554,387.17122177183813,6.3516976596016885,27.456848506388443,0.12589197552387588,0.009490901159144785,0.009404684514788425,7.0,0.9,0.005,1.5,1.5,10000.0,0.0,one_sided_huber,additive_removal_premium_v1,0.015
prefs_ra7_eis0p9_prtp0p005,10,2,delay_frontier,fixed_learning_grid,default,0|5|10|15|35|75|125|175|225,optimal,74,6,2150,0.015625,17.484380141105646,1.0,0.8626147572130027,388.1970740872817,6.347853448181545,27.303439934506127,0.1251948599881488,0.010051139236995105,0.009969233016194578,7.0,0.9,0.005,1.5,1.5,10000.0,0.0,one_sided_huber,additive_removal_premium_v1,0.015
prefs_ra7_eis0p9_prtp0p005,10,2,delay_frontier,fixed_learning_grid,default,0|5|10|15|35|75|125|175|225,optimal,75,6,2150,0.015625,16.16883789637775,1.0,0.9048435760782632,384.15988445304697,6.369300512429993,27.15491111655321,0.12397287939266667,0.006920310853313487,0.006820086008971194,7.0,0.9,0.005,1.5,1.5,10000.0,0.0,one_sided_huber,additive_removal_premium_v1,0.015
prefs_ra7_eis0p9_prtp0p005,10,2,delay_frontier,fixed_learning_grid,default,0|5|10|15|35|75|125|175|225,optimal,76,6,2150,0.015625,17.727572140678646,1.0,0.8551547028653788,391.54436301034593,6.344096548593482,26.97706753338524,0.12361445392307595,0.01059764323492082,0.01052835860297118,7.0,0.9,0.005,1.5,1.5,10000.0,0.0,one_sided_huber,additive_removal_premium_v1,0.015
prefs_ra7_eis0p9_prtp0p005,10,2,delay_frontier,fixed_learning_grid,default,0|5|10|15|35|75|125|175|225,optimal,77,6,2150,0.015625,18.15469636855523,1.0,0.8422947666644842,393.49196418199114,6.337514430908926,27.350454138075435,0.12566180185840484,0.011555057557777153,0.011492201363248775,7.0,0.9,0.005,1.5,1.5,10000.0,0.0,one_sided_huber,additive_removal_premium_v1,0.015
prefs_ra7_eis0p9_prtp0p005,10,2,delay_frontier,fixed_learning_grid,default,0|5|10|15|35|75|125|175|225,optimal,78,6,2150,0.015625,18.46649995902455,1.0,0.8330949968407174,394.8962025480471,6.332797589924978,27.801273033044613,0.12807123884810187,0.01224031190399177,0.012181717345469675,7.0,0.9,0.005,1.5,1.5,10000.0,0.0,one_sided_huber,additive_removal_premium_v1,0.015
prefs_ra7_eis0p9_prtp0p005,10,2,delay_frontier,fixed_learning_grid,default,0|5|10|15|35|75|125|175|225,optimal,79,6,2150,0.015625,21.2918643664033,1.0,0.7561314679266441,408.31725455339614,6.292328909504906,27.746781402669317,0.1287058869813927,0.018098250067164912,0.01806829741489615,7.0,0.9,0.005,1.5,1.5,10000.0,0.0,one_sided_huber,additive_removal_premium_v1,0.015
prefs_ra7_eis0p9_prtp0p005,10,2,delay_frontier,fixed_learning_grid,default,0|5|10|15|35|75|125|175|225,optimal,80,6,2150,0.015625,21.806897444610353,1.0,0.743201477759166,410.2315636766711,6.285382630950437,27.75086584000191,0.128885017245153,0.01909945409202188,0.019072235367036377,7.0,0.9,0.005,1.5,1.5,10000.0,0.0,one_sided_huber,additive_removal_premium_v1,0.015
prefs_ra7_eis0p9_prtp0p005,10,2,delay_frontier,fixed_learning_grid,default,0|5|10|15|35|75|125|175|225,optimal,81,6,2150,0.015625,22.43326159036179,1.0,0.7278785794944196,412.65757269080814,6.277134923851797,27.715694018903662,0.1288914400084351,0.02028607815262314,0.020261968607782,7.0,0.9,0.005,1.5,1.5,10000.0,0.0,one_sided_huber,additive_removal_premium_v1,0.015
prefs_ra7_eis0p9_prtp0p005,10,2,delay_frontier,fixed_learning_grid,default,0|5|10|15|35|75|125|175|225,optimal,82,6,2150,0.015625,24.345681543048045,1.0,0.6835916098291936,419.4291831749101,6.252718013079942,27.62852181638056,0.12899849544437733,0.023791150982360225,0.02377396602869409,7.0,0.9,0.005,1.5,1.5,10000.0,0.0,one_sided_huber,additive_removal_premium_v1,0.015
prefs_ra7_eis0p9_prtp0p005,10,2,delay_frontier,fixed_learning_grid,default,0|5|10|15|35|75|125|175|225,optimal,83,6,2150,0.015625,24.869047484308975,1.0,0.6720726244224832,421.1086222389985,6.246132608838176,27.583674783426357,0.12891671164679405,0.024735658307519868,0.024719857458957956,7.0,0.9,0.005,1.5,1.5,10000.0,0.0,one_sided_huber,additive_removal_premium_v1,0.015
prefs_ra7_eis0p9_prtp0p005,10,2,delay_frontier,fixed_learning_grid,default,0|5|10|15|35|75|125|175|225,optimal,84,6,2150,0.015625,25.322994837618023,1.0,0.6622745399094326,422.46835340739506,6.240522000931252,27.543610614713476,0.12883725776849442,0.025539197948816053,0.025524435626796994,7.0,0.9,0.005,1.5,1.5,10000.0,0.0,one_sided_huber,additive_removal_premium_v1,0.015
prefs_ra7_eis0p9_prtp0p005,10,2,delay_frontier,fixed_learning_grid,default,0|5|10|15|35|75|125|175|225,optimal,85,6,2150,0.015625,9.187742292398724,0.7857387124864192,0.9048435760782632,384.15988445304697,6.412374184794009,27.82701759785086,0.12643648728848522,0.0015443928006161679,0.0014441679562738742,7.0,0.9,0.005,1.5,1.5,10000.0,0.0,one_sided_huber,additive_removal_premium_v1,0.015
prefs_ra7_eis0p9_prtp0p005,10,2,delay_frontier,fixed_learning_grid,default,0|5|10|15|35|75|125|175|225,optimal,86,6,2150,0.015625,9.865724681694148,0.778163426376382,0.8551547028653788,391.54436301034593,6.405757296458433,27.790631011438347,0.12639771538420327,0.0024874866251177186,0.00241820199316808,7.0,0.9,0.005,1.5,1.5,10000.0,0.0,one_sided_huber,additive_removal_premium_v1,0.015
prefs_ra7_eis0p9_prtp0p005,10,2,delay_frontier,fixed_learning_grid,default,0|5|10|15|35|75|125|175|225,optimal,87,6,2150,0.015625,9.956733875442595,0.7728625843973289,0.8422947666644842,393.49196418199114,6.4040976766737705,27.718933334265756,0.12607172978834036,0.0027392944786021017,0.0026764382840737235,7.0,0.9,0.005,1.5,1.5,10000.0,0.0,one_sided_huber,additive_removal_premium_v1,0.015
prefs_ra7_eis0p9_prtp0p005,10,2,delay_frontier,fixed_learning_grid,default,0|5|10|15|35|75|125|175|225,optimal,88,6,2150,0.015625,9.987937419854502,0.7678369297884617,0.8330949968407174,394.8962025480471,6.40294851547935,27.677268264119554,0.12588628873017965,0.0029197704959840172,0.0028611759374619224,7.0,0.9,0.005,1.5,1.5,10000.0,0.0,one_sided_huber,additive_removal_premium_v1,0.015
prefs_ra7_eis0p9_prtp0p005,10,2,delay_frontier,fixed_learning_grid,default,0|5|10|15|35|75|125|175|225,optimal,89,6,2150,0.015625,13.268037168848636,0.8195808434331152,0.7561314679266441,408.31725455339614,6.3884736434588945,27.63058451843923,0.1259667521810443,0.0046396897639328265,0.004609737111664063,7.0,0.9,0.005,1.5,1.5,10000.0,0.0,one_sided_huber,additive_removal_premium_v1,0.015
prefs_ra7_eis0p9_prtp0p005,10,2,delay_frontier,fixed_learning_grid,default,0|5|10|15|35|75|125|175|225,optimal,90,6,2150,0.015625,13.451137780014985,0.8158163725553086,0.743201477759166,410.2315636766711,6.386306167121441,27.662668373694643,0.126176848677666,0.004956455786230364,0.004929237061244859,7.0,0.9,0.005,1.5,1.5,10000.0,0.0,one_sided_huber,additive_removal_premium_v1,0.015
prefs_ra7_eis0p9_prtp0p005,10,2,delay_frontier,fixed_learning_grid,default,0|5|10|15|35|75|125|175|225,optimal,91,6,2150,0.015625,13.552784043060516,0.8081584035648427,0.7278785794944196,412.65757269080814,6.3838759338403825,27.62191041020427,0.12602358533731695,0.005331975294863499,0.005307865750022362,7.0,0.9,0.005,1.5,1.5,10000.0,0.0,one_sided_huber,additive_removal_premium_v1,0.015
prefs_ra7_eis0p9_prtp0p005,10,2,delay_frontier,fixed_learning_grid,default,0|5|10|15|35|75|125|175|225,optimal,92,6,2150,0.015625,15.344796159992493,0.823792938653518,0.6835916098291936,419.4291831749101,6.374507442171274,27.57103802963334,0.12597110936678252,0.006508079749257129,0.0064908947955909955,7.0,0.9,0.005,1.5,1.5,10000.0,0.0,one_sided_huber,additive_removal_premium_v1,0.015
prefs_ra7_eis0p9_prtp0p005,10,2,delay_frontier,fixed_learning_grid,default,0|5|10|15|35|75|125|175|225,optimal,93,6,2150,0.015625,16.8508119381174,0.8507189778081802,0.6720726244224832,421.1086222389985,6.370574120491792,27.477439019889644,0.1255821277942407,0.0068535975472595765,0.006837796698697664,7.0,0.9,0.005,1.5,1.5,10000.0,0.0,one_sided_huber,additive_removal_premium_v1,0.015
prefs_ra7_eis0p9_prtp0p005,10,2,delay_frontier,fixed_learning_grid,default,0|5|10|15|35|75|125|175|225,optimal,94,6,2150,0.015625,16.750073273285114,0.8417241055644943,0.6622745399094326,422.46835340739506,6.368886645241918,27.41778341412494,0.1253161039668697,0.0071476348493914555,0.007132872527372396,7.0,0.9,0.005,1.5,1.5,10000.0,0.0,one_sided_huber,additive_removal_premium_v1,0.015
prefs_ra7_eis0p9_prtp0p005,10,2,delay_frontier,fixed_learning_grid,default,0|5|10|15|35|75|125|175|225,optimal,95,6,2150,0.015625,14.553553588219511,0.8212384047440467,0.7085167089426718,419.12280930855894,6.379790582196643,27.883521972305726,0.12744110622338353,0.00580374763718308,0.005786297410444877,7.0,0.9,0.005,1.5,1.5,10000.0,0.0,one_sided_huber,additive_removal_premium_v1,0.015
prefs_ra7_eis0p9_prtp0p005,10,2,delay_frontier,fixed_learning_grid,default,0|5|10|15|35|75|125|175|225,optimal,96,6,2150,0.015625,14.628038833380758,0.8149498629519771,0.6965342105396557,420.82209740979306,6.3777753519755125,27.876181244087206,0.12744855868586166,0.006117148612164595,0.006101119771221793,7.0,0.9,0.005,1.5,1.5,10000.0,0.0,one_sided_huber,additive_removal_premium_v1,0.015
prefs_ra7_eis0p9_prtp0p005,10,2,delay_frontier,fixed_learning_grid,default,0|5|10|15|35|75|125|175|225,optimal,97,6,2150,0.015625,16.028584365868223,0.840157789992555,0.6838450320897052,422.65041771824724,6.373753104910255,27.85426048571529,0.1274264970082453,0.00649789136493671,0.006483262815745809,7.0,0.9,0.005,1.5,1.5,10000.0,0.0,one_sided_huber,additive_removal_premium_v1,0.015
prefs_ra7_eis0p9_prtp0p005,10,2,delay_frontier,fixed_learning_grid,default,0|5|10|15|35|75|125|175|225,optimal,98,6,2150,0.015625,18.284095564099662,0.8592034186559945,0.6401146452904706,429.295718907446,6.362969447848239,27.833833675370027,0.12756244899797078,0.007810725545611259,0.007800232485262687,7.0,0.9,0.005,1.5,1.5,10000.0,0.0,one_sided_huber,additive_removal_premium_v1,0.015
prefs_ra7_eis0p9_prtp0p005,10,2,delay_frontier,fixed_learning_grid,default,0|5|10|15|35|75|125|175|225,optimal,99,6,2150,0.015625,18.356027638539526,0.8517808097598312,0.6272534723114136,431.279750110908,6.360515158626995,27.820364818970123,0.12754852694328386,0.008197057366243517,0.00818755525936915,7.0,0.9,0.005,1.5,1.5,10000.0,0.0,one_sided_huber,additive_removal_premium_v1,0.015
prefs_ra7_eis0p9_prtp0p005,10,2,delay_frontier,fixed_learning_grid,default,0|5|10|15|35|75|125|175|225,optimal,100,6,2150,0.015625,18.45901128351939,0.846858996592364,0.6170859924316024,432.7233107882007,6.358519725193303,27.83044162116034,0.12764435401856533,0.008502596110915667,0.008493755675080284,7.0,0.9,0.005,1.5,1.5,10000.0,0.0,one_sided_huber,additive_removal_premium_v1,0.015
prefs_ra7_eis0p9_prtp0p005,10,2,delay_frontier,fixed_learning_grid,default,0|5|10|15|35|75|125|175|225,optimal,101,6,2150,0.015625,21.603536168709837,0.8598360122192932,0.5505656371105259,444.2796249493412,6.3411139815507935,27.804635060313167,0.12790180737775964,0.010724477434881101,0.010719516846544779,7.0,0.9,0.005,1.5,1.5,10000.0,0.0,one_sided_huber,additive_removal_premium_v1,0.015
prefs_ra7_eis0p9_prtp0p005,10,2,delay_frontier,fixed_learning_grid,default,0|5|10|15|35|75|125|175|225,optimal,102,6,2150,0.015625,21.640415420957144,0.8518884603783321,0.5381334507177267,446.1797703638979,6.338438931083988,27.78732586231141,0.12787327766420623,0.011154376694050982,0.01114986570004908,7.0,0.9,0.005,1.5,1.5,10000.0,0.0,one_sided_huber,additive_removal_premium_v1,0.015
prefs_ra7_eis0p9_prtp0p005,10,2,delay_frontier,fixed_learning_grid,default,0|5|10|15|35|75|125|175|225,optimal,103,6,2150,0.015625,21.595845167750984,0.8431342399357479,0.5265355116830943,447.91779749433124,6.336038528104799,27.752180467486454,0.1277473387128454,0.011555472030359216,0.01155133649600318,7.0,0.9,0.005,1.5,1.5,10000.0,0.0,one_sided_huber,additive_removal_premium_v1,0.015
prefs_ra7_eis0p9_prtp0p005,10,2,delay_frontier,fixed_learning_grid,default,0|5|10|15|35|75|125|175|225,optimal,104,6,2150,0.015625,22.704383881479203,0.8252830317260164,0.4732714851005202,455.9402648702256,6.322517972753879,27.71986364520773,0.12788524337267893,0.01354600838334134,0.013543239360355118,7.0,0.9,0.005,1.5,1.5,10000.0,0.0,one_sided_huber,additive_removal_premium_v1,0.015
prefs_ra7_eis0p9_prtp0p005,10,2,delay_frontier,fixed_learning_grid,default,0|5|10|15|35|75|125|175|225,optimal,105,6,2150,0.015625,6.158763381216205,0.5283757251496249,0.7085167089426718,419.12280930855894,6.416298345931693,27.865737590435586,0.12654593116348486,0.0015752878288431632,0.00155783760210496,7.0,0.9,0.005,1.5,1.5,10000.0,0.0,one_sided_huber,additive_removal_premium_v1,0.015
prefs_ra7_eis0p9_prtp0p005,10,2,delay_frontier,fixed_learning_grid,default,0|5|10|15|35|75|125|175|225,optimal,106,6,2150,0.015625,6.2879403119864214,0.5279543303205774,0.6965342105396557,420.82209740979306,6.415519549063952,27.84881230140483,0.1264775886210603,0.0016830884549918863,0.0016670596140490846,7.0,0.9,0.005,1.5,1.5,10000.0,0.0,one_sided_huber,additive_removal_premium_v1,0.015
prefs_ra7_eis0p9_prtp0p005,10,2,delay_frontier,fixed_learning_grid,default,0|5|10|15|35|75|125|175|225,optimal,107,6,2150,0.015625,6.393168893344237,0.5258630247587791,0.6838450320897052,422.65041771824724,6.414565466969743,27.83168013882101,0.12641202724019274,0.001822395427361585,0.0018077668781706835,7.0,0.9,0.005,1.5,1.5,10000.0,0.0,one_sided_huber,additive_removal_premium_v1,0.015
prefs_ra7_eis0p9_prtp0p005,10,2,delay_frontier,fixed_learning_grid,default,0|5|10|15|35|75|125|175|225,optimal,108,6,2150,0.015625,6.489885954573719,0.5059860919654758,0.6401146452904706,429.295718907446,6.411539730025384,27.793858406499908,0.1262873537446104,0.0023031757358476066,0.0022926826754990338,7.0,0.9,0.005,1.5,1.5,10000.0,0.0,one_sided_huber,additive_removal_premium_v1,0.015
prefs_ra7_eis0p9_prtp0p005,10,2,delay_frontier,fixed_learning_grid,default,0|5|10|15|35|75|125|175|225,optimal,109,6,2150,0.015625,6.433015505127078,0.49629465325912864,0.6272534723114136,431.279750110908,6.410731141924524,27.770480401436878,0.1261870158422165,0.0024447992526809544,0.002435297145806588,7.0,0.9,0.005,1.5,1.5,10000.0,0.0,one_sided_huber,additive_removal_premium_v1,0.015
prefs_ra7_eis0p9_prtp0p005,10,2,delay_frontier,fixed_learning_grid,default,0|5|10|15|35|75|125|175|225,optimal,110,6,2150,0.015625,6.449511859031124,0.4915071199283972,0.6170859924316024,432.7233107882007,6.410031911397354,27.776299855432175,0.1262316955347691,0.0025568823336006904,0.0025480418977653074,7.0,0.9,0.005,1.5,1.5,10000.0,0.0,one_sided_huber,additive_removal_premium_v1,0.015
prefs_ra7_eis0p9_prtp0p005,10,2,delay_frontier,fixed_learning_grid,default,0|5|10|15|35|75|125|175|225,optimal,111,6,2150,0.015625,8.192814683418561,0.526523211065755,0.5505656371105259,444.2796249493412,6.403038149566001,27.747684195904203,0.12624023905959117,0.003424160500246646,0.0034191999119103232,7.0,0.9,0.005,1.5,1.5,10000.0,0.0,one_sided_huber,additive_removal_premium_v1,0.015
prefs_ra7_eis0p9_prtp0p005,10,2,delay_frontier,fixed_learning_grid,default,0|5|10|15|35|75|125|175|225,optimal,112,6,2150,0.015625,8.281594229925489,0.522821443389785,0.5381334507177267,446.1797703638979,6.401909447360168,27.791220938256032,0.12648511363360912,0.0035951496666717067,0.0035906386726698037,7.0,0.9,0.005,1.5,1.5,10000.0,0.0,one_sided_huber,additive_removal_premium_v1,0.015
prefs_ra7_eis0p9_prtp0p005,10,2,delay_frontier,fixed_learning_grid,default,0|5|10|15|35|75|125|175|225,optimal,113,6,2150,0.015625,8.361392378744515,0.5192402359244036,0.5265355116830943,447.91779749433124,6.400860029340013,27.891514327221007,0.12701552851213807,0.00375470876983235,0.003750573235476314,7.0,0.9,0.005,1.5,1.5,10000.0,0.0,one_sided_huber,additive_removal_premium_v1,0.015
prefs_ra7_eis0p9_prtp0p005,10,2,delay_frontier,fixed_learning_grid,default,0|5|10|15|35|75|125|175|225,optimal,114,6,2150,0.015625,10.164227214596481,0.5491623201726553,0.4732714851005202,455.9402648702256,6.394167151146366,27.87692270221211,0.127089342506441,0.00456025734314398,0.004557488320157758,7.0,0.9,0.005,1.5,1.5,10000.0,0.0,one_sided_huber,additive_removal_premium_v1,0.015
prefs_ra7_eis0p9_prtp0p005,10,2,delay_frontier,fixed_learning_grid,default,0|5|10|15|35|75|125|175|225,optimal,115,6,2150,0.015625,8.444303332760146,0.5174416874226787,0.5179591871093584,451.67923776640265,6.400063937104322,27.871914057466803,0.1269338980292132,0.003872266519945531,0.003868839999691175,7.0,0.9,0.005,1.5,1.5,10000.0,0.0,one_sided_huber,additive_removal_premium_v1,0.015
prefs_ra7_eis0p9_prtp0p005,10,2,delay_frontier,fixed_learning_grid,default,0|5|10|15|35|75|125|175|225,optimal,116,6,2150,0.015625,8.434095317965197,0.5107446698182209,0.5065733062861312,453.34193764172124,6.399120718805623,27.86087125015113,0.126898800068436,0.004029003475368995,0.0040258502983478795,7.0,0.9,0.005,1.5,1.5,10000.0,0.0,one_sided_huber,additive_removal_premium_v1,0.015
prefs_ra7_eis0p9_prtp0p005,10,2,delay_frontier,fixed_learning_grid,default,0|5|10|15|35|75|125|175|225,optimal,117,6,2150,0.015625,8.856980457332735,0.5203393659595288,0.49723669819091487,454.56678491349714,6.397879033656279,27.8518590600837,0.1268805470229683,0.004165053086440341,0.004162087222568593,7.0,0.9,0.005,1.5,1.5,10000.0,0.0,one_sided_huber,additive_removal_premium_v1,0.015
prefs_ra7_eis0p9_prtp0p005,10,2,delay_frontier,fixed_learning_grid,default,0|5|10|15|35|75|125|175|225,optimal,118,6,2150,0.015625,10.245460364158264,0.53381918484175,0.4420591373588829,463.02350417997343,6.390961016545611,27.848473714728947,0.1270160047533257,0.005074402798878282,0.0050724596041111895,7.0,0.9,0.005,1.5,1.5,10000.0,0.0,one_sided_huber,additive_removal_premium_v1,0.015
prefs_ra7_eis0p9_prtp0p005,10,2,delay_frontier,fixed_learning_grid,default,0|5|10|15|35|75|125|175|225,optimal,119,6,2150,0.015625,12.037891324729882,0.545450467314982,0.37481485650166113,474.29105338786565,6.382034278687016,27.81864765269338,0.12706204447472247,0.006250618723053099,0.006249512494220988,7.0,0.9,0.005,1.5,1.5,10000.0,0.0,one_sided_huber,additive_removal_premium_v1,0.015
prefs_ra7_eis0p9_prtp0p005,10,2,delay_frontier,fixed_learning_grid,default,0|5|10|15|35|75|125|175|225,optimal,120,6,2150,0.015625,3.3638644859191107,0.28140743443127314,0.5179591871093584,451.67923776640265,6.419337692383777,27.867213312976787,0.12648680268589593,0.0015472975760332998,0.001543871055778944,7.0,0.9,0.005,1.5,1.5,10000.0,0.0,one_sided_huber,additive_removal_premium_v1,0.015
prefs_ra7_eis0p9_prtp0p005,10,2,delay_frontier,fixed_learning_grid,default,0|5|10|15|35|75|125|175|225,optimal,121,6,2150,0.015625,3.793418799211571,0.30251491688801635,0.5065733062861312,453.34193764172124,6.418669225846989,27.85570987713271,0.12644341936833586,0.0016083753549624197,0.0016052221779413044,7.0,0.9,0.005,1.5,1.5,10000.0,0.0,one_sided_huber,additive_removal_premium_v1,0.015
prefs_ra7_eis0p9_prtp0p005,10,2,delay_frontier,fixed_learning_grid,default,0|5|10|15|35|75|125|175|225,optimal,122,6,2150,0.015625,3.79593767771137,0.29892361309451626,0.49723669819091487,454.56678491349714,6.418343666918429,27.826039252842282,0.12630089968540642,0.001661499241995178,0.0016585333781234297,7.0,0.9,0.005,1.5,1.5,10000.0,0.0,one_sided_huber,additive_removal_premium_v1,0.015
prefs_ra7_eis0p9_prtp0p005,10,2,delay_frontier,fixed_learning_grid,default,0|5|10|15|35|75|125|175|225,optimal,123,6,2150,0.015625,3.909011725270316,0.2835849151093077,0.4420591373588829,463.02350417997343,6.416080606630633,27.915196833644746,0.12680030125518388,0.00201774208519959,0.0020157988904324978,7.0,0.9,0.005,1.5,1.5,10000.0,0.0,one_sided_huber,additive_removal_premium_v1,0.015
prefs_ra7_eis0p9_prtp0p005,10,2,delay_frontier,fixed_learning_grid,default,0|5|10|15|35|75|125|175|225,optimal,124,6,2150,0.015625,4.503816230959089,0.287353111950562,0.37481485650166113,474.29105338786565,6.412878792949041,27.90974558067135,0.12684311851458224,0.002474562936673358,0.002473456707841247,7.0,0.9,0.005,1.5,1.5,10000.0,0.0,one_sided_huber,additive_removal_premium_v1,0.015
prefs_ra7_eis0p9_prtp0p005,10,2,delay_frontier,fixed_learning_grid,default,0|5|10|15|35|75|125|175|225,optimal,125,6,2150,0.015625,4.5284492019376,0.2792621726562198,0.35071289544607953,479.76068224770205,6.4117766620086805,27.900306189420903,0.1268196699808804,0.0026516592563268645,0.0026508177185684237,7.0,0.9,0.005,1.5,1.5,10000.0,0.0,one_sided_huber,additive_removal_premium_v1,0.015
prefs_ra7_eis0p9_prtp0p005,10,2,delay_frontier,fixed_learning_grid,default,0|5|10|15|35|75|125|175|225,optimal,126,6,2150,0.015625,1.1020385742582763,0.08612250766535276,0.35071289544607953,479.76068224770205,6.426050353248132,27.924710742412874,0.126629671660187,0.0006930912221563361,0.0006922496843978954,7.0,0.9,0.005,1.5,1.5,10000.0,0.0,one_sided_huber,additive_removal_premium_v1,0.015
prefs_ra7_eis0p9_prtp0p005,10,2,delay_frontier,fixed_learning_grid,default,0|5|10|15|35|75|125|175|225,optimal,127,7,2200,0.0078125,3.36954178428059,1.0,0.9501111721482866,355.9881035419446,13.344295561547531,39.3723147934235,0.08235746430095663,0.01377235038906395,0.013362539631545985,7.0,0.9,0.005,1.5,1.5,10000.0,0.0,one_sided_huber,additive_removal_premium_v1,0.015
prefs_ra7_eis0p9_prtp0p005,10,2,delay_frontier,fixed_learning_grid,default,0|5|10|15|35|75|125|175|225,optimal,128,7,2200,0.0078125,3.36954178428059,1.0,0.9501111721482866,355.9881035419446,13.394581030342067,39.520751803129656,0.0823576260221696,0.01005593692459262,0.009646126167074654,7.0,0.9,0.005,1.5,1.5,10000.0,0.0,one_sided_huber,additive_removal_premium_v1,0.015
prefs_ra7_eis0p9_prtp0p005,10,2,delay_frontier,fixed_learning_grid,default,0|5|10|15|35|75|125|175|225,optimal,129,7,2200,0.0078125,3.36954178428059,1.0,0.9501111721482866,355.9881035419446,13.394581030342067,39.520751803129656,0.0823576260221696,0.01005593692459262,0.009646126167074654,7.0,0.9,0.005,1.5,1.5,10000.0,0.0,one_sided_huber,additive_removal_premium_v1,0.015
prefs_ra7_eis0p9_prtp0p005,10,2,delay_frontier,fixed_learning_grid,default,0|5|10|15|35|75|125|175|225,optimal,130,7,2200,0.0078125,3.36954178428059,1.0,0.9501111721482866,355.9881035419446,13.394581030342067,39.520751803129656,0.0823576260221696,0.01005593692459262,0.009646126167074654,7.0,0.9,0.005,1.5,1.5,10000.0,0.0,one_sided_huber,additive_removal_premium_v1,0.015
prefs_ra7_eis0p9_prtp0p005,10,2,delay_frontier,fixed_learning_grid,default,0|5|10|15|35|75|125|175|225,optimal,131,7,2200,0.0078125,3.444930535740258,1.0,0.9416872029503285,357.35445482864935,13.372743774170251,39.4577971387151,0.08236104974380545,0.011657679878108392,0.011274921093918448,7.0,0.9,0.005,1.5,1.5,10000.0,0.0,one_sided_huber,additive_removal_premium_v1,0.015
prefs_ra7_eis0p9_prtp0p005,10,2,delay_frontier,fixed_learning_grid,default,0|5|10|15|35|75|125|175|225,optimal,132,7,2200,0.0078125,3.9278288472631346,1.0,0.891721915795398,365.030512315004,13.242483962352628,39.081172394012405,0.08237913438262948,0.02120763072680162,0.02094683847612411,7.0,0.9,0.005,1.5,1.5,10000.0,0.0,one_sided_huber,additive_removal_premium_v1,0.015
prefs_ra7_eis0p9_prtp0p005,10,2,delay_frontier,fixed_learning_grid,default,0|5|10|15|35|75|125|175|225,optimal,133,7,2200,0.0078125,4.050462989130451,1.0,0.8800063550044862,366.79437105299127,13.211659094700508,38.991788770419355,0.08238285909391975,0.02346643170551206,0.02322764918198552,7.0,0.9,0.005,1.5,1.5,10000.0,0.0,one_sided_huber,additive_removal_premium_v1,0.015
prefs_ra7_eis0p9_prtp0p005,10,2,delay_frontier,fixed_learning_grid,default,0|5|10|15|35|75|125|175|225,optimal,134,7,2200,0.0078125,4.125117703629302,1.0,0.8730458508511993,367.78235948313727,13.193320750558977,38.938565915066846,0.08238497345834969,0.024810011213097262,0.02458273518037194,7.0,0.9,0.005,1.5,1.5,10000.0,0.0,one_sided_huber,additive_removal_premium_v1,0.015
prefs_ra7_eis0p9_prtp0p005,10,2,delay_frontier,fixed_learning_grid,default,0|5|10|15|35|75|125|175|225,optimal,135,7,2200,0.0078125,3.36954178428059,1.0,0.9501111721482866,355.9881035419446,13.440039107254375,39.65494574309143,0.0823577869711646,0.006696298182908551,0.006286487425390587,7.0,0.9,0.005,1.5,1.5,10000.0,0.0,one_sided_huber,additive_removal_premium_v1,0.015
prefs_ra7_eis0p9_prtp0p005,10,2,delay_frontier,fixed_learning_grid,default,0|5|10|15|35|75|125|175|225,optimal,136,7,2200,0.0078125,3.36954178428059,1.0,0.9501111721482866,355.9881035419446,13.440039107254375,39.65494574309143,0.0823577869711646,0.006696298182908551,0.006286487425390587,7.0,0.9,0.005,1.5,1.5,10000.0,0.0,one_sided_huber,additive_removal_premium_v1,0.015
prefs_ra7_eis0p9_prtp0p005,10,2,delay_frontier,fixed_learning_grid,default,0|5|10|15|35|75|125|175|225,optimal,137,7,2200,0.0078125,3.444930535740258,1.0,0.9416872029503285,357.35445482864935,13.425877012451332,39.61465010314046,0.08236122835562493,0.007730749931260417,0.007347991147070474,7.0,0.9,0.005,1.5,1.5,10000.0,0.0,one_sided_huber,additive_removal_premium_v1,0.015
prefs_ra7_eis0p9_prtp0p005,10,2,delay_frontier,fixed_learning_grid,default,0|5|10|15|35|75|125|175|225,optimal,138,7,2200,0.0078125,3.9278288472631346,1.0,0.891721915795398,365.030512315004,13.341163068291698,39.37248043066304,0.08237933571846422,0.013913957109793623,0.013653164859116114,7.0,0.9,0.005,1.5,1.5,10000.0,0.0,one_sided_huber,additive_removal_premium_v1,0.015
prefs_ra7_eis0p9_prtp0p005,10,2,delay_frontier,fixed_learning_grid,default,0|5|10|15|35|75|125|175|225,optimal,139,7,2200,0.0078125,4.050462989130451,1.0,0.8800063550044862,366.79437105299127,13.321047560951294,39.31472200528603,0.08238307618249749,0.015381034670026229,0.01514225214649969,7.0,0.9,0.005,1.5,1.5,10000.0,0.0,one_sided_huber,additive_removal_premium_v1,0.015
prefs_ra7_eis0p9_prtp0p005,10,2,delay_frontier,fixed_learning_grid,default,0|5|10|15|35|75|125|175|225,optimal,140,7,2200,0.0078125,4.125117703629302,1.0,0.8730458508511993,367.78235948313727,13.309071675270966,39.280288364039016,0.08238519935128734,0.01625423173148522,0.0160269556987599,7.0,0.9,0.005,1.5,1.5,10000.0,0.0,one_sided_huber,additive_removal_premium_v1,0.015
prefs_ra7_eis0p9_prtp0p005,10,2,delay_frontier,fixed_learning_grid,default,0|5|10|15|35|75|125|175|225,optimal,141,7,2200,0.0078125,3.36954178428059,1.0,0.9501111721482866,355.9881035419446,13.440039107254375,39.65494574309143,0.0823577869711646,0.006696298182908551,0.006286487425390587,7.0,0.9,0.005,1.5,1.5,10000.0,0.0,one_sided_huber,additive_removal_premium_v1,0.015
prefs_ra7_eis0p9_prtp0p005,10,2,delay_frontier,fixed_learning_grid,default,0|5|10|15|35|75|125|175|225,optimal,142,7,2200,0.0078125,3.444930535740258,1.0,0.9416872029503285,357.35445482864935,13.425877012451332,39.61465010314046,0.08236122835562493,0.007730749931260417,0.007347991147070474,7.0,0.9,0.005,1.5,1.5,10000.0,0.0,one_sided_huber,additive_removal_premium_v1,0.015
prefs_ra7_eis0p9_prtp0p005,10,2,delay_frontier,fixed_learning_grid,default,0|5|10|15|35|75|125|175|225,optimal,143,7,2200,0.0078125,3.9278288472631346,1.0,0.891721915795398,365.030512315004,13.341163068291698,39.37248043066304,0.08237933571846422,0.013913957109793623,0.013653164859116114,7.0,0.9,0.005,1.5,1.5,10000.0,0.0,one_sided_huber,additive_removal_premium_v1,0.015
prefs_ra7_eis0p9_prtp0p005,10,2,delay_frontier,fixed_learning_grid,default,0|5|10|15|35|75|125|175|225,optimal,144,7,2200,0.0078125,4.050462989130451,1.0,0.8800063550044862,366.79437105299127,13.321047560951294,39.31472200528603,0.08238307618249749,0.015381034670026229,0.01514225214649969,7.0,0.9,0.005,1.5,1.5,10000.0,0.0,one_sided_huber,additive_removal_premium_v1,0.015
prefs_ra7_eis0p9_prtp0p005,10,2,delay_frontier,fixed_learning_grid,default,0|5|10|15|35|75|125|175|225,optimal,145,7,2200,0.0078125,4.125117703629302,1.0,0.8730458508511993,367.78235948313727,13.309071675270966,39.280288364039016,0.08238519935128734,0.01625423173148522,0.0160269556987599,7.0,0.9,0.005,1.5,1.5,10000.0,0.0,one_sided_huber,additive_removal_premium_v1,0.015
prefs_ra7_eis0p9_prtp0p005,10,2,delay_frontier,fixed_learning_grid,default,0|5|10|15|35|75|125|175|225,optimal,146,7,2200,0.0078125,3.723557890315211,1.0,0.9120684100419988,362.70315095017975,13.375983980997693,39.47231452574075,0.0823725430453326,0.01137322000947644,0.011080253001907113,7.0,0.9,0.005,1.5,1.5,10000.0,0.0,one_sided_huber,additive_removal_premium_v1,0.015
prefs_ra7_eis0p9_prtp0p005,10,2,delay_frontier,fixed_learning_grid,default,0|5|10|15|35|75|125|175|225,optimal,147,7,2200,0.0078125,4.200403311610403,1.0,0.8661522075959716,369.64800633301553,13.297327803661162,39.246670099025266,0.08238763096123823,0.017110199177314062,0.016903161005387687,7.0,0.9,0.005,1.5,1.5,10000.0,0.0,one_sided_huber,additive_removal_premium_v1,0.015
prefs_ra7_eis0p9_prtp0p005,10,2,delay_frontier,fixed_learning_grid,default,0|5|10|15|35|75|125|175|225,optimal,148,7,2200,0.0078125,4.333404017979474,1.0,0.854268673197567,371.4421985078075,13.276845254916807,39.18773091171109,0.08239116883284127,0.01860287526448498,0.018413598304776436,7.0,0.9,0.005,1.5,1.5,10000.0,0.0,one_sided_huber,additive_removal_premium_v1,0.015
prefs_ra7_eis0p9_prtp0p005,10,2,delay_frontier,fixed_learning_grid,default,0|5|10|15|35|75|125|175|225,optimal,149,7,2200,0.0078125,4.43111109737457,1.0,0.8457674038716329,372.7084253094035,13.262172565047749,39.14547245319229,0.08239362262538198,0.01967180541296104,0.01949413830672776,7.0,0.9,0.005,1.5,1.5,10000.0,0.0,one_sided_huber,additive_removal_premium_v1,0.015
prefs_ra7_eis0p9_prtp0p005,10,2,delay_frontier,fixed_learning_grid,default,0|5|10|15|35|75|125|175|225,optimal,150,7,2200,0.0078125,5.339159393563853,1.0,0.7746473975990228,384.48412414132537,13.138967372624396,38.79026414966199,0.08241357464339291,0.02863495504910363,0.028536341789355053,7.0,0.9,0.005,1.5,1.5,10000.0,0.0,one_sided_huber,additive_removal_premium_v1,0.015
prefs_ra7_eis0p9_prtp0p005,10,2,delay_frontier,fixed_learning_grid,default,0|5|10|15|35|75|125|175|225,optimal,151,7,2200,0.0078125,5.508909339180576,1.0,0.7626991281421674,386.275435150829,13.118159299928747,38.73014943487759,0.082416688811605,0.030146403234560613,0.030056237575854218,7.0,0.9,0.005,1.5,1.5,10000.0,0.0,one_sided_huber,additive_removal_premium_v1,0.015
prefs_ra7_eis0p9_prtp0p005,10,2,delay_frontier,fixed_learning_grid,default,0|5|10|15|35|75|125|175|225,optimal,152,7,2200,0.0078125,5.717032818743077,1.0,0.7485396342093982,388.45449967943085,13.093477409341297,38.6588371296963,0.08242038115289708,0.0319382739876904,0.03185741516438182,7.0,0.9,0.005,1.5,1.5,10000.0,0.0,one_sided_huber,additive_removal_premium_v1,0.015
prefs_ra7_eis0p9_prtp0p005,10,2,delay_frontier,fixed_learning_grid,default,0|5|10|15|35|75|125|175|225,optimal,153,7,2200,0.0078125,6.363536738522644,1.0,0.7076151911020367,394.69860818777113,13.021983659592252,38.45225585893155,0.08243111379088612,0.03712244062604269,0.03706326433511807,7.0,0.9,0.005,1.5,1.5,10000.0,0.0,one_sided_huber,additive_removal_premium_v1,0.015
prefs_ra7_eis0p9_prtp0p005,10,2,delay_frontier,fixed_learning_grid,default,0|5|10|15|35|75|125|175|225,optimal,154,7,2200,0.0078125,6.5432813263360305,1.0,0.6969707946464898,396.2782347372137,13.003256604593917,38.398378657238176,0.08243450433643787,0.03847892714193297,0.038424244619747194,7.0,0.9,0.005,1.5,1.5,10000.0,0.0,one_sided_huber,additive_removal_premium_v1,0.015
prefs_ra7_eis0p9_prtp0p005,10,2,delay_frontier,fixed_learning_grid,default,0|5|10|15|35|75|125|175|225,optimal,155,7,2200,0.0078125,6.700138967339481,1.0,0.6879166381926489,397.5894197768792,12.987114131613883,38.352077641687174,0.08243777016381,0.03964796315293852,0.03959675041161469,7.0,0.9,0.005,1.5,1.5,10000.0,0.0,one_sided_huber,additive_removal_premium_v1,0.015
prefs_ra7_eis0p9_prtp0p005,10,2,delay_frontier,fixed_learning_grid,default,0|5|10|15|35|75|125|175|225,optimal,156,7,2200,0.0078125,3.36954178428059,1.0,0.9501111721482866,355.9881035419446,13.505270716972584,39.847390622055464,0.08235773754839099,0.001875270588307994,0.0014654598307900296,7.0,0.9,0.005,1.5,1.5,10000.0,0.0,one_sided_huber,additive_removal_premium_v1,0.015
prefs_ra7_eis0p9_prtp0p005,10,2,delay_frontier,fixed_learning_grid,default,0|5|10|15|35|75|125|175|225,optimal,157,7,2200,0.0078125,3.444930535740258,1.0,0.9416872029503285,357.35445482864935,13.502122355370311,39.83958984225366,0.08236115661638083,0.002095668575362156,0.0017129097911722127,7.0,0.9,0.005,1.5,1.5,10000.0,0.0,one_sided_huber,additive_removal_premium_v1,0.015
prefs_ra7_eis0p9_prtp0p005,10,2,delay_frontier,fixed_learning_grid,default,0|5|10|15|35|75|125|175|225,optimal,158,7,2200,0.0078125,3.9278288472631346,1.0,0.891721915795398,365.030512315004,13.482108286441171,39.78877432701635,0.08238010855694361,0.003496266259462928,0.003235474008785418,7.0,0.9,0.005,1.5,1.5,10000.0,0.0,one_sided_huber,additive_removal_premium_v1,0.015
prefs_ra7_eis0p9_prtp0p005,10,2,delay_frontier,fixed_learning_grid,default,0|5|10|15|35|75|125|175|225,optimal,159,7,2200,0.0078125,4.050462989130451,1.0,0.8800063550044862,366.79437105299127,13.476429742628644,39.773550779838835,0.08238364159481884,0.0038960337904902953,0.003657251266963755,7.0,0.9,0.005,1.5,1.5,10000.0,0.0,one_sided_huber,additive_removal_premium_v1,0.015
prefs_ra7_eis0p9_prtp0p005,10,2,delay_frontier,fixed_learning_grid,default,0|5|10|15|35|75|125|175|225,optimal,160,7,2200,0.0078125,4.125117703629302,1.0,0.8730458508511993,367.78235948313727,13.473030891727864,39.7643880288805,0.08238564073816478,0.004135115590741237,0.003907839558015915,7.0,0.9,0.005,1.5,1.5,10000.0,0.0,one_sided_huber,additive_removal_premium_v1,0.015
prefs_ra7_eis0p9_prtp0p005,10,2,delay_frontier,fixed_learning_grid,default,0|5|10|15|35|75|125|175|225,optimal,161,7,2200,0.0078125,3.723557890315211,1.0,0.9120684100419988,362.70315095017975,13.490951355258813,39.81150565569457,0.0823723688985404,0.002875914302381843,0.0025829472948125163,7.0,0.9,0.005,1.5,1.5,10000.0,0.0,one_sided_huber,additive_removal_premium_v1,0.015
prefs_ra7_eis0p9_prtp0p005,10,2,delay_frontier,fixed_learning_grid,default,0|5|10|15|35|75|125|175|225,optimal,162,7,2200,0.0078125,4.200403311610403,1.0,0.8661522075959716,369.64800633301553,13.469781421828039,39.75579780802434,0.08238794400281363,0.004363058931247237,0.0041560207593208595,7.0,0.9,0.005,1.5,1.5,10000.0,0.0,one_sided_huber,additive_removal_premium_v1,0.015
prefs_ra7_eis0p9_prtp0p005,10,2,delay_frontier,fixed_learning_grid,default,0|5|10|15|35|75|125|175|225,optimal,163,7,2200,0.0078125,4.333404017979474,1.0,0.854268673197567,371.4421985078075,13.463941269129059,39.740002710128365,0.08239126581373957,0.0047731222718169364,0.0045838453121083925,7.0,0.9,0.005,1.5,1.5,10000.0,0.0,one_sided_huber,additive_removal_premium_v1,0.015
prefs_ra7_eis0p9_prtp0p005,10,2,delay_frontier,fixed_learning_grid,default,0|5|10|15|35|75|125|175|225,optimal,164,7,2200,0.0078125,4.43111109737457,1.0,0.8457674038716329,372.7084253094035,13.459743016105577,39.72860857252121,0.08239356410426844,0.005067570500521545,0.004889903394288264,7.0,0.9,0.005,1.5,1.5,10000.0,0.0,one_sided_huber,additive_removal_premium_v1,0.015
prefs_ra7_eis0p9_prtp0p005,10,2,delay_frontier,fixed_learning_grid,default,0|5|10|15|35|75|125|175|225,optimal,165,7,2200,0.0078125,5.339159393563853,1.0,0.7746473975990228,384.48412414132537,13.422005689950332,39.62624643726026,0.08241442113724169,0.007709906676963601,0.007611293417215022,7.0,0.9,0.005,1.5,1.5,10000.0,0.0,one_sided_huber,additive_removal_premium_v1,0.015
prefs_ra7_eis0p9_prtp0p005,10,2,delay_frontier,fixed_learning_grid,default,0|5|10|15|35|75|125|175|225,optimal,166,7,2200,0.0078125,5.508909339180576,1.0,0.7626991281421674,386.275435150829,13.41490342437025,39.60646023670562,0.08241715419148136,0.008207474926976762,0.008117309268270367,7.0,0.9,0.005,1.5,1.5,10000.0,0.0,one_sided_huber,additive_removal_premium_v1,0.015
prefs_ra7_eis0p9_prtp0p005,10,2,delay_frontier,fixed_learning_grid,default,0|5|10|15|35|75|125|175|225,optimal,167,7,2200,0.0078125,5.717032818743077,1.0,0.7485396342093982,388.45449967943085,13.406462486161091,39.582939353470024,0.08242039396026542,0.008797830527948957,0.00871697170464038,7.0,0.9,0.005,1.5,1.5,10000.0,0.0,one_sided_huber,additive_removal_premium_v1,0.015
prefs_ra7_eis0p9_prtp0p005,10,2,delay_frontier,fixed_learning_grid,default,0|5|10|15|35|75|125|175|225,optimal,168,7,2200,0.0078125,6.363536738522644,1.0,0.7076151911020367,394.69860818777113,13.381900252098013,39.514483492357456,0.08242981548951522,0.010509320902546608,0.010450144611621987,7.0,0.9,0.005,1.5,1.5,10000.0,0.0,one_sided_huber,additive_removal_premium_v1,0.015
prefs_ra7_eis0p9_prtp0p005,10,2,delay_frontier,fixed_learning_grid,default,0|5|10|15|35|75|125|175|225,optimal,169,7,2200,0.0078125,6.5432813263360305,1.0,0.6969707946464898,396.2782347372137,13.375143994156288,39.49643539651914,0.0824342262548474,0.010979849590232005,0.010925167068046233,7.0,0.9,0.005,1.5,1.5,10000.0,0.0,one_sided_huber,additive_removal_premium_v1,0.015
prefs_ra7_eis0p9_prtp0p005,10,2,delay_frontier,fixed_learning_grid,default,0|5|10|15|35|75|125|175|225,optimal,170,7,2200,0.0078125,6.700138967339481,1.0,0.6879166381926489,397.5894197768792,13.368683394872772,39.47949980487568,0.08243919692754154,0.011432239824774405,0.011381027083450571,7.0,0.9,0.005,1.5,1.5,10000.0,0.0,one_sided_huber,additive_removal_premium_v1,0.015
prefs_ra7_eis0p9_prtp0p005,10,2,delay_frontier,fixed_learning_grid,default,0|5|10|15|35|75|125|175|225,optimal,171,7,2200,0.0078125,3.8860084273354536,1.0,0.8958004360751016,366.6550490107527,13.484462148381995,39.79529385187688,0.08237912582827314,0.0033290926490004515,0.00308864133626558,7.0,0.9,0.005,1.5,1.5,10000.0,0.0,one_sided_huber,additive_removal_premium_v1,0.015
prefs_ra7_eis0p9_prtp0p005,10,2,delay_frontier,fixed_learning_grid,default,0|5|10|15|35|75|125|175|225,optimal,172,7,2200,0.0078125,4.390142512095244,1.0,0.8493090734652391,373.73962519352364,13.461678791080244,39.73393397043833,0.08239266932963747,0.004931138377567897,0.004762398128665503,7.0,0.9,0.005,1.5,1.5,10000.0,0.0,one_sided_huber,additive_removal_premium_v1,0.015
prefs_ra7_eis0p9_prtp0p005,10,2,delay_frontier,fixed_learning_grid,default,0|5|10|15|35|75|125|175|225,optimal,173,7,2200,0.0078125,4.533896883252101,1.0,0.8370230680450341,375.63158765327717,13.455585062744795,39.717382701436364,0.08239597750396364,0.005358224057593487,0.005204712224642718,7.0,0.9,0.005,1.5,1.5,10000.0,0.0,one_sided_huber,additive_removal_premium_v1,0.015
prefs_ra7_eis0p9_prtp0p005,10,2,delay_frontier,fixed_learning_grid,default,0|5|10|15|35|75|125|175|225,optimal,174,7,2200,0.0078125,4.6407376107505565,1.0,0.8281402215369014,376.9905091032269,13.451160501627772,39.7053303728332,0.08239830136840967,0.005667936859938273,0.0055245076413440375,7.0,0.9,0.005,1.5,1.5,10000.0,0.0,one_sided_huber,additive_removal_premium_v1,0.015
prefs_ra7_eis0p9_prtp0p005,10,2,delay_frontier,fixed_learning_grid,default,0|5|10|15|35|75|125|175|225,optimal,175,7,2200,0.0078125,5.534221182506704,1.0,0.7609489167571509,387.8118280079498,13.413935554258844,39.60379274735512,0.08241759369119021,0.008274930776441494,0.008191431693004248,7.0,0.9,0.005,1.5,1.5,10000.0,0.0,one_sided_huber,additive_removal_premium_v1,0.015
prefs_ra7_eis0p9_prtp0p005,10,2,delay_frontier,fixed_learning_grid,default,0|5|10|15|35|75|125|175|225,optimal,176,7,2200,0.0078125,5.714410594683807,1.0,0.7487148265860173,389.67257202298487,13.406633196270569,39.58343910548626,0.08242038407180874,0.008785633766303487,0.00870955221013756,7.0,0.9,0.005,1.5,1.5,10000.0,0.0,one_sided_huber,additive_removal_premium_v1,0.015
prefs_ra7_eis0p9_prtp0p005,10,2,delay_frontier,fixed_learning_grid,default,0|5|10|15|35|75|125|175|225,optimal,177,7,2200,0.0078125,5.9392847265684985,1.0,0.7339738947200501,391.99288237883127,13.397809916979066,39.558846271599364,0.08242375975844086,0.009401587120096755,0.009333838866078893,7.0,0.9,0.005,1.5,1.5,10000.0,0.0,one_sided_huber,additive_removal_premium_v1,0.015
prefs_ra7_eis0p9_prtp0p005,10,2,delay_frontier,fixed_learning_grid,default,0|5|10|15|35|75|125|175|225,optimal,178,7,2200,0.0078125,6.590262254681601,1.0,0.6942365172406362,397.9486229341367,13.373238845346961,39.491853300670705,0.08243664711053453,0.011113134082244935,0.011062832873437017,7.0,0.9,0.005,1.5,1.5,10000.0,0.0,one_sided_huber,additive_removal_premium_v1,0.015
prefs_ra7_eis0p9_prtp0p005,10,2,delay_frontier,fixed_learning_grid,default,0|5|10|15|35|75|125|175|225,optimal,179,7,2200,0.0078125,6.740226582531291,1.0,0.6856365036462344,399.0316177161282,13.367091536950692,39.4750324920744,0.08243973911209763,0.011543477607606469,0.011495827636627626,7.0,0.9,0.005,1.5,1.5,10000.0,0.0,one_sided_huber,additive_removal_premium_v1,0.015
prefs_ra7_eis0p9_prtp0p005,10,2,delay_frontier,fixed_learning_grid,default,0|5|10|15|35|75|125|175|225,optimal,180,7,2200,0.0078125,6.914117454367244,1.0,0.675899403720925,400.50870681894685,13.36012811347219,39.45540697211158,0.08244191802938952,0.012030330361879268,0.011986072591480615,7.0,0.9,0.005,1.5,1.5,10000.0,0.0,one_sided_huber,additive_removal_premium_v1,0.015
prefs_ra7_eis0p9_prtp0p005,10,2,delay_frontier,fixed_learning_grid,default,0|5|10|15|35|75|125|175|225,optimal,181,7,2200,0.0078125,6.207916603275452,1.0,0.7170752013986879,395.7268970953095,13.387698972560282,39.53074576535136,0.08242782215605626,0.010105718751395256,0.010049507918706952,7.0,0.9,0.005,1.5,1.5,10000.0,0.0,one_sided_huber,additive_removal_premium_v1,0.015
prefs_ra7_eis0p9_prtp0p005,10,2,delay_frontier,fixed_learning_grid,default,0|5|10|15|35|75|125|175|225,optimal,182,7,2200,0.0078125,6.398440372995001,1.0,0.7055250215866338,397.4760845449934,13.3807305621729,39.51131712358283,0.08243048199355785,0.010590168212651869,0.01053866445208974,7.0,0.9,0.005,1.5,1.5,10000.0,0.0,one_sided_huber,additive_removal_premium_v1,0.015
prefs_ra7_eis0p9_prtp0p005,10,2,delay_frontier,fixed_learning_grid,default,0|5|10|15|35|75|125|175|225,optimal,183,7,2200,0.0078125,6.564847850275537,1.0,0.6957132137186253,398.7507086182644,13.374326582582773,39.49456616542376,0.08243548919318952,0.01103680786567143,0.010988483939592595,7.0,0.9,0.005,1.5,1.5,10000.0,0.0,one_sided_huber,additive_removal_premium_v1,0.015
prefs_ra7_eis0p9_prtp0p005,10,2,delay_frontier,fixed_learning_grid,default,0|5|10|15|35|75|125|175|225,optimal,184,7,2200,0.0078125,7.269229801867446,1.0,0.656749150304933,404.550655030056,13.346424712275594,39.41688003470352,0.08244643187545857,0.012986411968014245,0.012950252397928285,7.0,0.9,0.005,1.5,1.5,10000.0,0.0,one_sided_huber,additive_removal_premium_v1,0.015
prefs_ra7_eis0p9_prtp0p005,10,2,delay_frontier,fixed_learning_grid,default,0|5|10|15|35|75|125|175|225,optimal,185,7,2200,0.0078125,7.509727726453914,1.0,0.6443009050177819,406.49116189821694,13.337470857170631,39.3916900349077,0.08244934823823734,0.013609814615634314,0.01357699850258064,7.0,0.9,0.005,1.5,1.5,10000.0,0.0,one_sided_huber,additive_removal_premium_v1,0.015
prefs_ra7_eis0p9_prtp0p005,10,2,delay_frontier,fixed_learning_grid,default,0|5|10|15|35|75|125|175|225,optimal,186,7,2200,0.0078125,7.703992597752756,1.0,0.6345317069298229,407.95476860312795,13.330428263199723,39.37189051628984,0.08245167626721722,0.014099359996272659,0.014068859540499409,7.0,0.9,0.005,1.5,1.5,10000.0,0.0,one_sided_huber,additive_removal_premium_v1,0.015
prefs_ra7_eis0p9_prtp0p005,10,2,delay_frontier,fixed_learning_grid,default,0|5|10|15|35|75|125|175|225,optimal,187,7,2200,0.0078125,9.02300258740966,1.0,0.5740472584028605,417.90106533308233,13.284403207324294,39.24466544819552,0.08247201734790438,0.01729148109343078,0.017272931669349987,7.0,0.9,0.005,1.5,1.5,10000.0,0.0,one_sided_huber,additive_removal_premium_v1,0.015
prefs_ra7_eis0p9_prtp0p005,10,2,delay_frontier,fixed_learning_grid,default,0|5|10|15|35|75|125|175|225,optimal,188,7,2200,0.0078125,9.312463276632233,1.0,0.5619555717754972,419.7836572343253,13.27456773230203,39.21696920885154,0.08247519442493159,0.017972591877729118,0.01795570881670457,7.0,0.9,0.005,1.5,1.5,10000.0,0.0,one_sided_huber,additive_removal_premium_v1,0.015
prefs_ra7_eis0p9_prtp0p005,10,2,delay_frontier,fixed_learning_grid,default,0|5|10|15|35|75|125|175|225,optimal,189,7,2200,0.0078125,9.59336336797821,1.0,0.5505735445397786,421.54772220010636,13.265290083987626,39.190877542478894,0.08247827458151592,0.0186138715958045,0.01859841386907745,7.0,0.9,0.005,1.5,1.5,10000.0,0.0,one_sided_huber,additive_removal_premium_v1,0.015
prefs_ra7_eis0p9_prtp0p005,10,2,delay_frontier,fixed_learning_grid,default,0|5|10|15|35|75|125|175|225,optimal,190,7,2200,0.0078125,10.946921448500943,1.0,0.49999826688646365,429.34429954156815,13.223828859103312,39.07472635456961,0.0824931500749434,0.021464712886061728,0.02145424528249246,7.0,0.9,0.005,1.5,1.5,10000.0,0.0,one_sided_huber,additive_removal_premium_v1,0.015
prefs_ra7_eis0p9_prtp0p005,10,2,delay_frontier,fixed_learning_grid,default,0|5|10|15|35|75|125|175|225,optimal,191,7,2200,0.0078125,1.0038917501842963,0.5207305623903111,0.8958004360751016,366.6550490107527,13.527627939676467,39.903463024399656,0.08233505698266648,0.000666716530254768,0.00042626521751989635,7.0,0.9,0.005,1.5,1.5,10000.0,0.0,one_sided_huber,additive_removal_premium_v1,0.015
prefs_ra7_eis0p9_prtp0p005,10,2,delay_frontier,fixed_learning_grid,default,0|5|10|15|35|75|125|175|225,optimal,192,7,2200,0.0078125,1.3983065873379783,0.5863433976258506,0.8493090734652391,373.73962519352364,13.522322032705025,39.8924208842494,0.0823456280868849,0.0010031957897826903,0.0008344555408802966,7.0,0.9,0.005,1.5,1.5,10000.0,0.0,one_sided_huber,additive_removal_premium_v1,0.015
prefs_ra7_eis0p9_prtp0p005,10,2,delay_frontier,fixed_learning_grid,default,0|5|10|15|35|75|125|175|225,optimal,193,7,2200,0.0078125,1.5487141778717683,0.6090982070062909,0.8370230680450341,375.63158765327717,13.520764419308616,39.88922162012174,0.0823488299699225,0.001095837486552116,0.0009423256536013464,7.0,0.9,0.005,1.5,1.5,10000.0,0.0,one_sided_huber,additive_removal_premium_v1,0.015
prefs_ra7_eis0p9_prtp0p005,10,2,delay_frontier,fixed_learning_grid,default,0|5|10|15|35|75|125|175|225,optimal,194,7,2200,0.0078125,1.6159349322104053,0.6154137613120031,0.8281402215369014,376.9905091032269,13.519717673993215,39.88683536613805,0.08235044006969587,0.001163745530781835,0.0010203163121876003,7.0,0.9,0.005,1.5,1.5,10000.0,0.0,one_sided_huber,additive_removal_premium_v1,0.015
prefs_ra7_eis0p9_prtp0p005,10,2,delay_frontier,fixed_learning_grid,default,0|5|10|15|35|75|125|175|225,optimal,195,7,2200,0.0078125,3.5263925046723115,0.8278319423846425,0.7609489167571509,387.8118280079498,13.505777537001585,39.86009308660982,0.08238347380082227,0.0018718878324942602,0.0017883887490570153,7.0,0.9,0.005,1.5,1.5,10000.0,0.0,one_sided_huber,additive_removal_premium_v1,0.015
prefs_ra7_eis0p9_prtp0p005,10,2,delay_frontier,fixed_learning_grid,default,0|5|10|15|35|75|125|175|225,optimal,196,7,2200,0.0078125,3.581792148033022,0.8217395024751198,0.7487148265860173,389.67257202298487,13.503592246433668,39.85401950898657,0.08238433729594581,0.0020276925436731093,0.0019516109875071831,7.0,0.9,0.005,1.5,1.5,10000.0,0.0,one_sided_huber,additive_removal_premium_v1,0.015
prefs_ra7_eis0p9_prtp0p005,10,2,delay_frontier,fixed_learning_grid,default,0|5|10|15|35|75|125|175|225,optimal,197,7,2200,0.0078125,3.6085465173915177,0.8102441444997684,0.7339738947200501,391.99288237883127,13.501053537811748,39.84663993526422,0.0823845970714367,0.0022160267388499897,0.002148278484832127,7.0,0.9,0.005,1.5,1.5,10000.0,0.0,one_sided_huber,additive_removal_premium_v1,0.015
prefs_ra7_eis0p9_prtp0p005,10,2,delay_frontier,fixed_learning_grid,default,0|5|10|15|35|75|125|175|225,optimal,198,7,2200,0.0078125,5.187734463687312,0.9073850677485205,0.6942365172406362,397.9486229341367,13.489964282838507,39.82589138398925,0.0824121413716197,0.0027551479422739844,0.002704846733466067,7.0,0.9,0.005,1.5,1.5,10000.0,0.0,one_sided_huber,additive_removal_premium_v1,0.015
prefs_ra7_eis0p9_prtp0p005,10,2,delay_frontier,fixed_learning_grid,default,0|5|10|15|35|75|125|175|225,optimal,199,7,2200,0.0078125,5.214020135824655,0.9007337775806291,0.6856365036462344,399.0316177161282,13.487906736671995,39.819787422566776,0.08241207342179233,0.002906639982875944,0.0028589900118971023,7.0,0.9,0.005,1.5,1.5,10000.0,0.0,one_sided_huber,additive_removal_premium_v1,0.015
prefs_ra7_eis0p9_prtp0p005,10,2,delay_frontier,fixed_learning_grid,default,0|5|10|15|35|75|125|175|225,optimal,200,7,2200,0.0078125,5.273556722060362,0.8953621560079841,0.675899403720925,400.50870681894685,13.485506450581521,39.81288070550054,0.08241248638112708,0.0030777717511735257,0.003033513980774872,7.0,0.9,0.005,1.5,1.5,10000.0,0.0,one_sided_huber,additive_removal_premium_v1,0.015
prefs_ra7_eis0p9_prtp0p005,10,2,delay_frontier,fixed_learning_grid,default,0|5|10|15|35|75|125|175|225,optimal,201,7,2200,0.0078125,3.729432580822446,0.8060938503083921,0.7170752013986879,395.7268970953095,13.49794681895205,39.83827260994961,0.0823864393549544,0.0024299447876218153,0.00237373395493351,7.0,0.9,0.005,1.5,1.5,10000.0,0.0,one_sided_huber,additive_removal_premium_v1,0.015
prefs_ra7_eis0p9_prtp0p005,10,2,delay_frontier,fixed_learning_grid,default,0|5|10|15|35|75|125|175|225,optimal,202,7,2200,0.0078125,3.80737547723833,0.8025894460659069,0.7055250215866338,397.4760845449934,13.49579433101176,39.83234607043497,0.08238741925427087,0.0025793355010321263,0.0025278317404699973,7.0,0.9,0.005,1.5,1.5,10000.0,0.0,one_sided_huber,additive_removal_premium_v1,0.015
prefs_ra7_eis0p9_prtp0p005,10,2,delay_frontier,fixed_learning_grid,default,0|5|10|15|35|75|125|175|225,optimal,203,7,2200,0.0078125,4.674926925333041,0.869380469395029,0.6957132137186253,398.7507086182644,13.49166272240996,39.82705522129187,0.08240328956489897,0.002726702929713291,0.0026783790036344563,7.0,0.9,0.005,1.5,1.5,10000.0,0.0,one_sided_huber,additive_removal_premium_v1,0.015
prefs_ra7_eis0p9_prtp0p005,10,2,delay_frontier,fixed_learning_grid,default,0|5|10|15|35|75|125|175|225,optimal,204,7,2200,0.0078125,5.348937685591453,0.8817498834020728,0.656749150304933,404.550655030056,13.480916608444112,39.79937480067897,0.08241258889642264,0.0034129151994842367,0.003376755629398276,7.0,0.9,0.005,1.5,1.5,10000.0,0.0,one_sided_huber,additive_removal_premium_v1,0.015
prefs_ra7_eis0p9_prtp0p005,10,2,delay_frontier,fixed_learning_grid,default,0|5|10|15|35|75|125|175|225,optimal,205,7,2200,0.0078125,5.339857136811329,0.8688213058252534,0.6443009050177819,406.49116189821694,13.47805841812554,39.790460361737374,0.08241149286209024,0.0036326892199085234,0.0035998731068548496,7.0,0.9,0.005,1.5,1.5,10000.0,0.0,one_sided_huber,additive_removal_premium_v1,0.015
prefs_ra7_eis0p9_prtp0p005,10,2,delay_frontier,fixed_learning_grid,default,0|5|10|15|35|75|125|175|225,optimal,206,7,2200,0.0078125,5.40144881913561,0.8635268205896997,0.6345317069298229,407.95476860312795,13.475636252970544,39.78343905911584,0.08241179095169708,0.0038054728464130064,0.0037749723906397564,7.0,0.9,0.005,1.5,1.5,10000.0,0.0,one_sided_huber,additive_removal_premium_v1,0.015
prefs_ra7_eis0p9_prtp0p005,10,2,delay_frontier,fixed_learning_grid,default,0|5|10|15|35|75|125|175|225,optimal,207,7,2200,0.0078125,6.907860930727395,0.8967854199912478,0.5740472584028605,417.90106533308233,13.456185587515934,39.73600650665143,0.0824348197993886,0.004994735621508132,0.004976186197427338,7.0,0.9,0.005,1.5,1.5,10000.0,0.0,one_sided_huber,additive_removal_premium_v1,0.015
prefs_ra7_eis0p9_prtp0p005,10,2,delay_frontier,fixed_learning_grid,default,0|5|10|15|35|75|125|175|225,optimal,208,7,2200,0.0078125,6.967302179006148,0.8880477762336686,0.5619555717754972,419.7836572343253,13.4524991370263,39.724937276096945,0.08243439745904556,0.005264360806048504,0.005247477745023956,7.0,0.9,0.005,1.5,1.5,10000.0,0.0,one_sided_huber,additive_removal_premium_v1,0.015
prefs_ra7_eis0p9_prtp0p005,10,2,delay_frontier,fixed_learning_grid,default,0|5|10|15|35|75|125|175|225,optimal,209,7,2200,0.0078125,6.931045657072669,0.8748310363836989,0.5505735445397786,421.54772220010636,13.449265659351711,39.71450449715909,0.08243235783424521,0.00551830495648254,0.005502847229755489,7.0,0.9,0.005,1.5,1.5,10000.0,0.0,one_sided_huber,additive_removal_premium_v1,0.015
prefs_ra7_eis0p9_prtp0p005,10,2,delay_frontier,fixed_learning_grid,default,0|5|10|15|35|75|125|175|225,optimal,210,7,2200,0.0078125,7.043791004114846,0.8314546250130376,0.49999826688646365,429.34429954156815,13.434193895138907,39.66803553630393,0.08242782477081875,0.006648039758280138,0.0066375721547108696,7.0,0.9,0.005,1.5,1.5,10000.0,0.0,one_sided_huber,additive_removal_premium_v1,0.015
prefs_ra7_eis0p9_prtp0p005,10,2,delay_frontier,fixed_learning_grid,default,0|5|10|15|35|75|125|175|225,optimal,211,7,2200,0.0078125,5.132569307760087,0.9039088229385078,0.6948393486097617,401.1285422965222,13.490349502443333,39.82670497261468,0.08241139717695509,0.0027369490581258668,0.002694041819897258,7.0,0.9,0.005,1.5,1.5,10000.0,0.0,one_sided_huber,additive_removal_premium_v1,0.015
prefs_ra7_eis0p9_prtp0p005,10,2,delay_frontier,fixed_learning_grid,default,0|5|10|15|35|75|125|175|225,optimal,212,7,2200,0.0078125,5.2556166588496005,0.9018652954873754,0.6837346370162645,402.7695143659415,13.487461058099067,39.8188183779127,0.08241287074602476,0.002932605772954814,0.002893078325161278,7.0,0.9,0.005,1.5,1.5,10000.0,0.0,one_sided_huber,additive_removal_premium_v1,0.015
prefs_ra7_eis0p9_prtp0p005,10,2,delay_frontier,fixed_learning_grid,default,0|5|10|15|35|75|125|175|225,optimal,213,7,2200,0.0078125,5.288333316726086,0.8924010141712703,0.671850111251125,404.5476534961246,13.484624863239457,39.81034911677338,0.08241264991398956,0.003142256911497769,0.0031060919144920204,7.0,0.9,0.005,1.5,1.5,10000.0,0.0,one_sided_huber,additive_removal_premium_v1,0.015
prefs_ra7_eis0p9_prtp0p005,10,2,delay_frontier,fixed_learning_grid,default,0|5|10|15|35|75|125|175|225,optimal,214,7,2200,0.0078125,5.426072342029884,0.86071714349896,0.6299308186224346,411.06549905301347,13.474551900880158,39.78028567329796,0.08241190119250687,0.003883544069477352,0.0038574369123071973,7.0,0.9,0.005,1.5,1.5,10000.0,0.0,one_sided_huber,additive_removal_premium_v1,0.015
prefs_ra7_eis0p9_prtp0p005,10,2,delay_frontier,fixed_learning_grid,default,0|5|10|15|35|75|125|175|225,optimal,215,7,2200,0.0078125,5.436717453239726,0.849091937997928,0.6173103104654216,413.0478528839677,13.471594049257792,39.77117758515856,0.08241103605042378,0.0041072856047038465,0.004083641962035718,7.0,0.9,0.005,1.5,1.5,10000.0,0.0,one_sided_huber,additive_removal_premium_v1,0.015
prefs_ra7_eis0p9_prtp0p005,10,2,delay_frontier,fixed_learning_grid,default,0|5|10|15|35|75|125|175|225,optimal,216,7,2200,0.0078125,5.435729517655369,0.8395070586457447,0.6075513076904547,414.5089828921664,13.469327790888531,39.7641140705015,0.08241017710095964,0.004280536453682691,0.004258558509020038,7.0,0.9,0.005,1.5,1.5,10000.0,0.0,one_sided_huber,additive_removal_premium_v1,0.015
prefs_ra7_eis0p9_prtp0p005,10,2,delay_frontier,fixed_learning_grid,default,0|5|10|15|35|75|125|175|225,optimal,217,7,2200,0.0078125,6.885512445543705,0.8705400227923005,0.5487401950741404,424.0487844461736,13.448867866911595,39.71290054148965,0.08243136771146443,0.00555762132856434,0.00554398063232754,7.0,0.9,0.005,1.5,1.5,10000.0,0.0,one_sided_huber,additive_removal_premium_v1,0.015
prefs_ra7_eis0p9_prtp0p005,10,2,delay_frontier,fixed_learning_grid,default,0|5|10|15|35|75|125|175|225,optimal,218,7,2200,0.0078125,7.0069806003653285,0.8655565933193834,0.5369708732895663,425.85306585837805,13.44511498231707,39.70209425663722,0.08243200335954083,0.0058205035404430665,0.005808039536556349,7.0,0.9,0.005,1.5,1.5,10000.0,0.0,one_sided_huber,additive_removal_premium_v1,0.015
prefs_ra7_eis0p9_prtp0p005,10,2,delay_frontier,fixed_learning_grid,default,0|5|10|15|35|75|125|175|225,optimal,219,7,2200,0.0078125,6.886359907062367,0.8482905178420445,0.525981611547886,427.5217182548183,13.442207018672983,39.69199263646956,0.08242850827998953,0.006066063164643379,0.0060545968545485385,7.0,0.9,0.005,1.5,1.5,10000.0,0.0,one_sided_huber,additive_removal_premium_v1,0.015
prefs_ra7_eis0p9_prtp0p005,10,2,delay_frontier,fixed_learning_grid,default,0|5|10|15|35|75|125|175|225,optimal,220,7,2200,0.0078125,8.495145780397756,0.881185145151342,0.4790335625322699,434.43715097140284,13.423146674721215,39.646352011797546,0.08245309600298505,0.007208948488808374,0.007200834051207423,7.0,0.9,0.005,1.5,1.5,10000.0,0.0,one_sided_huber,additive_removal_premium_v1,0.015
prefs_ra7_eis0p9_prtp0p005,10,2,delay_frontier,fixed_learning_grid,default,0|5|10|15|35|75|125|175|225,optimal,221,7,2200,0.0078125,7.032472392854216,0.84827484080368,0.5179198954971009,429.6574392710221,13.439484792737069,39.6846138768735,0.08243003011541258,0.006245776150736188,0.006235471160268028,7.0,0.9,0.005,1.5,1.5,10000.0,0.0,one_sided_huber,additive_removal_premium_v1,0.015
prefs_ra7_eis0p9_prtp0p005,10,2,delay_frontier,fixed_learning_grid,default,0|5|10|15|35|75|125|175|225,optimal,222,7,2200,0.0078125,7.040376820793595,0.8379588831048838,0.506890020677863,431.3423652760574,13.436238477316397,39.67446148741093,0.08242872225354562,0.006492412086428181,0.006482939681552433,7.0,0.9,0.005,1.5,1.5,10000.0,0.0,one_sided_huber,additive_removal_premium_v1,0.015
prefs_ra7_eis0p9_prtp0p005,10,2,delay_frontier,fixed_learning_grid,default,0|5|10|15|35|75|125|175|225,optimal,223,7,2200,0.0078125,7.049591033905953,0.8307844713777892,0.4989907882656418,432.39064122428437,13.433843313012623,39.66715776917112,0.08242818823522588,0.006673628947317427,0.006664640235856038,7.0,0.9,0.005,1.5,1.5,10000.0,0.0,one_sided_huber,additive_removal_premium_v1,0.015
prefs_ra7_eis0p9_prtp0p005,10,2,delay_frontier,fixed_learning_grid,default,0|5|10|15|35|75|125|175|225,optimal,224,7,2200,0.0078125,8.585635421425636,0.8557136912221406,0.4490260984976653,439.9286580718188,13.412393551399257,39.61316813236632,0.08244980359202428,0.00801321527613092,0.008007049145664627,7.0,0.9,0.005,1.5,1.5,10000.0,0.0,one_sided_huber,additive_removal_premium_v1,0.015
prefs_ra7_eis0p9_prtp0p005,10,2,delay_frontier,fixed_learning_grid,default,0|5|10|15|35|75|125|175|225,optimal,225,7,2200,0.0078125,10.220770499655266,0.8612419165778465,0.3877705131522394,449.75268342698325,13.38607682223187,39.54477245648987,0.08247142348917302,0.009711668097277165,0.00970789508907987,7.0,0.9,0.005,1.5,1.5,10000.0,0.0,one_sided_huber,additive_removal_premium_v1,0.015
prefs_ra7_eis0p9_prtp0p005,10,2,delay_frontier,fixed_learning_grid,default,0|5|10|15|35|75|125|175|225,optimal,226,7,2200,0.0078125,2.0342664725270034,0.5767787099584581,0.6948393486097617,401.1285422965222,13.5182600045207,39.888561504298515,0.08236426684476233,0.0012326811566216555,0.0011897739183930468,7.0,0.9,0.005,1.5,1.5,10000.0,0.0,one_sided_huber,additive_removal_premium_v1,0.015
prefs_ra7_eis0p9_prtp0p005,10,2,delay_frontier,fixed_learning_grid,default,0|5|10|15|35|75|125|175|225,optimal,227,7,2200,0.0078125,1.9813528105205784,0.559185089007644,0.6837346370162645,402.7695143659415,13.517289017008894,39.885326013809674,0.08236341702345092,0.0013156269086532209,0.001276099460859685,7.0,0.9,0.005,1.5,1.5,10000.0,0.0,one_sided_huber,additive_removal_premium_v1,0.015
prefs_ra7_eis0p9_prtp0p005,10,2,delay_frontier,fixed_learning_grid,default,0|5|10|15|35|75|125|175|225,optimal,228,7,2200,0.0078125,2.097814054427751,0.5674166361645814,0.671850111251125,404.5476534961246,13.515873497712175,39.88184308611975,0.08236500915165458,0.001404652101164083,0.0013684871041583341,7.0,0.9,0.005,1.5,1.5,10000.0,0.0,one_sided_huber,additive_removal_premium_v1,0.015
prefs_ra7_eis0p9_prtp0p005,10,2,delay_frontier,fixed_learning_grid,default,0|5|10|15|35|75|125|175|225,optimal,229,7,2200,0.0078125,2.139720405131613,0.5392595115363287,0.6299308186224346,411.06549905301347,13.511657922032947,39.869374141491285,0.08236494058240035,0.0017204654598302592,0.0016943583026601049,7.0,0.9,0.005,1.5,1.5,10000.0,0.0,one_sided_huber,additive_removal_premium_v1,0.015
prefs_ra7_eis0p9_prtp0p005,10,2,delay_frontier,fixed_learning_grid,default,0|5|10|15|35|75|125|175|225,optimal,230,7,2200,0.0078125,2.2147087913743113,0.5397114649760575,0.6173103104654216,413.0478528839677,13.51025125525049,39.865568836168,0.08236573350263722,0.0018161109510134198,0.0017924673083452914,7.0,0.9,0.005,1.5,1.5,10000.0,0.0,one_sided_huber,additive_removal_premium_v1,0.015
prefs_ra7_eis0p9_prtp0p005,10,2,delay_frontier,fixed_learning_grid,default,0|5|10|15|35|75|125|175|225,optimal,231,7,2200,0.0078125,2.244365901450522,0.5359410157904227,0.6075513076904547,414.5089828921664,13.509220987252581,39.86260666141121,0.08236591235541849,0.0018903095563164404,0.001868331611653787,7.0,0.9,0.005,1.5,1.5,10000.0,0.0,one_sided_huber,additive_removal_premium_v1,0.015
prefs_ra7_eis0p9_prtp0p005,10,2,delay_frontier,fixed_learning_grid,default,0|5|10|15|35|75|125|175|225,optimal,232,7,2200,0.0078125,2.8898107143352147,0.5669705564353964,0.5487401950741404,424.0487844461736,13.500776434508001,39.84075140827786,0.08237294817265146,0.002431092052106339,0.0024174513558695384,7.0,0.9,0.005,1.5,1.5,10000.0,0.0,one_sided_huber,additive_removal_premium_v1,0.015
prefs_ra7_eis0p9_prtp0p005,10,2,delay_frontier,fixed_learning_grid,default,0|5|10|15|35|75|125|175|225,optimal,233,7,2200,0.0078125,2.9283846371770132,0.5614434534372984,0.5369708732895663,425.85306585837805,13.499242299175643,39.836229069178614,0.08237295940704281,0.0025425159086515936,0.0025300519047648765,7.0,0.9,0.005,1.5,1.5,10000.0,0.0,one_sided_huber,additive_removal_premium_v1,0.015
prefs_ra7_eis0p9_prtp0p005,10,2,delay_frontier,fixed_learning_grid,default,0|5|10|15|35|75|125|175|225,optimal,234,7,2200,0.0078125,2.9044182881552203,0.5498522266617725,0.525981611547886,427.5217182548183,13.497937529767642,39.83199750294813,0.08237208351016116,0.0026466557008352955,0.002635189390740455,7.0,0.9,0.005,1.5,1.5,10000.0,0.0,one_sided_huber,additive_removal_premium_v1,0.015
prefs_ra7_eis0p9_prtp0p005,10,2,delay_frontier,fixed_learning_grid,default,0|5|10|15|35|75|125|175|225,optimal,235,7,2200,0.0078125,3.5600716882626493,0.5754745870978705,0.4790335625322699,434.43715097140284,13.490209409600299,39.81230841087363,0.08237924828607748,0.0031320479573687574,0.0031239335197678067,7.0,0.9,0.005,1.5,1.5,10000.0,0.0,one_sided_huber,additive_removal_premium_v1,0.015
prefs_ra7_eis0p9_prtp0p005,10,2,delay_frontier,fixed_learning_grid,default,0|5|10|15|35|75|125|175|225,optimal,236,7,2200,0.0078125,2.973089122167728,0.5505808386753653,0.5179198954971009,429.6574392710221,13.496802804870507,39.828919830476416,0.08237270594826274,0.0027226231800444606,0.0027123181895763013,7.0,0.9,0.005,1.5,1.5,10000.0,0.0,one_sided_huber,additive_removal_premium_v1,0.015
prefs_ra7_eis0p9_prtp0p005,10,2,delay_frontier,fixed_learning_grid,default,0|5|10|15|35|75|125|175|225,optimal,237,7,2200,0.0078125,2.9173666385940336,0.535766064493426,0.506890020677863,431.3423652760574,13.49555789280872,39.82465841764066,0.08237135533551085,0.002827316637636703,0.002817844232760955,7.0,0.9,0.005,1.5,1.5,10000.0,0.0,one_sided_huber,additive_removal_premium_v1,0.015
prefs_ra7_eis0p9_prtp0p005,10,2,delay_frontier,fixed_learning_grid,default,0|5|10|15|35|75|125|175|225,optimal,238,7,2200,0.0078125,3.018017206184806,0.5398798239105511,0.4989907882656418,432.39064122428437,13.494343330500106,39.82158738434301,0.0823725345726399,0.0029043123058158536,0.0028953235943544645,7.0,0.9,0.005,1.5,1.5,10000.0,0.0,one_sided_huber,additive_removal_premium_v1,0.015
prefs_ra7_eis0p9_prtp0p005,10,2,delay_frontier,fixed_learning_grid,default,0|5|10|15|35|75|125|175|225,optimal,239,7,2200,0.0078125,3.5796752077763716,0.5524565584140703,0.4490260984976653,439.9286580718188,13.485719736208711,39.79832815651076,0.08237756862797938,0.003473835007364597,0.0034676688768983032,7.0,0.9,0.005,1.5,1.5,10000.0,0.0,one_sided_huber,additive_removal_premium_v1,0.015
prefs_ra7_eis0p9_prtp0p005,10,2,delay_frontier,fixed_learning_grid,default,0|5|10|15|35|75|125|175|225,optimal,240,7,2200,0.0078125,4.169124130467966,0.550214936021509,0.3877705131522394,449.75268342698325,13.475108682612222,39.76900333686448,0.0823821488510594,0.004194402561164786,0.004190629552967491,7.0,0.9,0.005,1.5,1.5,10000.0,0.0,one_sided_huber,additive_removal_premium_v1,0.015
prefs_ra7_eis0p9_prtp0p005,10,2,delay_frontier,fixed_learning_grid,default,0|5|10|15|35|75|125|175|225,optimal,241,7,2200,0.0078125,2.9298515944547634,0.5315464547453019,0.4999987902544343,434.0109242960124,13.49468909053275,39.82202699466648,0.08237119988979696,0.0028920661578686483,0.0028837769363894246,7.0,0.9,0.005,1.5,1.5,10000.0,0.0,one_sided_huber,additive_removal_premium_v1,0.015
prefs_ra7_eis0p9_prtp0p005,10,2,delay_frontier,fixed_learning_grid,default,0|5|10|15|35|75|125|175|225,optimal,242,7,2200,0.0078125,3.603239313855256,0.5894462148702929,0.4910799962020823,435.18301594285737,13.491915102368496,39.81797578094681,0.08238070465068806,0.0029937590790552753,0.0029859416796420755,7.0,0.9,0.005,1.5,1.5,10000.0,0.0,one_sided_huber,additive_removal_premium_v1,0.015
prefs_ra7_eis0p9_prtp0p005,10,2,delay_frontier,fixed_learning_grid,default,0|5|10|15|35|75|125|175|225,optimal,243,7,2200,0.0078125,3.5584198334317914,0.5779506933475111,0.48217960531575577,436.47449834323345,13.4906927891726,39.81382628128695,0.08237945823366534,0.003095224169355407,0.0030878956147158427,7.0,0.9,0.005,1.5,1.5,10000.0,0.0,one_sided_huber,additive_removal_premium_v1,0.015
prefs_ra7_eis0p9_prtp0p005,10,2,delay_frontier,fixed_learning_grid,default,0|5|10|15|35|75|125|175|225,optimal,244,7,2200,0.0078125,3.5871261444336637,0.5376969691151614,0.4300268446759741,444.54405237248943,13.482889297838742,39.789468770153526,0.08237640385093505,0.0036902006731790683,0.0036853052386408586,7.0,0.9,0.005,1.5,1.5,10000.0,0.0,one_sided_huber,additive_removal_premium_v1,0.015
prefs_ra7_eis0p9_prtp0p005,10,2,delay_frontier,fixed_learning_grid,default,0|5|10|15|35|75|125|175|225,optimal,245,7,2200,0.0078125,4.210628479205137,0.5374360048686405,0.3681742477385571,454.5131067864247,13.471669404590008,39.75841709367734,0.082381145236599,0.004452174303998419,0.004449200469357839,7.0,0.9,0.005,1.5,1.5,10000.0,0.0,one_sided_huber,additive_removal_premium_v1,0.015
prefs_ra7_eis0p9_prtp0p005,10,2,delay_frontier,fixed_learning_grid,default,0|5|10|15|35|75|125|175|225,optimal,246,7,2200,0.0078125,4.170633911188301,0.5163006957457972,0.34528793738786,458.68431711978496,13.467833303588883,39.74603529304697,0.08237870307036897,0.004753597242820348,0.004751183225523301,7.0,0.9,0.005,1.5,1.5,10000.0,0.0,one_sided_huber,additive_removal_premium_v1,0.015
prefs_ra7_eis0p9_prtp0p005,10,2,delay_frontier,fixed_learning_grid,default,0|5|10|15|35|75|125|175|225,optimal,247,7,2200,0.0078125,1.0702133773880325,0.27310630622816695,0.4999987902544343,434.0109242960124,13.52490583791917,39.9049612691175,0.08235690535080352,0.0009078842291631787,0.0008995950076839551,7.0,0.9,0.005,1.5,1.5,10000.0,0.0,one_sided_huber,additive_removal_premium_v1,0.015
prefs_ra7_eis0p9_prtp0p005,10,2,delay_frontier,fixed_learning_grid,default,0|5|10|15|35|75|125|175|225,optimal,248,7,2200,0.0078125,1.0771434813254634,0.2697097422248857,0.4910799962020823,435.18301594285737,13.524488404631201,39.90371785882227,0.08235687833261013,0.0009390256709779722,0.0009312082715647725,7.0,0.9,0.005,1.5,1.5,10000.0,0.0,one_sided_huber,additive_removal_premium_v1,0.015
prefs_ra7_eis0p9_prtp0p005,10,2,delay_frontier,fixed_learning_grid,default,0|5|10|15|35|75|125|175|225,optimal,249,7,2200,0.0078125,1.029347639174043,0.2561657151141186,0.48217960531575577,436.47449834323345,13.524145476857427,39.90247606426871,0.08235635089605033,0.000970084858828508,0.0009627563041889438,7.0,0.9,0.005,1.5,1.5,10000.0,0.0,one_sided_huber,additive_removal_premium_v1,0.015
prefs_ra7_eis0p9_prtp0p005,10,2,delay_frontier,fixed_learning_grid,default,0|5|10|15|35|75|125|175|225,optimal,250,7,2200,0.0078125,1.0432141983471703,0.23322343976990642,0.4300268446759741,444.54405237248943,13.521731470861342,39.895155183890886,0.08235589572137803,0.0011525106977456926,0.001147615263207483,7.0,0.9,0.005,1.5,1.5,10000.0,0.0,one_sided_huber,additive_removal_premium_v1,0.015
prefs_ra7_eis0p9_prtp0p005,10,2,delay_frontier,fixed_learning_grid,default,0|5|10|15|35|75|125|175|225,optimal,251,7,2200,0.0078125,1.1816896874499392,0.22670644593075687,0.3681742477385571,454.5131067864247,13.518573168629505,39.8859192172315,0.08235608485028072,0.0013800069686440372,0.0013770331340034578,7.0,0.9,0.005,1.5,1.5,10000.0,0.0,one_sided_huber,additive_removal_premium_v1,0.015
prefs_ra7_eis0p9_prtp0p005,10,2,delay_frontier,fixed_learning_grid,default,0|5|10|15|35|75|125|175|225,optimal,252,7,2200,0.0078125,1.1836199538856795,0.216638877115852,0.34528793738786,458.68431711978496,13.517415919951622,39.8823572523814,0.08235574629514145,0.0014678877637323124,0.0014654737464352657,7.0,0.9,0.005,1.5,1.5,10000.0,0.0,one_sided_huber,additive_removal_premium_v1,0.015
prefs_ra7_eis0p9_prtp0p005,10,2,delay_frontier,fixed_learning_grid,default,0|5|10|15|35|75|125|175|225,optimal,253,7,2200,0.0078125,1.182567496507856,0.21005074208616809,0.33062364091830965,462.2466417765372,13.516677082838132,39.88007406115264,0.08235550928167766,0.001524161815260264,0.0015221416558000936,7.0,0.9,0.005,1.5,1.5,10000.0,0.0,one_sided_huber,additive_removal_premium_v1,0.015
prefs_ra7_eis0p9_prtp0p005,10,2,delay_frontier,fixed_learning_grid,default,0|5|10|15|35|75|125|175|225,optimal,254,7,2200,0.0078125,0.1349743882712714,0.02975949753157463,0.33062364091830965,462.2466417765372,13.535947751376357,39.93749399977774,0.08235679946715531,0.00015723033144231078,0.0001552101719821403,7.0,0.9,0.005,1.5,1.5,10000.0,0.0,one_sided_huber,additive_removal_premium_v1,0.015
prefs_ra7_eis0p9_prtp0p005,10,2,delay_frontier,fixed_learning_grid,default,0|5|10|15|35|75|125|175|225,delayed,0,0,2025,1.0,0.0,0.0,0.0,425.6,1.0,7.649111369643762,0.23734881318879236,0.0,0.0,7.0,0.9,0.005,1.5,1.5,10000.0,0.0,one_sided_huber,additive_removal_premium_v1,0.015
prefs_ra7_eis0p9_prtp0p005,10,2,delay_frontier,fixed_learning_grid,default,0|5|10|15|35|75|125|175|225,delayed,1,1,2030,0.5,0.0,0.0,1.1102230246251565e-16,447.78084386976184,1.0763710634048167,8.025334089966556,0.23069742998395273,0.0008474464266302309,0.000843282476390714,7.0,0.9,0.005,1.5,1.5,10000.0,0.0,one_sided_huber,additive_removal_premium_v1,0.015
prefs_ra7_eis0p9_prtp0p005,10,2,delay_frontier,fixed_learning_grid,default,0|5|10|15|35|75|125|175|225,delayed,2,1,2030,0.5,0.0,0.0,1.1102230246251565e-16,447.78084386976184,1.0768326570365325,8.194654802293606,0.23599940646281056,0.0004189673718486009,0.000414803421609084,7.0,0.9,0.005,1.5,1.5,10000.0,0.0,one_sided_huber,additive_removal_premium_v1,0.015
prefs_ra7_eis0p9_prtp0p005,10,2,delay_frontier,fixed_learning_grid,default,0|5|10|15|35|75|125|175|225,delayed,3,2,2035,0.25,374.53270445374153,0.8993053112553522,0.0,465.5475315098372,1.0909243245493332,8.43694042825831,0.2402688550931577,0.002540652624879617,0.002538939820064291,7.0,0.9,0.005,1.5,1.5,10000.0,0.0,one_sided_huber,additive_removal_premium_v1,0.015
prefs_ra7_eis0p9_prtp0p005,10,2,delay_frontier,fixed_learning_grid,default,0|5|10|15|35|75|125|175|225,delayed,4,2,2035,0.25,217.31682449717346,0.7003077391380412,0.0,465.5475315098372,1.1258879774712123,8.563744454461576,0.23587027464001972,0.0013925773221491189,0.001390864517333793,7.0,0.9,0.005,1.5,1.5,10000.0,0.0,one_sided_huber,additive_removal_premium_v1,0.015
prefs_ra7_eis0p9_prtp0p005,10,2,delay_frontier,fixed_learning_grid,default,0|5|10|15|35|75|125|175|225,delayed,5,2,2035,0.25,230.11185576070264,0.7203623715818518,0.0,465.5475315098372,1.1232676861082813,8.661670143186088,0.23948822531622269,0.0013925773221491189,0.001390864517333793,7.0,0.9,0.005,1.5,1.5,10000.0,0.0,one_sided_huber,additive_removal_premium_v1,0.015
prefs_ra7_eis0p9_prtp0p005,10,2,delay_frontier,fixed_learning_grid,default,0|5|10|15|35|75|125|175|225,delayed,6,2,2035,0.25,117.54112835466093,0.5009045734579725,0.0,465.5475315098372,1.14578401845812,8.706067880656502,0.23559933993588164,0.0006647747505272233,0.0006630619457118972,7.0,0.9,0.005,1.5,1.5,10000.0,0.0,one_sided_huber,additive_removal_premium_v1,0.015
prefs_ra7_eis0p9_prtp0p005,10,2,delay_frontier,fixed_learning_grid,default,0|5|10|15|35|75|125|175|225,delayed,7,3,2040,0.125,430.2045921697128,1.0,0.3036234054539805,458.8912066158606,1.1584708823463632,8.918457674029076,0.23905130493069696,0.003418012123491625,0.00341562294916077,7.0,0.9,0.005,1.5,1.5,10000.0,0.0,one_sided_huber,additive_removal_premium_v1,0.015
prefs_ra7_eis0p9_prtp0p005,10,2,delay_frontier,fixed_learning_grid,default,0|5|10|15|35|75|125|175|225,delayed,8,3,2040,0.125,266.12398593845785,0.8168732643858567,0.3036234054539805,458.8912066158606,1.1995609179046165,8.972180945407517,0.2315101836453044,0.0019986751405269773,0.0019962859661961222,7.0,0.9,0.005,1.5,1.5,10000.0,0.0,one_sided_huber,additive_removal_premium_v1,0.015
prefs_ra7_eis0p9_prtp0p005,10,2,delay_frontier,fixed_learning_grid,default,0|5|10|15|35|75|125|175|225,delayed,9,3,2040,0.125,283.3830807557364,0.8363520710808188,0.23643785704551978,463.89457315821056,1.1953759578042324,9.070678918247568,0.2352475818840879,0.002253567683938976,0.0022517073052938166,7.0,0.9,0.005,1.5,1.5,10000.0,0.0,one_sided_huber,additive_removal_premium_v1,0.015
prefs_ra7_eis0p9_prtp0p005,10,2,delay_frontier,fixed_learning_grid,default,0|5|10|15|35|75|125|175|225,delayed,10,3,2040,0.125,283.7226174792811,0.837182691989559,0.24320870085296686,463.39034249890716,1.1953126503855769,9.07861804128537,0.23549022892333413,0.0022277897210458003,0.002225881843245255,7.0,0.9,0.005,1.5,1.5,10000.0,0.0,one_sided_huber,additive_removal_premium_v1,0.015
prefs_ra7_eis0p9_prtp0p005,10,2,delay_frontier,fixed_learning_grid,default,0|5|10|15|35|75|125|175|225,delayed,11,3,2040,0.125,148.35754759570742,0.6088512763005938,0.23643785704551978,463.89457315821056,1.2268036864972327,9.181244763448396,0.23165876726415688,0.0011264804577147947,0.0011246200790696352,7.0,0.9,0.005,1.5,1.5,10000.0,0.0,one_sided_huber,additive_removal_premium_v1,0.015
prefs_ra7_eis0p9_prtp0p005,10,2,delay_frontier,fixed_learning_grid,default,0|5|10|15|35|75|125|175|225,delayed,12,3,2040,0.125,148.2824008975692,0.6090246207461444,0.24320870085296686,463.39034249890716,1.2268279465886822,9.18363306696697,0.23172063352080424,0.0011121017705309853,0.00111019389273044,7.0,0.9,0.005,1.5,1.5,10000.0,0.0,one_sided_huber,additive_removal_premium_v1,0.015
prefs_ra7_eis0p9_prtp0p005,10,2,delay_frontier,fixed_learning_grid,default,0|5|10|15|35|75|125|175|225,delayed,13,3,2040,0.125,154.96424454214403,0.6198184472021742,0.1691153721626345,468.9081374795591,1.225341147002093,9.208866946636778,0.2327415646009098,0.001275383481926807,0.0012739355992938328,7.0,0.9,0.005,1.5,1.5,10000.0,0.0,one_sided_huber,additive_removal_premium_v1,0.015
prefs_ra7_eis0p9_prtp0p005,10,2,delay_frontier,fixed_learning_grid,default,0|5|10|15|35|75|125|175|225,delayed,14,3,2040,0.125,76.00018239944748,0.40671221143219927,0.1691153721626345,468.9081374795591,1.2412598627120708,9.241639239539372,0.23033484152608596,0.0005836657703281492,0.000582217887695175,7.0,0.9,0.005,1.5,1.5,10000.0,0.0,one_sided_huber,additive_removal_premium_v1,0.015
prefs_ra7_eis0p9_prtp0p005,10,2,delay_frontier,fixed_learning_grid,default,0|5|10|15|35|75|125|175|225,delayed,15,4,2060,0.0625,241.60383983177977,1.0,0.6989592253244437,439.9448657989647,1.610714548208834,11.186657813182453,0.21320581786413398,0.004181979586844196,0.0041758184512709524,7.0,0.9,0.005,1.5,1.5,10000.0,0.0,one_sided_huber,additive_removal_premium_v1,0.015
prefs_ra7_eis0p9_prtp0p005,10,2,delay_frontier,fixed_learning_grid,default,0|5|10|15|35|75|125|175|225,delayed,16,4,2060,0.0625,220.67899152088876,0.9646478870278674,0.6989592253244437,439.9448657989647,1.6201089095454595,11.267725009901964,0.21353895560663994,0.0026479069182440977,0.0026417457826708544,7.0,0.9,0.005,1.5,1.5,10000.0,0.0,one_sided_huber,additive_removal_premium_v1,0.015
prefs_ra7_eis0p9_prtp0p005,10,2,delay_frontier,fixed_learning_grid,default,0|5|10|15|35|75|125|175|225,delayed,17,4,2060,0.0625,231.58841347011924,0.9647584751414372,0.5949974340591647,454.45211582115246,1.6152338478524406,11.235449744132096,0.21357339076639192,0.003843673051375087,0.003840690134067318,7.0,0.9,0.005,1.5,1.5,10000.0,0.0,one_sided_huber,additive_removal_premium_v1,0.015
prefs_ra7_eis0p9_prtp0p005,10,2,delay_frontier,fixed_learning_grid,default,0|5|10|15|35|75|125|175|225,delayed,18,4,2060,0.0625,236.15515597601402,0.9691250818698538,0.5770115918824914,456.1978905277424,1.6134770242501797,11.268488739355444,0.21453056745624974,0.004073405443216032,0.004070671859956079,7.0,0.9,0.005,1.5,1.5,10000.0,0.0,one_sided_huber,additive_removal_premium_v1,0.015
prefs_ra7_eis0p9_prtp0p005,10,2,delay_frontier,fixed_learning_grid,default,0|5|10|15|35|75|125|175|225,delayed,19,4,2060,0.0625,245.64119327848238,0.985083120764535,0.5804101470342514,455.80064126028304,1.6103999397882471,11.36907842839936,0.217119468570043,0.004030003568694146,0.00402721514707868,7.0,0.9,0.005,1.5,1.5,10000.0,0.0,one_sided_huber,additive_removal_premium_v1,0.015
prefs_ra7_eis0p9_prtp0p005,10,2,delay_frontier,fixed_learning_grid,default,0|5|10|15|35|75|125|175|225,delayed,20,4,2060,0.0625,116.11320874337079,0.7087339398916576,0.5949974340591647,454.45211582115246,1.654575184318164,11.424811761702806,0.21183607052166117,0.0020804549986323476,0.0020774720813245785,7.0,0.9,0.005,1.5,1.5,10000.0,0.0,one_sided_huber,additive_removal_premium_v1,0.015
prefs_ra7_eis0p9_prtp0p005,10,2,delay_frontier,fixed_learning_grid,default,0|5|10|15|35|75|125|175|225,delayed,21,4,2060,0.0625,115.01046904566319,0.7024988885371253,0.5770115918824914,456.1978905277424,1.6547339400980168,11.42953798790407,0.2119108501688937,0.0022247274898541873,0.0022219939065942344,7.0,0.9,0.005,1.5,1.5,10000.0,0.0,one_sided_huber,additive_removal_premium_v1,0.015
prefs_ra7_eis0p9_prtp0p005,10,2,delay_frontier,fixed_learning_grid,default,0|5|10|15|35|75|125|175|225,delayed,22,4,2060,0.0625,112.74138791575486,0.6961028296037648,0.5804101470342514,455.80064126028304,1.6554352489731456,11.386034355008322,0.21091550980838622,0.0021974738825452016,0.002194685460929735,7.0,0.9,0.005,1.5,1.5,10000.0,0.0,one_sided_huber,additive_removal_premium_v1,0.015
prefs_ra7_eis0p9_prtp0p005,10,2,delay_frontier,fixed_learning_grid,default,0|5|10|15|35|75|125|175|225,delayed,23,4,2060,0.0625,131.28770778398467,0.7281241589353235,0.4478584670790149,474.22044140790047,1.6486129491100385,11.524588544901682,0.21475233002439345,0.0033229522552729483,0.003321842113892011,7.0,0.9,0.005,1.5,1.5,10000.0,0.0,one_sided_huber,additive_removal_premium_v1,0.015
prefs_ra7_eis0p9_prtp0p005,10,2,delay_frontier,fixed_learning_grid,default,0|5|10|15|35|75|125|175|225,delayed,24,4,2060,0.0625,129.96627348549896,0.7250384118501292,0.45088388371421373,473.87526140249184,1.6490411117805857,11.50563807107977,0.21429816070267488,0.0032950603422397737,0.003293930874654326,7.0,0.9,0.005,1.5,1.5,10000.0,0.0,one_sided_huber,additive_removal_premium_v1,0.015
prefs_ra7_eis0p9_prtp0p005,10,2,delay_frontier,fixed_learning_grid,default,0|5|10|15|35|75|125|175|225,delayed,25,4,2060,0.0625,132.84942811138424,0.7285857356623971,0.4249813376249768,476.64720892110995,1.647898439187512,11.50135694345321,0.21437461042744405,0.0035338803134120473,0.0035328970231016206,7.0,0.9,0.005,1.5,1.5,10000.0,0.0,one_sided_huber,additive_removal_premium_v1,0.015
prefs_ra7_eis0p9_prtp0p005,10,2,delay_frontier,fixed_learning_grid,default,0|5|10|15|35|75|125|175|225,delayed,26,4,2060,0.0625,58.79805166587616,0.4688570578420431,0.4478584670790149,474.22044140790047,1.6714650205561008,11.534929896254996,0.21170339525119852,0.001656789305512684,0.0016556791641317466,7.0,0.9,0.005,1.5,1.5,10000.0,0.0,one_sided_huber,additive_removal_premium_v1,0.015
prefs_ra7_eis0p9_prtp0p005,10,2,delay_frontier,fixed_learning_grid,default,0|5|10|15|35|75|125|175|225,delayed,27,4,2060,0.0625,58.77036342631369,0.4691215917924731,0.45088388371421373,473.87526140249184,1.6714908818737013,11.541173061253678,0.2118270711831098,0.0016414740965813499,0.001640344628995902,7.0,0.9,0.005,1.5,1.5,10000.0,0.0,one_sided_huber,additive_removal_premium_v1,0.015
prefs_ra7_eis0p9_prtp0p005,10,2,delay_frontier,fixed_learning_grid,default,0|5|10|15|35|75|125|175|225,delayed,28,4,2060,0.0625,61.65761619115432,0.4795435475752641,0.4249813376249768,476.64720892110995,1.6706211931889225,11.569385448506857,0.21252535632354053,0.0017726167799848925,0.0017716334896744658,7.0,0.9,0.005,1.5,1.5,10000.0,0.0,one_sided_huber,additive_removal_premium_v1,0.015
prefs_ra7_eis0p9_prtp0p005,10,2,delay_frontier,fixed_learning_grid,default,0|5|10|15|35|75|125|175|225,delayed,29,4,2060,0.0625,67.32997745914447,0.4890275158571256,0.3040000624105874,493.5294267645844,1.668363934284267,11.56359046810193,0.21272641732496905,0.0024528308723629397,0.002452408116829874,7.0,0.9,0.005,1.5,1.5,10000.0,0.0,one_sided_huber,additive_removal_premium_v1,0.015
prefs_ra7_eis0p9_prtp0p005,10,2,delay_frontier,fixed_learning_grid,default,0|5|10|15|35|75|125|175|225,delayed,30,4,2060,0.0625,29.626226783973273,0.28229402079741844,0.3040000624105874,493.5294267645844,1.6789258913046168,11.601175023231248,0.21200301097444532,0.001062886172376874,0.0010624634168438084,7.0,0.9,0.005,1.5,1.5,10000.0,0.0,one_sided_huber,additive_removal_premium_v1,0.015
prefs_ra7_eis0p9_prtp0p005,10,2,delay_frontier,fixed_learning_grid,default,0|5|10|15|35|75|125|175|225,delayed,31,5,2100,0.03125,75.39678981583332,1.0,0.8213034271003137,414.69268317727176,2.9328360493763386,17.116989926865674,0.17573704297217033,0.027897040634923955,0.027875263629373277,7.0,0.9,0.005,1.5,1.5,10000.0,0.0,one_sided_huber,additive_removal_premium_v1,0.015
prefs_ra7_eis0p9_prtp0p005,10,2,delay_frontier,fixed_learning_grid,default,0|5|10|15|35|75|125|175|225,delayed,32,5,2100,0.03125,75.39678981583332,1.0,0.8213034271003137,414.69268317727176,2.9656189556608408,17.083350902245463,0.17320088073802498,0.017030984817542196,0.017009207811991518,7.0,0.9,0.005,1.5,1.5,10000.0,0.0,one_sided_huber,additive_removal_premium_v1,0.015
prefs_ra7_eis0p9_prtp0p005,10,2,delay_frontier,fixed_learning_grid,default,0|5|10|15|35|75|125|175|225,delayed,33,5,2100,0.03125,76.57512566132408,1.0,0.8069361838345889,417.5400289531698,2.9608861780020947,17.232110999201968,0.17518810105435081,0.018408549454603546,0.018389662145456624,7.0,0.9,0.005,1.5,1.5,10000.0,0.0,one_sided_huber,additive_removal_premium_v1,0.015
prefs_ra7_eis0p9_prtp0p005,10,2,delay_frontier,fixed_learning_grid,default,0|5|10|15|35|75|125|175|225,delayed,34,5,2100,0.03125,81.84229907940912,1.0,0.7452698330980665,427.3777256487281,2.9403152871445197,17.231408796633648,0.1765424605142387,0.02437884363687705,0.02436729447665472,7.0,0.9,0.005,1.5,1.5,10000.0,0.0,one_sided_huber,additive_removal_premium_v1,0.015
prefs_ra7_eis0p9_prtp0p005,10,2,delay_frontier,fixed_learning_grid,default,0|5|10|15|35|75|125|175|225,delayed,35,5,2100,0.03125,82.63155466371958,1.0,0.7363681175549911,428.5646099445143,2.937330271148705,17.22780443274318,0.17670073747900372,0.02524202743146807,0.025231143699689772,7.0,0.9,0.005,1.5,1.5,10000.0,0.0,one_sided_huber,additive_removal_premium_v1,0.015
prefs_ra7_eis0p9_prtp0p005,10,2,delay_frontier,fixed_learning_grid,default,0|5|10|15|35|75|125|175|225,delayed,36,5,2100,0.03125,81.87751037843314,1.0,0.7448708982552692,426.9740414747869,2.9401807756912253,17.14820216587957,0.17560443634837236,0.02441779294906119,0.024406008312468093,7.0,0.9,0.005,1.5,1.5,10000.0,0.0,one_sided_huber,additive_removal_premium_v1,0.015
prefs_ra7_eis0p9_prtp0p005,10,2,delay_frontier,fixed_learning_grid,default,0|5|10|15|35|75|125|175|225,delayed,37,5,2100,0.03125,40.514841053229105,0.759898658564833,0.8069361838345889,417.5400289531698,3.0146917600376963,17.087903761126295,0.1701214853386317,0.007492054933150344,0.007473167624003423,7.0,0.9,0.005,1.5,1.5,10000.0,0.0,one_sided_huber,additive_removal_premium_v1,0.015
prefs_ra7_eis0p9_prtp0p005,10,2,delay_frontier,fixed_learning_grid,default,0|5|10|15|35|75|125|175|225,delayed,38,5,2100,0.03125,47.94355988389902,0.7968530327648741,0.7452698330980665,427.3777256487281,3.002993503427776,17.367510002253827,0.17396715664934947,0.010113743448616073,0.010102194288393745,7.0,0.9,0.005,1.5,1.5,10000.0,0.0,one_sided_huber,additive_removal_premium_v1,0.015
prefs_ra7_eis0p9_prtp0p005,10,2,delay_frontier,fixed_learning_grid,default,0|5|10|15|35|75|125|175|225,delayed,39,5,2100,0.03125,48.28010347980531,0.7959008883572185,0.7363681175549911,428.5646099445143,3.0017066762596882,17.455256499846918,0.17502736432953483,0.010495248361457684,0.010484364629679386,7.0,0.9,0.005,1.5,1.5,10000.0,0.0,one_sided_huber,additive_removal_premium_v1,0.015
prefs_ra7_eis0p9_prtp0p005,10,2,delay_frontier,fixed_learning_grid,default,0|5|10|15|35|75|125|175|225,delayed,40,5,2100,0.03125,46.59516981335293,0.78628065976977,0.7448708982552692,426.9740414747869,3.0036937099160346,17.413455411852205,0.17443340246873432,0.010131106080340754,0.010119321443747654,7.0,0.9,0.005,1.5,1.5,10000.0,0.0,one_sided_huber,additive_removal_premium_v1,0.015
prefs_ra7_eis0p9_prtp0p005,10,2,delay_frontier,fixed_learning_grid,default,0|5|10|15|35|75|125|175|225,delayed,41,5,2100,0.03125,54.377450980750744,0.8019183297669242,0.6412204150950382,447.99856886521036,2.9859333272256925,17.336094137309637,0.17472007389985664,0.014794786098677125,0.014790667232211396,7.0,0.9,0.005,1.5,1.5,10000.0,0.0,one_sided_huber,additive_removal_premium_v1,0.015
prefs_ra7_eis0p9_prtp0p005,10,2,delay_frontier,fixed_learning_grid,default,0|5|10|15|35|75|125|175|225,delayed,42,5,2100,0.03125,56.255892292500185,0.8091702338737438,0.6280101423571544,450.039336672395,2.983116594185802,17.516121718355276,0.17692265366344082,0.015411291058395806,0.01540757174156041,7.0,0.9,0.005,1.5,1.5,10000.0,0.0,one_sided_huber,additive_removal_premium_v1,0.015
prefs_ra7_eis0p9_prtp0p005,10,2,delay_frontier,fixed_learning_grid,default,0|5|10|15|35|75|125|175|225,delayed,43,5,2100,0.03125,55.18203843093548,0.8018604177871235,0.6274281262948047,450.24922199944234,2.9836366809297883,17.458142841906895,0.17623794522048522,0.015438431710346673,0.015434751220780953,7.0,0.9,0.005,1.5,1.5,10000.0,0.0,one_sided_huber,additive_removal_premium_v1,0.015
prefs_ra7_eis0p9_prtp0p005,10,2,delay_frontier,fixed_learning_grid,default,0|5|10|15|35|75|125|175|225,delayed,44,5,2100,0.03125,57.07915125716359,0.788388974692023,0.5617595902483812,460.20798223700734,2.973515055282696,17.416428532772482,0.17643503001023494,0.01859606540674004,0.01859382846596011,7.0,0.9,0.005,1.5,1.5,10000.0,0.0,one_sided_huber,additive_removal_premium_v1,0.015
prefs_ra7_eis0p9_prtp0p005,10,2,delay_frontier,fixed_learning_grid,default,0|5|10|15|35|75|125|175|225,delayed,45,5,2100,0.03125,56.723284401470856,0.7863221940111913,0.5623014049592263,460.1865882607009,2.973787471500069,17.393762771664612,0.17616199092536053,0.018569456038055085,0.018567216703147343,7.0,0.9,0.005,1.5,1.5,10000.0,0.0,one_sided_huber,additive_removal_premium_v1,0.015
prefs_ra7_eis0p9_prtp0p005,10,2,delay_frontier,fixed_learning_grid,default,0|5|10|15|35|75|125|175|225,delayed,46,5,2100,0.03125,57.630102220102714,0.7866427726160283,0.5483674064176962,462.17232288318485,2.9713232953866573,17.31504533127995,0.17543790927336478,0.019253626436481208,0.019251598756270794,7.0,0.9,0.005,1.5,1.5,10000.0,0.0,one_sided_huber,additive_removal_premium_v1,0.015
prefs_ra7_eis0p9_prtp0p005,10,2,delay_frontier,fixed_learning_grid,default,0|5|10|15|35|75|125|175|225,delayed,47,5,2100,0.03125,20.219970122529713,0.4742448073958608,0.6412204150950382,447.99856886521036,3.0362065228519786,17.62437124205908,0.17468037191667318,0.004039751951355922,0.004035633084890193,7.0,0.9,0.005,1.5,1.5,10000.0,0.0,one_sided_huber,additive_removal_premium_v1,0.015
prefs_ra7_eis0p9_prtp0p005,10,2,delay_frontier,fixed_learning_grid,default,0|5|10|15|35|75|125|175|225,delayed,48,5,2100,0.03125,20.567196730164635,0.47505678523133293,0.6280101423571544,450.039336672395,3.0354436373962983,17.600594038464113,0.17446725108603653,0.004253219366285134,0.004249500049449739,7.0,0.9,0.005,1.5,1.5,10000.0,0.0,one_sided_huber,additive_removal_premium_v1,0.015
prefs_ra7_eis0p9_prtp0p005,10,2,delay_frontier,fixed_learning_grid,default,0|5|10|15|35|75|125|175|225,delayed,49,5,2100,0.03125,20.523370052983726,0.47425858526220144,0.6274281262948047,450.24922199944234,3.0354363246249396,17.58790405606862,0.1743279561804064,0.004262603055192786,0.004258922565627065,7.0,0.9,0.005,1.5,1.5,10000.0,0.0,one_sided_huber,additive_removal_premium_v1,0.015
prefs_ra7_eis0p9_prtp0p005,10,2,delay_frontier,fixed_learning_grid,default,0|5|10|15|35|75|125|175|225,delayed,50,5,2100,0.03125,23.890992894371816,0.49808123361778545,0.5617595902483812,460.20798223700734,3.0306041748630874,17.56332174586226,0.17436563848115855,0.0054259561327146015,0.0054237191919346735,7.0,0.9,0.005,1.5,1.5,10000.0,0.0,one_sided_huber,additive_removal_premium_v1,0.015
prefs_ra7_eis0p9_prtp0p005,10,2,delay_frontier,fixed_learning_grid,default,0|5|10|15|35|75|125|175|225,delayed,51,5,2100,0.03125,23.59405628664409,0.49454739079139465,0.5623014049592263,460.1865882607009,3.0307680482160877,17.52764910554281,0.17396172905291102,0.005415746470028363,0.005413507135120622,7.0,0.9,0.005,1.5,1.5,10000.0,0.0,one_sided_huber,additive_removal_premium_v1,0.015
prefs_ra7_eis0p9_prtp0p005,10,2,delay_frontier,fixed_learning_grid,default,0|5|10|15|35|75|125|175|225,delayed,52,5,2100,0.03125,24.22256559691064,0.49789879279986693,0.5483674064176962,462.17232288318485,3.0297349582107187,17.61616822468317,0.17500445084697297,0.005678161100488682,0.005676133420278267,7.0,0.9,0.005,1.5,1.5,10000.0,0.0,one_sided_huber,additive_removal_premium_v1,0.015
prefs_ra7_eis0p9_prtp0p005,10,2,delay_frontier,fixed_learning_grid,default,0|5|10|15|35|75|125|175|225,delayed,53,5,2100,0.03125,27.548712445911367,0.5068086133896345,0.4563923802277887,481.08998964938473,3.022889533796822,17.585990703212865,0.1751109331425612,0.007547924609650718,0.007547137186667323,7.0,0.9,0.005,1.5,1.5,10000.0,0.0,one_sided_huber,additive_removal_premium_v1,0.015
prefs_ra7_eis0p9_prtp0p005,10,2,delay_frontier,fixed_learning_grid,default,0|5|10|15|35|75|125|175|225,delayed,54,5,2100,0.03125,27.185809183683066,0.5034528261418704,0.4582957628507218,480.79875583175465,3.0231748907451568,17.564208214273613,0.17485161301282223,0.007506061164862336,0.007505262191787688,7.0,0.9,0.005,1.5,1.5,10000.0,0.0,one_sided_huber,additive_removal_premium_v1,0.015
prefs_ra7_eis0p9_prtp0p005,10,2,delay_frontier,fixed_learning_grid,default,0|5|10|15|35|75|125|175|225,delayed,55,5,2100,0.03125,28.839511534985043,0.5176201607370506,0.4471556428521992,482.23079075550913,3.021716650959469,17.559085872688033,0.17488868400506136,0.00775109197516664,0.007750348209846314,7.0,0.9,0.005,1.5,1.5,10000.0,0.0,one_sided_huber,additive_removal_premium_v1,0.015
prefs_ra7_eis0p9_prtp0p005,10,2,delay_frontier,fixed_learning_grid,default,0|5|10|15|35|75|125|175|225,delayed,56,5,2100,0.03125,30.612337837128354,0.5136143417064961,0.37919597606359823,492.92551039229585,3.0164806111463416,17.619769270607197,0.17589900867421523,0.00930421801233066,0.009303782296667621,7.0,0.9,0.005,1.5,1.5,10000.0,0.0,one_sided_huber,additive_removal_premium_v1,0.015
prefs_ra7_eis0p9_prtp0p005,10,2,delay_frontier,fixed_learning_grid,default,0|5|10|15|35|75|125|175|225,delayed,57,5,2100,0.03125,11.252030370074415,0.2792788982015499,0.4563923802277887,481.08998964938473,3.044539128359726,17.639309851306404,0.17431326905921057,0.002584771071669453,0.0025839836486860578,7.0,0.9,0.005,1.5,1.5,10000.0,0.0,one_sided_huber,additive_removal_premium_v1,0.015
prefs_ra7_eis0p9_prtp0p005,10,2,delay_frontier,fixed_learning_grid,default,0|5|10|15|35|75|125|175|225,delayed,58,5,2100,0.03125,11.253374881017526,0.27972519051722394,0.4582957628507218,480.79875583175465,3.0445864422259286,17.62941853902136,0.17420165683735883,0.0025681890815846707,0.0025673901085100223,7.0,0.9,0.005,1.5,1.5,10000.0,0.0,one_sided_huber,additive_removal_premium_v1,0.015
prefs_ra7_eis0p9_prtp0p005,10,2,delay_frontier,fixed_learning_grid,default,0|5|10|15|35|75|125|175|225,delayed,59,5,2100,0.03125,11.335484520462025,0.2787584774053999,0.4471556428521992,482.23079075550913,3.0442810427907965,17.627655906495054,0.17420172004998527,0.0026652525648040446,0.0026645087994837187,7.0,0.9,0.005,1.5,1.5,10000.0,0.0,one_sided_huber,additive_removal_premium_v1,0.015
prefs_ra7_eis0p9_prtp0p005,10,2,delay_frontier,fixed_learning_grid,default,0|5|10|15|35|75|125|175|225,delayed,60,5,2100,0.03125,13.177183796791141,0.2950789653174225,0.37919597606359823,492.92551039229585,3.0419064440868855,17.63066048027235,0.17438584320475745,0.0032854189151713554,0.0032849831995083157,7.0,0.9,0.005,1.5,1.5,10000.0,0.0,one_sided_huber,additive_removal_premium_v1,0.015
prefs_ra7_eis0p9_prtp0p005,10,2,delay_frontier,fixed_learning_grid,default,0|5|10|15|35|75|125|175|225,delayed,61,5,2100,0.03125,14.362415646525394,0.2942444191156023,0.2951786383435684,509.57633249050843,3.0390750980644032,17.667400089514405,0.1749706057583427,0.004137460938827294,0.0041372714274572585,7.0,0.9,0.005,1.5,1.5,10000.0,0.0,one_sided_huber,additive_removal_premium_v1,0.015
prefs_ra7_eis0p9_prtp0p005,10,2,delay_frontier,fixed_learning_grid,default,0|5|10|15|35|75|125|175|225,delayed,62,5,2100,0.03125,5.186902437833942,0.1302138621908882,0.2951786383435684,509.57633249050843,3.049577525980208,17.680178725831897,0.1744412835825619,0.0014799987401669724,0.001479809228796937,7.0,0.9,0.005,1.5,1.5,10000.0,0.0,one_sided_huber,additive_removal_premium_v1,0.015
prefs_ra7_eis0p9_prtp0p005,10,2,delay_frontier,fixed_learning_grid,default,0|5|10|15|35|75|125|175|225,delayed,63,6,2150,0.015625,18.03813469072264,1.0,0.8457742130394256,390.21497093240225,6.200031463197013,26.993499097436572,0.12689584604481943,0.03301635481595447,0.03294230870926915,7.0,0.9,0.005,1.5,1.5,10000.0,0.0,one_sided_huber,additive_removal_premium_v1,0.015
prefs_ra7_eis0p9_prtp0p005,10,2,delay_frontier,fixed_learning_grid,default,0|5|10|15|35|75|125|175|225,delayed,64,6,2150,0.015625,18.03813469072264,1.0,0.8457742130394256,390.21497093240225,6.265005811824523,27.16392344497093,0.1263146637976504,0.022882675196385083,0.022808629089699765,7.0,0.9,0.005,1.5,1.5,10000.0,0.0,one_sided_huber,additive_removal_premium_v1,0.015
prefs_ra7_eis0p9_prtp0p005,10,2,delay_frontier,fixed_learning_grid,default,0|5|10|15|35|75|125|175|225,delayed,65,6,2150,0.015625,18.03813469072264,1.0,0.8457742130394256,390.21497093240225,6.265005811824523,26.99650047728191,0.12544992530165827,0.022882675196385083,0.022808629089699765,7.0,0.9,0.005,1.5,1.5,10000.0,0.0,one_sided_huber,additive_removal_premium_v1,0.015
prefs_ra7_eis0p9_prtp0p005,10,2,delay_frontier,fixed_learning_grid,default,0|5|10|15|35|75|125|175|225,delayed,66,6,2150,0.015625,18.45695164538683,1.0,0.8333744262771228,392.31773346867936,6.252812447185416,26.85997867952902,0.1250155509216284,0.024717539083677097,0.024650882273107244,7.0,0.9,0.005,1.5,1.5,10000.0,0.0,one_sided_huber,additive_removal_premium_v1,0.015
prefs_ra7_eis0p9_prtp0p005,10,2,delay_frontier,fixed_learning_grid,default,0|5|10|15|35|75|125|175|225,delayed,67,6,2150,0.015625,20.366855070833534,1.0,0.7801526922673394,400.578929216495,6.200306479397094,27.3507021987835,0.1287566486066292,0.0326046790067913,0.03256057635140367,7.0,0.9,0.005,1.5,1.5,10000.0,0.0,one_sided_huber,additive_removal_premium_v1,0.015
prefs_ra7_eis0p9_prtp0p005,10,2,delay_frontier,fixed_learning_grid,default,0|5|10|15|35|75|125|175|225,delayed,68,6,2150,0.015625,20.65828107933675,1.0,0.7724699814987303,401.68089612144666,6.192704199561338,27.237878732361295,0.1283414737439748,0.03374470124176836,0.03370296273975377,7.0,0.9,0.005,1.5,1.5,10000.0,0.0,one_sided_huber,additive_removal_premium_v1,0.015
prefs_ra7_eis0p9_prtp0p005,10,2,delay_frontier,fixed_learning_grid,default,0|5|10|15|35|75|125|175|225,delayed,69,6,2150,0.015625,20.379827778769986,1.0,0.7798083877343648,400.4683464434831,6.1999636073051585,27.15902026252274,0.1277622618638817,0.03265612013948198,0.03261177296985826,7.0,0.9,0.005,1.5,1.5,10000.0,0.0,one_sided_huber,additive_removal_premium_v1,0.015
prefs_ra7_eis0p9_prtp0p005,10,2,delay_frontier,fixed_learning_grid,default,0|5|10|15|35|75|125|175|225,delayed,70,6,2150,0.015625,18.03813469072264,1.0,0.8457742130394256,390.21497093240225,6.339235675574241,27.423138295717518,0.12599488714158918,0.01130546552312878,0.011231419416443462,7.0,0.9,0.005,1.5,1.5,10000.0,0.0,one_sided_huber,additive_removal_premium_v1,0.015
prefs_ra7_eis0p9_prtp0p005,10,2,delay_frontier,fixed_learning_grid,default,0|5|10|15|35|75|125|175|225,delayed,71,6,2150,0.015625,18.45695164538683,1.0,0.8333744262771228,392.31773346867936,6.332890071503107,27.24437548622587,0.12522190683674653,0.012227431125290353,0.012160774314720502,7.0,0.9,0.005,1.5,1.5,10000.0,0.0,one_sided_huber,additive_removal_premium_v1,0.015
prefs_ra7_eis0p9_prtp0p005,10,2,delay_frontier,fixed_learning_grid,default,0|5|10|15|35|75|125|175|225,delayed,72,6,2150,0.015625,20.366855070833534,1.0,0.7801526922673394,400.578929216495,6.305145530748801,27.26437338115741,0.12593692596341818,0.016247292791768165,0.01620319013638053,7.0,0.9,0.005,1.5,1.5,10000.0,0.0,one_sided_huber,additive_removal_premium_v1,0.015
prefs_ra7_eis0p9_prtp0p005,10,2,delay_frontier,fixed_learning_grid,default,0|5|10|15|35|75|125|175|225,delayed,73,6,2150,0.015625,20.65828107933675,1.0,0.7724699814987303,401.68089612144666,6.301036706752701,27.146025742444998,0.1254204825996606,0.01684144610020441,0.016799707598189825,7.0,0.9,0.005,1.5,1.5,10000.0,0.0,one_sided_huber,additive_removal_premium_v1,0.015
prefs_ra7_eis0p9_prtp0p005,10,2,delay_frontier,fixed_learning_grid,default,0|5|10|15|35|75|125|175|225,delayed,74,6,2150,0.015625,20.379827778769986,1.0,0.7798083877343648,400.4683464434831,6.304959228286323,27.03045236438703,0.12474103381722515,0.016274270534975804,0.016229923365352086,7.0,0.9,0.005,1.5,1.5,10000.0,0.0,one_sided_huber,additive_removal_premium_v1,0.015
prefs_ra7_eis0p9_prtp0p005,10,2,delay_frontier,fixed_learning_grid,default,0|5|10|15|35|75|125|175|225,delayed,75,6,2150,0.015625,19.61476313134408,1.0,0.800494844790958,399.77932994961884,6.316026398602286,26.88567909587953,0.12375752311404215,0.014670976282063939,0.014625074765464019,7.0,0.9,0.005,1.5,1.5,10000.0,0.0,one_sided_huber,additive_removal_premium_v1,0.015
prefs_ra7_eis0p9_prtp0p005,10,2,delay_frontier,fixed_learning_grid,default,0|5|10|15|35|75|125|175|225,delayed,76,6,2150,0.015625,21.44187623468437,1.0,0.7523336587586151,406.8920996751634,6.290270510296842,26.69950385757216,0.12336451890847834,0.018395339860558794,0.018363175037337063,7.0,0.9,0.005,1.5,1.5,10000.0,0.0,one_sided_huber,additive_removal_premium_v1,0.015
prefs_ra7_eis0p9_prtp0p005,10,2,delay_frontier,fixed_learning_grid,default,0|5|10|15|35|75|125|175|225,delayed,77,6,2150,0.015625,21.753794243675543,1.0,0.7445205609232326,408.0236562413766,6.286073230182714,27.157718285921202,0.1258124368099507,0.019000211875126044,0.01896981629066566,7.0,0.9,0.005,1.5,1.5,10000.0,0.0,one_sided_huber,additive_removal_premium_v1,0.015
prefs_ra7_eis0p9_prtp0p005,10,2,delay_frontier,fixed_learning_grid,default,0|5|10|15|35|75|125|175|225,delayed,78,6,2150,0.015625,21.513026542381272,1.0,0.7505415688975086,407.1100730887346,6.289307785205861,27.70040482468324,0.12853545363937238,0.01853413649524183,0.018502320311378793,7.0,0.9,0.005,1.5,1.5,10000.0,0.0,one_sided_huber,additive_removal_premium_v1,0.015
prefs_ra7_eis0p9_prtp0p005,10,2,delay_frontier,fixed_learning_grid,default,0|5|10|15|35|75|125|175|225,delayed,79,6,2150,0.015625,25.278534333692914,1.0,0.6632264569960483,421.9631620537076,6.241065650816544,27.644096742822505,0.12934710013036452,0.025461408089098823,0.02544626813350136,7.0,0.9,0.005,1.5,1.5,10000.0,0.0,one_sided_huber,additive_removal_premium_v1,0.015
prefs_ra7_eis0p9_prtp0p005,10,2,delay_frontier,fixed_learning_grid,default,0|5|10|15|35|75|125|175|225,delayed,80,6,2150,0.015625,25.76889448954391,1.0,0.6528182836005848,423.4703548062954,6.235098098324834,27.638871868581806,0.12945746729520594,0.02631498523662968,0.026300944276569833,7.0,0.9,0.005,1.5,1.5,10000.0,0.0,one_sided_huber,additive_removal_premium_v1,0.015
prefs_ra7_eis0p9_prtp0p005,10,2,delay_frontier,fixed_learning_grid,default,0|5|10|15|35|75|125|175|225,delayed,81,6,2150,0.015625,25.840495865661904,1.0,0.6513149596946456,423.81460494342673,6.234235962026786,27.613718577719858,0.12934644003889983,0.026438192368151196,0.02642439101682791,7.0,0.9,0.005,1.5,1.5,10000.0,0.0,one_sided_huber,additive_removal_premium_v1,0.015
prefs_ra7_eis0p9_prtp0p005,10,2,delay_frontier,fixed_learning_grid,default,0|5|10|15|35|75|125|175|225,delayed,82,6,2150,0.015625,28.78651036109476,1.0,0.5927943161205236,432.86313218917763,6.200394711576385,27.50625216363689,0.12956848965050183,0.03125518178387824,0.031246402936072518,7.0,0.9,0.005,1.5,1.5,10000.0,0.0,one_sided_huber,additive_removal_premium_v1,0.015
prefs_ra7_eis0p9_prtp0p005,10,2,delay_frontier,fixed_learning_grid,default,0|5|10|15|35|75|125|175|225,delayed,83,6,2150,0.015625,28.776713105463617,1.0,0.5929789086507995,432.87722072107505,6.200504442611047,27.466272769837794,0.12935671473461116,0.031239593943407824,0.03123082127742414,7.0,0.9,0.005,1.5,1.5,10000.0,0.0,one_sided_huber,additive_removal_premium_v1,0.015
prefs_ra7_eis0p9_prtp0p005,10,2,delay_frontier,fixed_learning_grid,default,0|5|10|15|35|75|125|175|225,delayed,84,6,2150,0.015625,29.41956607393769,1.0,0.5809969380656034,434.64048849220046,6.193382712401877,27.42252672249055,0.12929280594026113,0.032250264959955824,0.03224223260221852,7.0,0.9,0.005,1.5,1.5,10000.0,0.0,one_sided_huber,additive_removal_premium_v1,0.015
prefs_ra7_eis0p9_prtp0p005,10,2,delay_frontier,fixed_learning_grid,default,0|5|10|15|35|75|125|175|225,delayed,85,6,2150,0.015625,11.396314021929713,0.7938458548383419,0.800494844790958,399.77932994961884,6.39734720069067,27.737231215666903,0.12631213197174332,0.0035617107443657496,0.0035158092277658304,7.0,0.9,0.005,1.5,1.5,10000.0,0.0,one_sided_huber,additive_removal_premium_v1,0.015
prefs_ra7_eis0p9_prtp0p005,10,2,delay_frontier,fixed_learning_grid,default,0|5|10|15|35|75|125|175|225,delayed,86,6,2150,0.015625,13.51994801551288,0.82394043685177,0.7523336587586151,406.8920996751634,6.387581121579747,27.70462576904499,0.12636147991959065,0.004735745767865241,0.004703580944643512,7.0,0.9,0.005,1.5,1.5,10000.0,0.0,one_sided_huber,additive_removal_premium_v1,0.015
prefs_ra7_eis0p9_prtp0p005,10,2,delay_frontier,fixed_learning_grid,default,0|5|10|15|35|75|125|175|225,delayed,87,6,2150,0.015625,13.47325513357091,0.8173225066771566,0.7445205609232326,408.0236562413766,6.386460037294744,27.61879623034621,0.1259511491082138,0.004927038111683699,0.004896642527223313,7.0,0.9,0.005,1.5,1.5,10000.0,0.0,one_sided_huber,additive_removal_premium_v1,0.015
prefs_ra7_eis0p9_prtp0p005,10,2,delay_frontier,fixed_learning_grid,default,0|5|10|15|35|75|125|175|225,delayed,88,6,2150,0.015625,13.320054057132781,0.8172094163407513,0.7505415688975086,407.1100730887346,6.387549156717827,27.577310312523352,0.12571713396379888,0.004779679654080926,0.0047478634702178895,7.0,0.9,0.005,1.5,1.5,10000.0,0.0,one_sided_huber,additive_removal_premium_v1,0.015
prefs_ra7_eis0p9_prtp0p005,10,2,delay_frontier,fixed_learning_grid,default,0|5|10|15|35|75|125|175|225,delayed,89,6,2150,0.015625,16.881692430562214,0.845299779915374,0.6632264569960483,421.9631620537076,6.368902526072756,27.523043835949743,0.12585043001388704,0.00711934486709161,0.007104204911494146,7.0,0.9,0.005,1.5,1.5,10000.0,0.0,one_sided_huber,additive_removal_premium_v1,0.015
prefs_ra7_eis0p9_prtp0p005,10,2,delay_frontier,fixed_learning_grid,default,0|5|10|15|35|75|125|175|225,delayed,90,6,2150,0.015625,17.065001748392344,0.8421610049525968,0.6528182836005848,423.4703548062954,6.366762271251058,27.554285600071125,0.1260562339845295,0.007431694932497078,0.00741765397243723,7.0,0.9,0.005,1.5,1.5,10000.0,0.0,one_sided_huber,additive_removal_premium_v1,0.015
prefs_ra7_eis0p9_prtp0p005,10,2,delay_frontier,fixed_learning_grid,default,0|5|10|15|35|75|125|175|225,delayed,91,6,2150,0.015625,17.010265697153077,0.8399294092855444,0.6513149596946456,423.81460494342673,6.366551152892395,27.516351524949826,0.12586806171487877,0.00747672892256656,0.0074629275712432734,7.0,0.9,0.005,1.5,1.5,10000.0,0.0,one_sided_huber,additive_removal_premium_v1,0.015
prefs_ra7_eis0p9_prtp0p005,10,2,delay_frontier,fixed_learning_grid,default,0|5|10|15|35|75|125|175|225,delayed,92,6,2150,0.015625,17.29780958290435,0.8061828581308218,0.5927943161205236,432.86313218917763,6.35520985253254,27.471665789938523,0.1258901166660926,0.009266520345850274,0.009257741498044552,7.0,0.9,0.005,1.5,1.5,10000.0,0.0,one_sided_huber,additive_removal_premium_v1,0.015
prefs_ra7_eis0p9_prtp0p005,10,2,delay_frontier,fixed_learning_grid,default,0|5|10|15|35|75|125|175|225,delayed,93,6,2150,0.015625,17.09535970453593,0.8019859281752505,0.5929789086507995,432.87722072107505,6.355488012111805,27.36252141271328,0.125328412372818,0.009260124364096047,0.009251351698112364,7.0,0.9,0.005,1.5,1.5,10000.0,0.0,one_sided_huber,additive_removal_premium_v1,0.015
prefs_ra7_eis0p9_prtp0p005,10,2,delay_frontier,fixed_learning_grid,default,0|5|10|15|35|75|125|175|225,delayed,94,6,2150,0.015625,17.655667919876066,0.8057140165118255,0.5809969380656034,434.64048849220046,6.3522730891484676,27.308642809340917,0.1251245674836592,0.009674148373335129,0.009666116015597827,7.0,0.9,0.005,1.5,1.5,10000.0,0.0,one_sided_huber,additive_removal_premium_v1,0.015
prefs_ra7_eis0p9_prtp0p005,10,2,delay_frontier,fixed_learning_grid,default,0|5|10|15|35|75|125|175|225,delayed,95,6,2150,0.015625,18.469302679008504,0.8479417249775772,0.6183547031971752,432.1462271994772,6.358739733975715,27.85038382325709,0.12774107473439547,0.008464646839729953,0.008455547606962347,7.0,0.9,0.005,1.5,1.5,10000.0,0.0,one_sided_huber,additive_removal_premium_v1,0.015
prefs_ra7_eis0p9_prtp0p005,10,2,delay_frontier,fixed_learning_grid,default,0|5|10|15|35|75|125|175|225,delayed,96,6,2150,0.015625,18.521191288474064,0.841216047729337,0.6070646435142885,433.8535526581822,6.356600090065492,27.841450126115458,0.12774330584976304,0.008803909962347364,0.008795555259710973,7.0,0.9,0.005,1.5,1.5,10000.0,0.0,one_sided_huber,additive_removal_premium_v1,0.015
prefs_ra7_eis0p9_prtp0p005,10,2,delay_frontier,fixed_learning_grid,default,0|5|10|15|35|75|125|175|225,delayed,97,6,2150,0.015625,18.37967898725387,0.8379387788893121,0.6064530231342928,433.99544219367317,6.356657037683141,27.814293011206342,0.12760359492308257,0.008822270254686126,0.00881397461404714,7.0,0.9,0.005,1.5,1.5,10000.0,0.0,one_sided_huber,additive_removal_premium_v1,0.015
prefs_ra7_eis0p9_prtp0p005,10,2,delay_frontier,fixed_learning_grid,default,0|5|10|15|35|75|125|175|225,delayed,98,6,2150,0.015625,21.56100573765211,0.860807828636608,0.5530394485647658,441.88498607071426,6.341685324419107,27.788340281049308,0.12780573031790823,0.010639475672763783,0.010633884127610104,7.0,0.9,0.005,1.5,1.5,10000.0,0.0,one_sided_huber,additive_removal_premium_v1,0.015
prefs_ra7_eis0p9_prtp0p005,10,2,delay_frontier,fixed_learning_grid,default,0|5|10|15|35|75|125|175|225,delayed,99,6,2150,0.015625,21.571125897808496,0.8609727672876726,0.5530231409706531,441.94466629184257,6.34166978766483,27.773838679065722,0.12773197283918478,0.010640023511304254,0.010634448626420542,7.0,0.9,0.005,1.5,1.5,10000.0,0.0,one_sided_huber,additive_removal_premium_v1,0.015
prefs_ra7_eis0p9_prtp0p005,10,2,delay_frontier,fixed_learning_grid,default,0|5|10|15|35|75|125|175|225,delayed,100,6,2150,0.015625,21.68577982853238,0.8549654421357985,0.5414562126525029,443.6137455794395,6.339084277612388,27.783782161448514,0.12784069585599164,0.011039974489960976,0.011034845964668749,7.0,0.9,0.005,1.5,1.5,10000.0,0.0,one_sided_huber,additive_removal_premium_v1,0.015
prefs_ra7_eis0p9_prtp0p005,10,2,delay_frontier,fixed_learning_grid,default,0|5|10|15|35|75|125|175|225,delayed,101,6,2150,0.015625,23.2503547040765,0.8272849657329376,0.46329640099069624,457.03511195086924,6.319413636721039,27.756743167155086,0.128144212776745,0.013946437993052103,0.013943816478198978,7.0,0.9,0.005,1.5,1.5,10000.0,0.0,one_sided_huber,additive_removal_premium_v1,0.015
prefs_ra7_eis0p9_prtp0p005,10,2,delay_frontier,fixed_learning_grid,default,0|5|10|15|35|75|125|175|225,delayed,102,6,2150,0.015625,22.86617880367568,0.8219218736962438,0.4644795906181237,456.88998226015656,6.32015975356491,27.743134739189248,0.1280576086880876,0.013898942830093023,0.013896302223121082,7.0,0.9,0.005,1.5,1.5,10000.0,0.0,one_sided_huber,additive_removal_premium_v1,0.015
prefs_ra7_eis0p9_prtp0p005,10,2,delay_frontier,fixed_learning_grid,default,0|5|10|15|35|75|125|175|225,delayed,103,6,2150,0.015625,25.335002733440007,0.8548354035465336,0.4568050843914664,457.8140295166112,6.315334606496048,27.6950966297801,0.1279197666862672,0.014207014647535626,0.014204493267056393,7.0,0.9,0.005,1.5,1.5,10000.0,0.0,one_sided_huber,additive_removal_premium_v1,0.015
prefs_ra7_eis0p9_prtp0p005,10,2,delay_frontier,fixed_learning_grid,default,0|5|10|15|35|75|125|175|225,delayed,104,6,2150,0.015625,25.757740978365234,0.8204643699140122,0.39760328516056187,466.9956890911528,6.300244251396495,27.663909912508593,0.12809978105165903,0.016594839596816725,0.016593246428779324,7.0,0.9,0.005,1.5,1.5,10000.0,0.0,one_sided_huber,additive_removal_premium_v1,0.015
prefs_ra7_eis0p9_prtp0p005,10,2,delay_frontier,fixed_learning_grid,default,0|5|10|15|35|75|125|175|225,delayed,105,6,2150,0.015625,6.53394546021447,0.49604282893600204,0.6183547031971752,432.1462271994772,6.410035346376925,27.825439971171104,0.12647977940899038,0.002543072700374926,0.0025339734676073206,7.0,0.9,0.005,1.5,1.5,10000.0,0.0,one_sided_huber,additive_removal_premium_v1,0.015
prefs_ra7_eis0p9_prtp0p005,10,2,delay_frontier,fixed_learning_grid,default,0|5|10|15|35|75|125|175|225,delayed,106,6,2150,0.015625,7.0846675073165235,0.5140180400142393,0.6070646435142885,433.8535526581822,6.408746207806482,27.809364632127163,0.1264268439324335,0.002667520941077092,0.002659166238440702,7.0,0.9,0.005,1.5,1.5,10000.0,0.0,one_sided_huber,additive_removal_premium_v1,0.015
prefs_ra7_eis0p9_prtp0p005,10,2,delay_frontier,fixed_learning_grid,default,0|5|10|15|35|75|125|175|225,delayed,107,6,2150,0.015625,7.269035501402722,0.5214619204320737,0.6064530231342928,433.99544219367317,6.4085248421725165,27.793088613442976,0.12634948023680465,0.0026742439911517707,0.0026659483505127837,7.0,0.9,0.005,1.5,1.5,10000.0,0.0,one_sided_huber,additive_removal_premium_v1,0.015
prefs_ra7_eis0p9_prtp0p005,10,2,delay_frontier,fixed_learning_grid,default,0|5|10|15|35|75|125|175|225,delayed,108,6,2150,0.015625,8.16429026889886,0.5268507646350177,0.5530394485647658,441.88498607071426,6.403270108056958,27.74521917791396,0.12622269758441385,0.0033906778139229064,0.0033850862687692276,7.0,0.9,0.005,1.5,1.5,10000.0,0.0,one_sided_huber,additive_removal_premium_v1,0.015
prefs_ra7_eis0p9_prtp0p005,10,2,delay_frontier,fixed_learning_grid,default,0|5|10|15|35|75|125|175|225,delayed,109,6,2150,0.015625,8.188600916888742,0.5277512257655044,0.5530231409706531,441.94466629184257,6.403244817817179,27.722059478794375,0.12610618801707718,0.0033908860339465063,0.0033853111490627927,7.0,0.9,0.005,1.5,1.5,10000.0,0.0,one_sided_huber,additive_removal_premium_v1,0.015
prefs_ra7_eis0p9_prtp0p005,10,2,delay_frontier,fixed_learning_grid,default,0|5|10|15|35|75|125|175|225,delayed,110,6,2150,0.015625,8.196408802789492,0.5215377521625526,0.5414562126525029,443.6137455794395,6.4022682828619555,27.7252830148336,0.126143856190161,0.0035499466020991206,0.0035448180768068937,7.0,0.9,0.005,1.5,1.5,10000.0,0.0,one_sided_huber,additive_removal_premium_v1,0.015
prefs_ra7_eis0p9_prtp0p005,10,2,delay_frontier,fixed_learning_grid,default,0|5|10|15|35|75|125|175|225,delayed,111,6,2150,0.015625,9.925251762402596,0.536077144203108,0.46329640099069624,457.03511195086924,6.393406186305676,27.696011793941963,0.1261899567442831,0.0047246883509911766,0.004722066836138051,7.0,0.9,0.005,1.5,1.5,10000.0,0.0,one_sided_huber,additive_removal_premium_v1,0.015
prefs_ra7_eis0p9_prtp0p005,10,2,delay_frontier,fixed_learning_grid,default,0|5|10|15|35|75|125|175|225,delayed,112,6,2150,0.015625,10.005316257997649,0.5392326288753421,0.4644795906181237,456.88998226015656,6.393445064145165,27.74727282551469,0.12644863803072773,0.004705186044507095,0.004702545437535155,7.0,0.9,0.005,1.5,1.5,10000.0,0.0,one_sided_huber,additive_removal_premium_v1,0.015
prefs_ra7_eis0p9_prtp0p005,10,2,delay_frontier,fixed_learning_grid,default,0|5|10|15|35|75|125|175|225,delayed,113,6,2150,0.015625,10.134051735477987,0.5388183690612792,0.4568050843914664,457.8140295166112,6.392547114379166,27.87162941821788,0.12709830900792235,0.0048316881910032,0.004829166810523967,7.0,0.9,0.005,1.5,1.5,10000.0,0.0,one_sided_huber,additive_removal_premium_v1,0.015
prefs_ra7_eis0p9_prtp0p005,10,2,delay_frontier,fixed_learning_grid,default,0|5|10|15|35|75|125|175|225,delayed,114,6,2150,0.015625,10.197158907934584,0.5075342287236312,0.39760328516056187,466.9956890911528,6.386511477522432,27.856801989078196,0.1271565732320717,0.005813960439956119,0.005812367271918717,7.0,0.9,0.005,1.5,1.5,10000.0,0.0,one_sided_huber,additive_removal_premium_v1,0.015
prefs_ra7_eis0p9_prtp0p005,10,2,delay_frontier,fixed_learning_grid,default,0|5|10|15|35|75|125|175|225,delayed,115,6,2150,0.015625,10.237640227133703,0.5279815097219699,0.43213838343721866,464.1060217259194,6.389974731617492,27.8474561431786,0.12703263035095747,0.005237982542046753,0.0052361417284779565,7.0,0.9,0.005,1.5,1.5,10000.0,0.0,one_sided_huber,additive_removal_premium_v1,0.015
prefs_ra7_eis0p9_prtp0p005,10,2,delay_frontier,fixed_learning_grid,default,0|5|10|15|35|75|125|175|225,delayed,116,6,2150,0.015625,10.187023402134379,0.5274238105264469,0.4338422314836107,463.8427353297038,6.3901953892438605,27.83812803545323,0.12698047877998575,0.005209895214119098,0.005208030007329164,7.0,0.9,0.005,1.5,1.5,10000.0,0.0,one_sided_huber,additive_removal_premium_v1,0.015
prefs_ra7_eis0p9_prtp0p005,10,2,delay_frontier,fixed_learning_grid,default,0|5|10|15|35|75|125|175|225,delayed,117,6,2150,0.015625,10.23747861058631,0.5234573668173048,0.42409526222187155,465.2371013125678,6.389169099483848,27.825262726687292,0.12693792809865007,0.005370584462983229,0.005368844865503915,7.0,0.9,0.005,1.5,1.5,10000.0,0.0,one_sided_huber,additive_removal_premium_v1,0.015
prefs_ra7_eis0p9_prtp0p005,10,2,delay_frontier,fixed_learning_grid,default,0|5|10|15|35|75|125|175|225,delayed,118,6,2150,0.015625,11.988239583860002,0.5400942929928597,0.3676769562502571,473.7870830320559,6.381252096541342,27.823398210756608,0.12710346240580767,0.00638757166281892,0.006386437204514813,7.0,0.9,0.005,1.5,1.5,10000.0,0.0,one_sided_huber,additive_removal_premium_v1,0.015
prefs_ra7_eis0p9_prtp0p005,10,2,delay_frontier,fixed_learning_grid,default,0|5|10|15|35|75|125|175|225,delayed,119,6,2150,0.015625,12.126835341194953,0.5030199361170345,0.29505070595865013,486.1096366670741,6.372577569100977,27.79058255863687,0.12712891096392798,0.00779303082931263,0.007792418185696071,7.0,0.9,0.005,1.5,1.5,10000.0,0.0,one_sided_huber,additive_removal_premium_v1,0.015
prefs_ra7_eis0p9_prtp0p005,10,2,delay_frontier,fixed_learning_grid,default,0|5|10|15|35|75|125|175|225,delayed,120,6,2150,0.015625,3.857399017639485,0.2770624703797744,0.43213838343721866,464.1060217259194,6.415721509302677,27.844192619253374,0.12644985406389084,0.0020818749325773648,0.002080034119008568,7.0,0.9,0.005,1.5,1.5,10000.0,0.0,one_sided_huber,additive_removal_premium_v1,0.015
prefs_ra7_eis0p9_prtp0p005,10,2,delay_frontier,fixed_learning_grid,default,0|5|10|15|35|75|125|175|225,delayed,121,6,2150,0.015625,3.903672776681254,0.28016294631945826,0.4338422314836107,463.8427353297038,6.41575826192864,27.833846828694842,0.1263968464902131,0.0020708671936054152,0.002069001986815481,7.0,0.9,0.005,1.5,1.5,10000.0,0.0,one_sided_huber,additive_removal_premium_v1,0.015
prefs_ra7_eis0p9_prtp0p005,10,2,delay_frontier,fixed_learning_grid,default,0|5|10|15|35|75|125|175|225,delayed,122,6,2150,0.015625,3.836558912434787,0.2729398123863604,0.42409526222187155,465.2371013125678,6.415415975183128,27.800100988845873,0.12623406992820152,0.0021338515861550876,0.002132111988675774,7.0,0.9,0.005,1.5,1.5,10000.0,0.0,one_sided_huber,additive_removal_premium_v1,0.015
prefs_ra7_eis0p9_prtp0p005,10,2,delay_frontier,fixed_learning_grid,default,0|5|10|15|35|75|125|175|225,delayed,123,6,2150,0.015625,4.507531998370101,0.2847741047341985,0.3676769562502571,473.7870830320559,6.412554135652198,27.906618238527653,0.12683446090114375,0.0025271173983527385,0.002525982940048631,7.0,0.9,0.005,1.5,1.5,10000.0,0.0,one_sided_huber,additive_removal_premium_v1,0.015
prefs_ra7_eis0p9_prtp0p005,10,2,delay_frontier,fixed_learning_grid,default,0|5|10|15|35|75|125|175|225,delayed,124,6,2150,0.015625,5.247347865954183,0.28867873104692704,0.29505070595865013,486.1096366670741,6.408756655653691,27.900991502844327,0.12688953626257699,0.003066550510648019,0.0030659378670314596,7.0,0.9,0.005,1.5,1.5,10000.0,0.0,one_sided_huber,additive_removal_premium_v1,0.015
prefs_ra7_eis0p9_prtp0p005,10,2,delay_frontier,fixed_learning_grid,default,0|5|10|15|35|75|125|175|225,delayed,125,6,2150,0.015625,5.177772117665509,0.27731787166783733,0.2725882905869169,491.207191803585,6.407637704180217,27.89045640086023,0.1268609121428726,0.0032567357093084906,0.0032562609035589954,7.0,0.9,0.005,1.5,1.5,10000.0,0.0,one_sided_huber,additive_removal_premium_v1,0.015
prefs_ra7_eis0p9_prtp0p005,10,2,delay_frontier,fixed_learning_grid,default,0|5|10|15|35|75|125|175|225,delayed,126,6,2150,0.015625,1.2159762755797727,0.08266539727131447,0.2725882905869169,491.207191803585,6.42506406083772,27.919957244705472,0.12662731570186905,0.0008450689465158051,0.0008445941407663099,7.0,0.9,0.005,1.5,1.5,10000.0,0.0,one_sided_huber,additive_removal_premium_v1,0.015
prefs_ra7_eis0p9_prtp0p005,10,2,delay_frontier,fixed_learning_grid,default,0|5|10|15|35|75|125|175|225,delayed,127,7,2200,0.0078125,4.297011033075621,1.0,0.8574839395906573,369.8134000584333,13.00812995433178,38.39384182664269,0.082389373036434,0.038471473750938324,0.03826614030967106,7.0,0.9,0.005,1.5,1.5,10000.0,0.0,one_sided_huber,additive_removal_premium_v1,0.015
prefs_ra7_eis0p9_prtp0p005,10,2,delay_frontier,fixed_learning_grid,default,0|5|10|15|35|75|125|175|225,delayed,128,7,2200,0.0078125,4.297011033075621,1.0,0.8574839395906573,369.8134000584333,13.152260609552131,38.8192786339374,0.08238944694674663,0.027817695153409136,0.027612361712141868,7.0,0.9,0.005,1.5,1.5,10000.0,0.0,one_sided_huber,additive_removal_premium_v1,0.015
prefs_ra7_eis0p9_prtp0p005,10,2,delay_frontier,fixed_learning_grid,default,0|5|10|15|35|75|125|175|225,delayed,129,7,2200,0.0078125,4.297011033075621,1.0,0.8574839395906573,369.8134000584333,13.152260609552131,38.8192786339374,0.08238944694674663,0.027817695153409136,0.027612361712141868,7.0,0.9,0.005,1.5,1.5,10000.0,0.0,one_sided_huber,additive_removal_premium_v1,0.015
prefs_ra7_eis0p9_prtp0p005,10,2,delay_frontier,fixed_learning_grid,default,0|5|10|15|35|75|125|175|225,delayed,130,7,2200,0.0078125,4.297011033075621,1.0,0.8574839395906573,369.8134000584333,13.152260609552131,38.8192786339374,0.08238944694674663,0.027817695153409136,0.027612361712141868,7.0,0.9,0.005,1.5,1.5,10000.0,0.0,one_sided_huber,additive_removal_premium_v1,0.015
prefs_ra7_eis0p9_prtp0p005,10,2,delay_frontier,fixed_learning_grid,default,0|5|10|15|35|75|125|175|225,delayed,131,7,2200,0.0078125,4.428111387178992,1.0,0.8460256173858818,371.6719174532699,13.122047425072473,38.73156610543954,0.08239290391618816,0.030030208430560132,0.02984309265385956,7.0,0.9,0.005,1.5,1.5,10000.0,0.0,one_sided_huber,additive_removal_premium_v1,0.015
prefs_ra7_eis0p9_prtp0p005,10,2,delay_frontier,fixed_learning_grid,default,0|5|10|15|35|75|125|175|225,delayed,132,7,2200,0.0078125,5.037485024405494,1.0,0.7968447896610913,379.2349787170338,12.992008848286172,38.35356239981835,0.08240680629905871,0.03954694484772336,0.0394187394806411,7.0,0.9,0.005,1.5,1.5,10000.0,0.0,one_sided_huber,additive_removal_premium_v1,0.015
prefs_ra7_eis0p9_prtp0p005,10,2,delay_frontier,fixed_learning_grid,default,0|5|10|15|35|75|125|175|225,delayed,133,7,2200,0.0078125,5.132079018603788,1.0,0.7897453953666306,380.27351998900593,12.973169220017617,38.29875663141762,0.0824087440174815,0.040924871822505794,0.04080315309966396,7.0,0.9,0.005,1.5,1.5,10000.0,0.0,one_sided_huber,additive_removal_premium_v1,0.015
prefs_ra7_eis0p9_prtp0p005,10,2,delay_frontier,fixed_learning_grid,default,0|5|10|15|35|75|125|175|225,delayed,134,7,2200,0.0078125,5.041686961437759,1.0,0.796526626748211,379.19131742482574,12.991156885923433,38.351069496650894,0.08240685921868367,0.0396092681881237,0.039480782670720437,7.0,0.9,0.005,1.5,1.5,10000.0,0.0,one_sided_huber,additive_removal_premium_v1,0.015
prefs_ra7_eis0p9_prtp0p005,10,2,delay_frontier,fixed_learning_grid,default,0|5|10|15|35|75|125|175|225,delayed,135,7,2200,0.0078125,4.297011033075621,1.0,0.8574839395906573,369.8134000584333,13.282235700790437,39.20300869683981,0.08238969169524163,0.01821026054396038,0.01800492710269311,7.0,0.9,0.005,1.5,1.5,10000.0,0.0,one_sided_huber,additive_removal_premium_v1,0.015
prefs_ra7_eis0p9_prtp0p005,10,2,delay_frontier,fixed_learning_grid,default,0|5|10|15|35|75|125|175|225,delayed,136,7,2200,0.0078125,4.297011033075621,1.0,0.8574839395906573,369.8134000584333,13.282235700790437,39.20300869683981,0.08238969169524163,0.01821026054396038,0.01800492710269311,7.0,0.9,0.005,1.5,1.5,10000.0,0.0,one_sided_huber,additive_removal_premium_v1,0.015
prefs_ra7_eis0p9_prtp0p005,10,2,delay_frontier,fixed_learning_grid,default,0|5|10|15|35|75|125|175|225,delayed,137,7,2200,0.0078125,4.428111387178992,1.0,0.8460256173858818,371.6719174532699,13.262495234901708,39.14622635610177,0.08239315838686395,0.019648434274939355,0.019461318498238782,7.0,0.9,0.005,1.5,1.5,10000.0,0.0,one_sided_huber,additive_removal_premium_v1,0.015
prefs_ra7_eis0p9_prtp0p005,10,2,delay_frontier,fixed_learning_grid,default,0|5|10|15|35|75|125|175|225,delayed,138,7,2200,0.0078125,5.037485024405494,1.0,0.7968447896610913,379.2349787170338,13.177409980394641,38.900980801513434,0.08240703653443683,0.025840897858249542,0.025712692491167283,7.0,0.9,0.005,1.5,1.5,10000.0,0.0,one_sided_huber,additive_removal_premium_v1,0.015
prefs_ra7_eis0p9_prtp0p005,10,2,delay_frontier,fixed_learning_grid,default,0|5|10|15|35|75|125|175|225,delayed,139,7,2200,0.0078125,5.132079018603788,1.0,0.7897453953666306,380.27351998900593,13.16507825765363,38.86538749512347,0.08240894751300969,0.026737499273230617,0.026615780550388782,7.0,0.9,0.005,1.5,1.5,10000.0,0.0,one_sided_huber,additive_removal_premium_v1,0.015
prefs_ra7_eis0p9_prtp0p005,10,2,delay_frontier,fixed_learning_grid,default,0|5|10|15|35|75|125|175|225,delayed,140,7,2200,0.0078125,5.041686961437759,1.0,0.796526626748211,379.19131742482574,13.17684967851865,38.899347091821824,0.08240708444786124,0.02588165035249057,0.025753164835087307,7.0,0.9,0.005,1.5,1.5,10000.0,0.0,one_sided_huber,additive_removal_premium_v1,0.015
prefs_ra7_eis0p9_prtp0p005,10,2,delay_frontier,fixed_learning_grid,default,0|5|10|15|35|75|125|175|225,delayed,141,7,2200,0.0078125,4.297011033075621,1.0,0.8574839395906573,369.8134000584333,13.282235700790437,39.20300869683981,0.08238969169524163,0.01821026054396038,0.01800492710269311,7.0,0.9,0.005,1.5,1.5,10000.0,0.0,one_sided_huber,additive_removal_premium_v1,0.015
prefs_ra7_eis0p9_prtp0p005,10,2,delay_frontier,fixed_learning_grid,default,0|5|10|15|35|75|125|175|225,delayed,142,7,2200,0.0078125,4.428111387178992,1.0,0.8460256173858818,371.6719174532699,13.262495234901708,39.14622635610177,0.08239315838686395,0.019648434274939355,0.019461318498238782,7.0,0.9,0.005,1.5,1.5,10000.0,0.0,one_sided_huber,additive_removal_premium_v1,0.015
prefs_ra7_eis0p9_prtp0p005,10,2,delay_frontier,fixed_learning_grid,default,0|5|10|15|35|75|125|175|225,delayed,143,7,2200,0.0078125,5.037485024405494,1.0,0.7968447896610913,379.2349787170338,13.177409980394641,38.900980801513434,0.08240703653443683,0.025840897858249542,0.025712692491167283,7.0,0.9,0.005,1.5,1.5,10000.0,0.0,one_sided_huber,additive_removal_premium_v1,0.015
prefs_ra7_eis0p9_prtp0p005,10,2,delay_frontier,fixed_learning_grid,default,0|5|10|15|35|75|125|175|225,delayed,144,7,2200,0.0078125,5.132079018603788,1.0,0.7897453953666306,380.27351998900593,13.16507825765363,38.86538749512347,0.08240894751300969,0.026737499273230617,0.026615780550388782,7.0,0.9,0.005,1.5,1.5,10000.0,0.0,one_sided_huber,additive_removal_premium_v1,0.015
prefs_ra7_eis0p9_prtp0p005,10,2,delay_frontier,fixed_learning_grid,default,0|5|10|15|35|75|125|175|225,delayed,145,7,2200,0.0078125,5.041686961437759,1.0,0.796526626748211,379.19131742482574,13.17684967851865,38.899347091821824,0.08240708444786124,0.02588165035249057,0.025753164835087307,7.0,0.9,0.005,1.5,1.5,10000.0,0.0,one_sided_huber,additive_removal_premium_v1,0.015
prefs_ra7_eis0p9_prtp0p005,10,2,delay_frontier,fixed_learning_grid,default,0|5|10|15|35|75|125|175|225,delayed,146,7,2200,0.0078125,4.79530854888247,1.0,0.815642446622655,377.1586483988569,13.210066482056032,38.995251975004514,0.0824020261520327,0.02346535060921472,0.02332312196982527,7.0,0.9,0.005,1.5,1.5,10000.0,0.0,one_sided_huber,additive_removal_premium_v1,0.015
prefs_ra7_eis0p9_prtp0p005,10,2,delay_frontier,fixed_learning_grid,default,0|5|10|15|35|75|125|175|225,delayed,147,7,2200,0.0078125,5.388471848477751,1.0,0.7711379403838534,383.8772382936305,13.132782007757001,38.772211100944446,0.08241406600248338,0.029084418207530917,0.02898276704394911,7.0,0.9,0.005,1.5,1.5,10000.0,0.0,one_sided_huber,additive_removal_premium_v1,0.015
prefs_ra7_eis0p9_prtp0p005,10,2,delay_frontier,fixed_learning_grid,default,0|5|10|15|35|75|125|175|225,delayed,148,7,2200,0.0078125,5.491348985279755,1.0,0.7639180587736779,384.93753771220406,13.120209843585604,38.7358936501547,0.08241595637237639,0.029997584849757085,0.029901181855228123,7.0,0.9,0.005,1.5,1.5,10000.0,0.0,one_sided_huber,additive_removal_premium_v1,0.015
prefs_ra7_eis0p9_prtp0p005,10,2,delay_frontier,fixed_learning_grid,default,0|5|10|15|35|75|125|175|225,delayed,149,7,2200,0.0078125,5.411898119169429,1.0,0.7694819164987574,384.07517401097596,13.129895917132139,38.763864164386504,0.0824144764142254,0.029294074009778043,0.029193423803439516,7.0,0.9,0.005,1.5,1.5,10000.0,0.0,one_sided_huber,additive_removal_premium_v1,0.015
prefs_ra7_eis0p9_prtp0p005,10,2,delay_frontier,fixed_learning_grid,default,0|5|10|15|35|75|125|175|225,delayed,150,7,2200,0.0078125,6.684737198021701,1.0,0.6887962801493828,397.2211087819427,12.988674424142197,38.3565631550727,0.08243747842546376,0.03953500204380839,0.03948283750384706,7.0,0.9,0.005,1.5,1.5,10000.0,0.0,one_sided_huber,additive_removal_premium_v1,0.015
prefs_ra7_eis0p9_prtp0p005,10,2,delay_frontier,fixed_learning_grid,default,0|5|10|15|35|75|125|175|225,delayed,151,7,2200,0.0078125,6.855067586183789,1.0,0.6791783563403249,398.6512777055407,12.971518607147,38.306980747748256,0.08244006105133213,0.040776915460325865,0.04072835070315529,7.0,0.9,0.005,1.5,1.5,10000.0,0.0,one_sided_huber,additive_removal_premium_v1,0.015
prefs_ra7_eis0p9_prtp0p005,10,2,delay_frontier,fixed_learning_grid,default,0|5|10|15|35|75|125|175|225,delayed,152,7,2200,0.0078125,6.880023586221924,1.0,0.6777891736049604,398.9113079314856,12.969041453599452,38.299825503300575,0.08244044416881521,0.04095618618037698,0.04090824872142802,7.0,0.9,0.005,1.5,1.5,10000.0,0.0,one_sided_huber,additive_removal_premium_v1,0.015
prefs_ra7_eis0p9_prtp0p005,10,2,delay_frontier,fixed_learning_grid,default,0|5|10|15|35|75|125|175|225,delayed,153,7,2200,0.0078125,7.924987153664494,1.0,0.6237117606173694,407.18191856777133,12.872362168995185,38.02061117869687,0.08245561618399386,0.04794293119414983,0.04791122909407922,7.0,0.9,0.005,1.5,1.5,10000.0,0.0,one_sided_huber,additive_removal_premium_v1,0.015
prefs_ra7_eis0p9_prtp0p005,10,2,delay_frontier,fixed_learning_grid,default,0|5|10|15|35|75|125|175|225,delayed,154,7,2200,0.0078125,7.921454737008783,1.0,0.6238823377997873,407.1752740750463,12.872668122216318,38.02149512060813,0.082455568616698,0.047920852123372645,0.047889139489667706,7.0,0.9,0.005,1.5,1.5,10000.0,0.0,one_sided_huber,additive_removal_premium_v1,0.015
prefs_ra7_eis0p9_prtp0p005,10,2,delay_frontier,fixed_learning_grid,default,0|5|10|15|35|75|125|175|225,delayed,155,7,2200,0.0078125,8.154023564352682,1.0,0.6128101087167268,408.8216802057017,12.852827048438934,37.96424031089414,0.0824588241970789,0.049352190699079035,0.049322984022281795,7.0,0.9,0.005,1.5,1.5,10000.0,0.0,one_sided_huber,additive_removal_premium_v1,0.015
prefs_ra7_eis0p9_prtp0p005,10,2,delay_frontier,fixed_learning_grid,default,0|5|10|15|35|75|125|175|225,delayed,156,7,2200,0.0078125,4.297011033075621,1.0,0.8574839395906573,369.8134000584333,13.465370072680928,39.74360725310372,0.08238985454631842,0.004673424478544658,0.004468091037277391,7.0,0.9,0.005,1.5,1.5,10000.0,0.0,one_sided_huber,additive_removal_premium_v1,0.015
prefs_ra7_eis0p9_prtp0p005,10,2,delay_frontier,fixed_learning_grid,default,0|5|10|15|35|75|125|175|225,delayed,157,7,2200,0.0078125,4.428111387178992,1.0,0.8460256173858818,371.6719174532699,13.459747546348366,39.728425019641605,0.08239311032235283,0.005067723108255847,0.004880607331555272,7.0,0.9,0.005,1.5,1.5,10000.0,0.0,one_sided_huber,additive_removal_premium_v1,0.015
prefs_ra7_eis0p9_prtp0p005,10,2,delay_frontier,fixed_learning_grid,default,0|5|10|15|35|75|125|175|225,delayed,158,7,2200,0.0078125,5.037485024405494,1.0,0.7968447896610913,379.2349787170338,13.434983172446673,39.66162002009096,0.08240763308242138,0.006799426895555921,0.00667122152847366,7.0,0.9,0.005,1.5,1.5,10000.0,0.0,one_sided_huber,additive_removal_premium_v1,0.015
prefs_ra7_eis0p9_prtp0p005,10,2,delay_frontier,fixed_learning_grid,default,0|5|10|15|35|75|125|175|225,delayed,159,7,2200,0.0078125,5.132079018603788,1.0,0.7897453953666306,380.27351998900593,13.430796318667339,39.65040954001473,0.08241028790496012,0.0070936035447623814,0.0069718848219205475,7.0,0.9,0.005,1.5,1.5,10000.0,0.0,one_sided_huber,additive_removal_premium_v1,0.015
prefs_ra7_eis0p9_prtp0p005,10,2,delay_frontier,fixed_learning_grid,default,0|5|10|15|35|75|125|175|225,delayed,160,7,2200,0.0078125,5.041686961437759,1.0,0.796526626748211,379.19131742482574,13.434787893918244,39.66113031481985,0.08240783342711275,0.00681318142203798,0.006684695904634717,7.0,0.9,0.005,1.5,1.5,10000.0,0.0,one_sided_huber,additive_removal_premium_v1,0.015
prefs_ra7_eis0p9_prtp0p005,10,2,delay_frontier,fixed_learning_grid,default,0|5|10|15|35|75|125|175|225,delayed,161,7,2200,0.0078125,4.79530854888247,1.0,0.815642446622655,377.1586483988569,13.44475059327879,39.687757004327466,0.08240140994009391,0.006116674387046758,0.005974445747657311,7.0,0.9,0.005,1.5,1.5,10000.0,0.0,one_sided_huber,additive_removal_premium_v1,0.015
prefs_ra7_eis0p9_prtp0p005,10,2,delay_frontier,fixed_learning_grid,default,0|5|10|15|35|75|125|175|225,delayed,162,7,2200,0.0078125,5.388471848477751,1.0,0.7711379403838534,383.8772382936305,13.419846112480483,39.62003876168363,0.08241480970266571,0.007861572044036483,0.007759920880454677,7.0,0.9,0.005,1.5,1.5,10000.0,0.0,one_sided_huber,additive_removal_premium_v1,0.015
prefs_ra7_eis0p9_prtp0p005,10,2,delay_frontier,fixed_learning_grid,default,0|5|10|15|35|75|125|175|225,delayed,163,7,2200,0.0078125,5.491348985279755,1.0,0.7639180587736779,384.93753771220406,13.415555784643443,39.608090263608815,0.08241646980228406,0.008162089873204884,0.008065686878675923,7.0,0.9,0.005,1.5,1.5,10000.0,0.0,one_sided_huber,additive_removal_premium_v1,0.015
prefs_ra7_eis0p9_prtp0p005,10,2,delay_frontier,fixed_learning_grid,default,0|5|10|15|35|75|125|175|225,delayed,164,7,2200,0.0078125,5.411898119169429,1.0,0.7694819164987574,384.07517401097596,13.418859658915952,39.617281343998826,0.08241516782397526,0.007930704618566209,0.007830054412227684,7.0,0.9,0.005,1.5,1.5,10000.0,0.0,one_sided_huber,additive_removal_premium_v1,0.015
prefs_ra7_eis0p9_prtp0p005,10,2,delay_frontier,fixed_learning_grid,default,0|5|10|15|35|75|125|175|225,delayed,165,7,2200,0.0078125,6.684737198021701,1.0,0.6887962801493828,397.2211087819427,13.36930309248393,39.48122171733932,0.0824389460431323,0.01138890327937993,0.011336738739418603,7.0,0.9,0.005,1.5,1.5,10000.0,0.0,one_sided_huber,additive_removal_premium_v1,0.015
prefs_ra7_eis0p9_prtp0p005,10,2,delay_frontier,fixed_learning_grid,default,0|5|10|15|35|75|125|175|225,delayed,166,7,2200,0.0078125,6.855067586183789,1.0,0.6791783563403249,398.6512777055407,13.362431272754433,39.46185611165875,0.08244109955709777,0.011869548154620794,0.011820983397450215,7.0,0.9,0.005,1.5,1.5,10000.0,0.0,one_sided_huber,additive_removal_premium_v1,0.015
prefs_ra7_eis0p9_prtp0p005,10,2,delay_frontier,fixed_learning_grid,default,0|5|10|15|35|75|125|175|225,delayed,167,7,2200,0.0078125,6.880023586221924,1.0,0.6777891736049604,398.9113079314856,13.361439437441849,39.4590652585044,0.08244142044699734,0.011938863635317478,0.011890926176368522,7.0,0.9,0.005,1.5,1.5,10000.0,0.0,one_sided_huber,additive_removal_premium_v1,0.015
prefs_ra7_eis0p9_prtp0p005,10,2,delay_frontier,fixed_learning_grid,default,0|5|10|15|35|75|125|175|225,delayed,168,7,2200,0.0078125,7.924987153664494,1.0,0.6237117606173694,407.18191856777133,13.322565049335804,39.34973970258595,0.08245417555312202,0.01464532590633182,0.01461362380626121,7.0,0.9,0.005,1.5,1.5,10000.0,0.0,one_sided_huber,additive_removal_premium_v1,0.015
prefs_ra7_eis0p9_prtp0p005,10,2,delay_frontier,fixed_learning_grid,default,0|5|10|15|35|75|125|175|225,delayed,169,7,2200,0.0078125,7.921454737008783,1.0,0.6238823377997873,407.1752740750463,13.32268871617189,39.3500877817149,0.08245413554217032,0.014636748194622583,0.014605035560917645,7.0,0.9,0.005,1.5,1.5,10000.0,0.0,one_sided_huber,additive_removal_premium_v1,0.015
prefs_ra7_eis0p9_prtp0p005,10,2,delay_frontier,fixed_learning_grid,default,0|5|10|15|35|75|125|175|225,delayed,170,7,2200,0.0078125,8.154023564352682,1.0,0.6128101087167268,408.8216802057017,13.31467923558495,39.32761574618552,0.08245689587638261,0.015191708473923256,0.015162501797126015,7.0,0.9,0.005,1.5,1.5,10000.0,0.0,one_sided_huber,additive_removal_premium_v1,0.015
prefs_ra7_eis0p9_prtp0p005,10,2,delay_frontier,fixed_learning_grid,default,0|5|10|15|35|75|125|175|225,delayed,171,7,2200,0.0078125,4.996133306265638,1.0,0.7999900144657485,380.96101594689935,13.437019129845316,39.66668080100022,0.0824054411413155,0.006655625756356411,0.006538019510220224,7.0,0.9,0.005,1.5,1.5,10000.0,0.0,one_sided_huber,additive_removal_premium_v1,0.015
prefs_ra7_eis0p9_prtp0p005,10,2,delay_frontier,fixed_learning_grid,default,0|5|10|15|35|75|125|175|225,delayed,172,7,2200,0.0078125,5.580484455539751,1.0,0.7577704654510001,387.1245325399451,13.411974000170485,39.59814805069172,0.08241793287665444,0.008412459003558229,0.008326040872059636,7.0,0.9,0.005,1.5,1.5,10000.0,0.0,one_sided_huber,additive_removal_premium_v1,0.015
prefs_ra7_eis0p9_prtp0p005,10,2,delay_frontier,fixed_learning_grid,default,0|5|10|15|35|75|125|175|225,delayed,173,7,2200,0.0078125,5.694493540060703,1.0,0.750048111756181,388.30689500465064,13.407367826772473,39.58531462174343,0.08241970508344625,0.00873454458134989,0.008653086842285246,7.0,0.9,0.005,1.5,1.5,10000.0,0.0,one_sided_huber,additive_removal_premium_v1,0.015
prefs_ra7_eis0p9_prtp0p005,10,2,delay_frontier,fixed_learning_grid,default,0|5|10|15|35|75|125|175|225,delayed,174,7,2200,0.0078125,5.61224718480522,1.0,0.7556033829994472,387.4466171747729,13.410681727801254,39.59453937757768,0.08241841092553599,0.008502855715591048,0.008417818018113244,7.0,0.9,0.005,1.5,1.5,10000.0,0.0,one_sided_huber,additive_removal_premium_v1,0.015
prefs_ra7_eis0p9_prtp0p005,10,2,delay_frontier,fixed_learning_grid,default,0|5|10|15|35|75|125|175|225,delayed,175,7,2200,0.0078125,6.893329687568409,1.0,0.6770505318519895,400.07444503702277,13.36094410485058,39.45768247143939,0.08244160624156752,0.011973344629313895,0.011928115421176055,7.0,0.9,0.005,1.5,1.5,10000.0,0.0,one_sided_huber,additive_removal_premium_v1,0.015
prefs_ra7_eis0p9_prtp0p005,10,2,delay_frontier,fixed_learning_grid,default,0|5|10|15|35|75|125|175|225,delayed,176,7,2200,0.0078125,7.073350342844605,1.0,0.6671942938333284,401.56250644708865,13.353884503631837,39.437798960292,0.08244384764517872,0.01246634505317075,0.012424358758467816,7.0,0.9,0.005,1.5,1.5,10000.0,0.0,one_sided_huber,additive_removal_premium_v1,0.015
prefs_ra7_eis0p9_prtp0p005,10,2,delay_frontier,fixed_learning_grid,default,0|5|10|15|35|75|125|175|225,delayed,177,7,2200,0.0078125,7.1022427929720475,1.0,0.6656356752626921,401.8636968783649,13.352768792004456,39.434661029516064,0.08244421253687131,0.01254419108237032,0.012502832318013867,7.0,0.9,0.005,1.5,1.5,10000.0,0.0,one_sided_huber,additive_removal_premium_v1,0.015
prefs_ra7_eis0p9_prtp0p005,10,2,delay_frontier,fixed_learning_grid,default,0|5|10|15|35|75|125|175|225,delayed,178,7,2200,0.0078125,8.23569895979239,1.0,0.6089960261286261,410.7567388068686,13.31194166412791,39.3199551759997,0.08245788711548947,0.015381047110564278,0.015354533794389263,7.0,0.9,0.005,1.5,1.5,10000.0,0.0,one_sided_huber,additive_removal_premium_v1,0.015
prefs_ra7_eis0p9_prtp0p005,10,2,delay_frontier,fixed_learning_grid,default,0|5|10|15|35|75|125|175|225,delayed,179,7,2200,0.0078125,8.238886282292636,1.0,0.6088479477664497,410.8275037218077,13.311835198458931,39.31965794226408,0.08245792728155941,0.015388408939573807,0.015361989265785955,7.0,0.9,0.005,1.5,1.5,10000.0,0.0,one_sided_huber,additive_removal_premium_v1,0.015
prefs_ra7_eis0p9_prtp0p005,10,2,delay_frontier,fixed_learning_grid,default,0|5|10|15|35|75|125|175|225,delayed,180,7,2200,0.0078125,8.474448611717534,1.0,0.5980587770216896,412.40514789719845,13.303845292871685,39.297655127456785,0.08246165135725882,0.015941497189875822,0.015917081431789666,7.0,0.9,0.005,1.5,1.5,10000.0,0.0,one_sided_huber,additive_removal_premium_v1,0.015
prefs_ra7_eis0p9_prtp0p005,10,2,delay_frontier,fixed_learning_grid,default,0|5|10|15|35|75|125|175|225,delayed,181,7,2200,0.0078125,7.67876762135684,1.0,0.6357862968219653,407.51362297714263,13.33132809785559,39.37440161418196,0.08245133518266998,0.014036873928211091,0.014005693262064314,7.0,0.9,0.005,1.5,1.5,10000.0,0.0,one_sided_huber,additive_removal_premium_v1,0.015
prefs_ra7_eis0p9_prtp0p005,10,2,delay_frontier,fixed_learning_grid,default,0|5|10|15|35|75|125|175|225,delayed,182,7,2200,0.0078125,7.901594266312649,1.0,0.6248427918316384,409.21500571970233,13.323427349154645,39.352210487373796,0.08245399834423298,0.014585316396217641,0.014556678478511692,7.0,0.9,0.005,1.5,1.5,10000.0,0.0,one_sided_huber,additive_removal_premium_v1,0.015
prefs_ra7_eis0p9_prtp0p005,10,2,delay_frontier,fixed_learning_grid,default,0|5|10|15|35|75|125|175|225,delayed,183,7,2200,0.0078125,7.918423375589841,1.0,0.6240287797818462,409.38668116265785,13.322839886190271,39.3505629822025,0.08245420236721836,0.014626055633550777,0.014597662478230421,7.0,0.9,0.005,1.5,1.5,10000.0,0.0,one_sided_huber,additive_removal_premium_v1,0.015
prefs_ra7_eis0p9_prtp0p005,10,2,delay_frontier,fixed_learning_grid,default,0|5|10|15|35|75|125|175|225,delayed,184,7,2200,0.0078125,8.96756447687409,1.0,0.5764070295820578,416.38325383885774,13.286305106842565,39.2499753525077,0.08247129671194643,0.017159695189653528,0.017139683274498625,7.0,0.9,0.005,1.5,1.5,10000.0,0.0,one_sided_huber,additive_removal_premium_v1,0.015
prefs_ra7_eis0p9_prtp0p005,10,2,delay_frontier,fixed_learning_grid,default,0|5|10|15|35|75|125|175|225,delayed,185,7,2200,0.0078125,8.967624114608308,1.0,0.5764044832662061,416.40709207679765,13.286303355885856,39.24997125036237,0.08247129921112543,0.017159815133848896,0.01713982705644791,7.0,0.9,0.005,1.5,1.5,10000.0,0.0,one_sided_huber,additive_removal_premium_v1,0.015
prefs_ra7_eis0p9_prtp0p005,10,2,delay_frontier,fixed_learning_grid,default,0|5|10|15|35|75|125|175|225,delayed,186,7,2200,0.0078125,9.23246267812447,1.0,0.5652596726372797,418.0950395182988,13.277243240565763,39.22445301433361,0.08247421219318836,0.0177875076710504,0.017769137279539975,7.0,0.9,0.005,1.5,1.5,10000.0,0.0,one_sided_huber,additive_removal_premium_v1,0.015
prefs_ra7_eis0p9_prtp0p005,10,2,delay_frontier,fixed_learning_grid,default,0|5|10|15|35|75|125|175|225,delayed,187,7,2200,0.0078125,11.208880049849846,1.0,0.4909325482583158,430.43221181985496,13.21533098753532,39.053437033981325,0.08250211849343991,0.02205164889607812,0.022041735469547796,7.0,0.9,0.005,1.5,1.5,10000.0,0.0,one_sided_huber,additive_removal_premium_v1,0.015
prefs_ra7_eis0p9_prtp0p005,10,2,delay_frontier,fixed_learning_grid,default,0|5|10|15|35|75|125|175|225,delayed,188,7,2200,0.0078125,11.188837048982519,1.0,0.49161870577636035,430.3778121415969,13.215974811606289,39.05504903674108,0.08250143640672014,0.022007210496484797,0.021997270069157603,7.0,0.9,0.005,1.5,1.5,10000.0,0.0,one_sided_huber,additive_removal_premium_v1,0.015
prefs_ra7_eis0p9_prtp0p005,10,2,delay_frontier,fixed_learning_grid,default,0|5|10|15|35|75|125|175|225,delayed,189,7,2200,0.0078125,11.323677725788984,1.0,0.487025881368802,430.73931869364753,13.211663913456842,39.044164097593146,0.08250579032373422,0.022304663476593704,0.022294901109892882,7.0,0.9,0.005,1.5,1.5,10000.0,0.0,one_sided_huber,additive_removal_premium_v1,0.015
prefs_ra7_eis0p9_prtp0p005,10,2,delay_frontier,fixed_learning_grid,default,0|5|10|15|35|75|125|175|225,delayed,190,7,2200,0.0078125,13.148685136587103,1.0,0.42970937953818944,439.7741888114109,13.157592404225234,38.892685619532436,0.08252540084084184,0.026015424278847517,0.026009210340412633,7.0,0.9,0.005,1.5,1.5,10000.0,0.0,one_sided_huber,additive_removal_premium_v1,0.015
prefs_ra7_eis0p9_prtp0p005,10,2,delay_frontier,fixed_learning_grid,default,0|5|10|15|35|75|125|175|225,delayed,191,7,2200,0.0078125,2.955195451229902,0.8003946503808422,0.7999900144657485,380.96101594689935,13.51361571787116,39.87859522819824,0.08237284519748331,0.0013851246018569976,0.0012675183557208103,7.0,0.9,0.005,1.5,1.5,10000.0,0.0,one_sided_huber,additive_removal_premium_v1,0.015
prefs_ra7_eis0p9_prtp0p005,10,2,delay_frontier,fixed_learning_grid,default,0|5|10|15|35|75|125|175|225,delayed,192,7,2200,0.0078125,3.3654236918948945,0.8075079565391261,0.7577704654510001,387.1245325399451,13.50558491359697,39.85817426714728,0.08238037279685212,0.0019172124807872374,0.0018307943492886442,7.0,0.9,0.005,1.5,1.5,10000.0,0.0,one_sided_huber,additive_removal_premium_v1,0.015
prefs_ra7_eis0p9_prtp0p005,10,2,delay_frontier,fixed_learning_grid,default,0|5|10|15|35|75|125|175|225,delayed,193,7,2200,0.0078125,3.416286659055554,0.8055882456573904,0.750048111756181,388.30689500465064,13.50416888804363,39.854354515705126,0.08238119795331982,0.0020152805799322,0.0019338228408675557,7.0,0.9,0.005,1.5,1.5,10000.0,0.0,one_sided_huber,additive_removal_premium_v1,0.015
prefs_ra7_eis0p9_prtp0p005,10,2,delay_frontier,fixed_learning_grid,default,0|5|10|15|35|75|125|175|225,delayed,194,7,2200,0.0078125,3.418244707820412,0.8111496430465315,0.7556033829994472,387.4466171747729,13.505090724430833,39.8570961458328,0.0823812462926591,0.0019447443764698156,0.001859706678992012,7.0,0.9,0.005,1.5,1.5,10000.0,0.0,one_sided_huber,additive_removal_premium_v1,0.015
prefs_ra7_eis0p9_prtp0p005,10,2,delay_frontier,fixed_learning_grid,default,0|5|10|15|35|75|125|175|225,delayed,195,7,2200,0.0078125,5.38082959629178,0.9041748490592664,0.6770505318519895,400.07444503702277,13.485486330104035,39.81365220062965,0.08241439744346725,0.003058110818734603,0.003012881610596764,7.0,0.9,0.005,1.5,1.5,10000.0,0.0,one_sided_huber,additive_removal_premium_v1,0.015
prefs_ra7_eis0p9_prtp0p005,10,2,delay_frontier,fixed_learning_grid,default,0|5|10|15|35|75|125|175|225,delayed,196,7,2200,0.0078125,5.36274711139959,0.8930831165464025,0.6671942938333284,401.56250644708865,13.48325859612743,39.806647333625655,0.08241341321678172,0.00323152725874328,0.003189540964040347,7.0,0.9,0.005,1.5,1.5,10000.0,0.0,one_sided_huber,additive_removal_premium_v1,0.015
prefs_ra7_eis0p9_prtp0p005,10,2,delay_frontier,fixed_learning_grid,default,0|5|10|15|35|75|125|175|225,delayed,197,7,2200,0.0078125,5.248783628530969,0.8833917394587024,0.6656356752626921,401.8636968783649,13.483194379248628,39.805546200103365,0.08241131630645378,0.00325883579776043,0.0032174770334039765,7.0,0.9,0.005,1.5,1.5,10000.0,0.0,one_sided_huber,additive_removal_premium_v1,0.015
prefs_ra7_eis0p9_prtp0p005,10,2,delay_frontier,fixed_learning_grid,default,0|5|10|15|35|75|125|175|225,delayed,198,7,2200,0.0078125,5.280818010621053,0.8301607839355373,0.6089960261286261,410.7567388068686,13.46999708493987,39.76492782676227,0.08240750113763978,0.004259177257235945,0.004232663941060928,7.0,0.9,0.005,1.5,1.5,10000.0,0.0,one_sided_huber,additive_removal_premium_v1,0.015
prefs_ra7_eis0p9_prtp0p005,10,2,delay_frontier,fixed_learning_grid,default,0|5|10|15|35|75|125|175|225,delayed,199,7,2200,0.0078125,5.403325420459396,0.8385421200199332,0.6088479477664497,410.8275037218077,13.469654130488117,39.76482672964593,0.08240959967779402,0.004261737713468511,0.004235318039680659,7.0,0.9,0.005,1.5,1.5,10000.0,0.0,one_sided_huber,additive_removal_premium_v1,0.015
prefs_ra7_eis0p9_prtp0p005,10,2,delay_frontier,fixed_learning_grid,default,0|5|10|15|35|75|125|175|225,delayed,200,7,2200,0.0078125,5.371792673527974,0.8258978792554827,0.5980587770216896,412.40514789719845,13.467109190616966,39.7569724985727,0.08240881404940929,0.004461874625985636,0.004437458867899481,7.0,0.9,0.005,1.5,1.5,10000.0,0.0,one_sided_huber,additive_removal_premium_v1,0.015
prefs_ra7_eis0p9_prtp0p005,10,2,delay_frontier,fixed_learning_grid,default,0|5|10|15|35|75|125|175|225,delayed,201,7,2200,0.0078125,5.409677895919923,0.8653324848544253,0.6357862968219653,407.51362297714263,13.475900791435027,39.784310042861705,0.08241199809916633,0.003783666278488046,0.0037524856123412696,7.0,0.9,0.005,1.5,1.5,10000.0,0.0,one_sided_huber,additive_removal_premium_v1,0.015
prefs_ra7_eis0p9_prtp0p005,10,2,delay_frontier,fixed_learning_grid,default,0|5|10|15|35|75|125|175|225,delayed,202,7,2200,0.0078125,5.477337197973705,0.8592547029152401,0.6248427918316384,409.21500571970233,13.473191856788006,39.77643722216038,0.08241228505105275,0.003977270631237089,0.00394863271353114,7.0,0.9,0.005,1.5,1.5,10000.0,0.0,one_sided_huber,additive_removal_premium_v1,0.015
prefs_ra7_eis0p9_prtp0p005,10,2,delay_frontier,fixed_learning_grid,default,0|5|10|15|35|75|125|175|225,delayed,203,7,2200,0.0078125,5.352704174915654,0.8498343228286727,0.6240287797818462,409.38668116265785,13.473321337463425,39.77585484188514,0.08241006437715985,0.00399161590230435,0.003963222746983994,7.0,0.9,0.005,1.5,1.5,10000.0,0.0,one_sided_huber,additive_removal_premium_v1,0.015
prefs_ra7_eis0p9_prtp0p005,10,2,delay_frontier,fixed_learning_grid,default,0|5|10|15|35|75|125|175|225,delayed,204,7,2200,0.0078125,6.987001527159214,0.9034692394172574,0.5764070295820578,416.38325383885774,13.45665524946297,39.738074950678715,0.08243639073396691,0.004943253805066896,0.004923241889911992,7.0,0.9,0.005,1.5,1.5,10000.0,0.0,one_sided_huber,additive_removal_premium_v1,0.015
prefs_ra7_eis0p9_prtp0p005,10,2,delay_frontier,fixed_learning_grid,default,0|5|10|15|35|75|125|175|225,delayed,205,7,2200,0.0078125,6.880669778957806,0.8976269466102222,0.5764044832662061,416.40709207679765,13.456929768872588,39.738074245876945,0.08243452056669315,0.004943287096974815,0.004923299019573828,7.0,0.9,0.005,1.5,1.5,10000.0,0.0,one_sided_huber,additive_removal_premium_v1,0.015
prefs_ra7_eis0p9_prtp0p005,10,2,delay_frontier,fixed_learning_grid,default,0|5|10|15|35|75|125|175|225,delayed,206,7,2200,0.0078125,6.951413469361824,0.8904546490240592,0.5652596726372797,418.0950395182988,13.453491372735334,39.727879375412776,0.08243442523803665,0.005191716655639084,0.005173346264128658,7.0,0.9,0.005,1.5,1.5,10000.0,0.0,one_sided_huber,additive_removal_premium_v1,0.015
prefs_ra7_eis0p9_prtp0p005,10,2,delay_frontier,fixed_learning_grid,default,0|5|10|15|35|75|125|175|225,delayed,207,7,2200,0.0078125,7.749671950350173,0.8582752014455671,0.4909325482583158,430.43221181985496,13.429215653453296,39.65941953590928,0.0824418760161615,0.006891055620738233,0.0068811421942079065,7.0,0.9,0.005,1.5,1.5,10000.0,0.0,one_sided_huber,additive_removal_premium_v1,0.015
prefs_ra7_eis0p9_prtp0p005,10,2,delay_frontier,fixed_learning_grid,default,0|5|10|15|35|75|125|175|225,delayed,208,7,2200,0.0078125,7.193848798089194,0.8311655759465567,0.49161870577636035,430.3778121415969,13.430863395373034,39.66010193186997,0.08243221398073507,0.006872647523268052,0.006862707095940859,7.0,0.9,0.005,1.5,1.5,10000.0,0.0,one_sided_huber,additive_removal_premium_v1,0.015
prefs_ra7_eis0p9_prtp0p005,10,2,delay_frontier,fixed_learning_grid,default,0|5|10|15|35|75|125|175|225,delayed,209,7,2200,0.0078125,8.430845637798313,0.8862004556164462,0.487025881368802,430.73931869364753,13.426100987603599,39.655127613709276,0.08245321105356333,0.006995865573665759,0.006986103206964936,7.0,0.9,0.005,1.5,1.5,10000.0,0.0,one_sided_huber,additive_removal_premium_v1,0.015
prefs_ra7_eis0p9_prtp0p005,10,2,delay_frontier,fixed_learning_grid,default,0|5|10|15|35|75|125|175|225,delayed,210,7,2200,0.0078125,8.459195869387369,0.8313967408085674,0.42970937953818944,439.7741888114109,13.405925718420603,39.59172494809669,0.08244438803530707,0.008532248306661393,0.00852603436822651,7.0,0.9,0.005,1.5,1.5,10000.0,0.0,one_sided_huber,additive_removal_premium_v1,0.015
prefs_ra7_eis0p9_prtp0p005,10,2,delay_frontier,fixed_learning_grid,default,0|5|10|15|35|75|125|175|225,delayed,211,7,2200,0.0078125,5.399036323961682,0.8384606083318006,0.6090680681292466,414.00414947832553,13.46976915179543,39.765186508571524,0.08240964622742718,0.0042539124412921915,0.004231372688432256,7.0,0.9,0.005,1.5,1.5,10000.0,0.0,one_sided_huber,additive_removal_premium_v1,0.015
prefs_ra7_eis0p9_prtp0p005,10,2,delay_frontier,fixed_learning_grid,default,0|5|10|15|35|75|125|175|225,delayed,212,7,2200,0.0078125,5.393396733866888,0.8292661087314046,0.5999999994947707,415.2499417882661,13.46767279471991,39.75861166925399,0.08240875722190397,0.0044150838268047195,0.004393905204528838,7.0,0.9,0.005,1.5,1.5,10000.0,0.0,one_sided_huber,additive_removal_premium_v1,0.015
prefs_ra7_eis0p9_prtp0p005,10,2,delay_frontier,fixed_learning_grid,default,0|5|10|15|35|75|125|175|225,delayed,213,7,2200,0.0078125,5.513846054069849,0.8374733869324515,0.5999999999950106,415.2238732082536,13.467368342653643,39.75861175080795,0.08241082739658712,0.00441511143782421,0.004393905193305351,7.0,0.9,0.005,1.5,1.5,10000.0,0.0,one_sided_huber,additive_removal_premium_v1,0.015
prefs_ra7_eis0p9_prtp0p005,10,2,delay_frontier,fixed_learning_grid,default,0|5|10|15|35|75|125|175|225,delayed,214,7,2200,0.0078125,7.036645139503097,0.8810155629244416,0.55105105003818,422.5428559249736,13.449145350898164,39.71495108128495,0.08243420710529027,0.0055068412526098846,0.005492133818993251,7.0,0.9,0.005,1.5,1.5,10000.0,0.0,one_sided_huber,additive_removal_premium_v1,0.015
prefs_ra7_eis0p9_prtp0p005,10,2,delay_frontier,fixed_learning_grid,default,0|5|10|15|35|75|125|175|225,delayed,215,7,2200,0.0078125,7.050282269469238,0.8818006849732243,0.5511043489040979,422.5531279704684,13.449126101319388,39.715000981012416,0.08243445328475024,0.005505637876661548,0.00549093799476578,7.0,0.9,0.005,1.5,1.5,10000.0,0.0,one_sided_huber,additive_removal_premium_v1,0.015
prefs_ra7_eis0p9_prtp0p005,10,2,delay_frontier,fixed_learning_grid,default,0|5|10|15|35|75|125|175|225,delayed,216,7,2200,0.0078125,7.001813556191765,0.8681996201956824,0.5399438862753427,424.24487767449426,13.445987426632778,39.704759742691714,0.08243220922920062,0.0057548440199197935,0.005741336410781412,7.0,0.9,0.005,1.5,1.5,10000.0,0.0,one_sided_huber,additive_removal_premium_v1,0.015
prefs_ra7_eis0p9_prtp0p005,10,2,delay_frontier,fixed_learning_grid,default,0|5|10|15|35|75|125|175|225,delayed,217,7,2200,0.0078125,8.472311658949788,0.8701158443634427,0.4688223420023032,435.80333433331623,13.419621176275935,39.635048744319334,0.08245103788325306,0.007482759123242259,0.007475180464306403,7.0,0.9,0.005,1.5,1.5,10000.0,0.0,one_sided_huber,additive_removal_premium_v1,0.015
prefs_ra7_eis0p9_prtp0p005,10,2,delay_frontier,fixed_learning_grid,default,0|5|10|15|35|75|125|175|225,delayed,218,7,2200,0.0078125,8.492094860754168,0.8723051514311199,0.47015527984050764,435.5918155265142,13.420038298572607,39.63652327059791,0.08245159849363198,0.007447027456029447,0.007439368220929413,7.0,0.9,0.005,1.5,1.5,10000.0,0.0,one_sided_huber,additive_removal_premium_v1,0.015
prefs_ra7_eis0p9_prtp0p005,10,2,delay_frontier,fixed_learning_grid,default,0|5|10|15|35|75|125|175|225,delayed,219,7,2200,0.0078125,8.563069246308789,0.868442582152986,0.4630320141155948,436.5680296109715,13.417357747684546,39.628638859797434,0.08245167405245593,0.0076380444456623335,0.007630750083209799,7.0,0.9,0.005,1.5,1.5,10000.0,0.0,one_sided_huber,additive_removal_premium_v1,0.015
prefs_ra7_eis0p9_prtp0p005,10,2,delay_frontier,fixed_learning_grid,default,0|5|10|15|35|75|125|175|225,delayed,220,7,2200,0.0078125,8.471833921733394,0.809068676599989,0.4059498873339814,445.54596416297414,13.39757111536256,39.56543724271413,0.0824406512185221,0.009169040491811062,0.00916438425442752,7.0,0.9,0.005,1.5,1.5,10000.0,0.0,one_sided_huber,additive_removal_premium_v1,0.015
prefs_ra7_eis0p9_prtp0p005,10,2,delay_frontier,fixed_learning_grid,default,0|5|10|15|35|75|125|175|225,delayed,221,7,2200,0.0078125,8.502545119167577,0.8427117136548782,0.4394153558730701,441.15210013249765,13.409232075710397,39.60251972056418,0.08244677084724054,0.008271062670304814,0.008265262427665279,7.0,0.9,0.005,1.5,1.5,10000.0,0.0,one_sided_huber,additive_removal_premium_v1,0.015
prefs_ra7_eis0p9_prtp0p005,10,2,delay_frontier,fixed_learning_grid,default,0|5|10|15|35|75|125|175|225,delayed,222,7,2200,0.0078125,8.514378722617117,0.8447205039127881,0.4409474939849085,440.9221842842325,13.409739596942376,39.604216354863865,0.08244722822018548,0.008229965545642023,0.008224098240277342,7.0,0.9,0.005,1.5,1.5,10000.0,0.0,one_sided_huber,additive_removal_premium_v1,0.015
prefs_ra7_eis0p9_prtp0p005,10,2,delay_frontier,fixed_learning_grid,default,0|5|10|15|35|75|125|175|225,delayed,223,7,2200,0.0078125,8.499926209014278,0.8350503262616957,0.4316394161360604,442.3097550576862,13.406511324881969,39.59390732455526,0.08244543589297823,0.008479653824033812,0.008474179781772156,7.0,0.9,0.005,1.5,1.5,10000.0,0.0,one_sided_huber,additive_removal_premium_v1,0.015
prefs_ra7_eis0p9_prtp0p005,10,2,delay_frontier,fixed_learning_grid,default,0|5|10|15|35|75|125|175|225,delayed,224,7,2200,0.0078125,10.021511281784619,0.8470363196950658,0.38076789198633876,449.9393281255266,13.383710278199981,39.53568691327653,0.0824665694884942,0.009931314040479367,0.009927576078963052,7.0,0.9,0.005,1.5,1.5,10000.0,0.0,one_sided_huber,additive_removal_premium_v1,0.015
prefs_ra7_eis0p9_prtp0p005,10,2,delay_frontier,fixed_learning_grid,default,0|5|10|15|35|75|125|175|225,delayed,225,7,2200,0.0078125,10.01322317593027,0.7796749150853678,0.3108409500171705,461.5105213527057,13.355100581386383,39.44508357272053,0.08245242527949397,0.012123367662001453,0.012121271763386777,7.0,0.9,0.005,1.5,1.5,10000.0,0.0,one_sided_huber,additive_removal_premium_v1,0.015
prefs_ra7_eis0p9_prtp0p005,10,2,delay_frontier,fixed_learning_grid,default,0|5|10|15|35|75|125|175|225,delayed,226,7,2200,0.0078125,2.172283441322944,0.527130282182328,0.6090680681292466,414.00414947832553,13.509518188686457,39.8630429257065,0.08236490058669847,0.0018790804083445116,0.0018565406554845762,7.0,0.9,0.005,1.5,1.5,10000.0,0.0,one_sided_huber,additive_removal_premium_v1,0.015
prefs_ra7_eis0p9_prtp0p005,10,2,delay_frontier,fixed_learning_grid,default,0|5|10|15|35|75|125|175|225,delayed,227,7,2200,0.0078125,2.7729628789491128,0.5967143940318204,0.5999999994947707,415.2499417882661,13.507326684493293,39.86022971422549,0.08237328924015457,0.0019482124146120848,0.0019270337923362035,7.0,0.9,0.005,1.5,1.5,10000.0,0.0,one_sided_huber,additive_removal_premium_v1,0.015
prefs_ra7_eis0p9_prtp0p005,10,2,delay_frontier,fixed_learning_grid,default,0|5|10|15|35|75|125|175|225,delayed,228,7,2200,0.0078125,2.7535221669653813,0.5944292113132293,0.5999999999950106,415.2238732082536,13.507369316836138,39.860228906188055,0.08237299850824654,0.0019482400320691203,0.0019270337875502606,7.0,0.9,0.005,1.5,1.5,10000.0,0.0,one_sided_huber,additive_removal_premium_v1,0.015
prefs_ra7_eis0p9_prtp0p005,10,2,delay_frontier,fixed_learning_grid,default,0|5|10|15|35|75|125|175|225,delayed,229,7,2200,0.0078125,2.8643321461910967,0.5660753131380258,0.55105105003818,422.5428559249736,13.501105162036412,39.84157288771257,0.08237260681727944,0.0024100501631667335,0.0023953427295501004,7.0,0.9,0.005,1.5,1.5,10000.0,0.0,one_sided_huber,additive_removal_premium_v1,0.015
prefs_ra7_eis0p9_prtp0p005,10,2,delay_frontier,fixed_learning_grid,default,0|5|10|15|35|75|125|175|225,delayed,230,7,2200,0.0078125,2.8813814015158656,0.568002410041237,0.5511043489040979,422.5531279704684,13.501075085954174,39.8415944470441,0.08237286023282318,0.0024095326855837237,0.002394832803687956,7.0,0.9,0.005,1.5,1.5,10000.0,0.0,one_sided_huber,additive_removal_premium_v1,0.015
prefs_ra7_eis0p9_prtp0p005,10,2,delay_frontier,fixed_learning_grid,default,0|5|10|15|35|75|125|175|225,delayed,231,7,2200,0.0078125,2.8997110405646542,0.5607870141231089,0.5399438862753427,424.24487767449426,13.499660313549263,39.8373121829716,0.08237261376248743,0.002515115827835454,0.0025016082186970724,7.0,0.9,0.005,1.5,1.5,10000.0,0.0,one_sided_huber,additive_removal_premium_v1,0.015
prefs_ra7_eis0p9_prtp0p005,10,2,delay_frontier,fixed_learning_grid,default,0|5|10|15|35|75|125|175|225,delayed,232,7,2200,0.0078125,3.562383192670862,0.5672019518075109,0.4688223420023032,435.80333433331623,13.488689019673755,39.807541156003474,0.0823786038221574,0.003248481661081736,0.00324090300214588,7.0,0.9,0.005,1.5,1.5,10000.0,0.0,one_sided_huber,additive_removal_premium_v1,0.015
prefs_ra7_eis0p9_prtp0p005,10,2,delay_frontier,fixed_learning_grid,default,0|5|10|15|35|75|125|175|225,delayed,233,7,2200,0.0078125,3.539345412404154,0.5662464431646137,0.47015527984050764,435.5918155265142,13.488936409003706,39.80816252793301,0.08237835384435575,0.0032332934406785144,0.0032256342055784802,7.0,0.9,0.005,1.5,1.5,10000.0,0.0,one_sided_huber,additive_removal_premium_v1,0.015
prefs_ra7_eis0p9_prtp0p005,10,2,delay_frontier,fixed_learning_grid,default,0|5|10|15|35|75|125|175|225,delayed,234,7,2200,0.0078125,3.555221794247707,0.5617852991118709,0.4630320141155948,436.5680296109715,13.487844892581762,39.80483761835759,0.08237811548364257,0.0033145255428724974,0.003307231180419963,7.0,0.9,0.005,1.5,1.5,10000.0,0.0,one_sided_huber,additive_removal_premium_v1,0.015
prefs_ra7_eis0p9_prtp0p005,10,2,delay_frontier,fixed_learning_grid,default,0|5|10|15|35|75|125|175|225,delayed,235,7,2200,0.0078125,3.557989353584991,0.5160207093543622,0.4059498873339814,445.54596416297414,13.479364167575255,39.77816332864585,0.08237432748376176,0.0039657629073290126,0.00396110666994547,7.0,0.9,0.005,1.5,1.5,10000.0,0.0,one_sided_huber,additive_removal_premium_v1,0.015
prefs_ra7_eis0p9_prtp0p005,10,2,delay_frontier,fixed_learning_grid,default,0|5|10|15|35|75|125|175|225,delayed,236,7,2200,0.0078125,3.5423825802266817,0.5413853684816836,0.4394153558730701,441.15210013249765,13.484370854607672,39.793830313505175,0.08237637925983432,0.003583560130379168,0.003577759887739633,7.0,0.9,0.005,1.5,1.5,10000.0,0.0,one_sided_huber,additive_removal_premium_v1,0.015
prefs_ra7_eis0p9_prtp0p005,10,2,delay_frontier,fixed_learning_grid,default,0|5|10|15|35|75|125|175|225,delayed,237,7,2200,0.0078125,3.5877275435352725,0.5465801642446115,0.4409474939849085,440.9221842842325,13.484502522615346,39.794546610147876,0.08237713306105032,0.003566076558354285,0.003560209252989603,7.0,0.9,0.005,1.5,1.5,10000.0,0.0,one_sided_huber,additive_removal_premium_v1,0.015
prefs_ra7_eis0p9_prtp0p005,10,2,delay_frontier,fixed_learning_grid,default,0|5|10|15|35|75|125|175|225,delayed,238,7,2200,0.0078125,3.6095170309512823,0.5409232650299798,0.4316394161360604,442.3097550576862,13.48307466476074,39.79019422289915,0.08237681426035592,0.0036723072825326436,0.0036668332402709876,7.0,0.9,0.005,1.5,1.5,10000.0,0.0,one_sided_huber,additive_removal_premium_v1,0.015
prefs_ra7_eis0p9_prtp0p005,10,2,delay_frontier,fixed_learning_grid,default,0|5|10|15|35|75|125|175|225,delayed,239,7,2200,0.0078125,4.1363861101657635,0.5420802823875656,0.38076789198633876,449.9393281255266,13.473976441573903,39.76520202794571,0.0823810906020623,0.004286766455495147,0.004283028493978832,7.0,0.9,0.005,1.5,1.5,10000.0,0.0,one_sided_huber,additive_removal_premium_v1,0.015
prefs_ra7_eis0p9_prtp0p005,10,2,delay_frontier,fixed_learning_grid,default,0|5|10|15|35|75|125|175|225,delayed,240,7,2200,0.0078125,4.100520926526519,0.4845807569444073,0.3108409500171705,461.5105213527057,13.462065776780648,39.72736490356591,0.08237490309876291,0.0052078039482969215,0.005205708049682245,7.0,0.9,0.005,1.5,1.5,10000.0,0.0,one_sided_huber,additive_removal_premium_v1,0.015
prefs_ra7_eis0p9_prtp0p005,10,2,delay_frontier,fixed_learning_grid,default,0|5|10|15|35|75|125|175|225,delayed,241,7,2200,0.0078125,3.567636693115066,0.5282755089930103,0.4203641103252298,445.780124524792,13.481493751339816,39.784941401973235,0.0823754630088165,0.003800593854669524,0.003795991814456793,7.0,0.9,0.005,1.5,1.5,10000.0,0.0,one_sided_huber,additive_removal_premium_v1,0.015
prefs_ra7_eis0p9_prtp0p005,10,2,delay_frontier,fixed_learning_grid,default,0|5|10|15|35|75|125|175|225,delayed,242,7,2200,0.0078125,3.5287532259562187,0.5263654459758644,0.42217399855495685,445.48273622086384,13.481843548944319,39.785787827482665,0.08237503544744866,0.00377993053425636,0.0037752595534335342,7.0,0.9,0.005,1.5,1.5,10000.0,0.0,one_sided_huber,additive_removal_premium_v1,0.015
prefs_ra7_eis0p9_prtp0p005,10,2,delay_frontier,fixed_learning_grid,default,0|5|10|15|35|75|125|175|225,delayed,243,7,2200,0.0078125,3.518579583605202,0.5179086299910207,0.41261865367809614,446.9303743444641,13.480443920381273,39.78131410189612,0.08237424552611051,0.0038890608170905052,0.0038847159833392754,7.0,0.9,0.005,1.5,1.5,10000.0,0.0,one_sided_huber,additive_removal_premium_v1,0.015
prefs_ra7_eis0p9_prtp0p005,10,2,delay_frontier,fixed_learning_grid,default,0|5|10|15|35|75|125|175|225,delayed,244,7,2200,0.0078125,4.136158194849438,0.5265180244851314,0.36138248539229,454.64852859992664,13.470659642524485,39.754729674306866,0.08237951661101171,0.004541770914288128,0.004538817147674189,7.0,0.9,0.005,1.5,1.5,10000.0,0.0,one_sided_huber,additive_removal_premium_v1,0.015
prefs_ra7_eis0p9_prtp0p005,10,2,delay_frontier,fixed_learning_grid,default,0|5|10|15|35|75|125|175|225,delayed,245,7,2200,0.0078125,4.704369016166937,0.5128183923646202,0.294566908240525,465.4638934361426,13.457926122035943,39.71847256976577,0.08238256371950457,0.005432505081099749,0.005430785098514063,7.0,0.9,0.005,1.5,1.5,10000.0,0.0,one_sided_huber,additive_removal_premium_v1,0.015
prefs_ra7_eis0p9_prtp0p005,10,2,delay_frontier,fixed_learning_grid,default,0|5|10|15|35|75|125|175|225,delayed,246,7,2200,0.0078125,4.764569333449777,0.49979041351924347,0.27294738812988273,469.4218184032017,13.453561244165423,39.70505761154383,0.0823813352719848,0.005758619293498292,0.005757208124797847,7.0,0.9,0.005,1.5,1.5,10000.0,0.0,one_sided_huber,additive_removal_premium_v1,0.015
prefs_ra7_eis0p9_prtp0p005,10,2,delay_frontier,fixed_learning_grid,default,0|5|10|15|35|75|125|175|225,delayed,247,7,2200,0.0078125,1.101007746957837,0.2384589533692749,0.4203641103252298,445.780124524792,13.52121378829371,39.89378453683968,0.08235625526441982,0.0011864675135996679,0.001181865473386937,7.0,0.9,0.005,1.5,1.5,10000.0,0.0,one_sided_huber,additive_removal_premium_v1,0.015
prefs_ra7_eis0p9_prtp0p005,10,2,delay_frontier,fixed_learning_grid,default,0|5|10|15|35|75|125|175|225,delayed,248,7,2200,0.0078125,1.0682907814572131,0.23381848617412423,0.42217399855495685,445.48273622086384,13.521337751882756,39.894040369094036,0.08235600314256383,0.00118012118395402,0.0011754502031311946,7.0,0.9,0.005,1.5,1.5,10000.0,0.0,one_sided_huber,additive_removal_premium_v1,0.015
prefs_ra7_eis0p9_prtp0p005,10,2,delay_frontier,fixed_learning_grid,default,0|5|10|15|35|75|125|175|225,delayed,249,7,2200,0.0078125,1.08805229937484,0.23263237911270854,0.41261865367809614,446.9303743444641,13.520872939575844,39.8926878352735,0.08235604643150753,0.0012136645978669338,0.0012093197641157038,7.0,0.9,0.005,1.5,1.5,10000.0,0.0,one_sided_huber,additive_removal_premium_v1,0.015
prefs_ra7_eis0p9_prtp0p005,10,2,delay_frontier,fixed_learning_grid,default,0|5|10|15|35|75|125|175|225,delayed,250,7,2200,0.0078125,1.1582973258856315,0.22012021465638637,0.36138248539229,454.64852859992664,13.518256248644294,39.884850188566574,0.08235577748514455,0.001406232617475679,0.0014032788508617396,7.0,0.9,0.005,1.5,1.5,10000.0,0.0,one_sided_huber,additive_removal_premium_v1,0.015
prefs_ra7_eis0p9_prtp0p005,10,2,delay_frontier,fixed_learning_grid,default,0|5|10|15|35|75|125|175|225,delayed,251,7,2200,0.0078125,1.4493390069389174,0.22894925933218546,0.294566908240525,465.4638934361426,13.514489812905548,39.874210212308746,0.0823568622396662,0.0016670174371536215,0.0016652974545679352,7.0,0.9,0.005,1.5,1.5,10000.0,0.0,one_sided_huber,additive_removal_premium_v1,0.015
prefs_ra7_eis0p9_prtp0p005,10,2,delay_frontier,fixed_learning_grid,default,0|5|10|15|35|75|125|175|225,delayed,252,7,2200,0.0078125,1.4512387221323937,0.21932821848432993,0.27294738812988273,469.4218184032017,13.513195384450729,39.87020102035126,0.08235642614546304,0.001765455067030137,0.0017640438983296922,7.0,0.9,0.005,1.5,1.5,10000.0,0.0,one_sided_huber,additive_removal_premium_v1,0.015
prefs_ra7_eis0p9_prtp0p005,10,2,delay_frontier,fixed_learning_grid,default,0|5|10|15|35|75|125|175|225,delayed,253,7,2200,0.0078125,1.4491724651022329,0.21254345379054376,0.25816823029497005,473.0120457605566,13.512314143594633,39.86746012958326,0.08235610292237114,0.0018327264969607454,0.0018315472134135893,7.0,0.9,0.005,1.5,1.5,10000.0,0.0,one_sided_huber,additive_removal_premium_v1,0.015
prefs_ra7_eis0p9_prtp0p005,10,2,delay_frontier,fixed_learning_grid,default,0|5|10|15|35|75|125|175|225,delayed,254,7,2200,0.0078125,0.10389434631315138,0.019206153449162128,0.25816823029497005,473.0120457605566,13.535556682681191,39.936328908453966,0.08235677368417957,0.0001866184364230562,0.00018543915287590006,7.0,0.9,0.005,1.5,1.5,10000.0,0.0,one_sided_huber,additive_removal_premium_v1,0.015
prefs_ra7_eis0p9_prtp0p005,5,1,delay_frontier,fixed_learning_grid,default,0|5|10|15|35|75|125|175|225,optimal,0,0,2025,1.0,204.09310913665865,0.6274120832560213,0.0,425.6,0.9752112688009675,7.671869091150718,0.24486863635323472,0.0,0.0,7.0,0.9,0.005,1.5,1.5,10000.0,0.0,one_sided_huber,additive_removal_premium_v1,0.015
prefs_ra7_eis0p9_prtp0p005,5,1,delay_frontier,fixed_learning_grid,default,0|5|10|15|35|75|125|175|225,optimal,1,1,2030,0.5,267.7421087945362,0.7473057202920123,0.6274120832560224,432.49661320158697,1.0374525646414718,8.075945541240158,0.24201775601576525,0.00030055166774595914,0.0002916104574790492,7.0,0.9,0.005,1.5,1.5,10000.0,0.0,one_sided_huber,additive_removal_premium_v1,0.015
prefs_ra7_eis0p9_prtp0p005,5,1,delay_frontier,fixed_learning_grid,default,0|5|10|15|35|75|125|175|225,optimal,2,1,2030,0.5,152.83139994457434,0.5582032688254519,0.6274120832560224,432.49661320158697,1.0587797488247703,8.204289552911797,0.24078884505153053,0.0001445231472846518,0.00013558193701774187,7.0,0.9,0.005,1.5,1.5,10000.0,0.0,one_sided_huber,additive_removal_premium_v1,0.015
prefs_ra7_eis0p9_prtp0p005,5,1,delay_frontier,fixed_learning_grid,default,0|5|10|15|35|75|125|175|225,optimal,3,2,2035,0.25,346.83237676958737,0.8901168902566586,0.6879839956473103,434.4381568685936,1.098265776605114,8.52710101587621,0.24131836146048158,0.0006850712446460884,0.000676957215146063,7.0,0.9,0.005,1.5,1.5,10000.0,0.0,one_sided_huber,additive_removal_premium_v1,0.015
prefs_ra7_eis0p9_prtp0p005,5,1,delay_frontier,fixed_learning_grid,default,0|5|10|15|35|75|125|175|225,optimal,4,2,2035,0.25,193.73138164934355,0.6787558305629571,0.6879839956473103,434.4381568685936,1.1312820715736944,8.60224220483342,0.23579319210116875,0.00034752466026463907,0.00033941063076461367,7.0,0.9,0.005,1.5,1.5,10000.0,0.0,one_sided_huber,additive_removal_premium_v1,0.015
prefs_ra7_eis0p9_prtp0p005,5,1,delay_frontier,fixed_learning_grid,default,0|5|10|15|35|75|125|175|225,optimal,5,2,2035,0.25,206.72153109437778,0.6986810995961992,0.592446839494711,439.1507870801518,1.1285956724799333,8.68138309538723,0.23883484167347896,0.0004651643430820283,0.00045875366664822263,7.0,0.9,0.005,1.5,1.5,10000.0,0.0,one_sided_huber,additive_removal_premium_v1,0.015
prefs_ra7_eis0p9_prtp0p005,5,1,delay_frontier,fixed_learning_grid,default,0|5|10|15|35|75|125|175|225,optimal,6,2,2035,0.25,104.32643776987604,0.4791413775204152,0.592446839494711,439.1507870801518,1.1483145582508019,8.716703801040016,0.235341575957832,0.00020059858254236655,0.0001941879061085609,7.0,0.9,0.005,1.5,1.5,10000.0,0.0,one_sided_huber,additive_removal_premium_v1,0.015
prefs_ra7_eis0p9_prtp0p005,5,1,delay_frontier,fixed_learning_grid,default,0|5|10|15|35|75|125|175|225,optimal,7,3,2040,0.125,401.3264950917473,1.0,0.7562280914482018,432.65502713719826,1.1671010373949415,9.037546177893164,0.24060824084216167,0.0010578998477426022,0.001049029177730066,7.0,0.9,0.005,1.5,1.5,10000.0,0.0,one_sided_huber,additive_removal_premium_v1,0.015
prefs_ra7_eis0p9_prtp0p005,5,1,delay_frontier,fixed_learning_grid,default,0|5|10|15|35|75|125|175|225,optimal,8,3,2040,0.125,244.05310982436663,0.8105733053538686,0.7562280914482018,432.65502713719826,1.205475679532872,9.045997130167173,0.23235413586068177,0.0005844476918073432,0.000575577021794807,7.0,0.9,0.005,1.5,1.5,10000.0,0.0,one_sided_huber,additive_removal_premium_v1,0.015
prefs_ra7_eis0p9_prtp0p005,5,1,delay_frontier,fixed_learning_grid,default,0|5|10|15|35|75|125|175|225,optimal,9,3,2040,0.125,255.89514954753406,0.824008766311497,0.684868383102899,437.96924702026143,1.2026375884446776,9.114018930729177,0.2349107044599168,0.0007715690419098956,0.0007647682340631334,7.0,0.9,0.005,1.5,1.5,10000.0,0.0,one_sided_huber,additive_removal_premium_v1,0.015
prefs_ra7_eis0p9_prtp0p005,5,1,delay_frontier,fixed_learning_grid,default,0|5|10|15|35|75|125|175|225,optimal,10,3,2040,0.125,259.16563357412593,0.8254900465281916,0.628313644042849,441.31908219160687,1.2017953758504405,9.11668453029058,0.23517002697478095,0.0009324560002169673,0.0009267039825241852,7.0,0.9,0.005,1.5,1.5,10000.0,0.0,one_sided_huber,additive_removal_premium_v1,0.015
prefs_ra7_eis0p9_prtp0p005,5,1,delay_frontier,fixed_learning_grid,default,0|5|10|15|35|75|125|175|225,optimal,11,3,2040,0.125,130.03135038767752,0.5883158099790791,0.684868383102899,437.96924702026143,1.2309677294301562,9.202224417869772,0.23137425282306814,0.0003424673302498653,0.00033566652240310307,7.0,0.9,0.005,1.5,1.5,10000.0,0.0,one_sided_huber,additive_removal_premium_v1,0.015
prefs_ra7_eis0p9_prtp0p005,5,1,delay_frontier,fixed_learning_grid,default,0|5|10|15|35|75|125|175|225,optimal,12,3,2040,0.125,132.07711722632345,0.5905496546031997,0.628313644042849,441.31908219160687,1.2305208181852543,9.202998370636932,0.2314892549061952,0.00042134901113454983,0.0004155969934417678,7.0,0.9,0.005,1.5,1.5,10000.0,0.0,one_sided_huber,additive_removal_premium_v1,0.015
prefs_ra7_eis0p9_prtp0p005,5,1,delay_frontier,fixed_learning_grid,default,0|5|10|15|35|75|125|175|225,optimal,13,3,2040,0.125,138.91806197317788,0.6032653814195363,0.5541926561927693,446.83893697407257,1.22907273729965,9.223110688055684,0.23235523117102558,0.0005327848194851531,0.0005284200763350763,7.0,0.9,0.005,1.5,1.5,10000.0,0.0,one_sided_huber,additive_removal_premium_v1,0.015
prefs_ra7_eis0p9_prtp0p005,5,1,delay_frontier,fixed_learning_grid,default,0|5|10|15|35|75|125|175|225,optimal,14,3,2040,0.125,67.62527937938225,0.39160262534054036,0.5541926561927693,446.83893697407257,1.2428388677152666,9.249279323085862,0.23022099991594241,0.000226136732065154,0.0002217719889150772,7.0,0.9,0.005,1.5,1.5,10000.0,0.0,one_sided_huber,additive_removal_premium_v1,0.015
prefs_ra7_eis0p9_prtp0p005,5,1,delay_frontier,fixed_learning_grid,default,0|5|10|15|35|75|125|175|225,optimal,15,4,2060,0.0625,220.70211986217456,1.0,0.8946183935971981,419.06104376852625,1.621074498636006,11.375045827277587,0.21565719388519636,0.001323878701755398,0.0013063745015269603,7.0,0.9,0.005,1.5,1.5,10000.0,0.0,one_sided_huber,additive_removal_premium_v1,0.015
prefs_ra7_eis0p9_prtp0p005,5,1,delay_frontier,fixed_learning_grid,default,0|5|10|15|35|75|125|175|225,optimal,16,4,2060,0.0625,206.499530695184,0.9740097105459415,0.8946183935971981,419.06104376852625,1.6266051359507185,11.396115005691705,0.2152848147526877,0.0008162318938280751,0.0007987276935996373,7.0,0.9,0.005,1.5,1.5,10000.0,0.0,one_sided_huber,additive_removal_premium_v1,0.015
prefs_ra7_eis0p9_prtp0p005,5,1,delay_frontier,fixed_learning_grid,default,0|5|10|15|35|75|125|175|225,optimal,17,4,2060,0.0625,218.66608629063631,0.9769238953565612,0.7870800900129136,434.0673748260423,1.6216771828446952,11.348455196058424,0.21500830669115512,0.001762421953187269,0.0017541560950745836,7.0,0.9,0.005,1.5,1.5,10000.0,0.0,one_sided_huber,additive_removal_premium_v1,0.015
prefs_ra7_eis0p9_prtp0p005,5,1,delay_frontier,fixed_learning_grid,default,0|5|10|15|35|75|125|175|225,optimal,18,4,2060,0.0625,219.7652539128877,0.9746950562181964,0.7638589435319465,436.4962360482387,1.6210762828557865,11.349662278494437,0.2151222842842346,0.0019949820070804826,0.001987661413353468,7.0,0.9,0.005,1.5,1.5,10000.0,0.0,one_sided_huber,additive_removal_premium_v1,0.015
prefs_ra7_eis0p9_prtp0p005,5,1,delay_frontier,fixed_learning_grid,default,0|5|10|15|35|75|125|175|225,optimal,19,4,2060,0.0625,229.70761308383734,0.9877011348479704,0.7402514882296842,439.022140865258,1.6175516909433125,11.423621884635457,0.2172051050484266,0.002231503389027761,0.0022250513444934963,7.0,0.9,0.005,1.5,1.5,10000.0,0.0,one_sided_huber,additive_removal_premium_v1,0.015
prefs_ra7_eis0p9_prtp0p005,5,1,delay_frontier,fixed_learning_grid,default,0|5|10|15|35|75|125|175|225,optimal,20,4,2060,0.0625,101.75674307332083,0.6936357023959059,0.7870800900129136,434.0673748260423,1.6601139456270413,11.47512260626425,0.21208383462623084,0.000865324587864979,0.0008570587297522935,7.0,0.9,0.005,1.5,1.5,10000.0,0.0,one_sided_huber,additive_removal_premium_v1,0.015
prefs_ra7_eis0p9_prtp0p005,5,1,delay_frontier,fixed_learning_grid,default,0|5|10|15|35|75|125|175|225,optimal,21,4,2060,0.0625,101.47789530278179,0.6889617779317665,0.7638589435319465,436.4962360482387,1.6600616454806587,11.47631776720819,0.2121158031048072,0.0009955813317582107,0.0009882607380311964,7.0,0.9,0.005,1.5,1.5,10000.0,0.0,one_sided_huber,additive_removal_premium_v1,0.015
prefs_ra7_eis0p9_prtp0p005,5,1,delay_frontier,fixed_learning_grid,default,0|5|10|15|35|75|125|175|225,optimal,22,4,2060,0.0625,101.03735919962003,0.6836858804468432,0.7402514882296842,439.022140865258,1.6600539741530915,11.43134549549834,0.21119351249919463,0.0011280974777849644,0.0011216454332506997,7.0,0.9,0.005,1.5,1.5,10000.0,0.0,one_sided_huber,additive_removal_premium_v1,0.015
prefs_ra7_eis0p9_prtp0p005,5,1,delay_frontier,fixed_learning_grid,default,0|5|10|15|35|75|125|175|225,optimal,23,4,2060,0.0625,117.32259707773775,0.7180496427334193,0.6300550953567877,455.16776773101554,1.6544850588703546,11.548510776215789,0.21439901555127153,0.0018333125558571345,0.001830434487691254,7.0,0.9,0.005,1.5,1.5,10000.0,0.0,one_sided_huber,additive_removal_premium_v1,0.015
prefs_ra7_eis0p9_prtp0p005,5,1,delay_frontier,fixed_learning_grid,default,0|5|10|15|35|75|125|175|225,optimal,24,4,2060,0.0625,118.49729243120966,0.7177933942924172,0.6068748739238791,457.6340546010446,1.6539641973716013,11.530235450927403,0.21409695705938286,0.0019925059132157204,0.0019899617411381705,7.0,0.9,0.005,1.5,1.5,10000.0,0.0,one_sided_huber,additive_removal_premium_v1,0.015
prefs_ra7_eis0p9_prtp0p005,5,1,delay_frontier,fixed_learning_grid,default,0|5|10|15|35|75|125|175|225,optimal,25,4,2060,0.0625,121.97176440714722,0.7239481222204328,0.5820514415292426,460.2551036743258,1.652711347742117,11.525705247029475,0.21418375408588922,0.002183728826754506,0.0021814971501522276,7.0,0.9,0.005,1.5,1.5,10000.0,0.0,one_sided_huber,additive_removal_premium_v1,0.015
prefs_ra7_eis0p9_prtp0p005,5,1,delay_frontier,fixed_learning_grid,default,0|5|10|15|35|75|125|175|225,optimal,26,4,2060,0.0625,51.081369006520404,0.45270907830557455,0.6300550953567877,455.16776773101554,1.6743055985295598,11.55591452611209,0.21173152082377242,0.0008533241139801799,0.0008504460458142995,7.0,0.9,0.005,1.5,1.5,10000.0,0.0,one_sided_huber,additive_removal_premium_v1,0.015
prefs_ra7_eis0p9_prtp0p005,5,1,delay_frontier,fixed_learning_grid,default,0|5|10|15|35|75|125|175|225,optimal,27,4,2060,0.0625,51.706161480820526,0.4531222437995593,0.6068748739238791,457.6340546010446,1.6740610796139779,11.559251847380272,0.21183383741900336,0.0009362416886464384,0.0009336975165688884,7.0,0.9,0.005,1.5,1.5,10000.0,0.0,one_sided_huber,additive_removal_premium_v1,0.015
prefs_ra7_eis0p9_prtp0p005,5,1,delay_frontier,fixed_learning_grid,default,0|5|10|15|35|75|125|175|225,optimal,28,4,2060,0.0625,53.169970785689266,0.45777791677559027,0.5820514415292426,460.2551036743258,1.673586955461737,11.582416272367366,0.21237239651536993,0.00103833884326154,0.0010361071666592618,7.0,0.9,0.005,1.5,1.5,10000.0,0.0,one_sided_huber,additive_removal_premium_v1,0.015
prefs_ra7_eis0p9_prtp0p005,5,1,delay_frontier,fixed_learning_grid,default,0|5|10|15|35|75|125|175|225,optimal,29,4,2060,0.0625,59.70372859784098,0.4751258219826474,0.46188963559565455,477.0229694505898,1.6713325266509247,11.57590403598009,0.21255784598940933,0.001585526197014114,0.0015845612083063923,7.0,0.9,0.005,1.5,1.5,10000.0,0.0,one_sided_huber,additive_removal_premium_v1,0.015
prefs_ra7_eis0p9_prtp0p005,5,1,delay_frontier,fixed_learning_grid,default,0|5|10|15|35|75|125|175|225,optimal,30,4,2060,0.0625,26.81090885446114,0.2766617959420747,0.46188963559565455,477.0229694505898,1.6799157105023834,11.606261148986535,0.21196742980292765,0.0006830864312106571,0.0006821214425029354,7.0,0.9,0.005,1.5,1.5,10000.0,0.0,one_sided_huber,additive_removal_premium_v1,0.015
prefs_ra7_eis0p9_prtp0p005,5,1,delay_frontier,fixed_learning_grid,default,0|5|10|15|35|75|125|175|225,optimal,31,5,2100,0.03125,66.50502426776593,1.0,0.9374459093418835,397.7747952643578,2.991882705652416,17.459057988887544,0.17570855563909105,0.00978074615520277,0.009730005876182292,7.0,0.9,0.005,1.5,1.5,10000.0,0.0,one_sided_huber,additive_removal_premium_v1,0.015
prefs_ra7_eis0p9_prtp0p005,5,1,delay_frontier,fixed_learning_grid,default,0|5|10|15|35|75|125|175|225,optimal,32,5,2100,0.03125,66.50502426776593,1.0,0.9374459093418835,397.7747952643578,3.0034247055569954,17.369767479161137,0.17396452664519815,0.005960706515347779,0.005909966236327301,7.0,0.9,0.005,1.5,1.5,10000.0,0.0,one_sided_huber,additive_removal_premium_v1,0.015
prefs_ra7_eis0p9_prtp0p005,5,1,delay_frontier,fixed_learning_grid,default,0|5|10|15|35|75|125|175|225,optimal,33,5,2100,0.03125,67.26898040813371,1.0,0.9268833494341516,399.86811684176155,3.0000465370320435,17.457347673379072,0.17515829735443542,0.0069535907441428246,0.006907892539261745,7.0,0.9,0.005,1.5,1.5,10000.0,0.0,one_sided_huber,additive_removal_premium_v1,0.015
prefs_ra7_eis0p9_prtp0p005,5,1,delay_frontier,fixed_learning_grid,default,0|5|10|15|35|75|125|175|225,optimal,34,5,2100,0.03125,71.98133398701279,1.0,0.8642333887708447,409.8187496317222,2.979726372551331,17.430832626973057,0.17618819323089788,0.012912135247227879,0.012884348886204692,7.0,0.9,0.005,1.5,1.5,10000.0,0.0,one_sided_huber,additive_removal_premium_v1,0.015
prefs_ra7_eis0p9_prtp0p005,5,1,delay_frontier,fixed_learning_grid,default,0|5|10|15|35|75|125|175|225,optimal,35,5,2100,0.03125,73.13251270506431,1.0,0.8495436018308976,412.02245570237415,2.9749086681967154,17.419244970450155,0.17637488239299545,0.014320681760123131,0.014295794329416932,7.0,0.9,0.005,1.5,1.5,10000.0,0.0,one_sided_huber,additive_removal_premium_v1,0.015
prefs_ra7_eis0p9_prtp0p005,5,1,delay_frontier,fixed_learning_grid,default,0|5|10|15|35|75|125|175|225,optimal,36,5,2100,0.03125,73.82503033841637,1.0,0.8408160364303818,413.0242248053039,2.972041378324044,17.32823476197371,0.17553926377960263,0.015158040534757528,0.015134368943552162,7.0,0.9,0.005,1.5,1.5,10000.0,0.0,one_sided_huber,additive_removal_premium_v1,0.015
prefs_ra7_eis0p9_prtp0p005,5,1,delay_frontier,fixed_learning_grid,default,0|5|10|15|35|75|125|175|225,optimal,37,5,2100,0.03125,36.19284397122039,0.7659391126620813,0.9268833494341516,399.86811684176155,3.030781157983759,17.246604823662995,0.17086439137135537,0.002769459762875755,0.002723761557994675,7.0,0.9,0.005,1.5,1.5,10000.0,0.0,one_sided_huber,additive_removal_premium_v1,0.015
prefs_ra7_eis0p9_prtp0p005,5,1,delay_frontier,fixed_learning_grid,default,0|5|10|15|35|75|125|175|225,optimal,38,5,2100,0.03125,42.291995357311954,0.7979367826145859,0.8642333887708447,409.8187496317222,3.020357094139287,17.467448632507065,0.17396182354366088,0.005193435300825079,0.005165648939801891,7.0,0.9,0.005,1.5,1.5,10000.0,0.0,one_sided_huber,additive_removal_premium_v1,0.015
prefs_ra7_eis0p9_prtp0p005,5,1,delay_frontier,fixed_learning_grid,default,0|5|10|15|35|75|125|175|225,optimal,39,5,2100,0.03125,42.81281495638512,0.7966093803892208,0.8495436018308976,412.02245570237415,3.01836325483365,17.53582516883576,0.17484686979297248,0.005782135173077576,0.005757247742371376,7.0,0.9,0.005,1.5,1.5,10000.0,0.0,one_sided_huber,additive_removal_premium_v1,0.015
prefs_ra7_eis0p9_prtp0p005,5,1,delay_frontier,fixed_learning_grid,default,0|5|10|15|35|75|125|175|225,optimal,40,5,2100,0.03125,41.80003025612429,0.7844335680728536,0.8408160364303818,413.0242248053039,3.017916092255314,17.49307797699004,0.1744020580581365,0.006132402800382601,0.0061087312091772355,7.0,0.9,0.005,1.5,1.5,10000.0,0.0,one_sided_huber,additive_removal_premium_v1,0.015
prefs_ra7_eis0p9_prtp0p005,5,1,delay_frontier,fixed_learning_grid,default,0|5|10|15|35|75|125|175|225,optimal,41,5,2100,0.03125,48.213350849255974,0.8004222741304226,0.7491039087937449,432.63547462420416,3.0033253470946932,17.42172637042519,0.17454924657946838,0.00994646828312814,0.00993758893675765,7.0,0.9,0.005,1.5,1.5,10000.0,0.0,one_sided_huber,additive_removal_premium_v1,0.015
prefs_ra7_eis0p9_prtp0p005,5,1,delay_frontier,fixed_learning_grid,default,0|5|10|15|35|75|125|175|225,optimal,42,5,2100,0.03125,49.630374519560974,0.8048460002624396,0.7334204291795144,435.0361138563773,3.0005975209679763,17.578657924555493,0.17647521272190553,0.010618790442696204,0.010610915412728836,7.0,0.9,0.005,1.5,1.5,10000.0,0.0,one_sided_huber,additive_removal_premium_v1,0.015
prefs_ra7_eis0p9_prtp0p005,5,1,delay_frontier,fixed_learning_grid,default,0|5|10|15|35|75|125|175|225,optimal,43,5,2100,0.03125,49.13422512673611,0.7947827255879143,0.7172629939314713,437.5103580983825,2.9988811727104543,17.52402537690073,0.17597775224009543,0.011311548504000691,0.011304589852578662,7.0,0.9,0.005,1.5,1.5,10000.0,0.0,one_sided_huber,additive_removal_premium_v1,0.015
prefs_ra7_eis0p9_prtp0p005,5,1,delay_frontier,fixed_learning_grid,default,0|5|10|15|35|75|125|175|225,optimal,44,5,2100,0.03125,52.0532339194581,0.795618648220546,0.6658164392180153,445.36636070675695,2.99052905845775,17.487987267053597,0.17612061566859208,0.01364675949687243,0.013642061257558956,7.0,0.9,0.005,1.5,1.5,10000.0,0.0,one_sided_huber,additive_removal_premium_v1,0.015
prefs_ra7_eis0p9_prtp0p005,5,1,delay_frontier,fixed_learning_grid,default,0|5|10|15|35|75|125|175|225,optimal,45,5,2100,0.03125,53.308724086564794,0.7988778862760476,0.6519526141445338,447.39584522724465,2.9879686364401725,17.459691381316368,0.17597140980244624,0.014293730789755437,0.014289485907629183,7.0,0.9,0.005,1.5,1.5,10000.0,0.0,one_sided_huber,additive_removal_premium_v1,0.015
prefs_ra7_eis0p9_prtp0p005,5,1,delay_frontier,fixed_learning_grid,default,0|5|10|15|35|75|125|175|225,optimal,46,5,2100,0.03125,54.83958161150023,0.8044306476897799,0.6397188327738972,449.06929841075896,2.985475230179181,17.38521281947112,0.17530008452162862,0.014864693552147241,0.014860789395731475,7.0,0.9,0.005,1.5,1.5,10000.0,0.0,one_sided_huber,additive_removal_premium_v1,0.015
prefs_ra7_eis0p9_prtp0p005,5,1,delay_frontier,fixed_learning_grid,default,0|5|10|15|35|75|125|175|225,optimal,47,5,2100,0.03125,16.693372119039854,0.4527181067591156,0.7491039087937449,432.63547462420416,3.042293147617968,17.651584698647728,0.1745911555644536,0.002449207759800668,0.0024403284134301767,7.0,0.9,0.005,1.5,1.5,10000.0,0.0,one_sided_huber,additive_removal_premium_v1,0.015
prefs_ra7_eis0p9_prtp0p005,5,1,delay_frontier,fixed_learning_grid,default,0|5|10|15|35|75|125|175|225,optimal,48,5,2100,0.03125,17.670715640543463,0.46406083956224453,0.7334204291795144,435.0361138563773,3.041285341062015,17.631352228129902,0.174433018580001,0.002653795865348486,0.002645920835381119,7.0,0.9,0.005,1.5,1.5,10000.0,0.0,one_sided_huber,additive_removal_premium_v1,0.015
prefs_ra7_eis0p9_prtp0p005,5,1,delay_frontier,fixed_learning_grid,default,0|5|10|15|35|75|125|175|225,optimal,49,5,2100,0.03125,18.564500875997947,0.4732301594620432,0.7172629939314713,437.5103580983825,3.040293700153504,17.61920441643803,0.17436265608547724,0.002864684923279542,0.0028577262718575127,7.0,0.9,0.005,1.5,1.5,10000.0,0.0,one_sided_huber,additive_removal_premium_v1,0.015
prefs_ra7_eis0p9_prtp0p005,5,1,delay_frontier,fixed_learning_grid,default,0|5|10|15|35|75|125|175|225,optimal,50,5,2100,0.03125,19.957362360839433,0.4781304979632458,0.6658164392180153,445.36636070675695,3.0374585536045253,17.597591843456712,0.17430562119919196,0.0036421353805022737,0.0036374371411888,7.0,0.9,0.005,1.5,1.5,10000.0,0.0,one_sided_huber,additive_removal_premium_v1,0.015
prefs_ra7_eis0p9_prtp0p005,5,1,delay_frontier,fixed_learning_grid,default,0|5|10|15|35|75|125|175|225,optimal,51,5,2100,0.03125,19.80460021699013,0.47158848484668964,0.6519526141445338,447.39584522724465,3.036886332678582,17.565910229681887,0.17399339931186328,0.0038661296365083138,0.0038618847543820597,7.0,0.9,0.005,1.5,1.5,10000.0,0.0,one_sided_huber,additive_removal_premium_v1,0.015
prefs_ra7_eis0p9_prtp0p005,5,1,delay_frontier,fixed_learning_grid,default,0|5|10|15|35|75|125|175|225,optimal,52,5,2100,0.03125,20.266620951725592,0.4744437568438834,0.6397188327738972,449.06929841075896,3.036117108095809,17.64325384921033,0.1748940527953937,0.004063847023505822,0.0040599428670900556,7.0,0.9,0.005,1.5,1.5,10000.0,0.0,one_sided_huber,additive_removal_premium_v1,0.015
prefs_ra7_eis0p9_prtp0p005,5,1,delay_frontier,fixed_learning_grid,default,0|5|10|15|35|75|125|175|225,optimal,53,5,2100,0.03125,24.455845138922303,0.503831041270935,0.5579809488640257,466.7375397334132,3.030145627834368,17.615303051174727,0.17496854928006317,0.005496552423545596,0.005494938558490401,7.0,0.9,0.005,1.5,1.5,10000.0,0.0,one_sided_huber,additive_removal_premium_v1,0.015
prefs_ra7_eis0p9_prtp0p005,5,1,delay_frontier,fixed_learning_grid,default,0|5|10|15|35|75|125|175|225,optimal,54,5,2100,0.03125,24.39266662171304,0.4987070828359531,0.5443891763509385,468.7131080158074,3.0294458783235205,17.595457436649948,0.17479438848156964,0.0057525766803578175,0.005751114609692132,7.0,0.9,0.005,1.5,1.5,10000.0,0.0,one_sided_huber,additive_removal_premium_v1,0.015
prefs_ra7_eis0p9_prtp0p005,5,1,delay_frontier,fixed_learning_grid,default,0|5|10|15|35|75|125|175|225,optimal,55,5,2100,0.03125,24.420827488205862,0.49495609391928175,0.5315461729182198,470.5072987571796,3.0287445363357546,17.591044370481423,0.17479063948433526,0.005994514573986039,0.005993177953659687,7.0,0.9,0.005,1.5,1.5,10000.0,0.0,one_sided_huber,additive_removal_premium_v1,0.015
prefs_ra7_eis0p9_prtp0p005,5,1,delay_frontier,fixed_learning_grid,default,0|5|10|15|35|75|125|175|225,optimal,56,5,2100,0.03125,27.62098816538326,0.5111026007562993,0.46726887586574284,480.4910227003587,3.023538702069998,17.638221115465978,0.17564698270691773,0.007308662346135711,0.007307850984481736,7.0,0.9,0.005,1.5,1.5,10000.0,0.0,one_sided_huber,additive_removal_premium_v1,0.015
prefs_ra7_eis0p9_prtp0p005,5,1,delay_frontier,fixed_learning_grid,default,0|5|10|15|35|75|125|175|225,optimal,57,5,2100,0.03125,9.435819025702436,0.2657242275326494,0.5579809488640257,466.7375397334132,3.0474143780034577,17.655627424508687,0.17430952931299837,0.001782557676509437,0.001780943811454242,7.0,0.9,0.005,1.5,1.5,10000.0,0.0,one_sided_huber,additive_removal_premium_v1,0.015
prefs_ra7_eis0p9_prtp0p005,5,1,delay_frontier,fixed_learning_grid,default,0|5|10|15|35|75|125|175|225,optimal,58,5,2100,0.03125,9.696145891351037,0.2682408581638937,0.5443891763509385,468.7131080158074,3.0470494550865865,17.646360578062808,0.17423105952636303,0.0018815346580272586,0.0018800725873615724,7.0,0.9,0.005,1.5,1.5,10000.0,0.0,one_sided_huber,additive_removal_premium_v1,0.015
prefs_ra7_eis0p9_prtp0p005,5,1,delay_frontier,fixed_learning_grid,default,0|5|10|15|35|75|125|175|225,optimal,59,5,2100,0.03125,10.466399091004458,0.28100311447241333,0.5315461729182198,470.5072987571796,3.0465399472226276,17.643732256262318,0.17423459689405868,0.0019750769914911918,0.001973740371164841,7.0,0.9,0.005,1.5,1.5,10000.0,0.0,one_sided_huber,additive_removal_premium_v1,0.015
prefs_ra7_eis0p9_prtp0p005,5,1,delay_frontier,fixed_learning_grid,default,0|5|10|15|35|75|125|175|225,optimal,60,5,2100,0.03125,11.332509626965482,0.2831761423474099,0.46726887586574284,480.4910227003587,3.044786332229384,17.645574465314656,0.17436632553336445,0.002489974575831311,0.0024891632141773356,7.0,0.9,0.005,1.5,1.5,10000.0,0.0,one_sided_huber,additive_removal_premium_v1,0.015
prefs_ra7_eis0p9_prtp0p005,5,1,delay_frontier,fixed_learning_grid,default,0|5|10|15|35|75|125|175|225,optimal,61,5,2100,0.03125,13.403054304452908,0.30046221533227013,0.3866122841687277,496.47580150720944,3.0420460735870845,17.67521826362321,0.17486668609409087,0.003210709068315159,0.0032103442222969174,7.0,0.9,0.005,1.5,1.5,10000.0,0.0,one_sided_huber,additive_removal_premium_v1,0.015
prefs_ra7_eis0p9_prtp0p005,5,1,delay_frontier,fixed_learning_grid,default,0|5|10|15|35|75|125|175|225,optimal,62,5,2100,0.03125,4.463976533873721,0.12445896592660485,0.3866122841687277,496.47580150720944,3.0506492294630605,17.68533310528573,0.17442967911313037,0.0011574558003256833,0.0011570909543074418,7.0,0.9,0.005,1.5,1.5,10000.0,0.0,one_sided_huber,additive_removal_premium_v1,0.015
prefs_ra7_eis0p9_prtp0p005,5,1,delay_frontier,fixed_learning_grid,default,0|5|10|15|35|75|125|175|225,optimal,63,6,2150,0.015625,14.980938244029353,1.0,0.9460120935572344,375.34009005636165,6.340146832628734,27.58814468092693,0.12681726769896248,0.011657987345565961,0.011502222062616379,7.0,0.9,0.005,1.5,1.5,10000.0,0.0,one_sided_huber,additive_removal_premium_v1,0.015
prefs_ra7_eis0p9_prtp0p005,5,1,delay_frontier,fixed_learning_grid,default,0|5|10|15|35|75|125|175|225,optimal,64,6,2150,0.015625,14.980938244029353,1.0,0.9460120935572344,375.34009005636165,6.362841590958847,27.64712358279815,0.12661486169432404,0.008120185506457843,0.00796442022350826,7.0,0.9,0.005,1.5,1.5,10000.0,0.0,one_sided_huber,additive_removal_premium_v1,0.015
prefs_ra7_eis0p9_prtp0p005,5,1,delay_frontier,fixed_learning_grid,default,0|5|10|15|35|75|125|175|225,optimal,65,6,2150,0.015625,14.980938244029353,1.0,0.9460120935572344,375.34009005636165,6.362841590958847,27.49489767404012,0.12584049313285275,0.008120185506457843,0.00796442022350826,7.0,0.9,0.005,1.5,1.5,10000.0,0.0,one_sided_huber,additive_removal_premium_v1,0.015
prefs_ra7_eis0p9_prtp0p005,5,1,delay_frontier,fixed_learning_grid,default,0|5|10|15|35|75|125|175|225,optimal,66,6,2150,0.015625,15.236285944216036,1.0,0.9368959751692078,376.88600633621945,6.354023428847485,27.30849341916444,0.125085509981955,0.009453431500006399,0.009309250990866599,7.0,0.9,0.005,1.5,1.5,10000.0,0.0,one_sided_huber,additive_removal_premium_v1,0.015
prefs_ra7_eis0p9_prtp0p005,5,1,delay_frontier,fixed_learning_grid,default,0|5|10|15|35|75|125|175|225,optimal,67,6,2150,0.015625,16.842028193614727,1.0,0.8828253272012045,385.26487209722484,6.3014009243327465,27.68727743331735,0.1281938638658684,0.01739873285166546,0.017303894667907604,7.0,0.9,0.005,1.5,1.5,10000.0,0.0,one_sided_huber,additive_removal_premium_v1,0.015
prefs_ra7_eis0p9_prtp0p005,5,1,delay_frontier,fixed_learning_grid,default,0|5|10|15|35|75|125|175|225,optimal,68,6,2150,0.015625,17.242186343300656,1.0,0.8701471660348554,387.17122177183813,6.288964741341572,27.581903020884464,0.12793238314067526,0.019273722959479277,0.019187506315122917,7.0,0.9,0.005,1.5,1.5,10000.0,0.0,one_sided_huber,additive_removal_premium_v1,0.015
prefs_ra7_eis0p9_prtp0p005,5,1,delay_frontier,fixed_learning_grid,default,0|5|10|15|35|75|125|175|225,optimal,69,6,2150,0.015625,17.484380141105646,1.0,0.8626147572130027,388.1970740872817,6.281567062331567,27.46047833233877,0.1274733538274692,0.020388512758918526,0.020306606538118,7.0,0.9,0.005,1.5,1.5,10000.0,0.0,one_sided_huber,additive_removal_premium_v1,0.015
prefs_ra7_eis0p9_prtp0p005,5,1,delay_frontier,fixed_learning_grid,default,0|5|10|15|35|75|125|175|225,optimal,70,6,2150,0.015625,14.980938244029353,1.0,0.9460120935572344,375.34009005636165,6.3891106045235455,27.731840243827293,0.12646575824728104,0.004025206254026708,0.003869440971077124,7.0,0.9,0.005,1.5,1.5,10000.0,0.0,one_sided_huber,additive_removal_premium_v1,0.015
prefs_ra7_eis0p9_prtp0p005,5,1,delay_frontier,fixed_learning_grid,default,0|5|10|15|35|75|125|175|225,optimal,71,6,2150,0.015625,15.236285944216036,1.0,0.9368959751692078,376.88600633621945,6.3847268092200435,27.55432678155741,0.12566241419151944,0.0046669952506040975,0.004522814741464298,7.0,0.9,0.005,1.5,1.5,10000.0,0.0,one_sided_huber,additive_removal_premium_v1,0.015
prefs_ra7_eis0p9_prtp0p005,5,1,delay_frontier,fixed_learning_grid,default,0|5|10|15|35|75|125|175|225,optimal,72,6,2150,0.015625,16.842028193614727,1.0,0.8828253272012045,385.26487209722484,6.358152123417003,27.556044200579446,0.12625487220893983,0.008549303843419438,0.008454465659661582,7.0,0.9,0.005,1.5,1.5,10000.0,0.0,one_sided_huber,additive_removal_premium_v1,0.015
prefs_ra7_eis0p9_prtp0p005,5,1,delay_frontier,fixed_learning_grid,default,0|5|10|15|35|75|125|175|225,optimal,73,6,2150,0.015625,17.242186343300656,1.0,0.8701471660348554,387.17122177183813,6.3516976596016885,27.456848506388443,0.12589197552387588,0.009490901159144785,0.009404684514788425,7.0,0.9,0.005,1.5,1.5,10000.0,0.0,one_sided_huber,additive_removal_premium_v1,0.015
prefs_ra7_eis0p9_prtp0p005,5,1,delay_frontier,fixed_learning_grid,default,0|5|10|15|35|75|125|175|225,optimal,74,6,2150,0.015625,17.484380141105646,1.0,0.8626147572130027,388.1970740872817,6.347853448181545,27.303439934506127,0.1251948599881488,0.010051139236995105,0.009969233016194578,7.0,0.9,0.005,1.5,1.5,10000.0,0.0,one_sided_huber,additive_removal_premium_v1,0.015
prefs_ra7_eis0p9_prtp0p005,5,1,delay_frontier,fixed_learning_grid,default,0|5|10|15|35|75|125|175|225,optimal,75,6,2150,0.015625,16.16883789637775,1.0,0.9048435760782632,384.15988445304697,6.369300512429993,27.15491111655321,0.12397287939266667,0.006920310853313487,0.006820086008971194,7.0,0.9,0.005,1.5,1.5,10000.0,0.0,one_sided_huber,additive_removal_premium_v1,0.015
prefs_ra7_eis0p9_prtp0p005,5,1,delay_frontier,fixed_learning_grid,default,0|5|10|15|35|75|125|175|225,optimal,76,6,2150,0.015625,17.727572140678646,1.0,0.8551547028653788,391.54436301034593,6.344096548593482,26.97706753338524,0.12361445392307595,0.01059764323492082,0.01052835860297118,7.0,0.9,0.005,1.5,1.5,10000.0,0.0,one_sided_huber,additive_removal_premium_v1,0.015
prefs_ra7_eis0p9_prtp0p005,5,1,delay_frontier,fixed_learning_grid,default,0|5|10|15|35|75|125|175|225,optimal,77,6,2150,0.015625,18.15469636855523,1.0,0.8422947666644842,393.49196418199114,6.337514430908926,27.350454138075435,0.12566180185840484,0.011555057557777153,0.011492201363248775,7.0,0.9,0.005,1.5,1.5,10000.0,0.0,one_sided_huber,additive_removal_premium_v1,0.015
prefs_ra7_eis0p9_prtp0p005,5,1,delay_frontier,fixed_learning_grid,default,0|5|10|15|35|75|125|175|225,optimal,78,6,2150,0.015625,18.46649995902455,1.0,0.8330949968407174,394.8962025480471,6.332797589924978,27.801273033044613,0.12807123884810187,0.01224031190399177,0.012181717345469675,7.0,0.9,0.005,1.5,1.5,10000.0,0.0,one_sided_huber,additive_removal_premium_v1,0.015
prefs_ra7_eis0p9_prtp0p005,5,1,delay_frontier,fixed_learning_grid,default,0|5|10|15|35|75|125|175|225,optimal,79,6,2150,0.015625,21.2918643664033,1.0,0.7561314679266441,408.31725455339614,6.292328909504906,27.746781402669317,0.1287058869813927,0.018098250067164912,0.01806829741489615,7.0,0.9,0.005,1.5,1.5,10000.0,0.0,one_sided_huber,additive_removal_premium_v1,0.015
prefs_ra7_eis0p9_prtp0p005,5,1,delay_frontier,fixed_learning_grid,default,0|5|10|15|35|75|125|175|225,optimal,80,6,2150,0.015625,21.806897444610353,1.0,0.743201477759166,410.2315636766711,6.285382630950437,27.75086584000191,0.128885017245153,0.01909945409202188,0.019072235367036377,7.0,0.9,0.005,1.5,1.5,10000.0,0.0,one_sided_huber,additive_removal_premium_v1,0.015
prefs_ra7_eis0p9_prtp0p005,5,1,delay_frontier,fixed_learning_grid,default,0|5|10|15|35|75|125|175|225,optimal,81,6,2150,0.015625,22.43326159036179,1.0,0.7278785794944196,412.65757269080814,6.277134923851797,27.715694018903662,0.1288914400084351,0.02028607815262314,0.020261968607782,7.0,0.9,0.005,1.5,1.5,10000.0,0.0,one_sided_huber,additive_removal_premium_v1,0.015
prefs_ra7_eis0p9_prtp0p005,5,1,delay_frontier,fixed_learning_grid,default,0|5|10|15|35|75|125|175|225,optimal,82,6,2150,0.015625,24.345681543048045,1.0,0.6835916098291936,419.4291831749101,6.252718013079942,27.62852181638056,0.12899849544437733,0.023791150982360225,0.02377396602869409,7.0,0.9,0.005,1.5,1.5,10000.0,0.0,one_sided_huber,additive_removal_premium_v1,0.015
prefs_ra7_eis0p9_prtp0p005,5,1,delay_frontier,fixed_learning_grid,default,0|5|10|15|35|75|125|175|225,optimal,83,6,2150,0.015625,24.869047484308975,1.0,0.6720726244224832,421.1086222389985,6.246132608838176,27.583674783426357,0.12891671164679405,0.024735658307519868,0.024719857458957956,7.0,0.9,0.005,1.5,1.5,10000.0,0.0,one_sided_huber,additive_removal_premium_v1,0.015
prefs_ra7_eis0p9_prtp0p005,5,1,delay_frontier,fixed_learning_grid,default,0|5|10|15|35|75|125|175|225,optimal,84,6,2150,0.015625,25.322994837618023,1.0,0.6622745399094326,422.46835340739506,6.240522000931252,27.543610614713476,0.12883725776849442,0.025539197948816053,0.025524435626796994,7.0,0.9,0.005,1.5,1.5,10000.0,0.0,one_sided_huber,additive_removal_premium_v1,0.015
prefs_ra7_eis0p9_prtp0p005,5,1,delay_frontier,fixed_learning_grid,default,0|5|10|15|35|75|125|175|225,optimal,85,6,2150,0.015625,9.187742292398724,0.7857387124864192,0.9048435760782632,384.15988445304697,6.412374184794009,27.82701759785086,0.12643648728848522,0.0015443928006161679,0.0014441679562738742,7.0,0.9,0.005,1.5,1.5,10000.0,0.0,one_sided_huber,additive_removal_premium_v1,0.015
prefs_ra7_eis0p9_prtp0p005,5,1,delay_frontier,fixed_learning_grid,default,0|5|10|15|35|75|125|175|225,optimal,86,6,2150,0.015625,9.865724681694148,0.778163426376382,0.8551547028653788,391.54436301034593,6.405757296458433,27.790631011438347,0.12639771538420327,0.0024874866251177186,0.00241820199316808,7.0,0.9,0.005,1.5,1.5,10000.0,0.0,one_sided_huber,additive_removal_premium_v1,0.015
prefs_ra7_eis0p9_prtp0p005,5,1,delay_frontier,fixed_learning_grid,default,0|5|10|15|35|75|125|175|225,optimal,87,6,2150,0.015625,9.956733875442595,0.7728625843973289,0.8422947666644842,393.49196418199114,6.4040976766737705,27.718933334265756,0.12607172978834036,0.0027392944786021017,0.0026764382840737235,7.0,0.9,0.005,1.5,1.5,10000.0,0.0,one_sided_huber,additive_removal_premium_v1,0.015
prefs_ra7_eis0p9_prtp0p005,5,1,delay_frontier,fixed_learning_grid,default,0|5|10|15|35|75|125|175|225,optimal,88,6,2150,0.015625,9.987937419854502,0.7678369297884617,0.8330949968407174,394.8962025480471,6.40294851547935,27.677268264119554,0.12588628873017965,0.0029197704959840172,0.0028611759374619224,7.0,0.9,0.005,1.5,1.5,10000.0,0.0,one_sided_huber,additive_removal_premium_v1,0.015
prefs_ra7_eis0p9_prtp0p005,5,1,delay_frontier,fixed_learning_grid,default,0|5|10|15|35|75|125|175|225,optimal,89,6,2150,0.015625,13.268037168848636,0.8195808434331152,0.7561314679266441,408.31725455339614,6.3884736434588945,27.63058451843923,0.1259667521810443,0.0046396897639328265,0.004609737111664063,7.0,0.9,0.005,1.5,1.5,10000.0,0.0,one_sided_huber,additive_removal_premium_v1,0.015
prefs_ra7_eis0p9_prtp0p005,5,1,delay_frontier,fixed_learning_grid,default,0|5|10|15|35|75|125|175|225,optimal,90,6,2150,0.015625,13.451137780014985,0.8158163725553086,0.743201477759166,410.2315636766711,6.386306167121441,27.662668373694643,0.126176848677666,0.004956455786230364,0.004929237061244859,7.0,0.9,0.005,1.5,1.5,10000.0,0.0,one_sided_huber,additive_removal_premium_v1,0.015
prefs_ra7_eis0p9_prtp0p005,5,1,delay_frontier,fixed_learning_grid,default,0|5|10|15|35|75|125|175|225,optimal,91,6,2150,0.015625,13.552784043060516,0.8081584035648427,0.7278785794944196,412.65757269080814,6.3838759338403825,27.62191041020427,0.12602358533731695,0.005331975294863499,0.005307865750022362,7.0,0.9,0.005,1.5,1.5,10000.0,0.0,one_sided_huber,additive_removal_premium_v1,0.015
prefs_ra7_eis0p9_prtp0p005,5,1,delay_frontier,fixed_learning_grid,default,0|5|10|15|35|75|125|175|225,optimal,92,6,2150,0.015625,15.344796159992493,0.823792938653518,0.6835916098291936,419.4291831749101,6.374507442171274,27.57103802963334,0.12597110936678252,0.006508079749257129,0.0064908947955909955,7.0,0.9,0.005,1.5,1.5,10000.0,0.0,one_sided_huber,additive_removal_premium_v1,0.015
prefs_ra7_eis0p9_prtp0p005,5,1,delay_frontier,fixed_learning_grid,default,0|5|10|15|35|75|125|175|225,optimal,93,6,2150,0.015625,16.8508119381174,0.8507189778081802,0.6720726244224832,421.1086222389985,6.370574120491792,27.477439019889644,0.1255821277942407,0.0068535975472595765,0.006837796698697664,7.0,0.9,0.005,1.5,1.5,10000.0,0.0,one_sided_huber,additive_removal_premium_v1,0.015
prefs_ra7_eis0p9_prtp0p005,5,1,delay_frontier,fixed_learning_grid,default,0|5|10|15|35|75|125|175|225,optimal,94,6,2150,0.015625,16.750073273285114,0.8417241055644943,0.6622745399094326,422.46835340739506,6.368886645241918,27.41778341412494,0.1253161039668697,0.0071476348493914555,0.007132872527372396,7.0,0.9,0.005,1.5,1.5,10000.0,0.0,one_sided_huber,additive_removal_premium_v1,0.015
prefs_ra7_eis0p9_prtp0p005,5,1,delay_frontier,fixed_learning_grid,default,0|5|10|15|35|75|125|175|225,optimal,95,6,2150,0.015625,14.553553588219511,0.8212384047440467,0.7085167089426718,419.12280930855894,6.379790582196643,27.883521972305726,0.12744110622338353,0.00580374763718308,0.005786297410444877,7.0,0.9,0.005,1.5,1.5,10000.0,0.0,one_sided_huber,additive_removal_premium_v1,0.015
prefs_ra7_eis0p9_prtp0p005,5,1,delay_frontier,fixed_learning_grid,default,0|5|10|15|35|75|125|175|225,optimal,96,6,2150,0.015625,14.628038833380758,0.8149498629519771,0.6965342105396557,420.82209740979306,6.3777753519755125,27.876181244087206,0.12744855868586166,0.006117148612164595,0.006101119771221793,7.0,0.9,0.005,1.5,1.5,10000.0,0.0,one_sided_huber,additive_removal_premium_v1,0.015
prefs_ra7_eis0p9_prtp0p005,5,1,delay_frontier,fixed_learning_grid,default,0|5|10|15|35|75|125|175|225,optimal,97,6,2150,0.015625,16.028584365868223,0.840157789992555,0.6838450320897052,422.65041771824724,6.373753104910255,27.85426048571529,0.1274264970082453,0.00649789136493671,0.006483262815745809,7.0,0.9,0.005,1.5,1.5,10000.0,0.0,one_sided_huber,additive_removal_premium_v1,0.015
prefs_ra7_eis0p9_prtp0p005,5,1,delay_frontier,fixed_learning_grid,default,0|5|10|15|35|75|125|175|225,optimal,98,6,2150,0.015625,18.284095564099662,0.8592034186559945,0.6401146452904706,429.295718907446,6.362969447848239,27.833833675370027,0.12756244899797078,0.007810725545611259,0.007800232485262687,7.0,0.9,0.005,1.5,1.5,10000.0,0.0,one_sided_huber,additive_removal_premium_v1,0.015
prefs_ra7_eis0p9_prtp0p005,5,1,delay_frontier,fixed_learning_grid,default,0|5|10|15|35|75|125|175|225,optimal,99,6,2150,0.015625,18.356027638539526,0.8517808097598312,0.6272534723114136,431.279750110908,6.360515158626995,27.820364818970123,0.12754852694328386,0.008197057366243517,0.00818755525936915,7.0,0.9,0.005,1.5,1.5,10000.0,0.0,one_sided_huber,additive_removal_premium_v1,0.015
prefs_ra7_eis0p9_prtp0p005,5,1,delay_frontier,fixed_learning_grid,default,0|5|10|15|35|75|125|175|225,optimal,100,6,2150,0.015625,18.45901128351939,0.846858996592364,0.6170859924316024,432.7233107882007,6.358519725193303,27.83044162116034,0.12764435401856533,0.008502596110915667,0.008493755675080284,7.0,0.9,0.005,1.5,1.5,10000.0,0.0,one_sided_huber,additive_removal_premium_v1,0.015
prefs_ra7_eis0p9_prtp0p005,5,1,delay_frontier,fixed_learning_grid,default,0|5|10|15|35|75|125|175|225,optimal,101,6,2150,0.015625,21.603536168709837,0.8598360122192932,0.5505656371105259,444.2796249493412,6.3411139815507935,27.804635060313167,0.12790180737775964,0.010724477434881101,0.010719516846544779,7.0,0.9,0.005,1.5,1.5,10000.0,0.0,one_sided_huber,additive_removal_premium_v1,0.015
prefs_ra7_eis0p9_prtp0p005,5,1,delay_frontier,fixed_learning_grid,default,0|5|10|15|35|75|125|175|225,optimal,102,6,2150,0.015625,21.640415420957144,0.8518884603783321,0.5381334507177267,446.1797703638979,6.338438931083988,27.78732586231141,0.12787327766420623,0.011154376694050982,0.01114986570004908,7.0,0.9,0.005,1.5,1.5,10000.0,0.0,one_sided_huber,additive_removal_premium_v1,0.015
prefs_ra7_eis0p9_prtp0p005,5,1,delay_frontier,fixed_learning_grid,default,0|5|10|15|35|75|125|175|225,optimal,103,6,2150,0.015625,21.595845167750984,0.8431342399357479,0.5265355116830943,447.91779749433124,6.336038528104799,27.752180467486454,0.1277473387128454,0.011555472030359216,0.01155133649600318,7.0,0.9,0.005,1.5,1.5,10000.0,0.0,one_sided_huber,additive_removal_premium_v1,0.015
prefs_ra7_eis0p9_prtp0p005,5,1,delay_frontier,fixed_learning_grid,default,0|5|10|15|35|75|125|175|225,optimal,104,6,2150,0.015625,22.704383881479203,0.8252830317260164,0.4732714851005202,455.9402648702256,6.322517972753879,27.71986364520773,0.12788524337267893,0.01354600838334134,0.013543239360355118,7.0,0.9,0.005,1.5,1.5,10000.0,0.0,one_sided_huber,additive_removal_premium_v1,0.015
prefs_ra7_eis0p9_prtp0p005,5,1,delay_frontier,fixed_learning_grid,default,0|5|10|15|35|75|125|175|225,optimal,105,6,2150,0.015625,6.158763381216205,0.5283757251496249,0.7085167089426718,419.12280930855894,6.416298345931693,27.865737590435586,0.12654593116348486,0.0015752878288431632,0.00155783760210496,7.0,0.9,0.005,1.5,1.5,10000.0,0.0,one_sided_huber,additive_removal_premium_v1,0.015
prefs_ra7_eis0p9_prtp0p005,5,1,delay_frontier,fixed_learning_grid,default,0|5|10|15|35|75|125|175|225,optimal,106,6,2150,0.015625,6.2879403119864214,0.5279543303205774,0.6965342105396557,420.82209740979306,6.415519549063952,27.84881230140483,0.1264775886210603,0.0016830884549918863,0.0016670596140490846,7.0,0.9,0.005,1.5,1.5,10000.0,0.0,one_sided_huber,additive_removal_premium_v1,0.015
prefs_ra7_eis0p9_prtp0p005,5,1,delay_frontier,fixed_learning_grid,default,0|5|10|15|35|75|125|175|225,optimal,107,6,2150,0.015625,6.393168893344237,0.5258630247587791,0.6838450320897052,422.65041771824724,6.414565466969743,27.83168013882101,0.12641202724019274,0.001822395427361585,0.0018077668781706835,7.0,0.9,0.005,1.5,1.5,10000.0,0.0,one_sided_huber,additive_removal_premium_v1,0.015
prefs_ra7_eis0p9_prtp0p005,5,1,delay_frontier,fixed_learning_grid,default,0|5|10|15|35|75|125|175|225,optimal,108,6,2150,0.015625,6.489885954573719,0.5059860919654758,0.6401146452904706,429.295718907446,6.411539730025384,27.793858406499908,0.1262873537446104,0.0023031757358476066,0.0022926826754990338,7.0,0.9,0.005,1.5,1.5,10000.0,0.0,one_sided_huber,additive_removal_premium_v1,0.015
prefs_ra7_eis0p9_prtp0p005,5,1,delay_frontier,fixed_learning_grid,default,0|5|10|15|35|75|125|175|225,optimal,109,6,2150,0.015625,6.433015505127078,0.49629465325912864,0.6272534723114136,431.279750110908,6.410731141924524,27.770480401436878,0.1261870158422165,0.0024447992526809544,0.002435297145806588,7.0,0.9,0.005,1.5,1.5,10000.0,0.0,one_sided_huber,additive_removal_premium_v1,0.015
prefs_ra7_eis0p9_prtp0p005,5,1,delay_frontier,fixed_learning_grid,default,0|5|10|15|35|75|125|175|225,optimal,110,6,2150,0.015625,6.449511859031124,0.4915071199283972,0.6170859924316024,432.7233107882007,6.410031911397354,27.776299855432175,0.1262316955347691,0.0025568823336006904,0.0025480418977653074,7.0,0.9,0.005,1.5,1.5,10000.0,0.0,one_sided_huber,additive_removal_premium_v1,0.015
prefs_ra7_eis0p9_prtp0p005,5,1,delay_frontier,fixed_learning_grid,default,0|5|10|15|35|75|125|175|225,optimal,111,6,2150,0.015625,8.192814683418561,0.526523211065755,0.5505656371105259,444.2796249493412,6.403038149566001,27.747684195904203,0.12624023905959117,0.003424160500246646,0.0034191999119103232,7.0,0.9,0.005,1.5,1.5,10000.0,0.0,one_sided_huber,additive_removal_premium_v1,0.015
prefs_ra7_eis0p9_prtp0p005,5,1,delay_frontier,fixed_learning_grid,default,0|5|10|15|35|75|125|175|225,optimal,112,6,2150,0.015625,8.281594229925489,0.522821443389785,0.5381334507177267,446.1797703638979,6.401909447360168,27.791220938256032,0.12648511363360912,0.0035951496666717067,0.0035906386726698037,7.0,0.9,0.005,1.5,1.5,10000.0,0.0,one_sided_huber,additive_removal_premium_v1,0.015
prefs_ra7_eis0p9_prtp0p005,5,1,delay_frontier,fixed_learning_grid,default,0|5|10|15|35|75|125|175|225,optimal,113,6,2150,0.015625,8.361392378744515,0.5192402359244036,0.5265355116830943,447.91779749433124,6.400860029340013,27.891514327221007,0.12701552851213807,0.00375470876983235,0.003750573235476314,7.0,0.9,0.005,1.5,1.5,10000.0,0.0,one_sided_huber,additive_removal_premium_v1,0.015
prefs_ra7_eis0p9_prtp0p005,5,1,delay_frontier,fixed_learning_grid,default,0|5|10|15|35|75|125|175|225,optimal,114,6,2150,0.015625,10.164227214596481,0.5491623201726553,0.4732714851005202,455.9402648702256,6.394167151146366,27.87692270221211,0.127089342506441,0.00456025734314398,0.004557488320157758,7.0,0.9,0.005,1.5,1.5,10000.0,0.0,one_sided_huber,additive_removal_premium_v1,0.015
prefs_ra7_eis0p9_prtp0p005,5,1,delay_frontier,fixed_learning_grid,default,0|5|10|15|35|75|125|175|225,optimal,115,6,2150,0.015625,8.444303332760146,0.5174416874226787,0.5179591871093584,451.67923776640265,6.400063937104322,27.871914057466803,0.1269338980292132,0.003872266519945531,0.003868839999691175,7.0,0.9,0.005,1.5,1.5,10000.0,0.0,one_sided_huber,additive_removal_premium_v1,0.015
prefs_ra7_eis0p9_prtp0p005,5,1,delay_frontier,fixed_learning_grid,default,0|5|10|15|35|75|125|175|225,optimal,116,6,2150,0.015625,8.434095317965197,0.5107446698182209,0.5065733062861312,453.34193764172124,6.399120718805623,27.86087125015113,0.126898800068436,0.004029003475368995,0.0040258502983478795,7.0,0.9,0.005,1.5,1.5,10000.0,0.0,one_sided_huber,additive_removal_premium_v1,0.015
prefs_ra7_eis0p9_prtp0p005,5,1,delay_frontier,fixed_learning_grid,default,0|5|10|15|35|75|125|175|225,optimal,117,6,2150,0.015625,8.856980457332735,0.5203393659595288,0.49723669819091487,454.56678491349714,6.397879033656279,27.8518590600837,0.1268805470229683,0.004165053086440341,0.004162087222568593,7.0,0.9,0.005,1.5,1.5,10000.0,0.0,one_sided_huber,additive_removal_premium_v1,0.015
prefs_ra7_eis0p9_prtp0p005,5,1,delay_frontier,fixed_learning_grid,default,0|5|10|15|35|75|125|175|225,optimal,118,6,2150,0.015625,10.245460364158264,0.53381918484175,0.4420591373588829,463.02350417997343,6.390961016545611,27.848473714728947,0.1270160047533257,0.005074402798878282,0.0050724596041111895,7.0,0.9,0.005,1.5,1.5,10000.0,0.0,one_sided_huber,additive_removal_premium_v1,0.015
prefs_ra7_eis0p9_prtp0p005,5,1,delay_frontier,fixed_learning_grid,default,0|5|10|15|35|75|125|175|225,optimal,119,6,2150,0.015625,12.037891324729882,0.545450467314982,0.37481485650166113,474.29105338786565,6.382034278687016,27.81864765269338,0.12706204447472247,0.006250618723053099,0.006249512494220988,7.0,0.9,0.005,1.5,1.5,10000.0,0.0,one_sided_huber,additive_removal_premium_v1,0.015
prefs_ra7_eis0p9_prtp0p005,5,1,delay_frontier,fixed_learning_grid,default,0|5|10|15|35|75|125|175|225,optimal,120,6,2150,0.015625,3.3638644859191107,0.28140743443127314,0.5179591871093584,451.67923776640265,6.419337692383777,27.867213312976787,0.12648680268589593,0.0015472975760332998,0.001543871055778944,7.0,0.9,0.005,1.5,1.5,10000.0,0.0,one_sided_huber,additive_removal_premium_v1,0.015
prefs_ra7_eis0p9_prtp0p005,5,1,delay_frontier,fixed_learning_grid,default,0|5|10|15|35|75|125|175|225,optimal,121,6,2150,0.015625,3.793418799211571,0.30251491688801635,0.5065733062861312,453.34193764172124,6.418669225846989,27.85570987713271,0.12644341936833586,0.0016083753549624197,0.0016052221779413044,7.0,0.9,0.005,1.5,1.5,10000.0,0.0,one_sided_huber,additive_removal_premium_v1,0.015
prefs_ra7_eis0p9_prtp0p005,5,1,delay_frontier,fixed_learning_grid,default,0|5|10|15|35|75|125|175|225,optimal,122,6,2150,0.015625,3.79593767771137,0.29892361309451626,0.49723669819091487,454.56678491349714,6.418343666918429,27.826039252842282,0.12630089968540642,0.001661499241995178,0.0016585333781234297,7.0,0.9,0.005,1.5,1.5,10000.0,0.0,one_sided_huber,additive_removal_premium_v1,0.015
prefs_ra7_eis0p9_prtp0p005,5,1,delay_frontier,fixed_learning_grid,default,0|5|10|15|35|75|125|175|225,optimal,123,6,2150,0.015625,3.909011725270316,0.2835849151093077,0.4420591373588829,463.02350417997343,6.416080606630633,27.915196833644746,0.12680030125518388,0.00201774208519959,0.0020157988904324978,7.0,0.9,0.005,1.5,1.5,10000.0,0.0,one_sided_huber,additive_removal_premium_v1,0.015
prefs_ra7_eis0p9_prtp0p005,5,1,delay_frontier,fixed_learning_grid,default,0|5|10|15|35|75|125|175|225,optimal,124,6,2150,0.015625,4.503816230959089,0.287353111950562,0.37481485650166113,474.29105338786565,6.412878792949041,27.90974558067135,0.12684311851458224,0.002474562936673358,0.002473456707841247,7.0,0.9,0.005,1.5,1.5,10000.0,0.0,one_sided_huber,additive_removal_premium_v1,0.015
prefs_ra7_eis0p9_prtp0p005,5,1,delay_frontier,fixed_learning_grid,default,0|5|10|15|35|75|125|175|225,optimal,125,6,2150,0.015625,4.5284492019376,0.2792621726562198,0.35071289544607953,479.76068224770205,6.4117766620086805,27.900306189420903,0.1268196699808804,0.0026516592563268645,0.0026508177185684237,7.0,0.9,0.005,1.5,1.5,10000.0,0.0,one_sided_huber,additive_removal_premium_v1,0.015
prefs_ra7_eis0p9_prtp0p005,5,1,delay_frontier,fixed_learning_grid,default,0|5|10|15|35|75|125|175|225,optimal,126,6,2150,0.015625,1.1020385742582763,0.08612250766535276,0.35071289544607953,479.76068224770205,6.426050353248132,27.924710742412874,0.126629671660187,0.0006930912221563361,0.0006922496843978954,7.0,0.9,0.005,1.5,1.5,10000.0,0.0,one_sided_huber,additive_removal_premium_v1,0.015
prefs_ra7_eis0p9_prtp0p005,5,1,delay_frontier,fixed_learning_grid,default,0|5|10|15|35|75|125|175|225,optimal,127,7,2200,0.0078125,3.36954178428059,1.0,0.9501111721482866,355.9881035419446,13.344295561547531,39.3723147934235,0.08235746430095663,0.01377235038906395,0.013362539631545985,7.0,0.9,0.005,1.5,1.5,10000.0,0.0,one_sided_huber,additive_removal_premium_v1,0.015
prefs_ra7_eis0p9_prtp0p005,5,1,delay_frontier,fixed_learning_grid,default,0|5|10|15|35|75|125|175|225,optimal,128,7,2200,0.0078125,3.36954178428059,1.0,0.9501111721482866,355.9881035419446,13.394581030342067,39.520751803129656,0.0823576260221696,0.01005593692459262,0.009646126167074654,7.0,0.9,0.005,1.5,1.5,10000.0,0.0,one_sided_huber,additive_removal_premium_v1,0.015
prefs_ra7_eis0p9_prtp0p005,5,1,delay_frontier,fixed_learning_grid,default,0|5|10|15|35|75|125|175|225,optimal,129,7,2200,0.0078125,3.36954178428059,1.0,0.9501111721482866,355.9881035419446,13.394581030342067,39.520751803129656,0.0823576260221696,0.01005593692459262,0.009646126167074654,7.0,0.9,0.005,1.5,1.5,10000.0,0.0,one_sided_huber,additive_removal_premium_v1,0.015
prefs_ra7_eis0p9_prtp0p005,5,1,delay_frontier,fixed_learning_grid,default,0|5|10|15|35|75|125|175|225,optimal,130,7,2200,0.0078125,3.36954178428059,1.0,0.9501111721482866,355.9881035419446,13.394581030342067,39.520751803129656,0.0823576260221696,0.01005593692459262,0.009646126167074654,7.0,0.9,0.005,1.5,1.5,10000.0,0.0,one_sided_huber,additive_removal_premium_v1,0.015
prefs_ra7_eis0p9_prtp0p005,5,1,delay_frontier,fixed_learning_grid,default,0|5|10|15|35|75|125|175|225,optimal,131,7,2200,0.0078125,3.444930535740258,1.0,0.9416872029503285,357.35445482864935,13.372743774170251,39.4577971387151,0.08236104974380545,0.011657679878108392,0.011274921093918448,7.0,0.9,0.005,1.5,1.5,10000.0,0.0,one_sided_huber,additive_removal_premium_v1,0.015
prefs_ra7_eis0p9_prtp0p005,5,1,delay_frontier,fixed_learning_grid,default,0|5|10|15|35|75|125|175|225,optimal,132,7,2200,0.0078125,3.9278288472631346,1.0,0.891721915795398,365.030512315004,13.242483962352628,39.081172394012405,0.08237913438262948,0.02120763072680162,0.02094683847612411,7.0,0.9,0.005,1.5,1.5,10000.0,0.0,one_sided_huber,additive_removal_premium_v1,0.015
prefs_ra7_eis0p9_prtp0p005,5,1,delay_frontier,fixed_learning_grid,default,0|5|10|15|35|75|125|175|225,optimal,133,7,2200,0.0078125,4.050462989130451,1.0,0.8800063550044862,366.79437105299127,13.211659094700508,38.991788770419355,0.08238285909391975,0.02346643170551206,0.02322764918198552,7.0,0.9,0.005,1.5,1.5,10000.0,0.0,one_sided_huber,additive_removal_premium_v1,0.015
prefs_ra7_eis0p9_prtp0p005,5,1,delay_frontier,fixed_learning_grid,default,0|5|10|15|35|75|125|175|225,optimal,134,7,2200,0.0078125,4.125117703629302,1.0,0.8730458508511993,367.78235948313727,13.193320750558977,38.938565915066846,0.08238497345834969,0.024810011213097262,0.02458273518037194,7.0,0.9,0.005,1.5,1.5,10000.0,0.0,one_sided_huber,additive_removal_premium_v1,0.015
prefs_ra7_eis0p9_prtp0p005,5,1,delay_frontier,fixed_learning_grid,default,0|5|10|15|35|75|125|175|225,optimal,135,7,2200,0.0078125,3.36954178428059,1.0,0.9501111721482866,355.9881035419446,13.440039107254375,39.65494574309143,0.0823577869711646,0.006696298182908551,0.006286487425390587,7.0,0.9,0.005,1.5,1.5,10000.0,0.0,one_sided_huber,additive_removal_premium_v1,0.015
prefs_ra7_eis0p9_prtp0p005,5,1,delay_frontier,fixed_learning_grid,default,0|5|10|15|35|75|125|175|225,optimal,136,7,2200,0.0078125,3.36954178428059,1.0,0.9501111721482866,355.9881035419446,13.440039107254375,39.65494574309143,0.0823577869711646,0.006696298182908551,0.006286487425390587,7.0,0.9,0.005,1.5,1.5,10000.0,0.0,one_sided_huber,additive_removal_premium_v1,0.015
prefs_ra7_eis0p9_prtp0p005,5,1,delay_frontier,fixed_learning_grid,default,0|5|10|15|35|75|125|175|225,optimal,137,7,2200,0.0078125,3.444930535740258,1.0,0.9416872029503285,357.35445482864935,13.425877012451332,39.61465010314046,0.08236122835562493,0.007730749931260417,0.007347991147070474,7.0,0.9,0.005,1.5,1.5,10000.0,0.0,one_sided_huber,additive_removal_premium_v1,0.015
prefs_ra7_eis0p9_prtp0p005,5,1,delay_frontier,fixed_learning_grid,default,0|5|10|15|35|75|125|175|225,optimal,138,7,2200,0.0078125,3.9278288472631346,1.0,0.891721915795398,365.030512315004,13.341163068291698,39.37248043066304,0.08237933571846422,0.013913957109793623,0.013653164859116114,7.0,0.9,0.005,1.5,1.5,10000.0,0.0,one_sided_huber,additive_removal_premium_v1,0.015
prefs_ra7_eis0p9_prtp0p005,5,1,delay_frontier,fixed_learning_grid,default,0|5|10|15|35|75|125|175|225,optimal,139,7,2200,0.0078125,4.050462989130451,1.0,0.8800063550044862,366.79437105299127,13.321047560951294,39.31472200528603,0.08238307618249749,0.015381034670026229,0.01514225214649969,7.0,0.9,0.005,1.5,1.5,10000.0,0.0,one_sided_huber,additive_removal_premium_v1,0.015
prefs_ra7_eis0p9_prtp0p005,5,1,delay_frontier,fixed_learning_grid,default,0|5|10|15|35|75|125|175|225,optimal,140,7,2200,0.0078125,4.125117703629302,1.0,0.8730458508511993,367.78235948313727,13.309071675270966,39.280288364039016,0.08238519935128734,0.01625423173148522,0.0160269556987599,7.0,0.9,0.005,1.5,1.5,10000.0,0.0,one_sided_huber,additive_removal_premium_v1,0.015
prefs_ra7_eis0p9_prtp0p005,5,1,delay_frontier,fixed_learning_grid,default,0|5|10|15|35|75|125|175|225,optimal,141,7,2200,0.0078125,3.36954178428059,1.0,0.9501111721482866,355.9881035419446,13.440039107254375,39.65494574309143,0.0823577869711646,0.006696298182908551,0.006286487425390587,7.0,0.9,0.005,1.5,1.5,10000.0,0.0,one_sided_huber,additive_removal_premium_v1,0.015
prefs_ra7_eis0p9_prtp0p005,5,1,delay_frontier,fixed_learning_grid,default,0|5|10|15|35|75|125|175|225,optimal,142,7,2200,0.0078125,3.444930535740258,1.0,0.9416872029503285,357.35445482864935,13.425877012451332,39.61465010314046,0.08236122835562493,0.007730749931260417,0.007347991147070474,7.0,0.9,0.005,1.5,1.5,10000.0,0.0,one_sided_huber,additive_removal_premium_v1,0.015
prefs_ra7_eis0p9_prtp0p005,5,1,delay_frontier,fixed_learning_grid,default,0|5|10|15|35|75|125|175|225,optimal,143,7,2200,0.0078125,3.9278288472631346,1.0,0.891721915795398,365.030512315004,13.341163068291698,39.37248043066304,0.08237933571846422,0.013913957109793623,0.013653164859116114,7.0,0.9,0.005,1.5,1.5,10000.0,0.0,one_sided_huber,additive_removal_premium_v1,0.015
prefs_ra7_eis0p9_prtp0p005,5,1,delay_frontier,fixed_learning_grid,default,0|5|10|15|35|75|125|175|225,optimal,144,7,2200,0.0078125,4.050462989130451,1.0,0.8800063550044862,366.79437105299127,13.321047560951294,39.31472200528603,0.08238307618249749,0.015381034670026229,0.01514225214649969,7.0,0.9,0.005,1.5,1.5,10000.0,0.0,one_sided_huber,additive_removal_premium_v1,0.015
prefs_ra7_eis0p9_prtp0p005,5,1,delay_frontier,fixed_learning_grid,default,0|5|10|15|35|75|125|175|225,optimal,145,7,2200,0.0078125,4.125117703629302,1.0,0.8730458508511993,367.78235948313727,13.309071675270966,39.280288364039016,0.08238519935128734,0.01625423173148522,0.0160269556987599,7.0,0.9,0.005,1.5,1.5,10000.0,0.0,one_sided_huber,additive_removal_premium_v1,0.015
prefs_ra7_eis0p9_prtp0p005,5,1,delay_frontier,fixed_learning_grid,default,0|5|10|15|35|75|125|175|225,optimal,146,7,2200,0.0078125,3.723557890315211,1.0,0.9120684100419988,362.70315095017975,13.375983980997693,39.47231452574075,0.0823725430453326,0.01137322000947644,0.011080253001907113,7.0,0.9,0.005,1.5,1.5,10000.0,0.0,one_sided_huber,additive_removal_premium_v1,0.015
prefs_ra7_eis0p9_prtp0p005,5,1,delay_frontier,fixed_learning_grid,default,0|5|10|15|35|75|125|175|225,optimal,147,7,2200,0.0078125,4.200403311610403,1.0,0.8661522075959716,369.64800633301553,13.297327803661162,39.246670099025266,0.08238763096123823,0.017110199177314062,0.016903161005387687,7.0,0.9,0.005,1.5,1.5,10000.0,0.0,one_sided_huber,additive_removal_premium_v1,0.015
prefs_ra7_eis0p9_prtp0p005,5,1,delay_frontier,fixed_learning_grid,default,0|5|10|15|35|75|125|175|225,optimal,148,7,2200,0.0078125,4.333404017979474,1.0,0.854268673197567,371.4421985078075,13.276845254916807,39.18773091171109,0.08239116883284127,0.01860287526448498,0.018413598304776436,7.0,0.9,0.005,1.5,1.5,10000.0,0.0,one_sided_huber,additive_removal_premium_v1,0.015
prefs_ra7_eis0p9_prtp0p005,5,1,delay_frontier,fixed_learning_grid,default,0|5|10|15|35|75|125|175|225,optimal,149,7,2200,0.0078125,4.43111109737457,1.0,0.8457674038716329,372.7084253094035,13.262172565047749,39.14547245319229,0.08239362262538198,0.01967180541296104,0.01949413830672776,7.0,0.9,0.005,1.5,1.5,10000.0,0.0,one_sided_huber,additive_removal_premium_v1,0.015
prefs_ra7_eis0p9_prtp0p005,5,1,delay_frontier,fixed_learning_grid,default,0|5|10|15|35|75|125|175|225,optimal,150,7,2200,0.0078125,5.339159393563853,1.0,0.7746473975990228,384.48412414132537,13.138967372624396,38.79026414966199,0.08241357464339291,0.02863495504910363,0.028536341789355053,7.0,0.9,0.005,1.5,1.5,10000.0,0.0,one_sided_huber,additive_removal_premium_v1,0.015
prefs_ra7_eis0p9_prtp0p005,5,1,delay_frontier,fixed_learning_grid,default,0|5|10|15|35|75|125|175|225,optimal,151,7,2200,0.0078125,5.508909339180576,1.0,0.7626991281421674,386.275435150829,13.118159299928747,38.73014943487759,0.082416688811605,0.030146403234560613,0.030056237575854218,7.0,0.9,0.005,1.5,1.5,10000.0,0.0,one_sided_huber,additive_removal_premium_v1,0.015
prefs_ra7_eis0p9_prtp0p005,5,1,delay_frontier,fixed_learning_grid,default,0|5|10|15|35|75|125|175|225,optimal,152,7,2200,0.0078125,5.717032818743077,1.0,0.7485396342093982,388.45449967943085,13.093477409341297,38.6588371296963,0.08242038115289708,0.0319382739876904,0.03185741516438182,7.0,0.9,0.005,1.5,1.5,10000.0,0.0,one_sided_huber,additive_removal_premium_v1,0.015
prefs_ra7_eis0p9_prtp0p005,5,1,delay_frontier,fixed_learning_grid,default,0|5|10|15|35|75|125|175|225,optimal,153,7,2200,0.0078125,6.363536738522644,1.0,0.7076151911020367,394.69860818777113,13.021983659592252,38.45225585893155,0.08243111379088612,0.03712244062604269,0.03706326433511807,7.0,0.9,0.005,1.5,1.5,10000.0,0.0,one_sided_huber,additive_removal_premium_v1,0.015
prefs_ra7_eis0p9_prtp0p005,5,1,delay_frontier,fixed_learning_grid,default,0|5|10|15|35|75|125|175|225,optimal,154,7,2200,0.0078125,6.5432813263360305,1.0,0.6969707946464898,396.2782347372137,13.003256604593917,38.398378657238176,0.08243450433643787,0.03847892714193297,0.038424244619747194,7.0,0.9,0.005,1.5,1.5,10000.0,0.0,one_sided_huber,additive_removal_premium_v1,0.015
prefs_ra7_eis0p9_prtp0p005,5,1,delay_frontier,fixed_learning_grid,default,0|5|10|15|35|75|125|175|225,optimal,155,7,2200,0.0078125,6.700138967339481,1.0,0.6879166381926489,397.5894197768792,12.987114131613883,38.352077641687174,0.08243777016381,0.03964796315293852,0.03959675041161469,7.0,0.9,0.005,1.5,1.5,10000.0,0.0,one_sided_huber,additive_removal_premium_v1,0.015
prefs_ra7_eis0p9_prtp0p005,5,1,delay_frontier,fixed_learning_grid,default,0|5|10|15|35|75|125|175|225,optimal,156,7,2200,0.0078125,3.36954178428059,1.0,0.9501111721482866,355.9881035419446,13.505270716972584,39.847390622055464,0.08235773754839099,0.001875270588307994,0.0014654598307900296,7.0,0.9,0.005,1.5,1.5,10000.0,0.0,one_sided_huber,additive_removal_premium_v1,0.015
prefs_ra7_eis0p9_prtp0p005,5,1,delay_frontier,fixed_learning_grid,default,0|5|10|15|35|75|125|175|225,optimal,157,7,2200,0.0078125,3.444930535740258,1.0,0.9416872029503285,357.35445482864935,13.502122355370311,39.83958984225366,0.08236115661638083,0.002095668575362156,0.0017129097911722127,7.0,0.9,0.005,1.5,1.5,10000.0,0.0,one_sided_huber,additive_removal_premium_v1,0.015
prefs_ra7_eis0p9_prtp0p005,5,1,delay_frontier,fixed_learning_grid,default,0|5|10|15|35|75|125|175|225,optimal,158,7,2200,0.0078125,3.9278288472631346,1.0,0.891721915795398,365.030512315004,13.482108286441171,39.78877432701635,0.08238010855694361,0.003496266259462928,0.003235474008785418,7.0,0.9,0.005,1.5,1.5,10000.0,0.0,one_sided_huber,additive_removal_premium_v1,0.015
prefs_ra7_eis0p9_prtp0p005,5,1,delay_frontier,fixed_learning_grid,default,0|5|10|15|35|75|125|175|225,optimal,159,7,2200,0.0078125,4.050462989130451,1.0,0.8800063550044862,366.79437105299127,13.476429742628644,39.773550779838835,0.08238364159481884,0.0038960337904902953,0.003657251266963755,7.0,0.9,0.005,1.5,1.5,10000.0,0.0,one_sided_huber,additive_removal_premium_v1,0.015
prefs_ra7_eis0p9_prtp0p005,5,1,delay_frontier,fixed_learning_grid,default,0|5|10|15|35|75|125|175|225,optimal,160,7,2200,0.0078125,4.125117703629302,1.0,0.8730458508511993,367.78235948313727,13.473030891727864,39.7643880288805,0.08238564073816478,0.004135115590741237,0.003907839558015915,7.0,0.9,0.005,1.5,1.5,10000.0,0.0,one_sided_huber,additive_removal_premium_v1,0.015
prefs_ra7_eis0p9_prtp0p005,5,1,delay_frontier,fixed_learning_grid,default,0|5|10|15|35|75|125|175|225,optimal,161,7,2200,0.0078125,3.723557890315211,1.0,0.9120684100419988,362.70315095017975,13.490951355258813,39.81150565569457,0.0823723688985404,0.002875914302381843,0.0025829472948125163,7.0,0.9,0.005,1.5,1.5,10000.0,0.0,one_sided_huber,additive_removal_premium_v1,0.015
prefs_ra7_eis0p9_prtp0p005,5,1,delay_frontier,fixed_learning_grid,default,0|5|10|15|35|75|125|175|225,optimal,162,7,2200,0.0078125,4.200403311610403,1.0,0.8661522075959716,369.64800633301553,13.469781421828039,39.75579780802434,0.08238794400281363,0.004363058931247237,0.0041560207593208595,7.0,0.9,0.005,1.5,1.5,10000.0,0.0,one_sided_huber,additive_removal_premium_v1,0.015
prefs_ra7_eis0p9_prtp0p005,5,1,delay_frontier,fixed_learning_grid,default,0|5|10|15|35|75|125|175|225,optimal,163,7,2200,0.0078125,4.333404017979474,1.0,0.854268673197567,371.4421985078075,13.463941269129059,39.740002710128365,0.08239126581373957,0.0047731222718169364,0.0045838453121083925,7.0,0.9,0.005,1.5,1.5,10000.0,0.0,one_sided_huber,additive_removal_premium_v1,0.015
prefs_ra7_eis0p9_prtp0p005,5,1,delay_frontier,fixed_learning_grid,default,0|5|10|15|35|75|125|175|225,optimal,164,7,2200,0.0078125,4.43111109737457,1.0,0.8457674038716329,372.7084253094035,13.459743016105577,39.72860857252121,0.08239356410426844,0.005067570500521545,0.004889903394288264,7.0,0.9,0.005,1.5,1.5,10000.0,0.0,one_sided_huber,additive_removal_premium_v1,0.015
prefs_ra7_eis0p9_prtp0p005,5,1,delay_frontier,fixed_learning_grid,default,0|5|10|15|35|75|125|175|225,optimal,165,7,2200,0.0078125,5.339159393563853,1.0,0.7746473975990228,384.48412414132537,13.422005689950332,39.62624643726026,0.08241442113724169,0.007709906676963601,0.007611293417215022,7.0,0.9,0.005,1.5,1.5,10000.0,0.0,one_sided_huber,additive_removal_premium_v1,0.015
prefs_ra7_eis0p9_prtp0p005,5,1,delay_frontier,fixed_learning_grid,default,0|5|10|15|35|75|125|175|225,optimal,166,7,2200,0.0078125,5.508909339180576,1.0,0.7626991281421674,386.275435150829,13.41490342437025,39.60646023670562,0.08241715419148136,0.008207474926976762,0.008117309268270367,7.0,0.9,0.005,1.5,1.5,10000.0,0.0,one_sided_huber,additive_removal_premium_v1,0.015
prefs_ra7_eis0p9_prtp0p005,5,1,delay_frontier,fixed_learning_grid,default,0|5|10|15|35|75|125|175|225,optimal,167,7,2200,0.0078125,5.717032818743077,1.0,0.7485396342093982,388.45449967943085,13.406462486161091,39.582939353470024,0.08242039396026542,0.008797830527948957,0.00871697170464038,7.0,0.9,0.005,1.5,1.5,10000.0,0.0,one_sided_huber,additive_removal_premium_v1,0.015
prefs_ra7_eis0p9_prtp0p005,5,1,delay_frontier,fixed_learning_grid,default,0|5|10|15|35|75|125|175|225,optimal,168,7,2200,0.0078125,6.363536738522644,1.0,0.7076151911020367,394.69860818777113,13.381900252098013,39.514483492357456,0.08242981548951522,0.010509320902546608,0.010450144611621987,7.0,0.9,0.005,1.5,1.5,10000.0,0.0,one_sided_huber,additive_removal_premium_v1,0.015
prefs_ra7_eis0p9_prtp0p005,5,1,delay_frontier,fixed_learning_grid,default,0|5|10|15|35|75|125|175|225,optimal,169,7,2200,0.0078125,6.5432813263360305,1.0,0.6969707946464898,396.2782347372137,13.375143994156288,39.49643539651914,0.0824342262548474,0.010979849590232005,0.010925167068046233,7.0,0.9,0.005,1.5,1.5,10000.0,0.0,one_sided_huber,additive_removal_premium_v1,0.015
prefs_ra7_eis0p9_prtp0p005,5,1,delay_frontier,fixed_learning_grid,default,0|5|10|15|35|75|125|175|225,optimal,170,7,2200,0.0078125,6.700138967339481,1.0,0.6879166381926489,397.5894197768792,13.368683394872772,39.47949980487568,0.08243919692754154,0.011432239824774405,0.011381027083450571,7.0,0.9,0.005,1.5,1.5,10000.0,0.0,one_sided_huber,additive_removal_premium_v1,0.015
prefs_ra7_eis0p9_prtp0p005,5,1,delay_frontier,fixed_learning_grid,default,0|5|10|15|35|75|125|175|225,optimal,171,7,2200,0.0078125,3.8860084273354536,1.0,0.8958004360751016,366.6550490107527,13.484462148381995,39.79529385187688,0.08237912582827314,0.0033290926490004515,0.00308864133626558,7.0,0.9,0.005,1.5,1.5,10000.0,0.0,one_sided_huber,additive_removal_premium_v1,0.015
prefs_ra7_eis0p9_prtp0p005,5,1,delay_frontier,fixed_learning_grid,default,0|5|10|15|35|75|125|175|225,optimal,172,7,2200,0.0078125,4.390142512095244,1.0,0.8493090734652391,373.73962519352364,13.461678791080244,39.73393397043833,0.08239266932963747,0.004931138377567897,0.004762398128665503,7.0,0.9,0.005,1.5,1.5,10000.0,0.0,one_sided_huber,additive_removal_premium_v1,0.015
prefs_ra7_eis0p9_prtp0p005,5,1,delay_frontier,fixed_learning_grid,default,0|5|10|15|35|75|125|175|225,optimal,173,7,2200,0.0078125,4.533896883252101,1.0,0.8370230680450341,375.63158765327717,13.455585062744795,39.717382701436364,0.08239597750396364,0.005358224057593487,0.005204712224642718,7.0,0.9,0.005,1.5,1.5,10000.0,0.0,one_sided_huber,additive_removal_premium_v1,0.015
prefs_ra7_eis0p9_prtp0p005,5,1,delay_frontier,fixed_learning_grid,default,0|5|10|15|35|75|125|175|225,optimal,174,7,2200,0.0078125,4.6407376107505565,1.0,0.8281402215369014,376.9905091032269,13.451160501627772,39.7053303728332,0.08239830136840967,0.005667936859938273,0.0055245076413440375,7.0,0.9,0.005,1.5,1.5,10000.0,0.0,one_sided_huber,additive_removal_premium_v1,0.015
prefs_ra7_eis0p9_prtp0p005,5,1,delay_frontier,fixed_learning_grid,default,0|5|10|15|35|75|125|175|225,optimal,175,7,2200,0.0078125,5.534221182506704,1.0,0.7609489167571509,387.8118280079498,13.413935554258844,39.60379274735512,0.08241759369119021,0.008274930776441494,0.008191431693004248,7.0,0.9,0.005,1.5,1.5,10000.0,0.0,one_sided_huber,additive_removal_premium_v1,0.015
prefs_ra7_eis0p9_prtp0p005,5,1,delay_frontier,fixed_learning_grid,default,0|5|10|15|35|75|125|175|225,optimal,176,7,2200,0.0078125,5.714410594683807,1.0,0.7487148265860173,389.67257202298487,13.406633196270569,39.58343910548626,0.08242038407180874,0.008785633766303487,0.00870955221013756,7.0,0.9,0.005,1.5,1.5,10000.0,0.0,one_sided_huber,additive_removal_premium_v1,0.015
prefs_ra7_eis0p9_prtp0p005,5,1,delay_frontier,fixed_learning_grid,default,0|5|10|15|35|75|125|175|225,optimal,177,7,2200,0.0078125,5.9392847265684985,1.0,0.7339738947200501,391.99288237883127,13.397809916979066,39.558846271599364,0.08242375975844086,0.009401587120096755,0.009333838866078893,7.0,0.9,0.005,1.5,1.5,10000.0,0.0,one_sided_huber,additive_removal_premium_v1,0.015
prefs_ra7_eis0p9_prtp0p005,5,1,delay_frontier,fixed_learning_grid,default,0|5|10|15|35|75|125|175|225,optimal,178,7,2200,0.0078125,6.590262254681601,1.0,0.6942365172406362,397.9486229341367,13.373238845346961,39.491853300670705,0.08243664711053453,0.011113134082244935,0.011062832873437017,7.0,0.9,0.005,1.5,1.5,10000.0,0.0,one_sided_huber,additive_removal_premium_v1,0.015
prefs_ra7_eis0p9_prtp0p005,5,1,delay_frontier,fixed_learning_grid,default,0|5|10|15|35|75|125|175|225,optimal,179,7,2200,0.0078125,6.740226582531291,1.0,0.6856365036462344,399.0316177161282,13.367091536950692,39.4750324920744,0.08243973911209763,0.011543477607606469,0.011495827636627626,7.0,0.9,0.005,1.5,1.5,10000.0,0.0,one_sided_huber,additive_removal_premium_v1,0.015
prefs_ra7_eis0p9_prtp0p005,5,1,delay_frontier,fixed_learning_grid,default,0|5|10|15|35|75|125|175|225,optimal,180,7,2200,0.0078125,6.914117454367244,1.0,0.675899403720925,400.50870681894685,13.36012811347219,39.45540697211158,0.08244191802938952,0.012030330361879268,0.011986072591480615,7.0,0.9,0.005,1.5,1.5,10000.0,0.0,one_sided_huber,additive_removal_premium_v1,0.015
prefs_ra7_eis0p9_prtp0p005,5,1,delay_frontier,fixed_learning_grid,default,0|5|10|15|35|75|125|175|225,optimal,181,7,2200,0.0078125,6.207916603275452,1.0,0.7170752013986879,395.7268970953095,13.387698972560282,39.53074576535136,0.08242782215605626,0.010105718751395256,0.010049507918706952,7.0,0.9,0.005,1.5,1.5,10000.0,0.0,one_sided_huber,additive_removal_premium_v1,0.015
prefs_ra7_eis0p9_prtp0p005,5,1,delay_frontier,fixed_learning_grid,default,0|5|10|15|35|75|125|175|225,optimal,182,7,2200,0.0078125,6.398440372995001,1.0,0.7055250215866338,397.4760845449934,13.3807305621729,39.51131712358283,0.08243048199355785,0.010590168212651869,0.01053866445208974,7.0,0.9,0.005,1.5,1.5,10000.0,0.0,one_sided_huber,additive_removal_premium_v1,0.015
prefs_ra7_eis0p9_prtp0p005,5,1,delay_frontier,fixed_learning_grid,default,0|5|10|15|35|75|125|175|225,optimal,183,7,2200,0.0078125,6.564847850275537,1.0,0.6957132137186253,398.7507086182644,13.374326582582773,39.49456616542376,0.08243548919318952,0.01103680786567143,0.010988483939592595,7.0,0.9,0.005,1.5,1.5,10000.0,0.0,one_sided_huber,additive_removal_premium_v1,0.015
prefs_ra7_eis0p9_prtp0p005,5,1,delay_frontier,fixed_learning_grid,default,0|5|10|15|35|75|125|175|225,optimal,184,7,2200,0.0078125,7.269229801867446,1.0,0.656749150304933,404.550655030056,13.346424712275594,39.41688003470352,0.08244643187545857,0.012986411968014245,0.012950252397928285,7.0,0.9,0.005,1.5,1.5,10000.0,0.0,one_sided_huber,additive_removal_premium_v1,0.015
prefs_ra7_eis0p9_prtp0p005,5,1,delay_frontier,fixed_learning_grid,default,0|5|10|15|35|75|125|175|225,optimal,185,7,2200,0.0078125,7.509727726453914,1.0,0.6443009050177819,406.49116189821694,13.337470857170631,39.3916900349077,0.08244934823823734,0.013609814615634314,0.01357699850258064,7.0,0.9,0.005,1.5,1.5,10000.0,0.0,one_sided_huber,additive_removal_premium_v1,0.015
prefs_ra7_eis0p9_prtp0p005,5,1,delay_frontier,fixed_learning_grid,default,0|5|10|15|35|75|125|175|225,optimal,186,7,2200,0.0078125,7.703992597752756,1.0,0.6345317069298229,407.95476860312795,13.330428263199723,39.37189051628984,0.08245167626721722,0.014099359996272659,0.014068859540499409,7.0,0.9,0.005,1.5,1.5,10000.0,0.0,one_sided_huber,additive_removal_premium_v1,0.015
prefs_ra7_eis0p9_prtp0p005,5,1,delay_frontier,fixed_learning_grid,default,0|5|10|15|35|75|125|175|225,optimal,187,7,2200,0.0078125,9.02300258740966,1.0,0.5740472584028605,417.90106533308233,13.284403207324294,39.24466544819552,0.08247201734790438,0.01729148109343078,0.017272931669349987,7.0,0.9,0.005,1.5,1.5,10000.0,0.0,one_sided_huber,additive_removal_premium_v1,0.015
prefs_ra7_eis0p9_prtp0p005,5,1,delay_frontier,fixed_learning_grid,default,0|5|10|15|35|75|125|175|225,optimal,188,7,2200,0.0078125,9.312463276632233,1.0,0.5619555717754972,419.7836572343253,13.27456773230203,39.21696920885154,0.08247519442493159,0.017972591877729118,0.01795570881670457,7.0,0.9,0.005,1.5,1.5,10000.0,0.0,one_sided_huber,additive_removal_premium_v1,0.015
prefs_ra7_eis0p9_prtp0p005,5,1,delay_frontier,fixed_learning_grid,default,0|5|10|15|35|75|125|175|225,optimal,189,7,2200,0.0078125,9.59336336797821,1.0,0.5505735445397786,421.54772220010636,13.265290083987626,39.190877542478894,0.08247827458151592,0.0186138715958045,0.01859841386907745,7.0,0.9,0.005,1.5,1.5,10000.0,0.0,one_sided_huber,additive_removal_premium_v1,0.015
prefs_ra7_eis0p9_prtp0p005,5,1,delay_frontier,fixed_learning_grid,default,0|5|10|15|35|75|125|175|225,optimal,190,7,2200,0.0078125,10.946921448500943,1.0,0.49999826688646365,429.34429954156815,13.223828859103312,39.07472635456961,0.0824931500749434,0.021464712886061728,0.02145424528249246,7.0,0.9,0.005,1.5,1.5,10000.0,0.0,one_sided_huber,additive_removal_premium_v1,0.015
prefs_ra7_eis0p9_prtp0p005,5,1,delay_frontier,fixed_learning_grid,default,0|5|10|15|35|75|125|175|225,optimal,191,7,2200,0.0078125,1.0038917501842963,0.5207305623903111,0.8958004360751016,366.6550490107527,13.527627939676467,39.903463024399656,0.08233505698266648,0.000666716530254768,0.00042626521751989635,7.0,0.9,0.005,1.5,1.5,10000.0,0.0,one_sided_huber,additive_removal_premium_v1,0.015
prefs_ra7_eis0p9_prtp0p005,5,1,delay_frontier,fixed_learning_grid,default,0|5|10|15|35|75|125|175|225,optimal,192,7,2200,0.0078125,1.3983065873379783,0.5863433976258506,0.8493090734652391,373.73962519352364,13.522322032705025,39.8924208842494,0.0823456280868849,0.0010031957897826903,0.0008344555408802966,7.0,0.9,0.005,1.5,1.5,10000.0,0.0,one_sided_huber,additive_removal_premium_v1,0.015
prefs_ra7_eis0p9_prtp0p005,5,1,delay_frontier,fixed_learning_grid,default,0|5|10|15|35|75|125|175|225,optimal,193,7,2200,0.0078125,1.5487141778717683,0.6090982070062909,0.8370230680450341,375.63158765327717,13.520764419308616,39.88922162012174,0.0823488299699225,0.001095837486552116,0.0009423256536013464,7.0,0.9,0.005,1.5,1.5,10000.0,0.0,one_sided_huber,additive_removal_premium_v1,0.015
prefs_ra7_eis0p9_prtp0p005,5,1,delay_frontier,fixed_learning_grid,default,0|5|10|15|35|75|125|175|225,optimal,194,7,2200,0.0078125,1.6159349322104053,0.6154137613120031,0.8281402215369014,376.9905091032269,13.519717673993215,39.88683536613805,0.08235044006969587,0.001163745530781835,0.0010203163121876003,7.0,0.9,0.005,1.5,1.5,10000.0,0.0,one_sided_huber,additive_removal_premium_v1,0.015
prefs_ra7_eis0p9_prtp0p005,5,1,delay_frontier,fixed_learning_grid,default,0|5|10|15|35|75|125|175|225,optimal,195,7,2200,0.0078125,3.5263925046723115,0.8278319423846425,0.7609489167571509,387.8118280079498,13.505777537001585,39.86009308660982,0.08238347380082227,0.0018718878324942602,0.0017883887490570153,7.0,0.9,0.005,1.5,1.5,10000.0,0.0,one_sided_huber,additive_removal_premium_v1,0.015
prefs_ra7_eis0p9_prtp0p005,5,1,delay_frontier,fixed_learning_grid,default,0|5|10|15|35|75|125|175|225,optimal,196,7,2200,0.0078125,3.581792148033022,0.8217395024751198,0.7487148265860173,389.67257202298487,13.503592246433668,39.85401950898657,0.08238433729594581,0.0020276925436731093,0.0019516109875071831,7.0,0.9,0.005,1.5,1.5,10000.0,0.0,one_sided_huber,additive_removal_premium_v1,0.015
prefs_ra7_eis0p9_prtp0p005,5,1,delay_frontier,fixed_learning_grid,default,0|5|10|15|35|75|125|175|225,optimal,197,7,2200,0.0078125,3.6085465173915177,0.8102441444997684,0.7339738947200501,391.99288237883127,13.501053537811748,39.84663993526422,0.0823845970714367,0.0022160267388499897,0.002148278484832127,7.0,0.9,0.005,1.5,1.5,10000.0,0.0,one_sided_huber,additive_removal_premium_v1,0.015
prefs_ra7_eis0p9_prtp0p005,5,1,delay_frontier,fixed_learning_grid,default,0|5|10|15|35|75|125|175|225,optimal,198,7,2200,0.0078125,5.187734463687312,0.9073850677485205,0.6942365172406362,397.9486229341367,13.489964282838507,39.82589138398925,0.0824121413716197,0.0027551479422739844,0.002704846733466067,7.0,0.9,0.005,1.5,1.5,10000.0,0.0,one_sided_huber,additive_removal_premium_v1,0.015
prefs_ra7_eis0p9_prtp0p005,5,1,delay_frontier,fixed_learning_grid,default,0|5|10|15|35|75|125|175|225,optimal,199,7,2200,0.0078125,5.214020135824655,0.9007337775806291,0.6856365036462344,399.0316177161282,13.487906736671995,39.819787422566776,0.08241207342179233,0.002906639982875944,0.0028589900118971023,7.0,0.9,0.005,1.5,1.5,10000.0,0.0,one_sided_huber,additive_removal_premium_v1,0.015
prefs_ra7_eis0p9_prtp0p005,5,1,delay_frontier,fixed_learning_grid,default,0|5|10|15|35|75|125|175|225,optimal,200,7,2200,0.0078125,5.273556722060362,0.8953621560079841,0.675899403720925,400.50870681894685,13.485506450581521,39.81288070550054,0.08241248638112708,0.0030777717511735257,0.003033513980774872,7.0,0.9,0.005,1.5,1.5,10000.0,0.0,one_sided_huber,additive_removal_premium_v1,0.015
prefs_ra7_eis0p9_prtp0p005,5,1,delay_frontier,fixed_learning_grid,default,0|5|10|15|35|75|125|175|225,optimal,201,7,2200,0.0078125,3.729432580822446,0.8060938503083921,0.7170752013986879,395.7268970953095,13.49794681895205,39.83827260994961,0.0823864393549544,0.0024299447876218153,0.00237373395493351,7.0,0.9,0.005,1.5,1.5,10000.0,0.0,one_sided_huber,additive_removal_premium_v1,0.015
prefs_ra7_eis0p9_prtp0p005,5,1,delay_frontier,fixed_learning_grid,default,0|5|10|15|35|75|125|175|225,optimal,202,7,2200,0.0078125,3.80737547723833,0.8025894460659069,0.7055250215866338,397.4760845449934,13.49579433101176,39.83234607043497,0.08238741925427087,0.0025793355010321263,0.0025278317404699973,7.0,0.9,0.005,1.5,1.5,10000.0,0.0,one_sided_huber,additive_removal_premium_v1,0.015
prefs_ra7_eis0p9_prtp0p005,5,1,delay_frontier,fixed_learning_grid,default,0|5|10|15|35|75|125|175|225,optimal,203,7,2200,0.0078125,4.674926925333041,0.869380469395029,0.6957132137186253,398.7507086182644,13.49166272240996,39.82705522129187,0.08240328956489897,0.002726702929713291,0.0026783790036344563,7.0,0.9,0.005,1.5,1.5,10000.0,0.0,one_sided_huber,additive_removal_premium_v1,0.015
prefs_ra7_eis0p9_prtp0p005,5,1,delay_frontier,fixed_learning_grid,default,0|5|10|15|35|75|125|175|225,optimal,204,7,2200,0.0078125,5.348937685591453,0.8817498834020728,0.656749150304933,404.550655030056,13.480916608444112,39.79937480067897,0.08241258889642264,0.0034129151994842367,0.003376755629398276,7.0,0.9,0.005,1.5,1.5,10000.0,0.0,one_sided_huber,additive_removal_premium_v1,0.015
prefs_ra7_eis0p9_prtp0p005,5,1,delay_frontier,fixed_learning_grid,default,0|5|10|15|35|75|125|175|225,optimal,205,7,2200,0.0078125,5.339857136811329,0.8688213058252534,0.6443009050177819,406.49116189821694,13.47805841812554,39.790460361737374,0.08241149286209024,0.0036326892199085234,0.0035998731068548496,7.0,0.9,0.005,1.5,1.5,10000.0,0.0,one_sided_huber,additive_removal_premium_v1,0.015
prefs_ra7_eis0p9_prtp0p005,5,1,delay_frontier,fixed_learning_grid,default,0|5|10|15|35|75|125|175|225,optimal,206,7,2200,0.0078125,5.40144881913561,0.8635268205896997,0.6345317069298229,407.95476860312795,13.475636252970544,39.78343905911584,0.08241179095169708,0.0038054728464130064,0.0037749723906397564,7.0,0.9,0.005,1.5,1.5,10000.0,0.0,one_sided_huber,additive_removal_premium_v1,0.015
prefs_ra7_eis0p9_prtp0p005,5,1,delay_frontier,fixed_learning_grid,default,0|5|10|15|35|75|125|175|225,optimal,207,7,2200,0.0078125,6.907860930727395,0.8967854199912478,0.5740472584028605,417.90106533308233,13.456185587515934,39.73600650665143,0.0824348197993886,0.004994735621508132,0.004976186197427338,7.0,0.9,0.005,1.5,1.5,10000.0,0.0,one_sided_huber,additive_removal_premium_v1,0.015
prefs_ra7_eis0p9_prtp0p005,5,1,delay_frontier,fixed_learning_grid,default,0|5|10|15|35|75|125|175|225,optimal,208,7,2200,0.0078125,6.967302179006148,0.8880477762336686,0.5619555717754972,419.7836572343253,13.4524991370263,39.724937276096945,0.08243439745904556,0.005264360806048504,0.005247477745023956,7.0,0.9,0.005,1.5,1.5,10000.0,0.0,one_sided_huber,additive_removal_premium_v1,0.015
prefs_ra7_eis0p9_prtp0p005,5,1,delay_frontier,fixed_learning_grid,default,0|5|10|15|35|75|125|175|225,optimal,209,7,2200,0.0078125,6.931045657072669,0.8748310363836989,0.5505735445397786,421.54772220010636,13.449265659351711,39.71450449715909,0.08243235783424521,0.00551830495648254,0.005502847229755489,7.0,0.9,0.005,1.5,1.5,10000.0,0.0,one_sided_huber,additive_removal_premium_v1,0.015
prefs_ra7_eis0p9_prtp0p005,5,1,delay_frontier,fixed_learning_grid,default,0|5|10|15|35|75|125|175|225,optimal,210,7,2200,0.0078125,7.043791004114846,0.8314546250130376,0.49999826688646365,429.34429954156815,13.434193895138907,39.66803553630393,0.08242782477081875,0.006648039758280138,0.0066375721547108696,7.0,0.9,0.005,1.5,1.5,10000.0,0.0,one_sided_huber,additive_removal_premium_v1,0.015
prefs_ra7_eis0p9_prtp0p005,5,1,delay_frontier,fixed_learning_grid,default,0|5|10|15|35|75|125|175|225,optimal,211,7,2200,0.0078125,5.132569307760087,0.9039088229385078,0.6948393486097617,401.1285422965222,13.490349502443333,39.82670497261468,0.08241139717695509,0.0027369490581258668,0.002694041819897258,7.0,0.9,0.005,1.5,1.5,10000.0,0.0,one_sided_huber,additive_removal_premium_v1,0.015
prefs_ra7_eis0p9_prtp0p005,5,1,delay_frontier,fixed_learning_grid,default,0|5|10|15|35|75|125|175|225,optimal,212,7,2200,0.0078125,5.2556166588496005,0.9018652954873754,0.6837346370162645,402.7695143659415,13.487461058099067,39.8188183779127,0.08241287074602476,0.002932605772954814,0.002893078325161278,7.0,0.9,0.005,1.5,1.5,10000.0,0.0,one_sided_huber,additive_removal_premium_v1,0.015
prefs_ra7_eis0p9_prtp0p005,5,1,delay_frontier,fixed_learning_grid,default,0|5|10|15|35|75|125|175|225,optimal,213,7,2200,0.0078125,5.288333316726086,0.8924010141712703,0.671850111251125,404.5476534961246,13.484624863239457,39.81034911677338,0.08241264991398956,0.003142256911497769,0.0031060919144920204,7.0,0.9,0.005,1.5,1.5,10000.0,0.0,one_sided_huber,additive_removal_premium_v1,0.015
prefs_ra7_eis0p9_prtp0p005,5,1,delay_frontier,fixed_learning_grid,default,0|5|10|15|35|75|125|175|225,optimal,214,7,2200,0.0078125,5.426072342029884,0.86071714349896,0.6299308186224346,411.06549905301347,13.474551900880158,39.78028567329796,0.08241190119250687,0.003883544069477352,0.0038574369123071973,7.0,0.9,0.005,1.5,1.5,10000.0,0.0,one_sided_huber,additive_removal_premium_v1,0.015
prefs_ra7_eis0p9_prtp0p005,5,1,delay_frontier,fixed_learning_grid,default,0|5|10|15|35|75|125|175|225,optimal,215,7,2200,0.0078125,5.436717453239726,0.849091937997928,0.6173103104654216,413.0478528839677,13.471594049257792,39.77117758515856,0.08241103605042378,0.0041072856047038465,0.004083641962035718,7.0,0.9,0.005,1.5,1.5,10000.0,0.0,one_sided_huber,additive_removal_premium_v1,0.015
prefs_ra7_eis0p9_prtp0p005,5,1,delay_frontier,fixed_learning_grid,default,0|5|10|15|35|75|125|175|225,optimal,216,7,2200,0.0078125,5.435729517655369,0.8395070586457447,0.6075513076904547,414.5089828921664,13.469327790888531,39.7641140705015,0.08241017710095964,0.004280536453682691,0.004258558509020038,7.0,0.9,0.005,1.5,1.5,10000.0,0.0,one_sided_huber,additive_removal_premium_v1,0.015
prefs_ra7_eis0p9_prtp0p005,5,1,delay_frontier,fixed_learning_grid,default,0|5|10|15|35|75|125|175|225,optimal,217,7,2200,0.0078125,6.885512445543705,0.8705400227923005,0.5487401950741404,424.0487844461736,13.448867866911595,39.71290054148965,0.08243136771146443,0.00555762132856434,0.00554398063232754,7.0,0.9,0.005,1.5,1.5,10000.0,0.0,one_sided_huber,additive_removal_premium_v1,0.015
prefs_ra7_eis0p9_prtp0p005,5,1,delay_frontier,fixed_learning_grid,default,0|5|10|15|35|75|125|175|225,optimal,218,7,2200,0.0078125,7.0069806003653285,0.8655565933193834,0.5369708732895663,425.85306585837805,13.44511498231707,39.70209425663722,0.08243200335954083,0.0058205035404430665,0.005808039536556349,7.0,0.9,0.005,1.5,1.5,10000.0,0.0,one_sided_huber,additive_removal_premium_v1,0.015
prefs_ra7_eis0p9_prtp0p005,5,1,delay_frontier,fixed_learning_grid,default,0|5|10|15|35|75|125|175|225,optimal,219,7,2200,0.0078125,6.886359907062367,0.8482905178420445,0.525981611547886,427.5217182548183,13.442207018672983,39.69199263646956,0.08242850827998953,0.006066063164643379,0.0060545968545485385,7.0,0.9,0.005,1.5,1.5,10000.0,0.0,one_sided_huber,additive_removal_premium_v1,0.015
prefs_ra7_eis0p9_prtp0p005,5,1,delay_frontier,fixed_learning_grid,default,0|5|10|15|35|75|125|175|225,optimal,220,7,2200,0.0078125,8.495145780397756,0.881185145151342,0.4790335625322699,434.43715097140284,13.423146674721215,39.646352011797546,0.08245309600298505,0.007208948488808374,0.007200834051207423,7.0,0.9,0.005,1.5,1.5,10000.0,0.0,one_sided_huber,additive_removal_premium_v1,0.015
prefs_ra7_eis0p9_prtp0p005,5,1,delay_frontier,fixed_learning_grid,default,0|5|10|15|35|75|125|175|225,optimal,221,7,2200,0.0078125,7.032472392854216,0.84827484080368,0.5179198954971009,429.6574392710221,13.439484792737069,39.6846138768735,0.08243003011541258,0.006245776150736188,0.006235471160268028,7.0,0.9,0.005,1.5,1.5,10000.0,0.0,one_sided_huber,additive_removal_premium_v1,0.015
prefs_ra7_eis0p9_prtp0p005,5,1,delay_frontier,fixed_learning_grid,default,0|5|10|15|35|75|125|175|225,optimal,222,7,2200,0.0078125,7.040376820793595,0.8379588831048838,0.506890020677863,431.3423652760574,13.436238477316397,39.67446148741093,0.08242872225354562,0.006492412086428181,0.006482939681552433,7.0,0.9,0.005,1.5,1.5,10000.0,0.0,one_sided_huber,additive_removal_premium_v1,0.015
prefs_ra7_eis0p9_prtp0p005,5,1,delay_frontier,fixed_learning_grid,default,0|5|10|15|35|75|125|175|225,optimal,223,7,2200,0.0078125,7.049591033905953,0.8307844713777892,0.4989907882656418,432.39064122428437,13.433843313012623,39.66715776917112,0.08242818823522588,0.006673628947317427,0.006664640235856038,7.0,0.9,0.005,1.5,1.5,10000.0,0.0,one_sided_huber,additive_removal_premium_v1,0.015
prefs_ra7_eis0p9_prtp0p005,5,1,delay_frontier,fixed_learning_grid,default,0|5|10|15|35|75|125|175|225,optimal,224,7,2200,0.0078125,8.585635421425636,0.8557136912221406,0.4490260984976653,439.9286580718188,13.412393551399257,39.61316813236632,0.08244980359202428,0.00801321527613092,0.008007049145664627,7.0,0.9,0.005,1.5,1.5,10000.0,0.0,one_sided_huber,additive_removal_premium_v1,0.015
prefs_ra7_eis0p9_prtp0p005,5,1,delay_frontier,fixed_learning_grid,default,0|5|10|15|35|75|125|175|225,optimal,225,7,2200,0.0078125,10.220770499655266,0.8612419165778465,0.3877705131522394,449.75268342698325,13.38607682223187,39.54477245648987,0.08247142348917302,0.009711668097277165,0.00970789508907987,7.0,0.9,0.005,1.5,1.5,10000.0,0.0,one_sided_huber,additive_removal_premium_v1,0.015
prefs_ra7_eis0p9_prtp0p005,5,1,delay_frontier,fixed_learning_grid,default,0|5|10|15|35|75|125|175|225,optimal,226,7,2200,0.0078125,2.0342664725270034,0.5767787099584581,0.6948393486097617,401.1285422965222,13.5182600045207,39.888561504298515,0.08236426684476233,0.0012326811566216555,0.0011897739183930468,7.0,0.9,0.005,1.5,1.5,10000.0,0.0,one_sided_huber,additive_removal_premium_v1,0.015
prefs_ra7_eis0p9_prtp0p005,5,1,delay_frontier,fixed_learning_grid,default,0|5|10|15|35|75|125|175|225,optimal,227,7,2200,0.0078125,1.9813528105205784,0.559185089007644,0.6837346370162645,402.7695143659415,13.517289017008894,39.885326013809674,0.08236341702345092,0.0013156269086532209,0.001276099460859685,7.0,0.9,0.005,1.5,1.5,10000.0,0.0,one_sided_huber,additive_removal_premium_v1,0.015
prefs_ra7_eis0p9_prtp0p005,5,1,delay_frontier,fixed_learning_grid,default,0|5|10|15|35|75|125|175|225,optimal,228,7,2200,0.0078125,2.097814054427751,0.5674166361645814,0.671850111251125,404.5476534961246,13.515873497712175,39.88184308611975,0.08236500915165458,0.001404652101164083,0.0013684871041583341,7.0,0.9,0.005,1.5,1.5,10000.0,0.0,one_sided_huber,additive_removal_premium_v1,0.015
prefs_ra7_eis0p9_prtp0p005,5,1,delay_frontier,fixed_learning_grid,default,0|5|10|15|35|75|125|175|225,optimal,229,7,2200,0.0078125,2.139720405131613,0.5392595115363287,0.6299308186224346,411.06549905301347,13.511657922032947,39.869374141491285,0.08236494058240035,0.0017204654598302592,0.0016943583026601049,7.0,0.9,0.005,1.5,1.5,10000.0,0.0,one_sided_huber,additive_removal_premium_v1,0.015
prefs_ra7_eis0p9_prtp0p005,5,1,delay_frontier,fixed_learning_grid,default,0|5|10|15|35|75|125|175|225,optimal,230,7,2200,0.0078125,2.2147087913743113,0.5397114649760575,0.6173103104654216,413.0478528839677,13.51025125525049,39.865568836168,0.08236573350263722,0.0018161109510134198,0.0017924673083452914,7.0,0.9,0.005,1.5,1.5,10000.0,0.0,one_sided_huber,additive_removal_premium_v1,0.015
prefs_ra7_eis0p9_prtp0p005,5,1,delay_frontier,fixed_learning_grid,default,0|5|10|15|35|75|125|175|225,optimal,231,7,2200,0.0078125,2.244365901450522,0.5359410157904227,0.6075513076904547,414.5089828921664,13.509220987252581,39.86260666141121,0.08236591235541849,0.0018903095563164404,0.001868331611653787,7.0,0.9,0.005,1.5,1.5,10000.0,0.0,one_sided_huber,additive_removal_premium_v1,0.015
prefs_ra7_eis0p9_prtp0p005,5,1,delay_frontier,fixed_learning_grid,default,0|5|10|15|35|75|125|175|225,optimal,232,7,2200,0.0078125,2.8898107143352147,0.5669705564353964,0.5487401950741404,424.0487844461736,13.500776434508001,39.84075140827786,0.08237294817265146,0.002431092052106339,0.0024174513558695384,7.0,0.9,0.005,1.5,1.5,10000.0,0.0,one_sided_huber,additive_removal_premium_v1,0.015
prefs_ra7_eis0p9_prtp0p005,5,1,delay_frontier,fixed_learning_grid,default,0|5|10|15|35|75|125|175|225,optimal,233,7,2200,0.0078125,2.9283846371770132,0.5614434534372984,0.5369708732895663,425.85306585837805,13.499242299175643,39.836229069178614,0.08237295940704281,0.0025425159086515936,0.0025300519047648765,7.0,0.9,0.005,1.5,1.5,10000.0,0.0,one_sided_huber,additive_removal_premium_v1,0.015
prefs_ra7_eis0p9_prtp0p005,5,1,delay_frontier,fixed_learning_grid,default,0|5|10|15|35|75|125|175|225,optimal,234,7,2200,0.0078125,2.9044182881552203,0.5498522266617725,0.525981611547886,427.5217182548183,13.497937529767642,39.83199750294813,0.08237208351016116,0.0026466557008352955,0.002635189390740455,7.0,0.9,0.005,1.5,1.5,10000.0,0.0,one_sided_huber,additive_removal_premium_v1,0.015
prefs_ra7_eis0p9_prtp0p005,5,1,delay_frontier,fixed_learning_grid,default,0|5|10|15|35|75|125|175|225,optimal,235,7,2200,0.0078125,3.5600716882626493,0.5754745870978705,0.4790335625322699,434.43715097140284,13.490209409600299,39.81230841087363,0.08237924828607748,0.0031320479573687574,0.0031239335197678067,7.0,0.9,0.005,1.5,1.5,10000.0,0.0,one_sided_huber,additive_removal_premium_v1,0.015
prefs_ra7_eis0p9_prtp0p005,5,1,delay_frontier,fixed_learning_grid,default,0|5|10|15|35|75|125|175|225,optimal,236,7,2200,0.0078125,2.973089122167728,0.5505808386753653,0.5179198954971009,429.6574392710221,13.496802804870507,39.828919830476416,0.08237270594826274,0.0027226231800444606,0.0027123181895763013,7.0,0.9,0.005,1.5,1.5,10000.0,0.0,one_sided_huber,additive_removal_premium_v1,0.015
prefs_ra7_eis0p9_prtp0p005,5,1,delay_frontier,fixed_learning_grid,default,0|5|10|15|35|75|125|175|225,optimal,237,7,2200,0.0078125,2.9173666385940336,0.535766064493426,0.506890020677863,431.3423652760574,13.49555789280872,39.82465841764066,0.08237135533551085,0.002827316637636703,0.002817844232760955,7.0,0.9,0.005,1.5,1.5,10000.0,0.0,one_sided_huber,additive_removal_premium_v1,0.015
prefs_ra7_eis0p9_prtp0p005,5,1,delay_frontier,fixed_learning_grid,default,0|5|10|15|35|75|125|175|225,optimal,238,7,2200,0.0078125,3.018017206184806,0.5398798239105511,0.4989907882656418,432.39064122428437,13.494343330500106,39.82158738434301,0.0823725345726399,0.0029043123058158536,0.0028953235943544645,7.0,0.9,0.005,1.5,1.5,10000.0,0.0,one_sided_huber,additive_removal_premium_v1,0.015
prefs_ra7_eis0p9_prtp0p005,5,1,delay_frontier,fixed_learning_grid,default,0|5|10|15|35|75|125|175|225,optimal,239,7,2200,0.0078125,3.5796752077763716,0.5524565584140703,0.4490260984976653,439.9286580718188,13.485719736208711,39.79832815651076,0.08237756862797938,0.003473835007364597,0.0034676688768983032,7.0,0.9,0.005,1.5,1.5,10000.0,0.0,one_sided_huber,additive_removal_premium_v1,0.015
prefs_ra7_eis0p9_prtp0p005,5,1,delay_frontier,fixed_learning_grid,default,0|5|10|15|35|75|125|175|225,optimal,240,7,2200,0.0078125,4.169124130467966,0.550214936021509,0.3877705131522394,449.75268342698325,13.475108682612222,39.76900333686448,0.0823821488510594,0.004194402561164786,0.004190629552967491,7.0,0.9,0.005,1.5,1.5,10000.0,0.0,one_sided_huber,additive_removal_premium_v1,0.015
prefs_ra7_eis0p9_prtp0p005,5,1,delay_frontier,fixed_learning_grid,default,0|5|10|15|35|75|125|175|225,optimal,241,7,2200,0.0078125,2.9298515944547634,0.5315464547453019,0.4999987902544343,434.0109242960124,13.49468909053275,39.82202699466648,0.08237119988979696,0.0028920661578686483,0.0028837769363894246,7.0,0.9,0.005,1.5,1.5,10000.0,0.0,one_sided_huber,additive_removal_premium_v1,0.015
prefs_ra7_eis0p9_prtp0p005,5,1,delay_frontier,fixed_learning_grid,default,0|5|10|15|35|75|125|175|225,optimal,242,7,2200,0.0078125,3.603239313855256,0.5894462148702929,0.4910799962020823,435.18301594285737,13.491915102368496,39.81797578094681,0.08238070465068806,0.0029937590790552753,0.0029859416796420755,7.0,0.9,0.005,1.5,1.5,10000.0,0.0,one_sided_huber,additive_removal_premium_v1,0.015
prefs_ra7_eis0p9_prtp0p005,5,1,delay_frontier,fixed_learning_grid,default,0|5|10|15|35|75|125|175|225,optimal,243,7,2200,0.0078125,3.5584198334317914,0.5779506933475111,0.48217960531575577,436.47449834323345,13.4906927891726,39.81382628128695,0.08237945823366534,0.003095224169355407,0.0030878956147158427,7.0,0.9,0.005,1.5,1.5,10000.0,0.0,one_sided_huber,additive_removal_premium_v1,0.015
prefs_ra7_eis0p9_prtp0p005,5,1,delay_frontier,fixed_learning_grid,default,0|5|10|15|35|75|125|175|225,optimal,244,7,2200,0.0078125,3.5871261444336637,0.5376969691151614,0.4300268446759741,444.54405237248943,13.482889297838742,39.789468770153526,0.08237640385093505,0.0036902006731790683,0.0036853052386408586,7.0,0.9,0.005,1.5,1.5,10000.0,0.0,one_sided_huber,additive_removal_premium_v1,0.015
prefs_ra7_eis0p9_prtp0p005,5,1,delay_frontier,fixed_learning_grid,default,0|5|10|15|35|75|125|175|225,optimal,245,7,2200,0.0078125,4.210628479205137,0.5374360048686405,0.3681742477385571,454.5131067864247,13.471669404590008,39.75841709367734,0.082381145236599,0.004452174303998419,0.004449200469357839,7.0,0.9,0.005,1.5,1.5,10000.0,0.0,one_sided_huber,additive_removal_premium_v1,0.015
prefs_ra7_eis0p9_prtp0p005,5,1,delay_frontier,fixed_learning_grid,default,0|5|10|15|35|75|125|175|225,optimal,246,7,2200,0.0078125,4.170633911188301,0.5163006957457972,0.34528793738786,458.68431711978496,13.467833303588883,39.74603529304697,0.08237870307036897,0.004753597242820348,0.004751183225523301,7.0,0.9,0.005,1.5,1.5,10000.0,0.0,one_sided_huber,additive_removal_premium_v1,0.015
prefs_ra7_eis0p9_prtp0p005,5,1,delay_frontier,fixed_learning_grid,default,0|5|10|15|35|75|125|175|225,optimal,247,7,2200,0.0078125,1.0702133773880325,0.27310630622816695,0.4999987902544343,434.0109242960124,13.52490583791917,39.9049612691175,0.08235690535080352,0.0009078842291631787,0.0008995950076839551,7.0,0.9,0.005,1.5,1.5,10000.0,0.0,one_sided_huber,additive_removal_premium_v1,0.015
prefs_ra7_eis0p9_prtp0p005,5,1,delay_frontier,fixed_learning_grid,default,0|5|10|15|35|75|125|175|225,optimal,248,7,2200,0.0078125,1.0771434813254634,0.2697097422248857,0.4910799962020823,435.18301594285737,13.524488404631201,39.90371785882227,0.08235687833261013,0.0009390256709779722,0.0009312082715647725,7.0,0.9,0.005,1.5,1.5,10000.0,0.0,one_sided_huber,additive_removal_premium_v1,0.015
prefs_ra7_eis0p9_prtp0p005,5,1,delay_frontier,fixed_learning_grid,default,0|5|10|15|35|75|125|175|225,optimal,249,7,2200,0.0078125,1.029347639174043,0.2561657151141186,0.48217960531575577,436.47449834323345,13.524145476857427,39.90247606426871,0.08235635089605033,0.000970084858828508,0.0009627563041889438,7.0,0.9,0.005,1.5,1.5,10000.0,0.0,one_sided_huber,additive_removal_premium_v1,0.015
prefs_ra7_eis0p9_prtp0p005,5,1,delay_frontier,fixed_learning_grid,default,0|5|10|15|35|75|125|175|225,optimal,250,7,2200,0.0078125,1.0432141983471703,0.23322343976990642,0.4300268446759741,444.54405237248943,13.521731470861342,39.895155183890886,0.08235589572137803,0.0011525106977456926,0.001147615263207483,7.0,0.9,0.005,1.5,1.5,10000.0,0.0,one_sided_huber,additive_removal_premium_v1,0.015
prefs_ra7_eis0p9_prtp0p005,5,1,delay_frontier,fixed_learning_grid,default,0|5|10|15|35|75|125|175|225,optimal,251,7,2200,0.0078125,1.1816896874499392,0.22670644593075687,0.3681742477385571,454.5131067864247,13.518573168629505,39.8859192172315,0.08235608485028072,0.0013800069686440372,0.0013770331340034578,7.0,0.9,0.005,1.5,1.5,10000.0,0.0,one_sided_huber,additive_removal_premium_v1,0.015
prefs_ra7_eis0p9_prtp0p005,5,1,delay_frontier,fixed_learning_grid,default,0|5|10|15|35|75|125|175|225,optimal,252,7,2200,0.0078125,1.1836199538856795,0.216638877115852,0.34528793738786,458.68431711978496,13.517415919951622,39.8823572523814,0.08235574629514145,0.0014678877637323124,0.0014654737464352657,7.0,0.9,0.005,1.5,1.5,10000.0,0.0,one_sided_huber,additive_removal_premium_v1,0.015
prefs_ra7_eis0p9_prtp0p005,5,1,delay_frontier,fixed_learning_grid,default,0|5|10|15|35|75|125|175|225,optimal,253,7,2200,0.0078125,1.182567496507856,0.21005074208616809,0.33062364091830965,462.2466417765372,13.516677082838132,39.88007406115264,0.08235550928167766,0.001524161815260264,0.0015221416558000936,7.0,0.9,0.005,1.5,1.5,10000.0,0.0,one_sided_huber,additive_removal_premium_v1,0.015
prefs_ra7_eis0p9_prtp0p005,5,1,delay_frontier,fixed_learning_grid,default,0|5|10|15|35|75|125|175|225,optimal,254,7,2200,0.0078125,0.1349743882712714,0.02975949753157463,0.33062364091830965,462.2466417765372,13.535947751376357,39.93749399977774,0.08235679946715531,0.00015723033144231078,0.0001552101719821403,7.0,0.9,0.005,1.5,1.5,10000.0,0.0,one_sided_huber,additive_removal_premium_v1,0.015
prefs_ra7_eis0p9_prtp0p005,5,1,delay_frontier,fixed_learning_grid,default,0|5|10|15|35|75|125|175|225,delayed,0,0,2025,1.0,0.0,0.0,0.0,425.6,1.0,7.661672217024981,0.23778191710331822,0.0,0.0,7.0,0.9,0.005,1.5,1.5,10000.0,0.0,one_sided_huber,additive_removal_premium_v1,0.015
prefs_ra7_eis0p9_prtp0p005,5,1,delay_frontier,fixed_learning_grid,default,0|5|10|15|35|75|125|175|225,delayed,1,1,2030,0.5,278.48032029913094,0.7614136857063725,1.1102230246251565e-16,447.78084386976184,1.0347947536852027,8.0486762483651,0.24179811152489897,0.0008474464266302309,0.000843282476390714,7.0,0.9,0.005,1.5,1.5,10000.0,0.0,one_sided_huber,additive_removal_premium_v1,0.015
prefs_ra7_eis0p9_prtp0p005,5,1,delay_frontier,fixed_learning_grid,default,0|5|10|15|35|75|125|175|225,delayed,2,1,2030,0.5,162.25690611549848,0.5772010264609165,1.1102230246251565e-16,447.78084386976184,1.0568649306478564,8.197369866152359,0.2410475302862225,0.0004189673718486009,0.000414803421609084,7.0,0.9,0.005,1.5,1.5,10000.0,0.0,one_sided_huber,additive_removal_premium_v1,0.015
prefs_ra7_eis0p9_prtp0p005,5,1,delay_frontier,fixed_learning_grid,default,0|5|10|15|35|75|125|175|225,delayed,3,2,2035,0.25,357.25007321804964,0.8925121738270282,0.38467665344316904,446.5723087619275,1.095493559501825,8.487316058608483,0.24074276530691244,0.0014372735513100076,0.0014328502306412724,7.0,0.9,0.005,1.5,1.5,10000.0,0.0,one_sided_huber,additive_removal_premium_v1,0.015
prefs_ra7_eis0p9_prtp0p005,5,1,delay_frontier,fixed_learning_grid,default,0|5|10|15|35|75|125|175|225,delayed,4,2,2035,0.25,203.7669631499661,0.6881498631892745,0.38467665344316904,446.5723087619275,1.129039606764864,8.58452792458548,0.23577297082754756,0.0007532256234631482,0.000748802302794413,7.0,0.9,0.005,1.5,1.5,10000.0,0.0,one_sided_huber,additive_removal_premium_v1,0.015
prefs_ra7_eis0p9_prtp0p005,5,1,delay_frontier,fixed_learning_grid,default,0|5|10|15|35|75|125|175|225,delayed,5,2,2035,0.25,219.0354126439811,0.7108418588891875,0.2916098874910068,451.1630802542005,1.1258474932398839,8.672427943664744,0.23920823180565368,0.0008953973426205596,0.0008918812404816564,7.0,0.9,0.005,1.5,1.5,10000.0,0.0,one_sided_huber,additive_removal_premium_v1,0.015
prefs_ra7_eis0p9_prtp0p005,5,1,delay_frontier,fixed_learning_grid,default,0|5|10|15|35|75|125|175|225,delayed,6,2,2035,0.25,110.57040332128682,0.48939610951862794,0.2916098874910068,451.1630802542005,1.1471452380675502,8.711581674599403,0.23545430978822718,0.0004078363941712252,0.000404320292032322,7.0,0.9,0.005,1.5,1.5,10000.0,0.0,one_sided_huber,additive_removal_premium_v1,0.015
prefs_ra7_eis0p9_prtp0p005,5,1,delay_frontier,fixed_learning_grid,default,0|5|10|15|35|75|125|175|225,delayed,7,3,2040,0.125,413.87101323357297,1.0,0.5561320514928092,443.556855222235,1.1634112537469332,8.984630635855526,0.23988595611771155,0.0020294800714277857,0.0020243369372610455,7.0,0.9,0.005,1.5,1.5,10000.0,0.0,one_sided_huber,additive_removal_premium_v1,0.015
prefs_ra7_eis0p9_prtp0p005,5,1,delay_frontier,fixed_learning_grid,default,0|5|10|15|35|75|125|175|225,delayed,8,3,2040,0.125,250.98470193528772,0.8095527308101831,0.5561320514928092,443.556855222235,1.2035817953824077,9.013447132745451,0.23183000452661115,0.0011481958034550088,0.0011430526692882686,7.0,0.9,0.005,1.5,1.5,10000.0,0.0,one_sided_huber,additive_removal_premium_v1,0.015
prefs_ra7_eis0p9_prtp0p005,5,1,delay_frontier,fixed_learning_grid,default,0|5|10|15|35|75|125|175|225,delayed,9,3,2040,0.125,268.22023841104385,0.8301830619513748,0.48713526038561106,448.69510659225426,1.1994542931027632,9.094617031715536,0.23504630561182877,0.0013632040808320106,0.0013592261919359075,7.0,0.9,0.005,1.5,1.5,10000.0,0.0,one_sided_huber,additive_removal_premium_v1,0.015
prefs_ra7_eis0p9_prtp0p005,5,1,delay_frontier,fixed_learning_grid,default,0|5|10|15|35|75|125|175|225,delayed,10,3,2040,0.125,272.40075320751,0.8328516791469122,0.4331509606260212,451.87580442081924,1.198374229126426,9.0985012167326,0.23539334978272622,0.001543384802463811,0.0015399917941234433,7.0,0.9,0.005,1.5,1.5,10000.0,0.0,one_sided_huber,additive_removal_premium_v1,0.015
prefs_ra7_eis0p9_prtp0p005,5,1,delay_frontier,fixed_learning_grid,default,0|5|10|15|35|75|125|175|225,delayed,11,3,2040,0.125,137.36000456776486,0.5962356363829894,0.48713526038561106,448.69510659225426,1.2293418013374946,9.193054610154162,0.23145775608175617,0.0006414775027959439,0.0006374996138998409,7.0,0.9,0.005,1.5,1.5,10000.0,0.0,one_sided_huber,additive_removal_premium_v1,0.015
prefs_ra7_eis0p9_prtp0p005,5,1,delay_frontier,fixed_learning_grid,default,0|5|10|15|35|75|125|175|225,delayed,12,3,2040,0.125,139.64586017343308,0.5989115081636929,0.4331509606260212,451.87580442081924,1.228822745208953,9.194011026120824,0.23159315816958354,0.000737177852909335,0.0007337848445689672,7.0,0.9,0.005,1.5,1.5,10000.0,0.0,one_sided_huber,additive_removal_premium_v1,0.015
prefs_ra7_eis0p9_prtp0p005,5,1,delay_frontier,fixed_learning_grid,default,0|5|10|15|35|75|125|175|225,delayed,13,3,2040,0.125,147.18528879833522,0.6123744445134838,0.35838645995456164,457.44358216583174,1.227192223168169,9.216037658211686,0.2325525646416885,0.0008771598675563254,0.0008745913500641985,7.0,0.9,0.005,1.5,1.5,10000.0,0.0,one_sided_huber,additive_removal_premium_v1,0.015
prefs_ra7_eis0p9_prtp0p005,5,1,delay_frontier,fixed_learning_grid,default,0|5|10|15|35|75|125|175|225,delayed,14,3,2040,0.125,70.67106635285316,0.3952381881801414,0.35838645995456164,457.44358216583174,1.2422588264722503,9.245790316353688,0.23024390169626358,0.00038912269434383535,0.00038655417685170846,7.0,0.9,0.005,1.5,1.5,10000.0,0.0,one_sided_huber,additive_removal_premium_v1,0.015
prefs_ra7_eis0p9_prtp0p005,5,1,delay_frontier,fixed_learning_grid,default,0|5|10|15|35|75|125|175|225,delayed,15,4,2060,0.0625,229.7176842012553,1.0,0.8081176878735198,428.0882355699783,1.616669698673268,11.291834692465502,0.21455270069782173,0.0025148358788067288,0.0025036898014066467,7.0,0.9,0.005,1.5,1.5,10000.0,0.0,one_sided_huber,additive_removal_premium_v1,0.015
prefs_ra7_eis0p9_prtp0p005,5,1,delay_frontier,fixed_learning_grid,default,0|5|10|15|35|75|125|175|225,delayed,16,4,2060,0.0625,214.1982420486521,0.9726730902987635,0.8081176878735198,428.0882355699783,1.6233481043179119,11.338027668929243,0.2145431722733407,0.0015645594586177955,0.0015534133812177132,7.0,0.9,0.005,1.5,1.5,10000.0,0.0,one_sided_huber,additive_removal_premium_v1,0.015
prefs_ra7_eis0p9_prtp0p005,5,1,delay_frontier,fixed_learning_grid,default,0|5|10|15|35|75|125|175|225,delayed,17,4,2060,0.0625,222.46748372203027,0.9679708683280711,0.6999999999774605,443.1754162643421,1.619535152387773,11.297807034519067,0.21425679714361126,0.002635051154618277,0.00262980899002912,7.0,0.9,0.005,1.5,1.5,10000.0,0.0,one_sided_huber,additive_removal_premium_v1,0.015
prefs_ra7_eis0p9_prtp0p005,5,1,delay_frontier,fixed_learning_grid,default,0|5|10|15|35|75|125|175|225,delayed,18,4,2060,0.0625,226.97466270918446,0.9725192826854536,0.6818848900384769,444.9186318348491,1.6178267434685956,11.312853794824889,0.21482565929988207,0.002842378366240369,0.0028375737644661765,7.0,0.9,0.005,1.5,1.5,10000.0,0.0,one_sided_huber,additive_removal_premium_v1,0.015
prefs_ra7_eis0p9_prtp0p005,5,1,delay_frontier,fixed_learning_grid,default,0|5|10|15|35|75|125|175|225,delayed,19,4,2060,0.0625,238.456095424477,0.9878373973339709,0.6600626812335799,447.22788560004057,1.6137705742898418,11.398212249790529,0.21723250066411817,0.0030921364639948214,0.00308785578347346,7.0,0.9,0.005,1.5,1.5,10000.0,0.0,one_sided_huber,additive_removal_premium_v1,0.015
prefs_ra7_eis0p9_prtp0p005,5,1,delay_frontier,fixed_learning_grid,default,0|5|10|15|35|75|125|175|225,delayed,20,4,2060,0.0625,107.89070434799926,0.6999999858460769,0.6999999999774605,443.1754162643421,1.6578091476995145,11.453530077789946,0.2119674201942639,0.0013543128931360982,0.0013490707285469406,7.0,0.9,0.005,1.5,1.5,10000.0,0.0,one_sided_huber,additive_removal_premium_v1,0.015
prefs_ra7_eis0p9_prtp0p005,5,1,delay_frontier,fixed_learning_grid,default,0|5|10|15|35|75|125|175|225,delayed,21,4,2060,0.0625,107.370716502939,0.6954074637300282,0.6818848900384769,444.9186318348491,1.6578237993783667,11.455665464242834,0.21200924875199262,0.001478544274611386,0.0014737396728371932,7.0,0.9,0.005,1.5,1.5,10000.0,0.0,one_sided_huber,additive_removal_premium_v1,0.015
prefs_ra7_eis0p9_prtp0p005,5,1,delay_frontier,fixed_learning_grid,default,0|5|10|15|35|75|125|175|225,delayed,22,4,2060,0.0625,107.53319487569294,0.692434634829404,0.6600626812335799,447.22788560004057,1.6576088324683051,11.408814636114496,0.21107647290435802,0.0016282017070986898,0.0016239210265773286,7.0,0.9,0.005,1.5,1.5,10000.0,0.0,one_sided_huber,additive_removal_premium_v1,0.015
prefs_ra7_eis0p9_prtp0p005,5,1,delay_frontier,fixed_learning_grid,default,0|5|10|15|35|75|125|175|225,delayed,23,4,2060,0.0625,123.2936548963824,0.7223882892516855,0.5490719867645576,463.45188304683444,1.652015255601052,11.53778703744808,0.21453362764438957,0.0024483993233051365,0.0024464973070629737,7.0,0.9,0.005,1.5,1.5,10000.0,0.0,one_sided_huber,additive_removal_premium_v1,0.015
prefs_ra7_eis0p9_prtp0p005,5,1,delay_frontier,fixed_learning_grid,default,0|5|10|15|35|75|125|175|225,delayed,24,4,2060,0.0625,123.83256486058463,0.720381917868955,0.5272538964171116,465.7605621057687,1.6516560159467277,11.519328507388263,0.21420406304039016,0.002623507093710767,0.0026218124360370665,7.0,0.9,0.005,1.5,1.5,10000.0,0.0,one_sided_huber,additive_removal_premium_v1,0.015
prefs_ra7_eis0p9_prtp0p005,5,1,delay_frontier,fixed_learning_grid,default,0|5|10|15|35|75|125|175|225,delayed,25,4,2060,0.0625,128.2416992531623,0.7287281097864242,0.5025764699279833,468.3539188125724,1.6501149719412267,11.513589552102065,0.21430765307701724,0.0028215917843726597,0.0028201032185388754,7.0,0.9,0.005,1.5,1.5,10000.0,0.0,one_sided_huber,additive_removal_premium_v1,0.015
prefs_ra7_eis0p9_prtp0p005,5,1,delay_frontier,fixed_learning_grid,default,0|5|10|15|35|75|125|175|225,delayed,26,4,2060,0.0625,53.40415780957653,0.45472164846635965,0.5490719867645576,463.45188304683444,1.673356535807131,11.546952402252671,0.2116823942502322,0.0011808127385296964,0.0011789107222875336,7.0,0.9,0.005,1.5,1.5,10000.0,0.0,one_sided_huber,additive_removal_premium_v1,0.015
prefs_ra7_eis0p9_prtp0p005,5,1,delay_frontier,fixed_learning_grid,default,0|5|10|15|35|75|125|175|225,delayed,27,4,2060,0.0625,54.99533980446806,0.46019281825624475,0.5272538964171116,465.7605621057687,1.6728597747115284,11.550499709616515,0.2118245206239593,0.0012750793759949864,0.0012733847183212857,7.0,0.9,0.005,1.5,1.5,10000.0,0.0,one_sided_huber,additive_removal_premium_v1,0.015
prefs_ra7_eis0p9_prtp0p005,5,1,delay_frontier,fixed_learning_grid,default,0|5|10|15|35|75|125|175|225,delayed,28,4,2060,0.0625,57.9116584947988,0.47173195630684867,0.5025764699279833,468.3539188125724,1.67202455971298,11.575794054915283,0.21245785493794592,0.0013817284238639414,0.001380239858030157,7.0,0.9,0.005,1.5,1.5,10000.0,0.0,one_sided_huber,additive_removal_premium_v1,0.015
prefs_ra7_eis0p9_prtp0p005,5,1,delay_frontier,fixed_learning_grid,default,0|5|10|15|35|75|125|175|225,delayed,29,4,2060,0.0625,62.64128008834012,0.4780418102795259,0.37930733567871044,485.55539378533086,1.6700719055224174,11.569934076214908,0.21261422609582348,0.0020183303992243403,0.0020177005405184792,7.0,0.9,0.005,1.5,1.5,10000.0,0.0,one_sided_huber,additive_removal_premium_v1,0.015
prefs_ra7_eis0p9_prtp0p005,5,1,delay_frontier,fixed_learning_grid,default,0|5|10|15|35|75|125|175|225,delayed,30,4,2060,0.0625,27.06886173567614,0.27088843254550443,0.37930733567871044,485.55539378533086,1.679621659734855,11.603965969697164,0.2119620791580081,0.0008731724420607856,0.0008725425833549245,7.0,0.9,0.005,1.5,1.5,10000.0,0.0,one_sided_huber,additive_removal_premium_v1,0.015
prefs_ra7_eis0p9_prtp0p005,5,1,delay_frontier,fixed_learning_grid,default,0|5|10|15|35|75|125|175|225,delayed,31,5,2100,0.03125,70.30078727036796,1.0,0.886099444123394,405.1662369950593,2.965897333244117,17.308929016047916,0.17572556664030392,0.01776587889107518,0.017730815287966665,7.0,0.9,0.005,1.5,1.5,10000.0,0.0,one_sided_huber,additive_removal_premium_v1,0.015
prefs_ra7_eis0p9_prtp0p005,5,1,delay_frontier,fixed_learning_grid,default,0|5|10|15|35|75|125|175|225,delayed,32,5,2100,0.03125,70.30078727036796,1.0,0.886099444123394,405.1662369950593,2.986875398502646,17.24133266261117,0.17359837917873774,0.010818446402156748,0.010783382799048231,7.0,0.9,0.005,1.5,1.5,10000.0,0.0,one_sided_huber,additive_removal_premium_v1,0.015
prefs_ra7_eis0p9_prtp0p005,5,1,delay_frontier,fixed_learning_grid,default,0|5|10|15|35|75|125|175|225,delayed,33,5,2100,0.03125,71.14944607512633,1.0,0.8749936762818042,407.3672132413023,2.9832462521136907,17.357815336536685,0.17513844203850404,0.011881873068193008,0.011850463314066348,7.0,0.9,0.005,1.5,1.5,10000.0,0.0,one_sided_huber,additive_removal_premium_v1,0.015
prefs_ra7_eis0p9_prtp0p005,5,1,delay_frontier,fixed_learning_grid,default,0|5|10|15|35|75|125|175|225,delayed,34,5,2100,0.03125,76.41263017998578,1.0,0.8089044566009047,417.9861657100371,2.961537432941835,17.340173254482888,0.17636609078591564,0.018219014368006797,0.018200543702937857,7.0,0.9,0.005,1.5,1.5,10000.0,0.0,one_sided_huber,additive_removal_premium_v1,0.015
prefs_ra7_eis0p9_prtp0p005,5,1,delay_frontier,fixed_learning_grid,default,0|5|10|15|35|75|125|175|225,delayed,35,5,2100,0.03125,77.15048745633047,1.0,0.7999998956065126,419.1662040497382,2.9585989154929884,17.333814849991146,0.1764887992099429,0.019073537170990466,0.019056124764951304,7.0,0.9,0.005,1.5,1.5,10000.0,0.0,one_sided_huber,additive_removal_premium_v1,0.015
prefs_ra7_eis0p9_prtp0p005,5,1,delay_frontier,fixed_learning_grid,default,0|5|10|15|35|75|125|175|225,delayed,36,5,2100,0.03125,77.71266166169978,1.0,0.7932716661188784,419.8202149146805,2.9563565404491503,17.24356631718881,0.1756159924328949,0.019725904600007803,0.019709052370553756,7.0,0.9,0.005,1.5,1.5,10000.0,0.0,one_sided_huber,additive_removal_premium_v1,0.015
prefs_ra7_eis0p9_prtp0p005,5,1,delay_frontier,fixed_learning_grid,default,0|5|10|15|35|75|125|175|225,delayed,37,5,2100,0.03125,38.88316030007627,0.7715811401522972,0.8749936762818042,407.3672132413023,3.023502909432915,17.172649763936086,0.1705053875357792,0.004763711822880601,0.004732302068753941,7.0,0.9,0.005,1.5,1.5,10000.0,0.0,one_sided_huber,additive_removal_premium_v1,0.015
prefs_ra7_eis0p9_prtp0p005,5,1,delay_frontier,fixed_learning_grid,default,0|5|10|15|35|75|125|175|225,delayed,38,5,2100,0.03125,43.44157811743741,0.7859151732279103,0.8089044566009047,417.9861657100371,3.0133031352673165,17.423040765361552,0.17392174827904994,0.007412370440161901,0.00739389977509296,7.0,0.9,0.005,1.5,1.5,10000.0,0.0,one_sided_huber,additive_removal_premium_v1,0.015
prefs_ra7_eis0p9_prtp0p005,5,1,delay_frontier,fixed_learning_grid,default,0|5|10|15|35|75|125|175|225,delayed,39,5,2100,0.03125,45.35576171755293,0.798152194908556,0.7999998956065126,419.1662040497382,3.011203796343059,17.500108623408767,0.17491214489170398,0.007769924033127455,0.007752511627088294,7.0,0.9,0.005,1.5,1.5,10000.0,0.0,one_sided_huber,additive_removal_premium_v1,0.015
prefs_ra7_eis0p9_prtp0p005,5,1,delay_frontier,fixed_learning_grid,default,0|5|10|15|35|75|125|175|225,delayed,40,5,2100,0.03125,44.64366103040082,0.7897149759511479,0.7932716661188784,419.8202149146805,3.010767680161982,17.45653135699677,0.17445634002694546,0.008058221633124238,0.00804136940367019,7.0,0.9,0.005,1.5,1.5,10000.0,0.0,one_sided_huber,additive_removal_premium_v1,0.015
prefs_ra7_eis0p9_prtp0p005,5,1,delay_frontier,fixed_learning_grid,default,0|5|10|15|35|75|125|175|225,delayed,41,5,2100,0.03125,49.09716629333682,0.7877163592070264,0.6999999942344083,439.56919699589645,2.996771112197466,17.382465001492896,0.17453539586546127,0.012052006597628688,0.012045728641751735,7.0,0.9,0.005,1.5,1.5,10000.0,0.0,one_sided_huber,additive_removal_premium_v1,0.015
prefs_ra7_eis0p9_prtp0p005,5,1,delay_frontier,fixed_learning_grid,default,0|5|10|15|35|75|125|175|225,delayed,42,5,2100,0.03125,50.641557898892124,0.7940581487859733,0.6873805192801676,441.4854687504402,2.994213864791407,17.554142537171074,0.1766192249631689,0.01264074793916284,0.012635043575618506,7.0,0.9,0.005,1.5,1.5,10000.0,0.0,one_sided_huber,additive_removal_premium_v1,0.015
prefs_ra7_eis0p9_prtp0p005,5,1,delay_frontier,fixed_learning_grid,default,0|5|10|15|35|75|125|175|225,delayed,43,5,2100,0.03125,51.41122186931421,0.7939958763488607,0.6732187755429804,443.61267701359435,2.9918805988370147,17.494189766386757,0.17610158999124717,0.013301509483178778,0.013296380683872289,7.0,0.9,0.005,1.5,1.5,10000.0,0.0,one_sided_huber,additive_removal_premium_v1,0.015
prefs_ra7_eis0p9_prtp0p005,5,1,delay_frontier,fixed_learning_grid,default,0|5|10|15|35|75|125|175|225,delayed,44,5,2100,0.03125,55.34967807129442,0.7998478489837096,0.6195084407810793,451.8915656684009,2.982482438716829,17.4570008135819,0.17630091551138088,0.01580798174073372,0.01580459140523319,7.0,0.9,0.005,1.5,1.5,10000.0,0.0,one_sided_huber,additive_removal_premium_v1,0.015
prefs_ra7_eis0p9_prtp0p005,5,1,delay_frontier,fixed_learning_grid,default,0|5|10|15|35|75|125|175|225,delayed,45,5,2100,0.03125,55.232468956917664,0.7936514242796694,0.6057419140304857,453.9405430014109,2.9807026791231555,17.427822809082002,0.17609028270526525,0.016450532536008162,0.016447472335780533,7.0,0.9,0.005,1.5,1.5,10000.0,0.0,one_sided_huber,additive_removal_premium_v1,0.015
prefs_ra7_eis0p9_prtp0p005,5,1,delay_frontier,fixed_learning_grid,default,0|5|10|15|35|75|125|175|225,delayed,46,5,2100,0.03125,55.516087196975604,0.7910991483360447,0.5944854210944965,455.4220818869357,2.978997239743064,17.350366057816984,0.17533237986853048,0.016989308776330446,0.016986467073041824,7.0,0.9,0.005,1.5,1.5,10000.0,0.0,one_sided_huber,additive_removal_premium_v1,0.015
prefs_ra7_eis0p9_prtp0p005,5,1,delay_frontier,fixed_learning_grid,default,0|5|10|15|35|75|125|175|225,delayed,47,5,2100,0.03125,19.928251640029256,0.48846059972536876,0.6999999942344083,439.56919699589645,3.0390477006232035,17.63852342292112,0.17465462572251958,0.0030903023633343154,0.0030840244074573624,7.0,0.9,0.005,1.5,1.5,10000.0,0.0,one_sided_huber,additive_removal_premium_v1,0.015
prefs_ra7_eis0p9_prtp0p005,5,1,delay_frontier,fixed_learning_grid,default,0|5|10|15|35|75|125|175|225,delayed,48,5,2100,0.03125,19.93237595694915,0.48453525034843353,0.6873805192801676,441.4854687504402,3.0384639751325913,17.61735572502324,0.1744589843333066,0.0032940310482029007,0.0032883266846585667,7.0,0.9,0.005,1.5,1.5,10000.0,0.0,one_sided_huber,additive_removal_premium_v1,0.015
prefs_ra7_eis0p9_prtp0p005,5,1,delay_frontier,fixed_learning_grid,default,0|5|10|15|35|75|125|175|225,delayed,49,5,2100,0.03125,19.942187379116824,0.48022730019262155,0.6732187755429804,443.61267701359435,3.037806366268231,17.605470512775003,0.17437014781383675,0.0035227262345421213,0.0035175974352356313,7.0,0.9,0.005,1.5,1.5,10000.0,0.0,one_sided_huber,additive_removal_premium_v1,0.015
prefs_ra7_eis0p9_prtp0p005,5,1,delay_frontier,fixed_learning_grid,default,0|5|10|15|35|75|125|175|225,delayed,50,5,2100,0.03125,20.899472454022792,0.4770491165105344,0.6195084407810793,451.8915656684009,3.0349048755686745,17.582767578601963,0.17430529661738778,0.004390528202559592,0.004387137867059063,7.0,0.9,0.005,1.5,1.5,10000.0,0.0,one_sided_huber,additive_removal_premium_v1,0.015
prefs_ra7_eis0p9_prtp0p005,5,1,delay_frontier,fixed_learning_grid,default,0|5|10|15|35|75|125|175|225,delayed,51,5,2100,0.03125,21.66346792075051,0.4831878826908846,0.6057419140304857,453.9405430014109,3.0339311876863815,17.546668956710533,0.17396973422776238,0.004613070474775595,0.004610010274547967,7.0,0.9,0.005,1.5,1.5,10000.0,0.0,one_sided_huber,additive_removal_premium_v1,0.015
prefs_ra7_eis0p9_prtp0p005,5,1,delay_frontier,fixed_learning_grid,default,0|5|10|15|35|75|125|175|225,delayed,52,5,2100,0.03125,22.707155294456808,0.4934530034224995,0.5944854210944965,455.4220818869357,3.0329006836208205,17.631176119657596,0.17496697206291514,0.004809748473562965,0.004806906770274342,7.0,0.9,0.005,1.5,1.5,10000.0,0.0,one_sided_huber,additive_removal_premium_v1,0.015
prefs_ra7_eis0p9_prtp0p005,5,1,delay_frontier,fixed_learning_grid,default,0|5|10|15|35|75|125|175|225,delayed,53,5,2100,0.03125,24.696637660209312,0.49166565065522194,0.5107276234841451,473.45009258275223,3.027504086965985,17.602839916592263,0.17500050652763377,0.006386717139847823,0.006385563404536979,7.0,0.9,0.005,1.5,1.5,10000.0,0.0,one_sided_huber,additive_removal_premium_v1,0.015
prefs_ra7_eis0p9_prtp0p005,5,1,delay_frontier,fixed_learning_grid,default,0|5|10|15|35|75|125|175|225,delayed,54,5,2100,0.03125,25.471408502606916,0.4973936244632439,0.5000000000415697,474.8968104330339,3.0265794146568354,17.58077759339615,0.17481614261378442,0.006588829553362339,0.006587756327472668,7.0,0.9,0.005,1.5,1.5,10000.0,0.0,one_sided_huber,additive_removal_premium_v1,0.015
prefs_ra7_eis0p9_prtp0p005,5,1,delay_frontier,fixed_learning_grid,default,0|5|10|15|35|75|125|175|225,delayed,55,5,2100,0.03125,25.941754945484597,0.4996514966622674,0.4900411334699579,476.1211816156829,3.025738072245456,17.575760006858,0.17481470148134137,0.0068078639070734024,0.006806854411809043,7.0,0.9,0.005,1.5,1.5,10000.0,0.0,one_sided_huber,additive_removal_premium_v1,0.015
prefs_ra7_eis0p9_prtp0p005,5,1,delay_frontier,fixed_learning_grid,default,0|5|10|15|35|75|125|175|225,delayed,56,5,2100,0.03125,29.599742025426014,0.5164909423332045,0.41943342987912324,487.2882437404951,3.019633372968952,17.628950320590768,0.1757966840875966,0.008360822885170977,0.008360245301641145,7.0,0.9,0.005,1.5,1.5,10000.0,0.0,one_sided_huber,additive_removal_premium_v1,0.015
prefs_ra7_eis0p9_prtp0p005,5,1,delay_frontier,fixed_learning_grid,default,0|5|10|15|35|75|125|175|225,delayed,57,5,2100,0.03125,11.191998603962546,0.2903627127098264,0.5107276234841451,473.45009258275223,3.045873939521139,17.647282316979748,0.17431589104206946,0.0021267298820950137,0.00212557614678417,7.0,0.9,0.005,1.5,1.5,10000.0,0.0,one_sided_huber,additive_removal_premium_v1,0.015
prefs_ra7_eis0p9_prtp0p005,5,1,delay_frontier,fixed_learning_grid,default,0|5|10|15|35|75|125|175|225,delayed,58,5,2100,0.03125,11.193045277531146,0.287946406088574,0.5000000000415697,474.8968104330339,3.045651411303335,17.638067855354368,0.1742289056864515,0.002204889070934927,0.0022038158450452565,7.0,0.9,0.005,1.5,1.5,10000.0,0.0,one_sided_huber,additive_removal_premium_v1,0.015
prefs_ra7_eis0p9_prtp0p005,5,1,delay_frontier,fixed_learning_grid,default,0|5|10|15|35|75|125|175|225,delayed,59,5,2100,0.03125,11.289817734940224,0.28750654979162943,0.4900411334699579,476.1211816156829,3.0453705190421645,17.635233373218085,0.1742156485571804,0.002291645956648145,0.0022906364613837858,7.0,0.9,0.005,1.5,1.5,10000.0,0.0,one_sided_huber,additive_removal_premium_v1,0.015
prefs_ra7_eis0p9_prtp0p005,5,1,delay_frontier,fixed_learning_grid,default,0|5|10|15|35|75|125|175|225,delayed,60,5,2100,0.03125,11.69485049527967,0.2790598616463045,0.41943342987912324,487.2882437404951,3.0434729457253615,17.6379649820062,0.17436634793127606,0.0029067664578418485,0.0029061888743120165,7.0,0.9,0.005,1.5,1.5,10000.0,0.0,one_sided_huber,additive_removal_premium_v1,0.015
prefs_ra7_eis0p9_prtp0p005,5,1,delay_frontier,fixed_learning_grid,default,0|5|10|15|35|75|125|175|225,delayed,61,5,2100,0.03125,13.434721269679786,0.2891704636185979,0.3352454501233628,503.9728842178247,3.0405527864176043,17.671376516219983,0.17491985893487805,0.0037275595061532934,0.003727308714789065,7.0,0.9,0.005,1.5,1.5,10000.0,0.0,one_sided_huber,additive_removal_premium_v1,0.015
prefs_ra7_eis0p9_prtp0p005,5,1,delay_frontier,fixed_learning_grid,default,0|5|10|15|35|75|125|175|225,delayed,62,5,2100,0.03125,4.614339951903197,0.12210396292424675,0.3352454501233628,503.9728842178247,3.0500942462787664,17.682616721114734,0.17443517032747452,0.0013371595318951888,0.0013369087405309607,7.0,0.9,0.005,1.5,1.5,10000.0,0.0,one_sided_huber,additive_removal_premium_v1,0.015
prefs_ra7_eis0p9_prtp0p005,5,1,delay_frontier,fixed_learning_grid,default,0|5|10|15|35|75|125|175|225,delayed,63,6,2150,0.015625,16.2633811202947,1.0,0.9016970354816063,381.87320505633454,6.27854157625924,27.327263839918935,0.12685432445001063,0.021055989479000243,0.02094362611565163,7.0,0.9,0.005,1.5,1.5,10000.0,0.0,one_sided_huber,additive_removal_premium_v1,0.015
prefs_ra7_eis0p9_prtp0p005,5,1,delay_frontier,fixed_learning_grid,default,0|5|10|15|35|75|125|175|225,delayed,64,6,2150,0.015625,16.2633811202947,1.0,0.9016970354816063,381.87320505633454,6.319856271420213,27.435042455198094,0.12648522209308796,0.014614242955051539,0.014501879591702925,7.0,0.9,0.005,1.5,1.5,10000.0,0.0,one_sided_huber,additive_removal_premium_v1,0.015
prefs_ra7_eis0p9_prtp0p005,5,1,delay_frontier,fixed_learning_grid,default,0|5|10|15|35|75|125|175|225,delayed,65,6,2150,0.015625,16.2633811202947,1.0,0.9016970354816063,381.87320505633454,6.319856271420213,27.272584177088063,0.12565328528378897,0.014614242955051539,0.014501879591702925,7.0,0.9,0.005,1.5,1.5,10000.0,0.0,one_sided_huber,additive_removal_premium_v1,0.015
prefs_ra7_eis0p9_prtp0p005,5,1,delay_frontier,fixed_learning_grid,default,0|5|10|15|35|75|125|175|225,delayed,66,6,2150,0.015625,16.55476866998483,1.0,0.8921120962889999,383.49862422144315,6.3104897453213225,27.10290322398516,0.12499076157876982,0.01602774037452127,0.015924146754211718,7.0,0.9,0.005,1.5,1.5,10000.0,0.0,one_sided_huber,additive_removal_premium_v1,0.015
prefs_ra7_eis0p9_prtp0p005,5,1,delay_frontier,fixed_learning_grid,default,0|5|10|15|35|75|125|175|225,delayed,67,6,2150,0.015625,18.39900980219636,1.0,0.8350731629199823,392.37659464001246,6.25449113389582,27.538299367080484,0.12849003720918595,0.024464959596823318,0.02439849865973792,7.0,0.9,0.005,1.5,1.5,10000.0,0.0,one_sided_huber,additive_removal_premium_v1,0.015
prefs_ra7_eis0p9_prtp0p005,5,1,delay_frontier,fixed_learning_grid,default,0|5|10|15|35|75|125|175|225,delayed,68,6,2150,0.015625,18.662587652458743,1.0,0.8273879963573898,393.4761766643317,6.246923913230441,27.429116953556466,0.1280963185983912,0.025603200136188914,0.02554029430803047,7.0,0.9,0.005,1.5,1.5,10000.0,0.0,one_sided_huber,additive_removal_premium_v1,0.015
prefs_ra7_eis0p9_prtp0p005,5,1,delay_frontier,fixed_learning_grid,default,0|5|10|15|35|75|125|175|225,delayed,69,6,2150,0.015625,18.864225803036653,1.0,0.821581133524244,394.2256810857907,6.241201664219198,27.319311349286867,0.12765658690857282,0.02646362000079088,0.02640302781668209,7.0,0.9,0.005,1.5,1.5,10000.0,0.0,one_sided_huber,additive_removal_premium_v1,0.015
prefs_ra7_eis0p9_prtp0p005,5,1,delay_frontier,fixed_learning_grid,default,0|5|10|15|35|75|125|175|225,delayed,70,6,2150,0.015625,16.2633811202947,1.0,0.9016970354816063,381.87320505633454,6.367677723044352,27.598422433399463,0.12626043612870402,0.007157969380486252,0.007045606017137639,7.0,0.9,0.005,1.5,1.5,10000.0,0.0,one_sided_huber,additive_removal_premium_v1,0.015
prefs_ra7_eis0p9_prtp0p005,5,1,delay_frontier,fixed_learning_grid,default,0|5|10|15|35|75|125|175|225,delayed,71,6,2150,0.015625,16.55476866998483,1.0,0.8921120962889999,383.49862422144315,6.362858779836303,27.415851297529514,0.1254381978073267,0.00786202276689584,0.007758429146586289,7.0,0.9,0.005,1.5,1.5,10000.0,0.0,one_sided_huber,additive_removal_premium_v1,0.015
prefs_ra7_eis0p9_prtp0p005,5,1,delay_frontier,fixed_learning_grid,default,0|5|10|15|35|75|125|175|225,delayed,72,6,2150,0.015625,18.39900980219636,1.0,0.8350731629199823,392.37659464001246,6.33376768589711,27.42377303209852,0.12611899451715616,0.012099916189777843,0.012033455252692449,7.0,0.9,0.005,1.5,1.5,10000.0,0.0,one_sided_huber,additive_removal_premium_v1,0.015
prefs_ra7_eis0p9_prtp0p005,5,1,delay_frontier,fixed_learning_grid,default,0|5|10|15|35|75|125|175|225,delayed,73,6,2150,0.015625,18.662587652458743,1.0,0.8273879963573898,393.4761766643317,6.329824414167001,27.315764268055446,0.12565412230342518,0.012672358662578171,0.012609452834419728,7.0,0.9,0.005,1.5,1.5,10000.0,0.0,one_sided_huber,additive_removal_premium_v1,0.015
prefs_ra7_eis0p9_prtp0p005,5,1,delay_frontier,fixed_learning_grid,default,0|5|10|15|35|75|125|175|225,delayed,74,6,2150,0.015625,18.864225803036653,1.0,0.821581133524244,394.2256810857907,6.326840155439281,27.17223766693396,0.12498621860763415,0.013105265117152596,0.013044672933043802,7.0,0.9,0.005,1.5,1.5,10000.0,0.0,one_sided_huber,additive_removal_premium_v1,0.015
prefs_ra7_eis0p9_prtp0p005,5,1,delay_frontier,fixed_learning_grid,default,0|5|10|15|35|75|125|175|225,delayed,75,6,2150,0.015625,17.542183725558214,1.0,0.8608323188814784,390.5971658232195,6.346996147470437,27.02950654703648,0.12381858608579512,0.010175470099000144,0.010102825458228746,7.0,0.9,0.005,1.5,1.5,10000.0,0.0,one_sided_huber,additive_removal_premium_v1,0.015
prefs_ra7_eis0p9_prtp0p005,5,1,delay_frontier,fixed_learning_grid,default,0|5|10|15|35|75|125|175|225,delayed,76,6,2150,0.015625,19.424761605872778,1.0,0.8057562941980929,399.029679460434,6.318739497357009,26.846722045936772,0.1234993451002476,0.014278387590863164,0.014230733001989244,7.0,0.9,0.005,1.5,1.5,10000.0,0.0,one_sided_huber,additive_removal_premium_v1,0.015
prefs_ra7_eis0p9_prtp0p005,5,1,delay_frontier,fixed_learning_grid,default,0|5|10|15|35|75|125|175|225,delayed,77,6,2150,0.015625,19.641923184547824,1.0,0.799746870674218,399.7489732391162,6.315634142527781,27.259757048690073,0.12568091189308178,0.014727788264378684,0.014681817027130218,7.0,0.9,0.005,1.5,1.5,10000.0,0.0,one_sided_huber,additive_removal_premium_v1,0.015
prefs_ra7_eis0p9_prtp0p005,5,1,delay_frontier,fixed_learning_grid,default,0|5|10|15|35|75|125|175|225,delayed,78,6,2150,0.015625,19.89652911861687,1.0,0.7927846114298378,400.76067995776026,6.311920391847427,27.757502204655847,0.12831715309366376,0.01526609935462066,0.015222395650743802,7.0,0.9,0.005,1.5,1.5,10000.0,0.0,one_sided_huber,additive_removal_premium_v1,0.015
prefs_ra7_eis0p9_prtp0p005,5,1,delay_frontier,fixed_learning_grid,default,0|5|10|15|35|75|125|175|225,delayed,79,6,2150,0.015625,23.100657736383877,1.0,0.7120119111714328,414.91275527539096,6.2685727035514525,27.699807083246636,0.1290048555065465,0.021515461105111176,0.021493922406442503,7.0,0.9,0.005,1.5,1.5,10000.0,0.0,one_sided_huber,additive_removal_premium_v1,0.015
prefs_ra7_eis0p9_prtp0p005,5,1,delay_frontier,fixed_learning_grid,default,0|5|10|15|35|75|125|175|225,delayed,80,6,2150,0.015625,23.532358130765964,1.0,0.7019889999788651,416.3589621513163,6.2631537184226165,27.702664104682924,0.12914367910894395,0.02229217895054527,0.022272142714951246,7.0,0.9,0.005,1.5,1.5,10000.0,0.0,one_sided_huber,additive_removal_premium_v1,0.015
prefs_ra7_eis0p9_prtp0p005,5,1,delay_frontier,fixed_learning_grid,default,0|5|10|15|35|75|125|175|225,delayed,81,6,2150,0.015625,24.07001302805125,1.0,0.6897580439363724,418.19835688339765,6.256236932028533,27.67043875054801,0.12913521852778795,0.02328587970781546,0.023267603968901106,7.0,0.9,0.005,1.5,1.5,10000.0,0.0,one_sided_huber,additive_removal_premium_v1,0.015
prefs_ra7_eis0p9_prtp0p005,5,1,delay_frontier,fixed_learning_grid,default,0|5|10|15|35|75|125|175|225,delayed,82,6,2150,0.015625,26.181854972307626,1.0,0.6442041972967345,425.136419680186,6.230153940144018,27.573987125186125,0.12923368806915225,0.027021216119481987,0.027008297409391646,7.0,0.9,0.005,1.5,1.5,10000.0,0.0,one_sided_huber,additive_removal_premium_v1,0.015
prefs_ra7_eis0p9_prtp0p005,5,1,delay_frontier,fixed_learning_grid,default,0|5|10|15|35|75|125|175|225,delayed,83,6,2150,0.015625,26.80417073178615,1.0,0.6314743235927691,427.1086316841548,6.222833459465339,27.52966793320371,0.12917154492940966,0.028065327576392587,0.028053621977465817,7.0,0.9,0.005,1.5,1.5,10000.0,0.0,one_sided_huber,additive_removal_premium_v1,0.015
prefs_ra7_eis0p9_prtp0p005,5,1,delay_frontier,fixed_learning_grid,default,0|5|10|15|35|75|125|175|225,delayed,84,6,2150,0.015625,27.306552344324142,1.0,0.6214097898943378,428.5776234322414,6.217035285534783,27.482705670292873,0.12906034128353355,0.02889095650256393,0.028880079850170666,7.0,0.9,0.005,1.5,1.5,10000.0,0.0,one_sided_huber,additive_removal_premium_v1,0.015
prefs_ra7_eis0p9_prtp0p005,5,1,delay_frontier,fixed_learning_grid,default,0|5|10|15|35|75|125|175|225,delayed,85,6,2150,0.015625,9.775393633253284,0.7786404790394328,0.8608323188814784,390.5971658232195,6.406545903581116,27.787818211816205,0.12636621529527597,0.0023768362315331228,0.002304191590761725,7.0,0.9,0.005,1.5,1.5,10000.0,0.0,one_sided_huber,additive_removal_premium_v1,0.015
prefs_ra7_eis0p9_prtp0p005,5,1,delay_frontier,fixed_learning_grid,default,0|5|10|15|35|75|125|175|225,delayed,86,6,2150,0.015625,10.516338196665489,0.7681842241721724,0.8057562941980929,399.029679460434,6.399018372247732,27.757166123400534,0.1263763222625693,0.003457810323616067,0.003410155734742147,7.0,0.9,0.005,1.5,1.5,10000.0,0.0,one_sided_huber,additive_removal_premium_v1,0.015
prefs_ra7_eis0p9_prtp0p005,5,1,delay_frontier,fixed_learning_grid,default,0|5|10|15|35|75|125|175|225,delayed,87,6,2150,0.015625,11.70353980988521,0.8030808461990632,0.799746870674218,399.7489732391162,6.396883667480404,27.672560226285306,0.12599509107761436,0.0035779721094955676,0.003532000872247102,7.0,0.9,0.005,1.5,1.5,10000.0,0.0,one_sided_huber,additive_removal_premium_v1,0.015
prefs_ra7_eis0p9_prtp0p005,5,1,delay_frontier,fixed_learning_grid,default,0|5|10|15|35|75|125|175|225,delayed,88,6,2150,0.015625,12.451316990938011,0.821151142593882,0.7927846114298378,400.76067995776026,6.394945198126141,27.63195198582895,0.1258320395275515,0.0037477419441911755,0.003704038240314319,7.0,0.9,0.005,1.5,1.5,10000.0,0.0,one_sided_huber,additive_removal_premium_v1,0.015
prefs_ra7_eis0p9_prtp0p005,5,1,delay_frontier,fixed_learning_grid,default,0|5|10|15|35|75|125|175|225,delayed,89,6,2150,0.015625,13.588996025579414,0.798379204519793,0.7120119111714328,414.91275527539096,6.381438674239513,27.57834496929837,0.12585614209199772,0.00572146969108853,0.005699930992419856,7.0,0.9,0.005,1.5,1.5,10000.0,0.0,one_sided_huber,additive_removal_premium_v1,0.015
prefs_ra7_eis0p9_prtp0p005,5,1,delay_frontier,fixed_learning_grid,default,0|5|10|15|35|75|125|175|225,delayed,90,6,2150,0.015625,13.75308402213516,0.7959955455912135,0.7019889999788651,416.3589621513163,6.379732599905904,27.625517016154912,0.12613282561643968,0.005967633280284576,0.0059475970446905505,7.0,0.9,0.005,1.5,1.5,10000.0,0.0,one_sided_huber,additive_removal_premium_v1,0.015
prefs_ra7_eis0p9_prtp0p005,5,1,delay_frontier,fixed_learning_grid,default,0|5|10|15|35|75|125|175|225,delayed,91,6,2150,0.015625,14.478617685092798,0.8065625028526169,0.6897580439363724,418.19835688339765,6.3766765272159445,27.574081262214587,0.12593894251597887,0.006323464272049631,0.006305188533135276,7.0,0.9,0.005,1.5,1.5,10000.0,0.0,one_sided_huber,additive_removal_premium_v1,0.015
prefs_ra7_eis0p9_prtp0p005,5,1,delay_frontier,fixed_learning_grid,default,0|5|10|15|35|75|125|175|225,delayed,92,6,2150,0.015625,17.06117596097147,0.8361562698386609,0.6442041972967345,425.136419680186,6.365179646278262,27.520943287241735,0.12592154001141584,0.007689991618034683,0.007677072907944341,7.0,0.9,0.005,1.5,1.5,10000.0,0.0,one_sided_huber,additive_removal_premium_v1,0.015
prefs_ra7_eis0p9_prtp0p005,5,1,delay_frontier,fixed_learning_grid,default,0|5|10|15|35|75|125|175|225,delayed,93,6,2150,0.015625,16.962265834914884,0.8252783853877227,0.6314743235927691,427.1086316841548,6.362949607227516,27.418793865585673,0.1254511674807287,0.00807214711602314,0.008060441517096372,7.0,0.9,0.005,1.5,1.5,10000.0,0.0,one_sided_huber,additive_removal_premium_v1,0.015
prefs_ra7_eis0p9_prtp0p005,5,1,delay_frontier,fixed_learning_grid,default,0|5|10|15|35|75|125|175|225,delayed,94,6,2150,0.015625,16.86199390344137,0.8162215552104848,0.6214097898943378,428.5776234322414,6.361211566080027,27.362029540421528,0.1252006231199641,0.008374418292512023,0.008363541640118759,7.0,0.9,0.005,1.5,1.5,10000.0,0.0,one_sided_huber,additive_removal_premium_v1,0.015
prefs_ra7_eis0p9_prtp0p005,5,1,delay_frontier,fixed_learning_grid,default,0|5|10|15|35|75|125|175|225,delayed,95,6,2150,0.015625,18.11157848268901,0.8771217043505537,0.6710316981069502,424.2126854986136,6.368870172981828,27.867866684859433,0.12760427503308386,0.006882674254994126,0.006869144886676258,7.0,0.9,0.005,1.5,1.5,10000.0,0.0,one_sided_huber,additive_removal_premium_v1,0.015
prefs_ra7_eis0p9_prtp0p005,5,1,delay_frontier,fixed_learning_grid,default,0|5|10|15|35|75|125|175|225,delayed,96,6,2150,0.015625,18.1922685583176,0.8708377984660074,0.6596028004675268,425.9779628447188,6.36666759912939,27.860783789037054,0.12761727741803858,0.007225720148335629,0.007213333736782586,7.0,0.9,0.005,1.5,1.5,10000.0,0.0,one_sided_huber,additive_removal_premium_v1,0.015
prefs_ra7_eis0p9_prtp0p005,5,1,delay_frontier,fixed_learning_grid,default,0|5|10|15|35|75|125|175|225,delayed,97,6,2150,0.015625,18.217214672665573,0.8624538132703381,0.6467904394829311,427.9492999213772,6.36427824400064,27.834785008253682,0.12753814500521146,0.0076104102806956505,0.007599186505226643,7.0,0.9,0.005,1.5,1.5,10000.0,0.0,one_sided_huber,additive_removal_premium_v1,0.015
prefs_ra7_eis0p9_prtp0p005,5,1,delay_frontier,fixed_learning_grid,default,0|5|10|15|35|75|125|175|225,delayed,98,6,2150,0.015625,18.503425897852424,0.8360069485454668,0.5999999993337326,435.16799164840825,6.355322176027234,27.816070666362258,0.12764243852881227,0.009016134992755274,0.00900831171863618,7.0,0.9,0.005,1.5,1.5,10000.0,0.0,one_sided_huber,additive_removal_premium_v1,0.015
prefs_ra7_eis0p9_prtp0p005,5,1,delay_frontier,fixed_learning_grid,default,0|5|10|15|35|75|125|175|225,delayed,99,6,2150,0.015625,18.549391203327662,0.8293650757103337,0.5889593120016817,436.7568646158496,6.352917364717044,27.798750314446462,0.12760778075044574,0.00939771867149066,0.009390492855978167,7.0,0.9,0.005,1.5,1.5,10000.0,0.0,one_sided_huber,additive_removal_premium_v1,0.015
prefs_ra7_eis0p9_prtp0p005,5,1,delay_frontier,fixed_learning_grid,default,0|5|10|15|35|75|125|175|225,delayed,100,6,2150,0.015625,19.146356525211438,0.835439881190183,0.58064999814461,437.8275318841349,6.350437716467052,27.81392117075677,0.12774055940493853,0.009684974751868114,0.00967812558435082,7.0,0.9,0.005,1.5,1.5,10000.0,0.0,one_sided_huber,additive_removal_premium_v1,0.015
prefs_ra7_eis0p9_prtp0p005,5,1,delay_frontier,fixed_learning_grid,default,0|5|10|15|35|75|125|175|225,delayed,101,6,2150,0.015625,21.697327034644104,0.8322515929094632,0.5081172686849201,450.6347101864187,6.332021954854539,27.78377330833196,0.12799908828820425,0.012192507128126183,0.012188896898284382,7.0,0.9,0.005,1.5,1.5,10000.0,0.0,one_sided_huber,additive_removal_premium_v1,0.015
prefs_ra7_eis0p9_prtp0p005,5,1,delay_frontier,fixed_learning_grid,default,0|5|10|15|35|75|125|175|225,delayed,102,6,2150,0.015625,21.719700033973602,0.826843974201772,0.4996430818432004,451.7915811546725,6.330190871620294,27.766820204572088,0.12795342263982243,0.012487622211922305,0.012484214884990595,7.0,0.9,0.005,1.5,1.5,10000.0,0.0,one_sided_huber,additive_removal_premium_v1,0.015
prefs_ra7_eis0p9_prtp0p005,5,1,delay_frontier,fixed_learning_grid,default,0|5|10|15|35|75|125|175|225,delayed,103,6,2150,0.015625,21.63611752627339,0.8197707577507454,0.4913571807598416,452.9211704490746,6.328243660731824,27.725865319146916,0.12778741954524922,0.012820178399221022,0.01281695818200624,7.0,0.9,0.005,1.5,1.5,10000.0,0.0,one_sided_huber,additive_removal_premium_v1,0.015
prefs_ra7_eis0p9_prtp0p005,5,1,delay_frontier,fixed_learning_grid,default,0|5|10|15|35|75|125|175|225,delayed,104,6,2150,0.015625,25.68241990497574,0.8433629648272795,0.4327245275902124,461.82576925978617,6.309013217087161,27.688950405532516,0.1280306089435421,0.015173577812271513,0.015171514690968163,7.0,0.9,0.005,1.5,1.5,10000.0,0.0,one_sided_huber,additive_removal_premium_v1,0.015
prefs_ra7_eis0p9_prtp0p005,5,1,delay_frontier,fixed_learning_grid,default,0|5|10|15|35|75|125|175|225,delayed,105,6,2150,0.015625,6.262203756071897,0.5124017123826609,0.6710316981069502,424.2126854986136,6.41383367765297,27.848934899399953,0.1265151463730285,0.0019633802416109273,0.00194985087329306,7.0,0.9,0.005,1.5,1.5,10000.0,0.0,one_sided_huber,additive_removal_premium_v1,0.015
prefs_ra7_eis0p9_prtp0p005,5,1,delay_frontier,fixed_learning_grid,default,0|5|10|15|35|75|125|175|225,delayed,106,6,2150,0.015625,6.279798701261907,0.5069033151480667,0.6596028004675268,425.9779628447188,6.413049828907804,27.83191414739604,0.12644640426853077,0.0020889695965644627,0.0020765831850114197,7.0,0.9,0.005,1.5,1.5,10000.0,0.0,one_sided_huber,additive_removal_premium_v1,0.015
prefs_ra7_eis0p9_prtp0p005,5,1,delay_frontier,fixed_learning_grid,default,0|5|10|15|35|75|125|175|225,delayed,107,6,2150,0.015625,6.399060605802071,0.5054551723794031,0.6467904394829311,427.9492999213772,6.412074471307654,27.815647406802892,0.12638564965638616,0.0022298801662589936,0.0022186563907899853,7.0,0.9,0.005,1.5,1.5,10000.0,0.0,one_sided_huber,additive_removal_premium_v1,0.015
prefs_ra7_eis0p9_prtp0p005,5,1,delay_frontier,fixed_learning_grid,default,0|5|10|15|35|75|125|175|225,delayed,108,6,2150,0.015625,7.479703750108912,0.5265449133957987,0.5999999993337326,435.16799164840825,6.4078871283718,27.76990397850041,0.1262463341442888,0.0027453276635595594,0.002737504389440465,7.0,0.9,0.005,1.5,1.5,10000.0,0.0,one_sided_huber,additive_removal_premium_v1,0.015
prefs_ra7_eis0p9_prtp0p005,5,1,delay_frontier,fixed_learning_grid,default,0|5|10|15|35|75|125|175|225,delayed,109,6,2150,0.015625,8.294468041013747,0.5522420820042234,0.5889593120016817,436.7568646158496,6.406146318300007,27.745100021431533,0.1261591293103509,0.00289698031562022,0.002889754500107727,7.0,0.9,0.005,1.5,1.5,10000.0,0.0,one_sided_huber,additive_removal_premium_v1,0.015
prefs_ra7_eis0p9_prtp0p005,5,1,delay_frontier,fixed_learning_grid,default,0|5|10|15|35|75|125|175|225,delayed,110,6,2150,0.015625,8.295044398507189,0.5474758899238322,0.58064999814461,437.8275318841349,6.405450531180768,27.75433508872771,0.1262210209051622,0.0030111883774587675,0.0030043392099414743,7.0,0.9,0.005,1.5,1.5,10000.0,0.0,one_sided_huber,additive_removal_premium_v1,0.015
prefs_ra7_eis0p9_prtp0p005,5,1,delay_frontier,fixed_learning_grid,default,0|5|10|15|35|75|125|175|225,delayed,111,6,2150,0.015625,8.205778056935237,0.5033704617629641,0.5081172686849201,450.6347101864187,6.399468335088441,27.72245272739064,0.1261908667122884,0.004008169422028264,0.0040045591921864625,7.0,0.9,0.005,1.5,1.5,10000.0,0.0,one_sided_huber,additive_removal_premium_v1,0.015
prefs_ra7_eis0p9_prtp0p005,5,1,delay_frontier,fixed_learning_grid,default,0|5|10|15|35|75|125|175|225,delayed,112,6,2150,0.015625,8.474275015748084,0.5083375299436564,0.4996430818432004,451.7915811546725,6.398492711103067,27.76848919250383,0.12644514595690493,0.004125791721332433,0.004122384394400724,7.0,0.9,0.005,1.5,1.5,10000.0,0.0,one_sided_huber,additive_removal_premium_v1,0.015
prefs_ra7_eis0p9_prtp0p005,5,1,delay_frontier,fixed_learning_grid,default,0|5|10|15|35|75|125|175|225,delayed,113,6,2150,0.015625,9.193158052369933,0.5284015732458439,0.4913571807598416,452.9211704490746,6.396952854612054,27.88238985465001,0.12705553134435013,0.004262313364027496,0.004259093146812713,7.0,0.9,0.005,1.5,1.5,10000.0,0.0,one_sided_huber,additive_removal_premium_v1,0.015
prefs_ra7_eis0p9_prtp0p005,5,1,delay_frontier,fixed_learning_grid,default,0|5|10|15|35|75|125|175|225,delayed,114,6,2150,0.015625,10.209984309490531,0.5274835797401832,0.4327245275902124,461.82576925978617,6.390059372151485,27.867882544153026,0.1271342965302799,0.005228534080714283,0.005226470959410933,7.0,0.9,0.005,1.5,1.5,10000.0,0.0,one_sided_huber,additive_removal_premium_v1,0.015
prefs_ra7_eis0p9_prtp0p005,5,1,delay_frontier,fixed_learning_grid,default,0|5|10|15|35|75|125|175|225,delayed,115,6,2150,0.015625,10.149495682343604,0.552900474740641,0.480550757344261,456.89057399958165,6.394913088151513,27.860052523316952,0.1269874292372842,0.004440028425778842,0.0044373878969331025,7.0,0.9,0.005,1.5,1.5,10000.0,0.0,one_sided_huber,additive_removal_premium_v1,0.015
prefs_ra7_eis0p9_prtp0p005,5,1,delay_frontier,fixed_learning_grid,default,0|5|10|15|35|75|125|175|225,delayed,116,6,2150,0.015625,10.14783277437697,0.547331677655118,0.47096128921998004,458.30054365453003,6.393953886639088,27.84890450810861,0.12695212913638715,0.004598064936359664,0.004595604150105361,7.0,0.9,0.005,1.5,1.5,10000.0,0.0,one_sided_huber,additive_removal_premium_v1,0.015
prefs_ra7_eis0p9_prtp0p005,5,1,delay_frontier,fixed_learning_grid,default,0|5|10|15|35|75|125|175|225,delayed,117,6,2150,0.015625,10.15609395838643,0.5426287550687777,0.4623059600302203,459.51396988766703,6.393078244471979,27.838888844124195,0.1269207123922501,0.0047407240084757175,0.004738408082151274,7.0,0.9,0.005,1.5,1.5,10000.0,0.0,one_sided_huber,additive_removal_premium_v1,0.015
prefs_ra7_eis0p9_prtp0p005,5,1,delay_frontier,fixed_learning_grid,default,0|5|10|15|35|75|125|175|225,delayed,118,6,2150,0.015625,10.304637816120556,0.5121273866405143,0.4002106127652052,469.20438241342157,6.386711149759204,27.837630345135125,0.12705492784143269,0.005764343341226434,0.005762916746904525,7.0,0.9,0.005,1.5,1.5,10000.0,0.0,one_sided_huber,additive_removal_premium_v1,0.015
prefs_ra7_eis0p9_prtp0p005,5,1,delay_frontier,fixed_learning_grid,default,0|5|10|15|35|75|125|175|225,delayed,119,6,2150,0.015625,12.1886947862366,0.5233218683858512,0.3289359215542923,481.211770024141,6.376543997106755,27.802519241574615,0.127101680423498,0.0071303802679234096,0.00712959762500185,7.0,0.9,0.005,1.5,1.5,10000.0,0.0,one_sided_huber,additive_removal_premium_v1,0.015
prefs_ra7_eis0p9_prtp0p005,5,1,delay_frontier,fixed_learning_grid,default,0|5|10|15|35|75|125|175|225,delayed,120,6,2150,0.015625,3.9904790146655893,0.3031108305078125,0.480550757344261,456.89057399958165,6.417546846936701,27.856614902954412,0.12647255615436717,0.0017692125936208984,0.0017665720647751582,7.0,0.9,0.005,1.5,1.5,10000.0,0.0,one_sided_huber,additive_removal_premium_v1,0.015
prefs_ra7_eis0p9_prtp0p005,5,1,delay_frontier,fixed_learning_grid,default,0|5|10|15|35|75|125|175|225,delayed,121,6,2150,0.015625,3.7555034010874127,0.2863305577840343,0.47096128921998004,458.30054365453003,6.417330137032913,27.84492560508233,0.1264183331269324,0.0018311230592686746,0.0018286622730143715,7.0,0.9,0.005,1.5,1.5,10000.0,0.0,one_sided_huber,additive_removal_premium_v1,0.015
prefs_ra7_eis0p9_prtp0p005,5,1,delay_frontier,fixed_learning_grid,default,0|5|10|15|35|75|125|175|225,delayed,122,6,2150,0.015625,3.7362935342325327,0.2819339601725525,0.4623059600302203,459.51396988766703,6.416999583447868,27.81122741878777,0.12625557868291448,0.0018870200136298888,0.001884704087305445,7.0,0.9,0.005,1.5,1.5,10000.0,0.0,one_sided_huber,additive_removal_premium_v1,0.015
prefs_ra7_eis0p9_prtp0p005,5,1,delay_frontier,fixed_learning_grid,default,0|5|10|15|35|75|125|175|225,delayed,123,6,2150,0.015625,4.594618900072921,0.3016209933375108,0.4002106127652052,469.20438241342157,6.413956867571712,27.910871722908915,0.12682511538037225,0.0022881877083991225,0.002286761114077213,7.0,0.9,0.005,1.5,1.5,10000.0,0.0,one_sided_huber,additive_removal_premium_v1,0.015
prefs_ra7_eis0p9_prtp0p005,5,1,delay_frontier,fixed_learning_grid,default,0|5|10|15|35|75|125|175|225,delayed,124,6,2150,0.015625,4.39510717312637,0.26511366730053554,0.3289359215542923,481.211770024141,6.410880470395072,27.905533521720727,0.12686577343222846,0.0028118523049363965,0.0028110696620148373,7.0,0.9,0.005,1.5,1.5,10000.0,0.0,one_sided_huber,additive_removal_premium_v1,0.015
prefs_ra7_eis0p9_prtp0p005,5,1,delay_frontier,fixed_learning_grid,default,0|5|10|15|35|75|125|175|225,delayed,125,6,2150,0.015625,4.460223380101218,0.259729949186614,0.30605776273037943,486.4036727690928,6.409805296828076,27.895077660013776,0.1268365929873429,0.002980028684823259,0.002979424982282288,7.0,0.9,0.005,1.5,1.5,10000.0,0.0,one_sided_huber,additive_removal_premium_v1,0.015
prefs_ra7_eis0p9_prtp0p005,5,1,delay_frontier,fixed_learning_grid,default,0|5|10|15|35|75|125|175|225,delayed,126,6,2150,0.015625,1.3667205041505934,0.09712109806962534,0.30605776273037943,486.4036727690928,6.425468859673648,27.9221434855215,0.12662946834392688,0.0007744457197669913,0.0007738420172260207,7.0,0.9,0.005,1.5,1.5,10000.0,0.0,one_sided_huber,additive_removal_premium_v1,0.015
prefs_ra7_eis0p9_prtp0p005,5,1,delay_frontier,fixed_learning_grid,default,0|5|10|15|35|75|125|175|225,delayed,127,7,2200,0.0078125,3.7520894433311573,1.0,0.9091607732674285,362.07063636159666,13.196515011112313,38.942681017671475,0.08237248792743258,0.024633331358559957,0.024330953834412184,7.0,0.9,0.005,1.5,1.5,10000.0,0.0,one_sided_huber,additive_removal_premium_v1,0.015
prefs_ra7_eis0p9_prtp0p005,5,1,delay_frontier,fixed_learning_grid,default,0|5|10|15|35|75|125|175|225,delayed,128,7,2200,0.0078125,3.7520894433311573,1.0,0.9091607732674285,362.07063636159666,13.288070734649043,39.21295767567389,0.08237271514009628,0.017866362883482877,0.017563985359335104,7.0,0.9,0.005,1.5,1.5,10000.0,0.0,one_sided_huber,additive_removal_premium_v1,0.015
prefs_ra7_eis0p9_prtp0p005,5,1,delay_frontier,fixed_learning_grid,default,0|5|10|15|35|75|125|175|225,delayed,129,7,2200,0.0078125,3.7520894433311573,1.0,0.9091607732674285,362.07063636159666,13.288070734649043,39.21295767567389,0.08237271514009628,0.017866362883482877,0.017563985359335104,7.0,0.9,0.005,1.5,1.5,10000.0,0.0,one_sided_huber,additive_removal_premium_v1,0.015
prefs_ra7_eis0p9_prtp0p005,5,1,delay_frontier,fixed_learning_grid,default,0|5|10|15|35|75|125|175|225,delayed,130,7,2200,0.0078125,3.7520894433311573,1.0,0.9091607732674285,362.07063636159666,13.288070734649043,39.21295767567389,0.08237271514009628,0.017866362883482877,0.017563985359335104,7.0,0.9,0.005,1.5,1.5,10000.0,0.0,one_sided_huber,additive_removal_premium_v1,0.015
prefs_ra7_eis0p9_prtp0p005,5,1,delay_frontier,fixed_learning_grid,default,0|5|10|15|35|75|125|175|225,delayed,131,7,2200,0.0078125,3.840348026149954,1.0,0.9003035788908321,363.5072559228351,13.264992415608903,39.14618254111034,0.08237582190318998,0.019557970516448545,0.01927654542783186,7.0,0.9,0.005,1.5,1.5,10000.0,0.0,one_sided_huber,additive_removal_premium_v1,0.015
prefs_ra7_eis0p9_prtp0p005,5,1,delay_frontier,fixed_learning_grid,default,0|5|10|15|35|75|125|175|225,delayed,132,7,2200,0.0078125,4.409918627195496,1.0,0.8475953759767407,371.62590187719195,13.12621490448673,38.743727873863655,0.08239257516098865,0.029725035360815066,0.029537488657299146,7.0,0.9,0.005,1.5,1.5,10000.0,0.0,one_sided_huber,additive_removal_premium_v1,0.015
prefs_ra7_eis0p9_prtp0p005,5,1,delay_frontier,fixed_learning_grid,default,0|5|10|15|35|75|125|175|225,delayed,133,7,2200,0.0078125,4.492820342452529,1.0,0.8404937123465834,372.6631818110451,13.107461781212008,38.68923364411235,0.08239460554246474,0.031098125291452228,0.030920055887854143,7.0,0.9,0.005,1.5,1.5,10000.0,0.0,one_sided_huber,additive_removal_premium_v1,0.015
prefs_ra7_eis0p9_prtp0p005,5,1,delay_frontier,fixed_learning_grid,default,0|5|10|15|35|75|125|175|225,delayed,134,7,2200,0.0078125,4.556486272450266,1.0,0.835127740607182,373.4015459253032,13.093280603113797,38.64800490329605,0.08239609738486149,0.03213633124714086,0.03196471486824802,7.0,0.9,0.005,1.5,1.5,10000.0,0.0,one_sided_huber,additive_removal_premium_v1,0.015
prefs_ra7_eis0p9_prtp0p005,5,1,delay_frontier,fixed_learning_grid,default,0|5|10|15|35|75|125|175|225,delayed,135,7,2200,0.0078125,3.7520894433311573,1.0,0.9091607732674285,362.07063636159666,13.37083713261781,39.45730030728103,0.08237294677008171,0.011749021616165688,0.011446644092017913,7.0,0.9,0.005,1.5,1.5,10000.0,0.0,one_sided_huber,additive_removal_premium_v1,0.015
prefs_ra7_eis0p9_prtp0p005,5,1,delay_frontier,fixed_learning_grid,default,0|5|10|15|35|75|125|175|225,delayed,136,7,2200,0.0078125,3.7520894433311573,1.0,0.9091607732674285,362.07063636159666,13.37083713261781,39.45730030728103,0.08237294677008171,0.011749021616165688,0.011446644092017913,7.0,0.9,0.005,1.5,1.5,10000.0,0.0,one_sided_huber,additive_removal_premium_v1,0.015
prefs_ra7_eis0p9_prtp0p005,5,1,delay_frontier,fixed_learning_grid,default,0|5|10|15|35|75|125|175|225,delayed,137,7,2200,0.0078125,3.840348026149954,1.0,0.9003035788908321,363.5072559228351,13.355827564948779,39.414349034774986,0.08237606299575645,0.012844163574317596,0.012562738485700912,7.0,0.9,0.005,1.5,1.5,10000.0,0.0,one_sided_huber,additive_removal_premium_v1,0.015
prefs_ra7_eis0p9_prtp0p005,5,1,delay_frontier,fixed_learning_grid,default,0|5|10|15|35|75|125|175|225,delayed,138,7,2200,0.0078125,4.409918627195496,1.0,0.8475953759767407,371.62590187719195,13.26522801250325,39.154150787030765,0.08239282691344753,0.019449343590828273,0.019261796887312353,7.0,0.9,0.005,1.5,1.5,10000.0,0.0,one_sided_huber,additive_removal_premium_v1,0.015
prefs_ra7_eis0p9_prtp0p005,5,1,delay_frontier,fixed_learning_grid,default,0|5|10|15|35|75|125|175|225,delayed,139,7,2200,0.0078125,4.492820342452529,1.0,0.8404937123465834,372.6631818110451,13.252965467303444,39.11882644268751,0.08239486355778625,0.02034251168874279,0.020164442285144704,7.0,0.9,0.005,1.5,1.5,10000.0,0.0,one_sided_huber,additive_removal_premium_v1,0.015
prefs_ra7_eis0p9_prtp0p005,5,1,delay_frontier,fixed_learning_grid,default,0|5|10|15|35|75|125|175|225,delayed,140,7,2200,0.0078125,4.556486272450266,1.0,0.835127740607182,373.4015459253032,13.24368838677264,39.09208228663394,0.08239636014446454,0.021018091768914653,0.020846475390021817,7.0,0.9,0.005,1.5,1.5,10000.0,0.0,one_sided_huber,additive_removal_premium_v1,0.015
prefs_ra7_eis0p9_prtp0p005,5,1,delay_frontier,fixed_learning_grid,default,0|5|10|15|35|75|125|175|225,delayed,141,7,2200,0.0078125,3.7520894433311573,1.0,0.9091607732674285,362.07063636159666,13.37083713261781,39.45730030728103,0.08237294677008171,0.011749021616165688,0.011446644092017913,7.0,0.9,0.005,1.5,1.5,10000.0,0.0,one_sided_huber,additive_removal_premium_v1,0.015
prefs_ra7_eis0p9_prtp0p005,5,1,delay_frontier,fixed_learning_grid,default,0|5|10|15|35|75|125|175|225,delayed,142,7,2200,0.0078125,3.840348026149954,1.0,0.9003035788908321,363.5072559228351,13.355827564948779,39.414349034774986,0.08237606299575645,0.012844163574317596,0.012562738485700912,7.0,0.9,0.005,1.5,1.5,10000.0,0.0,one_sided_huber,additive_removal_premium_v1,0.015
prefs_ra7_eis0p9_prtp0p005,5,1,delay_frontier,fixed_learning_grid,default,0|5|10|15|35|75|125|175|225,delayed,143,7,2200,0.0078125,4.409918627195496,1.0,0.8475953759767407,371.62590187719195,13.26522801250325,39.154150787030765,0.08239282691344753,0.019449343590828273,0.019261796887312353,7.0,0.9,0.005,1.5,1.5,10000.0,0.0,one_sided_huber,additive_removal_premium_v1,0.015
prefs_ra7_eis0p9_prtp0p005,5,1,delay_frontier,fixed_learning_grid,default,0|5|10|15|35|75|125|175|225,delayed,144,7,2200,0.0078125,4.492820342452529,1.0,0.8404937123465834,372.6631818110451,13.252965467303444,39.11882644268751,0.08239486355778625,0.02034251168874279,0.020164442285144704,7.0,0.9,0.005,1.5,1.5,10000.0,0.0,one_sided_huber,additive_removal_premium_v1,0.015
prefs_ra7_eis0p9_prtp0p005,5,1,delay_frontier,fixed_learning_grid,default,0|5|10|15|35|75|125|175|225,delayed,145,7,2200,0.0078125,4.556486272450266,1.0,0.835127740607182,373.4015459253032,13.24368838677264,39.09208228663394,0.08239636014446454,0.021018091768914653,0.020846475390021817,7.0,0.9,0.005,1.5,1.5,10000.0,0.0,one_sided_huber,additive_removal_premium_v1,0.015
prefs_ra7_eis0p9_prtp0p005,5,1,delay_frontier,fixed_learning_grid,default,0|5|10|15|35|75|125|175|225,delayed,146,7,2200,0.0078125,4.142982890299703,1.0,0.8713987456949364,368.72702195742227,13.306342348045176,39.272529789233225,0.08238589101849254,0.01645310124582112,0.01623630831900132,7.0,0.9,0.005,1.5,1.5,10000.0,0.0,one_sided_huber,additive_removal_premium_v1,0.015
prefs_ra7_eis0p9_prtp0p005,5,1,delay_frontier,fixed_learning_grid,default,0|5|10|15|35|75|125|175|225,delayed,147,7,2200,0.0078125,4.73457727413424,1.0,0.8205044159231561,376.5181104629913,13.21849462524516,39.01959140187755,0.08240075931726995,0.022852006104773236,0.022705149274686184,7.0,0.9,0.005,1.5,1.5,10000.0,0.0,one_sided_huber,additive_removal_premium_v1,0.015
prefs_ra7_eis0p9_prtp0p005,5,1,delay_frontier,fixed_learning_grid,default,0|5|10|15|35|75|125|175|225,delayed,148,7,2200,0.0078125,4.804004822699927,1.0,0.8149512630890402,377.2757532855493,13.208870535625941,38.99182251361153,0.08240226306527257,0.02355237213466016,0.02341097372797184,7.0,0.9,0.005,1.5,1.5,10000.0,0.0,one_sided_huber,additive_removal_premium_v1,0.015
prefs_ra7_eis0p9_prtp0p005,5,1,delay_frontier,fixed_learning_grid,default,0|5|10|15|35|75|125|175|225,delayed,149,7,2200,0.0078125,4.885706973176478,1.0,0.8085176194123751,378.2069224465081,13.197719474427524,38.95964486775875,0.0824040013149209,0.02436367842283528,0.024228711536810624,7.0,0.9,0.005,1.5,1.5,10000.0,0.0,one_sided_huber,additive_removal_premium_v1,0.015
prefs_ra7_eis0p9_prtp0p005,5,1,delay_frontier,fixed_learning_grid,default,0|5|10|15|35|75|125|175|225,delayed,150,7,2200,0.0078125,5.940781382382627,1.0,0.7338776564313769,390.56461020746394,13.067882922668767,38.5848625163033,0.08242416403922899,0.03379527486848848,0.03372251189048328,7.0,0.9,0.005,1.5,1.5,10000.0,0.0,one_sided_huber,additive_removal_premium_v1,0.015
prefs_ra7_eis0p9_prtp0p005,5,1,delay_frontier,fixed_learning_grid,default,0|5|10|15|35|75|125|175|225,delayed,151,7,2200,0.0078125,6.086586888721638,1.0,0.7246157434585314,391.93752300149345,13.051702530011188,38.538105250945506,0.08242658268490449,0.03496862209093213,0.034900686064842326,7.0,0.9,0.005,1.5,1.5,10000.0,0.0,one_sided_huber,additive_removal_premium_v1,0.015
prefs_ra7_eis0p9_prtp0p005,5,1,delay_frontier,fixed_learning_grid,default,0|5|10|15|35|75|125|175|225,delayed,152,7,2200,0.0078125,6.269340526940764,1.0,0.7133134333548292,393.6388944471852,13.031943607365953,38.48101039930265,0.08242955265223362,0.03640080785904881,0.03633841171761188,7.0,0.9,0.005,1.5,1.5,10000.0,0.0,one_sided_huber,additive_removal_premium_v1,0.015
prefs_ra7_eis0p9_prtp0p005,5,1,delay_frontier,fixed_learning_grid,default,0|5|10|15|35|75|125|175|225,delayed,153,7,2200,0.0078125,6.9992955548438065,1.0,0.6712183020054123,400.0561557200629,12.957318055412605,38.265962679252794,0.08244225965623043,0.04180444175891018,0.04175917117316227,7.0,0.9,0.005,1.5,1.5,10000.0,0.0,one_sided_huber,additive_removal_premium_v1,0.015
prefs_ra7_eis0p9_prtp0p005,5,1,delay_frontier,fixed_learning_grid,default,0|5|10|15|35|75|125|175|225,delayed,154,7,2200,0.0078125,7.217975820517069,1.0,0.6594549549961252,401.84659508831083,12.936308595154006,38.205263020910124,0.08244548735155674,0.04332390905057127,0.0432825149071095,7.0,0.9,0.005,1.5,1.5,10000.0,0.0,one_sided_huber,additive_removal_premium_v1,0.015
prefs_ra7_eis0p9_prtp0p005,5,1,delay_frontier,fixed_learning_grid,default,0|5|10|15|35|75|125|175|225,delayed,155,7,2200,0.0078125,7.395666174985565,1.0,0.6501545797422503,403.21675956301243,12.919684558997572,38.15724151929046,0.08244806789919565,0.04452555919899191,0.04448690583047194,7.0,0.9,0.005,1.5,1.5,10000.0,0.0,one_sided_huber,additive_removal_premium_v1,0.015
prefs_ra7_eis0p9_prtp0p005,5,1,delay_frontier,fixed_learning_grid,default,0|5|10|15|35|75|125|175|225,delayed,156,7,2200,0.0078125,3.7520894433311573,1.0,0.9091607732674285,362.07063636159666,13.489605583392702,39.80770725392016,0.08237276652391051,0.0029707352220334163,0.0026683576978856417,7.0,0.9,0.005,1.5,1.5,10000.0,0.0,one_sided_huber,additive_removal_premium_v1,0.015
prefs_ra7_eis0p9_prtp0p005,5,1,delay_frontier,fixed_learning_grid,default,0|5|10|15|35|75|125|175|225,delayed,157,7,2200,0.0078125,3.840348026149954,1.0,0.9003035788908321,363.5072559228351,13.486174544251588,39.79892131284509,0.08237584598001693,0.003209958523863443,0.0029285334352467593,7.0,0.9,0.005,1.5,1.5,10000.0,0.0,one_sided_huber,additive_removal_premium_v1,0.015
prefs_ra7_eis0p9_prtp0p005,5,1,delay_frontier,fixed_learning_grid,default,0|5|10|15|35|75|125|175|225,delayed,158,7,2200,0.0078125,4.409918627195496,1.0,0.8475953759767407,371.62590187719195,13.460546248270807,39.73065036812075,0.08239280584984456,0.005011640438644122,0.004824093735128203,7.0,0.9,0.005,1.5,1.5,10000.0,0.0,one_sided_huber,additive_removal_premium_v1,0.015
prefs_ra7_eis0p9_prtp0p005,5,1,delay_frontier,fixed_learning_grid,default,0|5|10|15|35|75|125|175|225,delayed,159,7,2200,0.0078125,4.492820342452529,1.0,0.8404937123465834,372.6631818110451,13.457033443245326,39.72110890212794,0.08239471206607003,0.005257833376616752,0.005079763973018667,7.0,0.9,0.005,1.5,1.5,10000.0,0.0,one_sided_huber,additive_removal_premium_v1,0.015
prefs_ra7_eis0p9_prtp0p005,5,1,delay_frontier,fixed_learning_grid,default,0|5|10|15|35|75|125|175|225,delayed,160,7,2200,0.0078125,4.556486272450266,1.0,0.835127740607182,373.4015459253032,13.454367418060178,39.71384604553409,0.0823961100895757,0.005444563152811897,0.005272946773919059,7.0,0.9,0.005,1.5,1.5,10000.0,0.0,one_sided_huber,additive_removal_premium_v1,0.015
prefs_ra7_eis0p9_prtp0p005,5,1,delay_frontier,fixed_learning_grid,default,0|5|10|15|35|75|125|175|225,delayed,161,7,2200,0.0078125,4.142982890299703,1.0,0.8713987456949364,368.72702195742227,13.472331162824702,39.762609439090504,0.08238630052748218,0.004183930670312156,0.0039671377434923535,7.0,0.9,0.005,1.5,1.5,10000.0,0.0,one_sided_huber,additive_removal_premium_v1,0.015
prefs_ra7_eis0p9_prtp0p005,5,1,delay_frontier,fixed_learning_grid,default,0|5|10|15|35|75|125|175|225,delayed,162,7,2200,0.0078125,4.73457727413424,1.0,0.8205044159231561,376.5181104629913,13.447189208487634,39.69444516344866,0.08240023263663127,0.005946264598981672,0.00579940776889462,7.0,0.9,0.005,1.5,1.5,10000.0,0.0,one_sided_huber,additive_removal_premium_v1,0.015
prefs_ra7_eis0p9_prtp0p005,5,1,delay_frontier,fixed_learning_grid,default,0|5|10|15|35|75|125|175|225,delayed,163,7,2200,0.0078125,4.804004822699927,1.0,0.8149512630890402,377.2757532855493,13.4444061134492,39.68683686393991,0.08240163310659163,0.006140727768618043,0.005999329361929725,7.0,0.9,0.005,1.5,1.5,10000.0,0.0,one_sided_huber,additive_removal_premium_v1,0.015
prefs_ra7_eis0p9_prtp0p005,5,1,delay_frontier,fixed_learning_grid,default,0|5|10|15|35|75|125|175|225,delayed,164,7,2200,0.0078125,4.885706973176478,1.0,0.8085176194123751,378.2069224465081,13.441180489448247,39.6780163075141,0.0824032512397045,0.006365916794206443,0.006230949908181785,7.0,0.9,0.005,1.5,1.5,10000.0,0.0,one_sided_huber,additive_removal_premium_v1,0.015
prefs_ra7_eis0p9_prtp0p005,5,1,delay_frontier,fixed_learning_grid,default,0|5|10|15|35|75|125|175|225,delayed,165,7,2200,0.0078125,5.940781382382627,1.0,0.7338776564313769,390.56461020746394,13.3976836927077,39.558451496550866,0.08242370863908166,0.009410677589088253,0.009337914611083053,7.0,0.9,0.005,1.5,1.5,10000.0,0.0,one_sided_huber,additive_removal_premium_v1,0.015
prefs_ra7_eis0p9_prtp0p005,5,1,delay_frontier,fixed_learning_grid,default,0|5|10|15|35|75|125|175|225,delayed,166,7,2200,0.0078125,6.086586888721638,1.0,0.7246157434585314,391.93752300149345,13.392124824157815,39.54295445635447,0.08242583076354192,0.009798097798343628,0.009730161772253828,7.0,0.9,0.005,1.5,1.5,10000.0,0.0,one_sided_huber,additive_removal_premium_v1,0.015
prefs_ra7_eis0p9_prtp0p005,5,1,delay_frontier,fixed_learning_grid,default,0|5|10|15|35|75|125|175|225,delayed,167,7,2200,0.0078125,6.269340526940764,1.0,0.7133134333548292,393.6388944471852,13.385326379976847,39.52400605402651,0.08242843854532657,0.010271217027185635,0.010208820885748702,7.0,0.9,0.005,1.5,1.5,10000.0,0.0,one_sided_huber,additive_removal_premium_v1,0.015
prefs_ra7_eis0p9_prtp0p005,5,1,delay_frontier,fixed_learning_grid,default,0|5|10|15|35|75|125|175|225,delayed,168,7,2200,0.0078125,6.9992955548438065,1.0,0.6712183020054123,400.0561557200629,13.356741389766867,39.445846022102636,0.08244294166098445,0.012267027982436165,0.012221757396688248,7.0,0.9,0.005,1.5,1.5,10000.0,0.0,one_sided_huber,additive_removal_premium_v1,0.015
prefs_ra7_eis0p9_prtp0p005,5,1,delay_frontier,fixed_learning_grid,default,0|5|10|15|35|75|125|175|225,delayed,169,7,2200,0.0078125,7.217975820517069,1.0,0.6594549549961252,401.84659508831083,13.348307864763585,39.42210263392367,0.08244564403870085,0.012855414284470667,0.012814020141008894,7.0,0.9,0.005,1.5,1.5,10000.0,0.0,one_sided_huber,additive_removal_premium_v1,0.015
prefs_ra7_eis0p9_prtp0p005,5,1,delay_frontier,fixed_learning_grid,default,0|5|10|15|35|75|125|175|225,delayed,170,7,2200,0.0078125,7.395666174985565,1.0,0.6501545797422503,403.21675956301243,13.341625687317505,39.40329922080174,0.08244780929386288,0.013320930185687696,0.013282276817167725,7.0,0.9,0.005,1.5,1.5,10000.0,0.0,one_sided_huber,additive_removal_premium_v1,0.015
prefs_ra7_eis0p9_prtp0p005,5,1,delay_frontier,fixed_learning_grid,default,0|5|10|15|35|75|125|175|225,delayed,171,7,2200,0.0078125,4.329732435340696,1.0,0.8545918322011348,372.80984191862484,13.464275956125146,39.74091463736361,0.08239109090249844,0.004748979742793592,0.004572211117133605,7.0,0.9,0.005,1.5,1.5,10000.0,0.0,one_sided_huber,additive_removal_premium_v1,0.015
prefs_ra7_eis0p9_prtp0p005,5,1,delay_frontier,fixed_learning_grid,default,0|5|10|15|35|75|125|175|225,delayed,172,7,2200,0.0078125,4.958128189698159,1.0,0.8029036022155277,380.79378865729007,13.43850895819424,39.670790700972496,0.0824047761092947,0.006551656307223273,0.006433062706955293,7.0,0.9,0.005,1.5,1.5,10000.0,0.0,one_sided_huber,additive_removal_premium_v1,0.015
prefs_ra7_eis0p9_prtp0p005,5,1,delay_frontier,fixed_learning_grid,default,0|5|10|15|35|75|125|175|225,delayed,173,7,2200,0.0078125,4.996002486654575,1.0,0.800000005655688,380.9077879429825,13.437020901167939,39.66669904886955,0.08240547119238618,0.006655516037023051,0.006537596413682782,7.0,0.9,0.005,1.5,1.5,10000.0,0.0,one_sided_huber,additive_removal_premium_v1,0.015
prefs_ra7_eis0p9_prtp0p005,5,1,delay_frontier,fixed_learning_grid,default,0|5|10|15|35|75|125|175|225,delayed,174,7,2200,0.0078125,5.062715101966154,1.0,0.794938364895352,381.5056632546166,13.4340217707635,39.659488599267874,0.08240926482062304,0.006866406803474632,0.006751959676687675,7.0,0.9,0.005,1.5,1.5,10000.0,0.0,one_sided_huber,additive_removal_premium_v1,0.015
prefs_ra7_eis0p9_prtp0p005,5,1,delay_frontier,fixed_learning_grid,default,0|5|10|15|35|75|125|175|225,delayed,175,7,2200,0.0078125,6.183684600035363,1.0,0.7185694227783463,394.28336332369776,13.388550921356499,39.53302153266516,0.08242726652419521,0.010046644504728352,0.00998622681295158,7.0,0.9,0.005,1.5,1.5,10000.0,0.0,one_sided_huber,additive_removal_premium_v1,0.015
prefs_ra7_eis0p9_prtp0p005,5,1,delay_frontier,fixed_learning_grid,default,0|5|10|15|35|75|125|175|225,delayed,176,7,2200,0.0078125,6.338416967690046,1.0,0.7091265284352957,395.70024102247623,13.382859888551154,39.517158969135274,0.08242944890828101,0.010442424432139299,0.010386138635720436,7.0,0.9,0.005,1.5,1.5,10000.0,0.0,one_sided_huber,additive_removal_premium_v1,0.015
prefs_ra7_eis0p9_prtp0p005,5,1,delay_frontier,fixed_learning_grid,default,0|5|10|15|35|75|125|175|225,delayed,177,7,2200,0.0078125,6.514994250740873,1.0,0.6986265237206477,397.2067124076293,13.376366731561646,39.49941843656078,0.08243277080060439,0.010894006274959596,0.010841804174429471,7.0,0.9,0.005,1.5,1.5,10000.0,0.0,one_sided_huber,additive_removal_premium_v1,0.015
prefs_ra7_eis0p9_prtp0p005,5,1,delay_frontier,fixed_learning_grid,default,0|5|10|15|35|75|125|175|225,delayed,178,7,2200,0.0078125,7.230758921495349,1.0,0.658778324780245,403.07813755810537,13.347852748548641,39.42083615111075,0.0824458244370622,0.012887009418760205,0.012848087219726464,7.0,0.9,0.005,1.5,1.5,10000.0,0.0,one_sided_huber,additive_removal_premium_v1,0.015
prefs_ra7_eis0p9_prtp0p005,5,1,delay_frontier,fixed_learning_grid,default,0|5|10|15|35|75|125|175|225,delayed,179,7,2200,0.0078125,7.472746279751915,1.0,0.6461890649655402,405.0692118192154,13.338804200094819,39.39538203904482,0.08244877625831626,0.013517167257766936,0.013481933144779603,7.0,0.9,0.005,1.5,1.5,10000.0,0.0,one_sided_huber,additive_removal_premium_v1,0.015
prefs_ra7_eis0p9_prtp0p005,5,1,delay_frontier,fixed_learning_grid,default,0|5|10|15|35|75|125|175|225,delayed,180,7,2200,0.0078125,7.670446762335359,1.0,0.6362010420303894,406.6064231273778,13.331609006450787,39.375155014732954,0.082451157729115,0.014017439150485485,0.013984811608641939,7.0,0.9,0.005,1.5,1.5,10000.0,0.0,one_sided_huber,additive_removal_premium_v1,0.015
prefs_ra7_eis0p9_prtp0p005,5,1,delay_frontier,fixed_learning_grid,default,0|5|10|15|35|75|125|175|225,delayed,181,7,2200,0.0078125,6.7218641125941865,1.0,0.6866792604609107,399.66952526531776,13.367861852817569,39.47724597235358,0.08243959669506573,0.011489480969552872,0.01144332676147435,7.0,0.9,0.005,1.5,1.5,10000.0,0.0,one_sided_huber,additive_removal_premium_v1,0.015
prefs_ra7_eis0p9_prtp0p005,5,1,delay_frontier,fixed_learning_grid,default,0|5|10|15|35|75|125|175|225,delayed,182,7,2200,0.0078125,6.918792408787133,1.0,0.6756410007799329,401.39296214726187,13.35996785786041,39.454999240010316,0.08244207018854068,0.01204142642049648,0.011999082701175733,7.0,0.9,0.005,1.5,1.5,10000.0,0.0,one_sided_huber,additive_removal_premium_v1,0.015
prefs_ra7_eis0p9_prtp0p005,5,1,delay_frontier,fixed_learning_grid,default,0|5|10|15|35|75|125|175|225,delayed,183,7,2200,0.0078125,7.148285275396824,1.0,0.6631648680654362,403.34599135558517,13.35102609811347,39.42981508417348,0.08244491123939961,0.01266563730723778,0.012627232886166677,7.0,0.9,0.005,1.5,1.5,10000.0,0.0,one_sided_huber,additive_removal_premium_v1,0.015
prefs_ra7_eis0p9_prtp0p005,5,1,delay_frontier,fixed_learning_grid,default,0|5|10|15|35|75|125|175|225,delayed,184,7,2200,0.0078125,8.045880601018712,1.0,0.6179190315132623,410.4574010530663,13.318423334283082,39.338176500707114,0.08245573557458262,0.014932190104223256,0.014905276992518146,7.0,0.9,0.005,1.5,1.5,10000.0,0.0,one_sided_huber,additive_removal_premium_v1,0.015
prefs_ra7_eis0p9_prtp0p005,5,1,delay_frontier,fixed_learning_grid,default,0|5|10|15|35|75|125|175|225,delayed,185,7,2200,0.0078125,8.274173972120513,1.0,0.6072123279845922,412.08846462550247,13.310666886772838,39.31642273321833,0.08245842987946501,0.015469145122278948,0.01544433969376391,7.0,0.9,0.005,1.5,1.5,10000.0,0.0,one_sided_huber,additive_removal_premium_v1,0.015
prefs_ra7_eis0p9_prtp0p005,5,1,delay_frontier,fixed_learning_grid,default,0|5|10|15|35|75|125|175|225,delayed,186,7,2200,0.0078125,8.43168403468089,1.0,0.5999951408557098,413.05368392154577,13.305427031217505,39.30173735916023,0.08246027592026749,0.01583137818566806,0.015807741435180676,7.0,0.9,0.005,1.5,1.5,10000.0,0.0,one_sided_huber,additive_removal_premium_v1,0.015
prefs_ra7_eis0p9_prtp0p005,5,1,delay_frontier,fixed_learning_grid,default,0|5|10|15|35|75|125|175|225,delayed,187,7,2200,0.0078125,10.050841395249956,1.0,0.5327274481972991,424.26431833213786,13.25070448095828,39.14992807817064,0.08248328920433852,0.0196196177942883,0.019606123308433816,7.0,0.9,0.005,1.5,1.5,10000.0,0.0,one_sided_huber,additive_removal_premium_v1,0.015
prefs_ra7_eis0p9_prtp0p005,5,1,delay_frontier,fixed_learning_grid,default,0|5|10|15|35|75|125|175|225,delayed,188,7,2200,0.0078125,10.269362835982559,1.0,0.5244860931991242,425.48889791858176,13.243952377426588,39.131001750229814,0.08248568552631191,0.020084178121364683,0.020071485092062614,7.0,0.9,0.005,1.5,1.5,10000.0,0.0,one_sided_huber,additive_removal_premium_v1,0.015
prefs_ra7_eis0p9_prtp0p005,5,1,delay_frontier,fixed_learning_grid,default,0|5|10|15|35|75|125|175|225,delayed,189,7,2200,0.0078125,10.491305551278495,1.0,0.5162922662475782,426.71174435837696,13.23722893135581,39.112175777717546,0.0824881210458949,0.020546103332148197,0.02053416312568228,7.0,0.9,0.005,1.5,1.5,10000.0,0.0,one_sided_huber,additive_removal_premium_v1,0.015
prefs_ra7_eis0p9_prtp0p005,5,1,delay_frontier,fixed_learning_grid,default,0|5|10|15|35|75|125|175|225,delayed,190,7,2200,0.0078125,12.027489129109112,1.0,0.46390260686109586,434.53460757958345,13.189919631056148,38.983105236370484,0.08251331984337826,0.023801444942542542,0.023793369948721128,7.0,0.9,0.005,1.5,1.5,10000.0,0.0,one_sided_huber,additive_removal_premium_v1,0.015
prefs_ra7_eis0p9_prtp0p005,5,1,delay_frontier,fixed_learning_grid,default,0|5|10|15|35|75|125|175|225,delayed,191,7,2200,0.0078125,1.1956085753956132,0.5411922838692447,0.8545918322011348,372.80984191862484,13.52326704702872,39.89366856096169,0.08234209576214378,0.0009648419812140384,0.0007880733555540524,7.0,0.9,0.005,1.5,1.5,10000.0,0.0,one_sided_huber,additive_removal_premium_v1,0.015
prefs_ra7_eis0p9_prtp0p005,5,1,delay_frontier,fixed_learning_grid,default,0|5|10|15|35|75|125|175|225,delayed,192,7,2200,0.0078125,2.1267563105021385,0.6858636681402138,0.8029036022155277,380.79378865729007,13.515953370276913,39.87976732358979,0.08235970513635357,0.001360485345461486,0.0012418917451935054,7.0,0.9,0.005,1.5,1.5,10000.0,0.0,one_sided_huber,additive_removal_premium_v1,0.015
prefs_ra7_eis0p9_prtp0p005,5,1,delay_frontier,fixed_learning_grid,default,0|5|10|15|35|75|125|175|225,delayed,193,7,2200,0.0078125,2.4647816716971755,0.7348973194635249,0.800000005655688,380.9077879429825,13.514820235239034,39.87851301327539,0.08236449930421523,0.0013853047064816203,0.001267385083141352,7.0,0.9,0.005,1.5,1.5,10000.0,0.0,one_sided_huber,additive_removal_premium_v1,0.015
prefs_ra7_eis0p9_prtp0p005,5,1,delay_frontier,fixed_learning_grid,default,0|5|10|15|35|75|125|175|225,delayed,194,7,2200,0.0078125,2.5244825091218503,0.7386908276564894,0.794938364895352,381.5056632546166,13.513828105229422,39.87607634656689,0.08236562579324418,0.0014493625295469873,0.00133491540276003,7.0,0.9,0.005,1.5,1.5,10000.0,0.0,one_sided_huber,additive_removal_premium_v1,0.015
prefs_ra7_eis0p9_prtp0p005,5,1,delay_frontier,fixed_learning_grid,default,0|5|10|15|35|75|125|175|225,delayed,195,7,2200,0.0078125,3.728340815154194,0.807423668048283,0.7185694227783463,394.28336332369776,13.498154232411936,39.83881361140503,0.08238627583372864,0.002414216354840077,0.002353798663063306,7.0,0.9,0.005,1.5,1.5,10000.0,0.0,one_sided_huber,additive_removal_premium_v1,0.015
prefs_ra7_eis0p9_prtp0p005,5,1,delay_frontier,fixed_learning_grid,default,0|5|10|15|35|75|125|175|225,delayed,196,7,2200,0.0078125,3.762825476739458,0.8017293856352582,0.7091265284352957,395.70024102247623,13.496471027969253,39.83398874254216,0.08238660442273953,0.0025360677022538973,0.002479781905835034,7.0,0.9,0.005,1.5,1.5,10000.0,0.0,one_sided_huber,additive_removal_premium_v1,0.015
prefs_ra7_eis0p9_prtp0p005,5,1,delay_frontier,fixed_learning_grid,default,0|5|10|15|35|75|125|175|225,delayed,197,7,2200,0.0078125,3.791332101076754,0.7944320115304907,0.6986265237206477,397.2067124076293,13.494532899741536,39.82855258520815,0.08238725740944344,0.0026783640756833727,0.0026261619751532473,7.0,0.9,0.005,1.5,1.5,10000.0,0.0,one_sided_huber,additive_removal_premium_v1,0.015
prefs_ra7_eis0p9_prtp0p005,5,1,delay_frontier,fixed_learning_grid,default,0|5|10|15|35|75|125|175|225,delayed,198,7,2200,0.0078125,5.314277483079098,0.8812979364742702,0.658778324780245,403.07813755810537,13.481445616702828,39.80068301925747,0.08241200553564597,0.0033793076991642254,0.003340385500130484,7.0,0.9,0.005,1.5,1.5,10000.0,0.0,one_sided_huber,additive_removal_premium_v1,0.015
prefs_ra7_eis0p9_prtp0p005,5,1,delay_frontier,fixed_learning_grid,default,0|5|10|15|35|75|125|175|225,delayed,199,7,2200,0.0078125,5.346247447127909,0.8711319886662935,0.6461890649655402,405.0692118192154,13.478453207110425,39.791687684079164,0.08241163510038117,0.0036012645797864635,0.00356603046679913,7.0,0.9,0.005,1.5,1.5,10000.0,0.0,one_sided_huber,additive_removal_premium_v1,0.015
prefs_ra7_eis0p9_prtp0p005,5,1,delay_frontier,fixed_learning_grid,default,0|5|10|15|35|75|125|175|225,delayed,200,7,2200,0.0078125,5.3661405933834745,0.8627020647494433,0.6362010420303894,406.6064231273778,13.476089953273899,39.784524000468885,0.0824112052059258,0.0037776794233612197,0.0037450518815176736,7.0,0.9,0.005,1.5,1.5,10000.0,0.0,one_sided_huber,additive_removal_premium_v1,0.015
prefs_ra7_eis0p9_prtp0p005,5,1,delay_frontier,fixed_learning_grid,default,0|5|10|15|35|75|125|175|225,delayed,201,7,2200,0.0078125,5.078480740647635,0.8917556731828551,0.6866792604609107,399.66952526531776,13.488523242181016,39.82063343851074,0.08240983357614184,0.002886454254866135,0.002840300046787613,7.0,0.9,0.005,1.5,1.5,10000.0,0.0,one_sided_huber,additive_removal_premium_v1,0.015
prefs_ra7_eis0p9_prtp0p005,5,1,delay_frontier,fixed_learning_grid,default,0|5|10|15|35|75|125|175|225,delayed,202,7,2200,0.0078125,5.187346579185518,0.8888466984901001,0.6756410007799329,401.39296214726187,13.485694221107687,39.81280659404133,0.08241104094510639,0.0030804892132953988,0.0030381454939746515,7.0,0.9,0.005,1.5,1.5,10000.0,0.0,one_sided_huber,additive_removal_premium_v1,0.015
prefs_ra7_eis0p9_prtp0p005,5,1,delay_frontier,fixed_learning_grid,default,0|5|10|15|35|75|125|175|225,delayed,203,7,2200,0.0078125,5.314991986650917,0.8856918822155827,0.6631648680654362,403.34599135558517,13.482482516734915,39.80392521676164,0.08241242193449994,0.003300167235837559,0.0032617628147664558,7.0,0.9,0.005,1.5,1.5,10000.0,0.0,one_sided_huber,additive_removal_premium_v1,0.015
prefs_ra7_eis0p9_prtp0p005,5,1,delay_frontier,fixed_learning_grid,default,0|5|10|15|35|75|125|175|225,delayed,204,7,2200,0.0078125,5.410534624393052,0.8478820912001501,0.6179190315132623,410.4574010530663,13.471759280854874,39.77146505968569,0.08241057483161313,0.0040996445958753945,0.004072731484170285,7.0,0.9,0.005,1.5,1.5,10000.0,0.0,one_sided_huber,additive_removal_premium_v1,0.015
prefs_ra7_eis0p9_prtp0p005,5,1,delay_frontier,fixed_learning_grid,default,0|5|10|15|35|75|125|175|225,delayed,205,7,2200,0.0078125,5.434868309433092,0.8391181322624914,0.6072123279845922,412.08846462550247,13.469212144082636,39.76372989265946,0.08241007862147533,0.004289439677138234,0.004264634248623198,7.0,0.9,0.005,1.5,1.5,10000.0,0.0,one_sided_huber,additive_removal_premium_v1,0.015
prefs_ra7_eis0p9_prtp0p005,5,1,delay_frontier,fixed_learning_grid,default,0|5|10|15|35|75|125|175|225,delayed,206,7,2200,0.0078125,5.440683842917823,0.8325019228850052,0.5999951408557098,413.05368392154577,13.4675188466349,39.75849804000922,0.08240954221644226,0.004417650964433241,0.0043940142139458575,7.0,0.9,0.005,1.5,1.5,10000.0,0.0,one_sided_huber,additive_removal_premium_v1,0.015
prefs_ra7_eis0p9_prtp0p005,5,1,delay_frontier,fixed_learning_grid,default,0|5|10|15|35|75|125|175|225,delayed,207,7,2200,0.0078125,6.85208482540801,0.8530101464087324,0.5327274481972991,424.26431833213786,13.444248667927056,39.69812211722916,0.08242874111830585,0.0059167403733417535,0.005903245887487269,7.0,0.9,0.005,1.5,1.5,10000.0,0.0,one_sided_huber,additive_removal_premium_v1,0.015
prefs_ra7_eis0p9_prtp0p005,5,1,delay_frontier,fixed_learning_grid,default,0|5|10|15|35|75|125|175|225,delayed,208,7,2200,0.0078125,6.8691010034837925,0.8458949755194074,0.5244860931991242,425.48889791858176,13.441794796513483,39.69054890562765,0.0824279855669379,0.006100843638574667,0.006088150609272598,7.0,0.9,0.005,1.5,1.5,10000.0,0.0,one_sided_huber,additive_removal_premium_v1,0.015
prefs_ra7_eis0p9_prtp0p005,5,1,delay_frontier,fixed_learning_grid,default,0|5|10|15|35|75|125|175|225,delayed,209,7,2200,0.0078125,6.899549635477684,0.8395699620742522,0.5162922662475782,426.71174435837696,13.439321081973171,39.68301540427085,0.08242745661550438,0.006283929188575052,0.006271988982109136,7.0,0.9,0.005,1.5,1.5,10000.0,0.0,one_sided_huber,additive_removal_premium_v1,0.015
prefs_ra7_eis0p9_prtp0p005,5,1,delay_frontier,fixed_learning_grid,default,0|5|10|15|35|75|125|175|225,delayed,210,7,2200,0.0078125,8.76185694334898,0.8779556898800642,0.46390260686109586,434.53460757958345,13.417145321659216,39.62956493940741,0.08245526544898339,0.007615434729491735,0.007607359735670319,7.0,0.9,0.005,1.5,1.5,10000.0,0.0,one_sided_huber,additive_removal_premium_v1,0.015
prefs_ra7_eis0p9_prtp0p005,5,1,delay_frontier,fixed_learning_grid,default,0|5|10|15|35|75|125|175|225,delayed,211,7,2200,0.0078125,5.349959838463239,0.8840378728530621,0.6589875789472144,406.3965278220383,13.481483471617905,39.80113619006487,0.08241279101901176,0.0033696066623134565,0.0033366349103240893,7.0,0.9,0.005,1.5,1.5,10000.0,0.0,one_sided_huber,additive_removal_premium_v1,0.015
prefs_ra7_eis0p9_prtp0p005,5,1,delay_frontier,fixed_learning_grid,default,0|5|10|15|35|75|125|175|225,delayed,212,7,2200,0.0078125,5.374273926713569,0.874898997062206,0.6480089596913292,408.10547655194,13.478876267930287,39.79326789058677,0.0824123972964859,0.0035636828792882627,0.0035334113858694095,7.0,0.9,0.005,1.5,1.5,10000.0,0.0,one_sided_huber,additive_removal_premium_v1,0.015
prefs_ra7_eis0p9_prtp0p005,5,1,delay_frontier,fixed_learning_grid,default,0|5|10|15|35|75|125|175|225,delayed,213,7,2200,0.0078125,5.4002177133666525,0.8649427265008252,0.6360594368247916,409.93057904725873,13.476037169276198,39.7846771782328,0.08241191642208023,0.003775221390045954,0.003747589957811873,7.0,0.9,0.005,1.5,1.5,10000.0,0.0,one_sided_huber,additive_removal_premium_v1,0.015
prefs_ra7_eis0p9_prtp0p005,5,1,delay_frontier,fixed_learning_grid,default,0|5|10|15|35|75|125|175|225,delayed,214,7,2200,0.0078125,5.537063112403359,0.8336170633969999,0.5944228582661996,416.16520963911995,13.465674002477932,39.754437604402696,0.08241273440158414,0.004539266361182968,0.004519035082741194,7.0,0.9,0.005,1.5,1.5,10000.0,0.0,one_sided_huber,additive_removal_premium_v1,0.015
prefs_ra7_eis0p9_prtp0p005,5,1,delay_frontier,fixed_learning_grid,default,0|5|10|15|35|75|125|175|225,delayed,215,7,2200,0.0078125,6.994747549942373,0.9136299880186579,0.5861715244892162,417.19980244147604,13.45951797266852,39.74711006270428,0.0824377305009303,0.004723375039946644,0.004704163690443311,7.0,0.9,0.005,1.5,1.5,10000.0,0.0,one_sided_huber,additive_removal_premium_v1,0.015
prefs_ra7_eis0p9_prtp0p005,5,1,delay_frontier,fixed_learning_grid,default,0|5|10|15|35|75|125|175|225,delayed,216,7,2200,0.0078125,7.086687588083962,0.9105939274340545,0.5781312252240637,418.3649762777452,13.45692945894798,39.739753003332176,0.08243839212204268,0.004902681604283532,0.004884557484791816,7.0,0.9,0.005,1.5,1.5,10000.0,0.0,one_sided_huber,additive_removal_premium_v1,0.015
prefs_ra7_eis0p9_prtp0p005,5,1,delay_frontier,fixed_learning_grid,default,0|5|10|15|35|75|125|175|225,delayed,217,7,2200,0.0078125,6.904188966336974,0.8315373625189878,0.5077568632550435,430.33029842317274,13.436829579060072,39.6752267272999,0.0824264596762768,0.006473455095173321,0.006463491024674926,7.0,0.9,0.005,1.5,1.5,10000.0,0.0,one_sided_huber,additive_removal_premium_v1,0.015
prefs_ra7_eis0p9_prtp0p005,5,1,delay_frontier,fixed_learning_grid,default,0|5|10|15|35|75|125|175|225,delayed,218,7,2200,0.0078125,6.896623743089862,0.8239215007918999,0.5003032153511995,431.3635242402585,13.434666950427845,39.66836122050185,0.08242535179465234,0.0066401849783736585,0.006630722589417772,7.0,0.9,0.005,1.5,1.5,10000.0,0.0,one_sided_huber,additive_removal_premium_v1,0.015
prefs_ra7_eis0p9_prtp0p005,5,1,delay_frontier,fixed_learning_grid,default,0|5|10|15|35|75|125|175|225,delayed,219,7,2200,0.0078125,6.959000224737544,0.8213332375267484,0.49416980836782065,432.0858430979015,13.43236536583349,39.66256425248033,0.08242765836507657,0.0068032929815751535,0.006794166235094627,7.0,0.9,0.005,1.5,1.5,10000.0,0.0,one_sided_huber,additive_removal_premium_v1,0.015
prefs_ra7_eis0p9_prtp0p005,5,1,delay_frontier,fixed_learning_grid,default,0|5|10|15|35|75|125|175|225,delayed,220,7,2200,0.0078125,8.185472937976389,0.829064061921721,0.4399191907577523,440.3607796510154,13.410204179577295,39.603057002910944,0.08244137298560582,0.008257760153579045,0.008251725819284229,7.0,0.9,0.005,1.5,1.5,10000.0,0.0,one_sided_huber,additive_removal_premium_v1,0.015
prefs_ra7_eis0p9_prtp0p005,5,1,delay_frontier,fixed_learning_grid,default,0|5|10|15|35|75|125|175|225,delayed,221,7,2200,0.0078125,8.756277188017688,0.8996129624713772,0.4860439723471911,434.01687264731305,13.424938012601409,39.65411712132653,0.08245881273693957,0.007020771062310161,0.007012484305803994,7.0,0.9,0.005,1.5,1.5,10000.0,0.0,one_sided_huber,additive_removal_premium_v1,0.015
prefs_ra7_eis0p9_prtp0p005,5,1,delay_frontier,fixed_learning_grid,default,0|5|10|15|35|75|125|175|225,delayed,222,7,2200,0.0078125,8.782567519091156,0.8915478267849083,0.4767597771564719,435.4305359497032,13.421614654750083,39.643847683911844,0.08245776577947585,0.007269645436528168,0.007261924188294997,7.0,0.9,0.005,1.5,1.5,10000.0,0.0,one_sided_huber,additive_removal_premium_v1,0.015
prefs_ra7_eis0p9_prtp0p005,5,1,delay_frontier,fixed_learning_grid,default,0|5|10|15|35|75|125|175|225,delayed,223,7,2200,0.0078125,8.783684498643213,0.8833362806350524,0.46840453786385206,436.6713117561969,13.418682146581522,39.63460286089912,0.08245641817600995,0.007493662462511001,0.00748640567156009,7.0,0.9,0.005,1.5,1.5,10000.0,0.0,one_sided_huber,additive_removal_premium_v1,0.015
prefs_ra7_eis0p9_prtp0p005,5,1,delay_frontier,fixed_learning_grid,default,0|5|10|15|35|75|125|175|225,delayed,224,7,2200,0.0078125,8.15823623092785,0.7978624017025033,0.40870799082631304,446.0697246515719,13.399319791430312,39.5685007835429,0.08243578858820196,0.009094817752010749,0.00909028186893341,7.0,0.9,0.005,1.5,1.5,10000.0,0.0,one_sided_huber,additive_removal_premium_v1,0.015
prefs_ra7_eis0p9_prtp0p005,5,1,delay_frontier,fixed_learning_grid,default,0|5|10|15|35|75|125|175|225,delayed,225,7,2200,0.0078125,9.30828188260245,0.7842105633351927,0.34369484305282016,456.52259159485675,13.370289951336042,39.487634886230005,0.08244706303151188,0.011093293583429855,0.0110906040216085,7.0,0.9,0.005,1.5,1.5,10000.0,0.0,one_sided_huber,additive_removal_premium_v1,0.015
prefs_ra7_eis0p9_prtp0p005,5,1,delay_frontier,fixed_learning_grid,default,0|5|10|15|35|75|125|175|225,delayed,226,7,2200,0.0078125,2.1870004851079528,0.5699569717807926,0.6589875789472144,406.3965278220383,13.514416183237453,39.87802794056258,0.08236612222744455,0.001501449303380925,0.0014684775513915578,7.0,0.9,0.005,1.5,1.5,10000.0,0.0,one_sided_huber,additive_removal_premium_v1,0.015
prefs_ra7_eis0p9_prtp0p005,5,1,delay_frontier,fixed_learning_grid,default,0|5|10|15|35|75|125|175|225,delayed,227,7,2200,0.0078125,2.174113162971147,0.5589978409799147,0.6480089596913292,408.10547655194,13.5133653172485,39.87476781295836,0.0823657567141725,0.0015840943736664921,0.001553822880247639,7.0,0.9,0.005,1.5,1.5,10000.0,0.0,one_sided_huber,additive_removal_premium_v1,0.015
prefs_ra7_eis0p9_prtp0p005,5,1,delay_frontier,fixed_learning_grid,default,0|5|10|15|35|75|125|175|225,delayed,228,7,2200,0.0078125,2.2434031793858646,0.5590395539488362,0.6360594368247916,409.93057904725873,13.512039079979353,39.87119410048078,0.08236653644965991,0.001674347228698961,0.0016467157964648801,7.0,0.9,0.005,1.5,1.5,10000.0,0.0,one_sided_huber,additive_removal_premium_v1,0.015
prefs_ra7_eis0p9_prtp0p005,5,1,delay_frontier,fixed_learning_grid,default,0|5|10|15|35|75|125|175|225,delayed,229,7,2200,0.0078125,2.6498438882036472,0.5773632052561944,0.5944228582661996,416.16520963911995,13.506912902315422,39.85812011811104,0.08237124898329111,0.0020006232145265,0.001980391936084726,7.0,0.9,0.005,1.5,1.5,10000.0,0.0,one_sided_huber,additive_removal_premium_v1,0.015
prefs_ra7_eis0p9_prtp0p005,5,1,delay_frontier,fixed_learning_grid,default,0|5|10|15|35|75|125|175|225,delayed,230,7,2200,0.0078125,2.6810672650947898,0.5742176461261936,0.5861715244892162,417.19980244147604,13.505826844965153,39.85497775375035,0.08237139257422947,0.0020785462127518605,0.0020593348632485273,7.0,0.9,0.005,1.5,1.5,10000.0,0.0,one_sided_huber,additive_removal_premium_v1,0.015
prefs_ra7_eis0p9_prtp0p005,5,1,delay_frontier,fixed_learning_grid,default,0|5|10|15|35|75|125|175|225,delayed,231,7,2200,0.0078125,2.6941473486282614,0.5690783692375944,0.5781312252240637,418.3649762777452,13.504808013615268,39.851914362196666,0.08237126195699368,0.0021543828809146956,0.00213625876142298,7.0,0.9,0.005,1.5,1.5,10000.0,0.0,one_sided_huber,additive_removal_premium_v1,0.015
prefs_ra7_eis0p9_prtp0p005,5,1,delay_frontier,fixed_learning_grid,default,0|5|10|15|35|75|125|175|225,delayed,232,7,2200,0.0078125,3.0093451962587854,0.5460880697427656,0.5077568632550435,430.33029842317274,13.495465195620069,39.82496380657156,0.08237268583131031,0.002819514966414375,0.0028095508959159804,7.0,0.9,0.005,1.5,1.5,10000.0,0.0,one_sided_huber,additive_removal_premium_v1,0.015
prefs_ra7_eis0p9_prtp0p005,5,1,delay_frontier,fixed_learning_grid,default,0|5|10|15|35|75|125|175|225,delayed,233,7,2200,0.0078125,3.013231265518211,0.5404486899724306,0.5003032153511995,431.3635242402585,13.494536117172087,39.82207955466946,0.08237235819768703,0.0028903245176351224,0.0028808621286792358,7.0,0.9,0.005,1.5,1.5,10000.0,0.0,one_sided_huber,additive_removal_premium_v1,0.015
prefs_ra7_eis0p9_prtp0p005,5,1,delay_frontier,fixed_learning_grid,default,0|5|10|15|35|75|125|175|225,delayed,234,7,2200,0.0078125,3.4577682432770955,0.5787771083258031,0.49416980836782065,432.0858430979015,13.49267687572826,39.81935020820538,0.08237869616826798,0.0029596746425282466,0.00295054789604772,7.0,0.9,0.005,1.5,1.5,10000.0,0.0,one_sided_huber,additive_removal_premium_v1,0.015
prefs_ra7_eis0p9_prtp0p005,5,1,delay_frontier,fixed_learning_grid,default,0|5|10|15|35|75|125|175|225,delayed,235,7,2200,0.0078125,3.6295713417655326,0.5493615319337013,0.4399191907577523,440.3607796510154,13.48425827028724,39.79405274380034,0.08237765508138674,0.0035780227958379087,0.003571988461543093,7.0,0.9,0.005,1.5,1.5,10000.0,0.0,one_sided_huber,additive_removal_premium_v1,0.015
prefs_ra7_eis0p9_prtp0p005,5,1,delay_frontier,fixed_learning_grid,default,0|5|10|15|35|75|125|175|225,delayed,236,7,2200,0.0078125,3.4837693193451593,0.5743941020496497,0.4860439723471911,434.01687264731305,13.491418716266173,39.81558955753013,0.08237858675788531,0.0030519160653421813,0.003043629308836015,7.0,0.9,0.005,1.5,1.5,10000.0,0.0,one_sided_huber,additive_removal_premium_v1,0.015
prefs_ra7_eis0p9_prtp0p005,5,1,delay_frontier,fixed_learning_grid,default,0|5|10|15|35|75|125|175|225,delayed,237,7,2200,0.0078125,3.4732594830134698,0.5657309435023845,0.4767597771564719,435.4305359497032,13.490063451535626,39.811262691726085,0.08237783439949123,0.0031577009686158224,0.0031499797203826518,7.0,0.9,0.005,1.5,1.5,10000.0,0.0,one_sided_huber,additive_removal_premium_v1,0.015
prefs_ra7_eis0p9_prtp0p005,5,1,delay_frontier,fixed_learning_grid,default,0|5|10|15|35|75|125|175|225,delayed,238,7,2200,0.0078125,3.5046017507889125,0.5616802392219239,0.46840453786385206,436.6713117561969,13.488755478052838,39.807365797704215,0.08237774964089596,0.0032529457375063374,0.003245688946555427,7.0,0.9,0.005,1.5,1.5,10000.0,0.0,one_sided_huber,additive_removal_premium_v1,0.015
prefs_ra7_eis0p9_prtp0p005,5,1,delay_frontier,fixed_learning_grid,default,0|5|10|15|35|75|125|175|225,delayed,239,7,2200,0.0078125,3.642149288899089,0.5253102692918866,0.40870799082631304,446.0697246515719,13.479602919536642,39.779469362670085,0.0823757113979937,0.003934048490697308,0.0039295126076199696,7.0,0.9,0.005,1.5,1.5,10000.0,0.0,one_sided_huber,additive_removal_premium_v1,0.015
prefs_ra7_eis0p9_prtp0p005,5,1,delay_frontier,fixed_learning_grid,default,0|5|10|15|35|75|125|175|225,delayed,240,7,2200,0.0078125,4.179218098289399,0.5156684578215306,0.34369484305282016,456.52259159485675,13.467538562539065,39.74515505055433,0.08237867910144528,0.004774893520296146,0.004772203958474791,7.0,0.9,0.005,1.5,1.5,10000.0,0.0,one_sided_huber,additive_removal_premium_v1,0.015
prefs_ra7_eis0p9_prtp0p005,5,1,delay_frontier,fixed_learning_grid,default,0|5|10|15|35|75|125|175|225,delayed,241,7,2200,0.0078125,3.482784488133276,0.5586202149688627,0.4670784771019403,438.62406614479613,13.488613549560407,39.80677723903979,0.08237735942408791,0.003267460716256822,0.003260878966246757,7.0,0.9,0.005,1.5,1.5,10000.0,0.0,one_sided_huber,additive_removal_premium_v1,0.015
prefs_ra7_eis0p9_prtp0p005,5,1,delay_frontier,fixed_learning_grid,default,0|5|10|15|35|75|125|175|225,delayed,242,7,2200,0.0078125,3.6351823991760277,0.5637981263869245,0.45694304090576365,440.2445171937976,13.486782006447438,39.80204620818407,0.08237890965780667,0.003383049854006476,0.0033769803394433874,7.0,0.9,0.005,1.5,1.5,10000.0,0.0,one_sided_huber,additive_removal_premium_v1,0.015
prefs_ra7_eis0p9_prtp0p005,5,1,delay_frontier,fixed_learning_grid,default,0|5|10|15|35|75|125|175|225,delayed,243,7,2200,0.0078125,3.6291643673469554,0.5564256389020122,0.44861105960236936,441.47964305256585,13.485558505658322,39.798152547001294,0.08237825906725517,0.0034781291708325226,0.00347242314546072,7.0,0.9,0.005,1.5,1.5,10000.0,0.0,one_sided_huber,additive_removal_premium_v1,0.015
prefs_ra7_eis0p9_prtp0p005,5,1,delay_frontier,fixed_learning_grid,default,0|5|10|15|35|75|125|175|225,delayed,244,7,2200,0.0078125,4.134855424381037,0.5516694270847772,0.39272511045693426,449.9523663414741,13.476032519365114,39.77168600501339,0.0823820479395942,0.004128989623586931,0.0041252540980848676,7.0,0.9,0.005,1.5,1.5,10000.0,0.0,one_sided_huber,additive_removal_premium_v1,0.015
prefs_ra7_eis0p9_prtp0p005,5,1,delay_frontier,fixed_learning_grid,default,0|5|10|15|35|75|125|175|225,delayed,245,7,2200,0.0078125,4.187864616701196,0.5009776359119846,0.324090161581703,461.2850594253014,13.464164746773159,39.73455099369199,0.08237718798717919,0.00503300558347693,0.005030885923967475,7.0,0.9,0.005,1.5,1.5,10000.0,0.0,one_sided_huber,additive_removal_premium_v1,0.015
prefs_ra7_eis0p9_prtp0p005,5,1,delay_frontier,fixed_learning_grid,default,0|5|10|15|35|75|125|175|225,delayed,246,7,2200,0.0078125,4.184437823618386,0.4841913039874097,0.3025402833321216,465.2021168111981,13.460478986444567,39.722883179090054,0.08237536621131802,0.00531697722479182,0.005315234581707341,7.0,0.9,0.005,1.5,1.5,10000.0,0.0,one_sided_huber,additive_removal_premium_v1,0.015
prefs_ra7_eis0p9_prtp0p005,5,1,delay_frontier,fixed_learning_grid,default,0|5|10|15|35|75|125|175|225,delayed,247,7,2200,0.0078125,1.1152787088509801,0.26415968035136717,0.4670784771019403,438.62406614479613,13.523338834026768,39.9003607600232,0.08235695787946427,0.0010228650162881837,0.0010162832662781191,7.0,0.9,0.005,1.5,1.5,10000.0,0.0,one_sided_huber,additive_removal_premium_v1,0.015
prefs_ra7_eis0p9_prtp0p005,5,1,delay_frontier,fixed_learning_grid,default,0|5|10|15|35|75|125|175|225,delayed,248,7,2200,0.0078125,1.1243458823376595,0.2605465036428811,0.45694304090576365,440.2445171937976,13.5228631933219,39.89894016290265,0.08235691836720556,0.0010582785144253827,0.0010522089998622937,7.0,0.9,0.005,1.5,1.5,10000.0,0.0,one_sided_huber,additive_removal_premium_v1,0.015
prefs_ra7_eis0p9_prtp0p005,5,1,delay_frontier,fixed_learning_grid,default,0|5|10|15|35|75|125|175|225,delayed,249,7,2200,0.0078125,1.0968078640784296,0.25153860003870554,0.44861105960236936,441.47964305256585,13.522517508613632,39.89776902073424,0.08235657156882803,0.001087448291956942,0.0010817422665851395,7.0,0.9,0.005,1.5,1.5,10000.0,0.0,one_sided_huber,additive_removal_premium_v1,0.015
prefs_ra7_eis0p9_prtp0p005,5,1,delay_frontier,fixed_learning_grid,default,0|5|10|15|35|75|125|175|225,delayed,250,7,2200,0.0078125,1.1670161754704844,0.23593890377837404,0.39272511045693426,449.9523663414741,13.519827251766063,39.88972477422916,0.08235632673702176,0.0012858956414754927,0.0012821601159734297,7.0,0.9,0.005,1.5,1.5,10000.0,0.0,one_sided_huber,additive_removal_premium_v1,0.015
prefs_ra7_eis0p9_prtp0p005,5,1,delay_frontier,fixed_learning_grid,default,0|5|10|15|35|75|125|175|225,delayed,251,7,2200,0.0078125,1.2563647799826876,0.21740589958337442,0.324090161581703,461.2850594253014,13.516258987082812,39.879040722926376,0.08235596872112254,0.0015495089373589654,0.00154738927784951,7.0,0.9,0.005,1.5,1.5,10000.0,0.0,one_sided_huber,additive_removal_premium_v1,0.015
prefs_ra7_eis0p9_prtp0p005,5,1,delay_frontier,fixed_learning_grid,default,0|5|10|15|35|75|125|175|225,delayed,252,7,2200,0.0078125,1.2605529624131129,0.2085226936533894,0.3025402833321216,465.2021168111981,13.51516590092743,39.87567405252014,0.08235564383669097,0.0016324080978720428,0.0016306654547875643,7.0,0.9,0.005,1.5,1.5,10000.0,0.0,one_sided_huber,additive_removal_premium_v1,0.015
prefs_ra7_eis0p9_prtp0p005,5,1,delay_frontier,fixed_learning_grid,default,0|5|10|15|35|75|125|175|225,delayed,253,7,2200,0.0078125,1.3842014039075083,0.21890570172442195,0.2901940653687368,468.2013221777788,13.51430811193222,39.8734081410219,0.0823562518631874,0.0016867702366609569,0.0016852702698990896,7.0,0.9,0.005,1.5,1.5,10000.0,0.0,one_sided_huber,additive_removal_premium_v1,0.015
prefs_ra7_eis0p9_prtp0p005,5,1,delay_frontier,fixed_learning_grid,default,0|5|10|15|35|75|125|175|225,delayed,254,7,2200,0.0078125,0.1418056345351809,0.028195737841857197,0.2901940653687368,468.2013221777788,13.535747214292911,39.936899604698546,0.08235679324591644,0.00017204714676059352,0.00017054717999872632,7.0,0.9,0.005,1.5,1.5,10000.0,0.0,one_sided_huber,additive_removal_premium_v1,0.015
