sample_index,delay_year,task_id,run_type,tree_spec,scenario,decision_times,optimizer_arm,local_solver,local_start_index,start_source,removal_active_set_stage,initial_utility,final_utility,utility_gain_from_polish,success_scipy,success_diagnostics,guarded_start_kept,best_eval_retained,best_eval_source,best_eval_utility,nfev,ngev,nit,runtime_seconds,message,mitigation
prefs_ra7_eis0p9_prtp0p005,10,2,delay_frontier,default,optimal,0|5|10|15|35|75|125|175|225,adjoint_lbfgsb,adjoint_lbfgsb,0,structured_ramp,,7.587640436255577,7.671869080117906,0.0842286438623292,True,True,False,False,value_and_gradient,7.671869080117906,783,783,532,45.78383946418762,CONVERGENCE: REL_REDUCTION_OF_F_<=_FACTR*EPSMCH,0.627410232681|0.74730971701|0.558185553517|0.89011014541|0.678710452583|0.698666169758|0.479187509306|1|0.810512079413|0.823995139922|0.825444946002|0.58818085422|0.590450514473|0.603204788355|0.391518395628|1|0.974010662954|0.976926865163|0.974688650645|0.987705843556|0.69361871787|0.688996977318|0.683578718952|0.718020053983|0.717802034158|0.723961191268|0.452526850748|0.452936027061|0.457745744395|0.475117189396|0.277044875589|1|1|1|1|1|1|0.765930833417|0.797938118034|0.796630624382|0.784443462594|0.800422736731|0.804853053745|0.794786454415|0.795692978675|0.798879605076|0.80445161297|0.452527318992|0.463996001201|0.472792273236|0.478122705357|0.471525300791|0.474457112431|0.503988869723|0.498617593683|0.494812542005|0.511111075349|0.265116627809|0.267808221376|0.28074469711|0.283439245831|0.300354105009|0.124041642282|1|1|1|1|1|1|1|1|1|1|1|1|1|1|1|1|1|1|1|1|1|1|0.784385218349|0.777687099828|0.771954638057|0.767475721323|0.821092503387|0.817105227607|0.808327106434|0.824484853843|0.850212392039|0.841565558451|0.822087951419|0.815290846574|0.840463367772|0.859090134526|0.851638394591|0.846798757166|0.859370214619|0.851451368271|0.842613588462|0.825602368904|0.528778799935|0.527733558119|0.525884143565|0.50631085241|0.496902099227|0.4919256103|0.52759118813|0.523516775357|0.520378429805|0.547433119627|0.518196505912|0.51194239557|0.520258598765|0.532223499555|0.546229827871|0.283802274167|0.302424323207|0.298720059159|0.282645246058|0.287235297922|0.27945811894|0.0861373539026|1|1|1|1|1|1|1|1|1|1|1|1|1|1|1|1|1|1|1|1|1|1|1|1|1|1|1|1|1|1|1|1|1|1|1|1|1|1|1|1|1|1|1|1|1|1|1|1|1|1|1|1|1|1|1|1|1|1|1|1|1|1|1|1|0.547724136085|0.61020672691|0.620125212803|0.625711797071|0.821397886326|0.816406406661|0.809602959803|0.910470420767|0.901916580825|0.894678815706|0.802525135428|0.795695228239|0.872604882763|0.880943833709|0.871143780302|0.863391407958|0.898471247367|0.887916327508|0.878090178116|0.8335177899|0.904543405501|0.90329653712|0.894110293326|0.860948323904|0.850628643216|0.842645102162|0.877396172949|0.867038971705|0.857541810827|0.881160503431|0.850598975667|0.840944214419|0.834387267414|0.8540709489|0.85224415668|0.584227853349|0.578482542211|0.572359447723|0.548651835085|0.540877067241|0.534966017062|0.563925435398|0.555413452978|0.547566367234|0.574489794907|0.541862248277|0.533931978228|0.5424255089|0.552311227434|0.555738790628|0.529527547653|0.584236379331|0.577437657264|0.538527599813|0.541341532005|0.525031717852|0.275454870067|0.271963372758|0.267016657569|0.23581682531|0.216260578501|0.204319073942|0.196764474461|0.0282748779354
prefs_ra7_eis0p9_prtp0p005,10,2,delay_frontier,default,optimal,0|5|10|15|35|75|125|175|225,adjoint_lbfgsb,adjoint_lbfgsb,1,structured_sigmoid,,7.562445739825449,7.671869075585078,0.10942333575962859,True,True,False,False,value_and_gradient,7.671869075585078,1044,1044,633,60.10906910896301,CONVERGENCE: REL_REDUCTION_OF_F_<=_FACTR*EPSMCH,0.627398842179|0.747312163067|0.558192666465|0.89009418876|0.678778651736|0.698670800847|0.479217982841|1|0.810588945475|0.823998712472|0.825481834204|0.588236634147|0.590461230093|0.603268701704|0.391447201689|1|0.9740288443|0.976934129438|0.974703575341|0.987718173379|0.69356163303|0.689009454928|0.683659461253|0.718072238337|0.717800975845|0.723940582382|0.452701139973|0.453071813747|0.457719674027|0.47507829755|0.276595680531|1|1|1|1|1|1|0.765934937922|0.797936694923|0.796609988645|0.784425867245|0.800517551598|0.804870447497|0.794742689055|0.795740416082|0.79889472712|0.804599497982|0.45264894316|0.463864322575|0.472646358067|0.478136538231|0.471592581209|0.474509793351|0.503667533204|0.498663364462|0.494946901934|0.511134602531|0.265368521038|0.268435103373|0.280963633364|0.282810547132|0.300130027056|0.124160368645|1|1|1|1|1|1|1|1|1|1|1|1|1|1|1|1|1|1|1|1|1|1|0.785303289602|0.777950019481|0.772001791143|0.767420708286|0.82045998862|0.816608777447|0.80802588257|0.824114417708|0.85069518877|0.841977729897|0.821663294992|0.815238654825|0.84109535131|0.859528929582|0.852015567615|0.847103836386|0.860106021038|0.852090754179|0.843256279046|0.825957110292|0.528912905516|0.527160536859|0.525732657497|0.505574338019|0.49609367423|0.490997964682|0.526956719631|0.522948249756|0.519834578435|0.547263654523|0.517499988317|0.511360599504|0.520831030366|0.53232198128|0.545839031546|0.282315941812|0.307687497948|0.302131246114|0.285559335397|0.285756635572|0.277526049588|0.0849792833677|1|1|1|1|1|1|1|1|1|1|1|1|1|1|1|1|1|1|1|1|1|1|1|1|1|1|1|1|1|1|1|1|1|1|1|1|1|1|1|1|1|1|1|1|1|1|1|1|1|1|1|1|1|1|1|1|1|1|1|1|1|1|1|1|0.549919348693|0.610809745048|0.62029681508|0.625564582139|0.820448963395|0.815493780365|0.808746588855|0.910233566424|0.902449511861|0.895186711188|0.801799345612|0.795055516691|0.870004243347|0.881345034432|0.871450482233|0.863569126627|0.89877716039|0.887656539878|0.877168405472|0.829636786378|0.903504046831|0.903631332121|0.894312100961|0.860818199436|0.850354745895|0.842185497781|0.876023543047|0.865046747772|0.854901800734|0.876764637155|0.847367904849|0.837024945686|0.829679122213|0.846472746352|0.834221055801|0.582617511471|0.576942509051|0.570942620464|0.547501375993|0.539834336942|0.53397934384|0.563680181864|0.555229106782|0.547421295947|0.573867471734|0.54179371318|0.533909592567|0.539260104812|0.551444157253|0.552245693602|0.530008623054|0.583724803476|0.576766565236|0.537405736264|0.537209438317|0.52008051314|0.274766063674|0.269872601001|0.265644054979|0.235132517549|0.216471841806|0.204823694604|0.198212232155|0.0260072995802
prefs_ra7_eis0p9_prtp0p005,10,2,delay_frontier,default,optimal,0|5|10|15|35|75|125|175|225,adjoint_lbfgsb,adjoint_lbfgsb,2,structured_constant,,7.6490661563724265,7.671869063788888,0.022802907416461515,True,True,False,False,value_and_gradient,7.671869063788888,535,535,375,31.287111043930054,CONVERGENCE: REL_REDUCTION_OF_F_<=_FACTR*EPSMCH,0.6274075764|0.747311248519|0.558155876222|0.890120522341|0.678773011905|0.698694552147|0.479226340736|1|0.810517880082|0.823995585082|0.825494919145|0.588257304089|0.590473313743|0.603184727263|0.391606368862|1|0.9740241341|0.976934523116|0.974693448344|0.987706879827|0.693499791438|0.689020422884|0.683793031154|0.718029625131|0.717790714597|0.723954144334|0.452655606037|0.453151190562|0.457937008983|0.475010126098|0.276690521906|1|1|1|1|1|1|0.765962075924|0.797930652222|0.796572117077|0.784380261311|0.800473188112|0.804870896408|0.794812307488|0.795612346018|0.798842761892|0.804452703994|0.452450833817|0.463614777564|0.473517299892|0.47812199213|0.471614601638|0.474563502771|0.503792145929|0.498826887982|0.495065083642|0.511193317477|0.265324668286|0.268056903708|0.280696365328|0.282978154275|0.299890239765|0.125456158874|1|1|1|1|1|1|1|1|1|1|1|1|1|1|1|1|1|1|1|1|1|1|0.78543022975|0.778119555422|0.7721674352|0.767532928519|0.820450361363|0.816605451262|0.808056812904|0.824186813523|0.850157939894|0.841473988891|0.821616678876|0.815414979209|0.842059136022|0.858948493731|0.851476193395|0.846605106225|0.859769834899|0.851825504395|0.843074822667|0.824739533155|0.530592063759|0.527176946255|0.525499218963|0.505363398569|0.495857517863|0.490773657686|0.527022688011|0.523064115017|0.520008479651|0.548460618324|0.517755704745|0.511712859175|0.520671496655|0.533443467513|0.545198270689|0.282714456533|0.305430332355|0.300977710452|0.284307087562|0.285685751304|0.277231645258|0.0850713511104|1|1|1|1|1|1|1|1|1|1|1|1|1|1|1|1|1|1|1|1|1|1|1|1|1|1|1|1|1|1|1|1|1|1|1|1|1|1|1|1|1|1|1|1|1|1|1|1|1|1|1|1|1|1|1|1|1|1|1|1|1|1|1|1|0.552355097823|0.612336613614|0.62186976762|0.627187164574|0.822077304875|0.817105300463|0.81024448598|0.907432545628|0.900887893961|0.893449804237|0.803147993095|0.79628358519|0.860894694274|0.879193627596|0.869211880713|0.861332924749|0.889268613857|0.879048167187|0.869748221114|0.828865272423|0.900912388548|0.901939770048|0.892357098434|0.858691627092|0.848482106536|0.840390453346|0.869157921588|0.859166819372|0.850284439467|0.867019330744|0.843521353775|0.834264215339|0.828346227266|0.844325983601|0.850572424749|0.586454542455|0.580630719749|0.574511569371|0.550666986556|0.542834850771|0.53696744768|0.563761603776|0.55510212045|0.547060388934|0.572648621191|0.54125923726|0.533177348076|0.539158594285|0.550072958269|0.553457345687|0.528259768516|0.58247609426|0.57562104432|0.536017251656|0.539028345497|0.522908943326|0.283539364369|0.283337581447|0.277607531621|0.245163772863|0.222806303299|0.210085188839|0.201967484752|0.0480647440779
prefs_ra7_eis0p9_prtp0p005,10,2,delay_frontier,default,optimal,0|5|10|15|35|75|125|175|225,adjoint_lbfgsb,adjoint_lbfgsb,3,sobol,,7.6276112392515785,7.671869067700008,0.04425782844842985,True,True,False,False,value_and_gradient,7.671869067700008,711,711,455,41.241146087646484,CONVERGENCE: REL_REDUCTION_OF_F_<=_FACTR*EPSMCH,0.627368029332|0.747305653874|0.558272280616|0.890119897011|0.678723849016|0.698689909389|0.479328433703|1|0.810518766271|0.823966817919|0.825532305317|0.588216970899|0.590444024389|0.603209881329|0.391544574849|1|0.974007898569|0.976924566047|0.974696812743|0.987695974706|0.693588273632|0.688966107449|0.683732247936|0.718093646936|0.717805103999|0.723980052584|0.452377749851|0.453044368664|0.457913689024|0.475137469019|0.276660351233|1|1|1|1|1|1|0.765959989107|0.797895922512|0.796561536203|0.784531705994|0.800434642796|0.804799847849|0.794876094073|0.795626018852|0.798786223379|0.804479825484|0.452458955296|0.463841856304|0.473323986734|0.477938362664|0.47150613506|0.474658247208|0.503474256038|0.498548036089|0.495083097566|0.511189825432|0.265536840014|0.268515612126|0.280604782811|0.282943581627|0.300278469175|0.123994029256|1|1|1|1|1|1|1|1|1|1|1|1|1|1|1|1|1|1|1|1|1|1|0.785328452326|0.776430005177|0.772098043466|0.766545057114|0.820345696896|0.816355101363|0.808215844989|0.824606981438|0.850474695299|0.841591323988|0.821245369338|0.814478973746|0.840029600235|0.859288364099|0.85180281046|0.846928778726|0.859532776468|0.851589321481|0.843000409776|0.824704197926|0.528285829118|0.527451598791|0.525819464402|0.506154763449|0.496550645933|0.491453833936|0.525951477391|0.523395652455|0.519976395689|0.547996975638|0.516703952705|0.511013274456|0.520740619055|0.533003060516|0.546364365422|0.283567206238|0.304106009883|0.298295988089|0.282186100757|0.286978615361|0.27864188659|0.0840185805606|1|1|1|1|1|1|1|1|1|1|1|1|1|1|1|1|1|1|1|1|1|1|1|1|1|1|1|1|1|1|1|1|1|1|1|1|1|1|1|1|1|1|1|1|1|1|1|1|1|1|1|1|1|1|1|1|1|1|1|1|1|1|1|1|0.517412881509|0.619477077781|0.623998805444|0.632128251569|0.813388298097|0.782651604725|0.810110705367|0.909090934231|0.902212642211|0.895692695331|0.802585396503|0.795217438976|0.868109057007|0.881058822815|0.872485196169|0.863441470216|0.897718025107|0.883785966398|0.873411021867|0.831354472688|0.906769558421|0.903792236566|0.892936319298|0.861765152178|0.849693927903|0.843259718561|0.875796705603|0.861619234118|0.851388355727|0.880629228988|0.84374787|0.837363765381|0.83103857738|0.842749141346|0.859939647271|0.588340324409|0.588601877478|0.581020944278|0.557976704977|0.549974388789|0.54284130067|0.566391363401|0.558701572897|0.552271367376|0.574042653078|0.545541945061|0.538191586836|0.538891047102|0.551998486688|0.548235548005|0.53309121698|0.573809089745|0.577768573995|0.535690499061|0.53488818447|0.515506875203|0.260995996818|0.296898877758|0.279959534186|0.243981121225|0.241895741913|0.227718625021|0.215442011212|0.0196878232979
prefs_ra7_eis0p9_prtp0p005,10,2,delay_frontier,default,optimal,0|5|10|15|35|75|125|175|225,adjoint_lbfgsb,adjoint_lbfgsb,4,structured_constant,,7.644234553975238,7.671869066101273,0.02763451212603485,True,True,False,False,value_and_gradient,7.671869066101273,794,794,457,45.54420590400696,CONVERGENCE: REL_REDUCTION_OF_F_<=_FACTR*EPSMCH,0.627396654107|0.747312949657|0.558160005274|0.890063204635|0.678788020489|0.698687830927|0.479240767213|1|0.810502063184|0.823991337912|0.825470432236|0.588310347181|0.590461252119|0.603260823493|0.391579432431|1|0.974015209714|0.976922350298|0.974712015005|0.98769488669|0.693551193498|0.689081303631|0.683717032549|0.718082653533|0.717818798689|0.723965659984|0.452727667037|0.453071300879|0.457823586415|0.47507004535|0.276693086337|1|1|1|1|1|1|0.765963508383|0.79801015374|0.796680573894|0.78449708286|0.800465533421|0.804864370564|0.79480378678|0.79569868463|0.798908054827|0.804533140633|0.45225249904|0.464855397935|0.473154310954|0.478143341521|0.471556496388|0.474484910112|0.503676971764|0.498650615191|0.494892041297|0.511115725736|0.266058687957|0.268241398912|0.281373291862|0.282913569135|0.300330931528|0.125108023766|1|1|1|1|1|1|1|1|1|1|1|1|1|1|1|1|1|1|1|1|1|1|0.785989140354|0.778206995888|0.772102118789|0.767405696149|0.820783316737|0.816963404755|0.808384444666|0.824620860662|0.850345575907|0.841583701522|0.821904726741|0.814824764789|0.841181271593|0.85916764371|0.851627595655|0.846703325546|0.860165175044|0.852129678413|0.843387819852|0.825092719423|0.528276913198|0.527182359221|0.525386884229|0.504984470044|0.495459957368|0.490322326952|0.526242260103|0.522254637562|0.519206549572|0.548027754011|0.516822021707|0.510771443724|0.5216577767|0.533104029665|0.546338257215|0.280783741836|0.307509915291|0.303127220028|0.285869851298|0.285324049018|0.276547877644|0.0858893935877|1|1|1|1|1|1|1|1|1|1|1|1|1|1|1|1|1|1|1|1|1|1|1|1|1|1|1|1|1|1|1|1|1|1|1|1|1|1|1|1|1|1|1|1|1|1|1|1|1|1|1|1|1|1|1|1|1|1|1|1|1|1|1|1|0.529183334108|0.596527637514|0.60780595787|0.614458650492|0.825946809729|0.82147370955|0.815086079075|0.918323035701|0.911962360741|0.904109594071|0.808366663529|0.80138990057|0.866638177286|0.888940909464|0.878280113002|0.86980749264|0.896805289977|0.885466972357|0.874795840025|0.827945976776|0.908336320044|0.913201118063|0.902931954651|0.866973101554|0.856161102083|0.847426678654|0.874558348421|0.863460512017|0.853324226196|0.869969025271|0.845759185489|0.835536017717|0.82836253483|0.842674851285|0.839507552695|0.583191837436|0.578329340696|0.572881140361|0.55075149359|0.543289743485|0.537531548304|0.565437597973|0.55661484411|0.548376244711|0.571888193887|0.54248502713|0.534139700334|0.533420543928|0.547973958199|0.546345885016|0.529641378116|0.582617122555|0.575136605452|0.532998323346|0.530549061028|0.512658912809|0.287612033698|0.286267994191|0.280948118039|0.249993921096|0.228039532608|0.215247516104|0.207237341399|0.0597631014981
prefs_ra7_eis0p9_prtp0p005,10,2,delay_frontier,default,optimal,0|5|10|15|35|75|125|175|225,adjoint_lbfgsb,adjoint_lbfgsb,5,structured_constant,,7.6383481761068515,7.6718690641705125,0.03352088806366105,True,True,False,False,value_and_gradient,7.6718690641705125,730,730,513,42.71442484855652,CONVERGENCE: REL_REDUCTION_OF_F_<=_FACTR*EPSMCH,0.627401739752|0.747270032559|0.558223887632|0.890156778471|0.678753277525|0.698618910713|0.479156836083|1|0.810542187334|0.824025795439|0.825489868108|0.588192713829|0.590404021177|0.603278397893|0.391482298194|1|0.974039232806|0.976942194554|0.974693987059|0.987720480691|0.693672266036|0.689013873875|0.683619711157|0.718062095849|0.71781902062|0.723948607186|0.452789844156|0.453116173272|0.457634907825|0.475094707074|0.276736252186|1|1|1|1|1|1|0.76571308459|0.797778489876|0.796439351381|0.78420315356|0.800296281439|0.804829152258|0.79470580516|0.79578502537|0.798919139406|0.80442200578|0.453129962977|0.463903106944|0.472706167719|0.478220677411|0.471647168814|0.474544953249|0.503704128102|0.498677635969|0.494884649292|0.510970535049|0.266003866447|0.268439808132|0.281534194615|0.283138009218|0.299458949335|0.12451936383|1|1|1|1|1|1|1|1|1|1|1|1|1|1|1|1|1|1|1|1|1|1|0.786126602539|0.778098526483|0.772186996108|0.767567865085|0.819920465124|0.816107871605|0.807573779026|0.825336366276|0.850769054872|0.842184085861|0.821008672657|0.814878116575|0.840205699955|0.859502027552|0.852150560279|0.847326131653|0.859500922785|0.851391493006|0.842356401151|0.826059715467|0.527701723246|0.525646905119|0.524745860573|0.504092941808|0.494539244529|0.48935415874|0.527105649893|0.523499318241|0.520475018357|0.547235776908|0.517693244265|0.512247843973|0.519482915184|0.532161818323|0.54606589565|0.280916765595|0.305723316706|0.301082929275|0.284254190584|0.282699978013|0.274772578695|0.0837371966005|1|1|1|1|1|1|1|1|1|1|1|1|1|1|1|1|1|1|1|1|1|1|1|1|1|1|1|1|1|1|1|1|1|1|1|1|1|1|1|1|1|1|1|1|1|1|1|1|1|1|1|1|1|1|1|1|1|1|1|1|1|1|1|1|0.559017921921|0.617412484325|0.62640998324|0.631374121388|0.821248654041|0.816279232445|0.809514827534|0.911847698263|0.902264202065|0.895019376297|0.802540518615|0.795802323489|0.872846610304|0.881249018176|0.871475209622|0.863692803393|0.898995227625|0.88842302125|0.87844415147|0.833783887262|0.903748823494|0.903414716566|0.894187824793|0.860981059718|0.850662479675|0.842629247113|0.877199792545|0.866830234113|0.857156842796|0.880654408043|0.85004530038|0.840401906887|0.833367071869|0.853064394882|0.848678302212|0.588431667799|0.582547936778|0.576485158113|0.55291196093|0.545208367929|0.539421231938|0.566981907077|0.558563261191|0.550767041969|0.576554681812|0.545177986635|0.53733215785|0.541416307782|0.554543704743|0.55706783557|0.533195904116|0.58672241534|0.579400486676|0.540794239877|0.542411825352|0.526051331507|0.288538634661|0.284077212755|0.279474413773|0.248063375865|0.227423553746|0.215213268607|0.207978342588|0.0458895472192
prefs_ra7_eis0p9_prtp0p005,10,2,delay_frontier,default,optimal,0|5|10|15|35|75|125|175|225,adjoint_lbfgsb,adjoint_lbfgsb,6,sobol,,7.626250501170987,7.671869060048857,0.045618558877869475,True,True,False,False,value_and_gradient,7.671869060048857,762,762,493,44.25749850273132,CONVERGENCE: REL_REDUCTION_OF_F_<=_FACTR*EPSMCH,0.627391634238|0.747350811085|0.55818303283|0.890084524939|0.6787538038|0.698670253257|0.479244255596|1|0.810494049803|0.823949367663|0.825434044576|0.588217529208|0.590468958733|0.603252978178|0.39158083855|1|0.974011374968|0.976924350436|0.974700589624|0.987709878749|0.693561200973|0.689000633661|0.683612119569|0.718044383699|0.717804913189|0.723962650507|0.452629859075|0.453093350015|0.457765598028|0.475110192313|0.276884009384|1|1|1|1|1|1|0.765699789741|0.797810744333|0.796400660377|0.784596627075|0.800418773618|0.804823224798|0.794838459893|0.79579444985|0.798858520622|0.804592689101|0.452637176494|0.463965387751|0.472881064712|0.478251395075|0.47167188437|0.474456411436|0.503588580564|0.498388971972|0.495171159433|0.511099138951|0.265396215811|0.268393652293|0.28083821144|0.282805511629|0.300637367066|0.123239906669|1|1|1|1|1|1|1|1|1|1|1|1|1|1|1|1|1|1|1|1|1|1|0.785330859422|0.778213367326|0.772426098435|0.768138479067|0.82024289686|0.8163211347|0.807763829728|0.824093848069|0.85034025348|0.841616659881|0.821508576214|0.815171112076|0.839966675485|0.859100482723|0.851653943462|0.846761782207|0.85974731699|0.85217418027|0.843710274617|0.825006090918|0.528316650624|0.527868131063|0.526093230905|0.507000136519|0.49652677334|0.491173305337|0.526693714274|0.522708084142|0.519770240675|0.548086601161|0.517283164497|0.511451484118|0.520962600124|0.533081640695|0.545921808038|0.282636157481|0.304875781204|0.303740846242|0.286171358757|0.287131424218|0.278990079632|0.0846908420104|1|1|1|1|1|1|1|1|1|1|1|1|1|1|1|1|1|1|1|1|1|1|1|1|1|1|1|1|1|1|1|1|1|1|1|1|1|1|1|1|1|1|1|1|1|1|1|1|1|1|1|1|1|1|1|1|1|1|1|1|1|1|1|1|0.541530272762|0.600368527346|0.611445516142|0.552803669978|0.797591253421|0.819213164587|0.808840954954|0.911034002532|0.904657335203|0.907444977346|0.806248983612|0.794422268212|0.873362237284|0.881048160458|0.871123191758|0.863264975797|0.899170981634|0.884495117216|0.872172459317|0.832006805736|0.906306983381|0.903579698668|0.901920213202|0.860144292124|0.852479677453|0.847449038192|0.87715932871|0.860155310701|0.851160962185|0.87455459187|0.842922777668|0.832572788874|0.831172609338|0.851605073291|0.853541068349|0.556142337482|0.563833885383|0.569118863643|0.540521620734|0.542623919341|0.534364429291|0.561422162098|0.560635903593|0.552934596817|0.57190664563|0.541345145187|0.539000496218|0.539037309632|0.556861301365|0.549397263726|0.528021932699|0.58557825951|0.574772617016|0.53587816806|0.534500290036|0.51744254806|0.281347648625|0.278179195627|0.23110944559|0.24250295743|0.216986006888|0.213142622291|0.213090707179|0.0484060829314
prefs_ra7_eis0p9_prtp0p005,10,2,delay_frontier,default,optimal,0|5|10|15|35|75|125|175|225,adjoint_lbfgsb,adjoint_lbfgsb,7,sobol,,7.624180054392761,7.671869091150718,0.04768903675795677,True,True,False,False,value_and_gradient,7.671869091150718,1031,1031,630,59.4205379486084,CONVERGENCE: REL_REDUCTION_OF_F_<=_FACTR*EPSMCH,0.627412083256|0.747305720292|0.558203268825|0.890116890257|0.678755830563|0.698681099596|0.47914137752|1|0.810573305354|0.824008766311|0.825490046528|0.588315809979|0.590549654603|0.60326538142|0.391602625341|1|0.974009710546|0.976923895357|0.974695056218|0.987701134848|0.693635702396|0.688961777932|0.683685880447|0.718049642733|0.717793394292|0.72394812222|0.452709078306|0.4531222438|0.457777916776|0.475125821983|0.276661795942|1|1|1|1|1|1|0.765939112662|0.797936782615|0.796609380389|0.784433568073|0.80042227413|0.804846000262|0.794782725588|0.795618648221|0.798877886276|0.80443064769|0.452718106759|0.464060839562|0.473230159462|0.478130497963|0.471588484847|0.474443756844|0.503831041271|0.498707082836|0.494956093919|0.511102600756|0.265724227533|0.268240858164|0.281003114472|0.283176142347|0.300462215332|0.124458965927|1|1|1|1|1|1|1|1|1|1|1|1|1|1|1|1|1|1|1|1|1|1|0.785738712486|0.778163426376|0.772862584397|0.767836929788|0.819580843433|0.815816372555|0.808158403565|0.823792938654|0.850718977808|0.841724105564|0.821238404744|0.814949862952|0.840157789993|0.859203418656|0.85178080976|0.846858996592|0.859836012219|0.851888460378|0.843134239936|0.825283031726|0.52837572515|0.527954330321|0.525863024759|0.505986091965|0.496294653259|0.491507119928|0.526523211066|0.52282144339|0.519240235924|0.549162320173|0.517441687423|0.510744669818|0.52033936596|0.533819184842|0.545450467315|0.281407434431|0.302514916888|0.298923613095|0.283584915109|0.287353111951|0.279262172656|0.0861225076654|1|1|1|1|1|1|1|1|1|1|1|1|1|1|1|1|1|1|1|1|1|1|1|1|1|1|1|1|1|1|1|1|1|1|1|1|1|1|1|1|1|1|1|1|1|1|1|1|1|1|1|1|1|1|1|1|1|1|1|1|1|1|1|1|0.52073056239|0.586343397626|0.609098207006|0.615413761312|0.827831942385|0.821739502475|0.8102441445|0.907385067749|0.900733777581|0.895362156008|0.806093850308|0.802589446066|0.869380469395|0.881749883402|0.868821305825|0.86352682059|0.896785419991|0.888047776234|0.874831036384|0.831454625013|0.903908822939|0.901865295487|0.892401014171|0.860717143499|0.849091937998|0.839507058646|0.870540022792|0.865556593319|0.848290517842|0.881185145151|0.848274840804|0.837958883105|0.830784471378|0.855713691222|0.861241916578|0.576778709958|0.559185089008|0.567416636165|0.539259511536|0.539711464976|0.53594101579|0.566970556435|0.561443453437|0.549852226662|0.575474587098|0.550580838675|0.535766064493|0.539879823911|0.552456558414|0.550214936022|0.531546454745|0.58944621487|0.577950693348|0.537696969115|0.537436004869|0.516300695746|0.273106306228|0.269709742225|0.256165715114|0.23322343977|0.226706445931|0.216638877116|0.210050742086|0.0297594975316
prefs_ra7_eis0p9_prtp0p005,15,3,delay_frontier,default,optimal,0|5|10|15|35|75|125|175|225,adjoint_lbfgsb,adjoint_lbfgsb,0,structured_ramp,,7.587640436255577,7.671869080117906,0.0842286438623292,True,True,False,False,value_and_gradient,7.671869080117906,783,783,532,46.148298263549805,CONVERGENCE: REL_REDUCTION_OF_F_<=_FACTR*EPSMCH,0.627410232681|0.74730971701|0.558185553517|0.89011014541|0.678710452583|0.698666169758|0.479187509306|1|0.810512079413|0.823995139922|0.825444946002|0.58818085422|0.590450514473|0.603204788355|0.391518395628|1|0.974010662954|0.976926865163|0.974688650645|0.987705843556|0.69361871787|0.688996977318|0.683578718952|0.718020053983|0.717802034158|0.723961191268|0.452526850748|0.452936027061|0.457745744395|0.475117189396|0.277044875589|1|1|1|1|1|1|0.765930833417|0.797938118034|0.796630624382|0.784443462594|0.800422736731|0.804853053745|0.794786454415|0.795692978675|0.798879605076|0.80445161297|0.452527318992|0.463996001201|0.472792273236|0.478122705357|0.471525300791|0.474457112431|0.503988869723|0.498617593683|0.494812542005|0.511111075349|0.265116627809|0.267808221376|0.28074469711|0.283439245831|0.300354105009|0.124041642282|1|1|1|1|1|1|1|1|1|1|1|1|1|1|1|1|1|1|1|1|1|1|0.784385218349|0.777687099828|0.771954638057|0.767475721323|0.821092503387|0.817105227607|0.808327106434|0.824484853843|0.850212392039|0.841565558451|0.822087951419|0.815290846574|0.840463367772|0.859090134526|0.851638394591|0.846798757166|0.859370214619|0.851451368271|0.842613588462|0.825602368904|0.528778799935|0.527733558119|0.525884143565|0.50631085241|0.496902099227|0.4919256103|0.52759118813|0.523516775357|0.520378429805|0.547433119627|0.518196505912|0.51194239557|0.520258598765|0.532223499555|0.546229827871|0.283802274167|0.302424323207|0.298720059159|0.282645246058|0.287235297922|0.27945811894|0.0861373539026|1|1|1|1|1|1|1|1|1|1|1|1|1|1|1|1|1|1|1|1|1|1|1|1|1|1|1|1|1|1|1|1|1|1|1|1|1|1|1|1|1|1|1|1|1|1|1|1|1|1|1|1|1|1|1|1|1|1|1|1|1|1|1|1|0.547724136085|0.61020672691|0.620125212803|0.625711797071|0.821397886326|0.816406406661|0.809602959803|0.910470420767|0.901916580825|0.894678815706|0.802525135428|0.795695228239|0.872604882763|0.880943833709|0.871143780302|0.863391407958|0.898471247367|0.887916327508|0.878090178116|0.8335177899|0.904543405501|0.90329653712|0.894110293326|0.860948323904|0.850628643216|0.842645102162|0.877396172949|0.867038971705|0.857541810827|0.881160503431|0.850598975667|0.840944214419|0.834387267414|0.8540709489|0.85224415668|0.584227853349|0.578482542211|0.572359447723|0.548651835085|0.540877067241|0.534966017062|0.563925435398|0.555413452978|0.547566367234|0.574489794907|0.541862248277|0.533931978228|0.5424255089|0.552311227434|0.555738790628|0.529527547653|0.584236379331|0.577437657264|0.538527599813|0.541341532005|0.525031717852|0.275454870067|0.271963372758|0.267016657569|0.23581682531|0.216260578501|0.204319073942|0.196764474461|0.0282748779354
prefs_ra7_eis0p9_prtp0p005,15,3,delay_frontier,default,optimal,0|5|10|15|35|75|125|175|225,adjoint_lbfgsb,adjoint_lbfgsb,1,structured_sigmoid,,7.562445739825449,7.671869075585078,0.10942333575962859,True,True,False,False,value_and_gradient,7.671869075585078,1044,1044,633,60.68388295173645,CONVERGENCE: REL_REDUCTION_OF_F_<=_FACTR*EPSMCH,0.627398842179|0.747312163067|0.558192666465|0.89009418876|0.678778651736|0.698670800847|0.479217982841|1|0.810588945475|0.823998712472|0.825481834204|0.588236634147|0.590461230093|0.603268701704|0.391447201689|1|0.9740288443|0.976934129438|0.974703575341|0.987718173379|0.69356163303|0.689009454928|0.683659461253|0.718072238337|0.717800975845|0.723940582382|0.452701139973|0.453071813747|0.457719674027|0.47507829755|0.276595680531|1|1|1|1|1|1|0.765934937922|0.797936694923|0.796609988645|0.784425867245|0.800517551598|0.804870447497|0.794742689055|0.795740416082|0.79889472712|0.804599497982|0.45264894316|0.463864322575|0.472646358067|0.478136538231|0.471592581209|0.474509793351|0.503667533204|0.498663364462|0.494946901934|0.511134602531|0.265368521038|0.268435103373|0.280963633364|0.282810547132|0.300130027056|0.124160368645|1|1|1|1|1|1|1|1|1|1|1|1|1|1|1|1|1|1|1|1|1|1|0.785303289602|0.777950019481|0.772001791143|0.767420708286|0.82045998862|0.816608777447|0.80802588257|0.824114417708|0.85069518877|0.841977729897|0.821663294992|0.815238654825|0.84109535131|0.859528929582|0.852015567615|0.847103836386|0.860106021038|0.852090754179|0.843256279046|0.825957110292|0.528912905516|0.527160536859|0.525732657497|0.505574338019|0.49609367423|0.490997964682|0.526956719631|0.522948249756|0.519834578435|0.547263654523|0.517499988317|0.511360599504|0.520831030366|0.53232198128|0.545839031546|0.282315941812|0.307687497948|0.302131246114|0.285559335397|0.285756635572|0.277526049588|0.0849792833677|1|1|1|1|1|1|1|1|1|1|1|1|1|1|1|1|1|1|1|1|1|1|1|1|1|1|1|1|1|1|1|1|1|1|1|1|1|1|1|1|1|1|1|1|1|1|1|1|1|1|1|1|1|1|1|1|1|1|1|1|1|1|1|1|0.549919348693|0.610809745048|0.62029681508|0.625564582139|0.820448963395|0.815493780365|0.808746588855|0.910233566424|0.902449511861|0.895186711188|0.801799345612|0.795055516691|0.870004243347|0.881345034432|0.871450482233|0.863569126627|0.89877716039|0.887656539878|0.877168405472|0.829636786378|0.903504046831|0.903631332121|0.894312100961|0.860818199436|0.850354745895|0.842185497781|0.876023543047|0.865046747772|0.854901800734|0.876764637155|0.847367904849|0.837024945686|0.829679122213|0.846472746352|0.834221055801|0.582617511471|0.576942509051|0.570942620464|0.547501375993|0.539834336942|0.53397934384|0.563680181864|0.555229106782|0.547421295947|0.573867471734|0.54179371318|0.533909592567|0.539260104812|0.551444157253|0.552245693602|0.530008623054|0.583724803476|0.576766565236|0.537405736264|0.537209438317|0.52008051314|0.274766063674|0.269872601001|0.265644054979|0.235132517549|0.216471841806|0.204823694604|0.198212232155|0.0260072995802
prefs_ra7_eis0p9_prtp0p005,15,3,delay_frontier,default,optimal,0|5|10|15|35|75|125|175|225,adjoint_lbfgsb,adjoint_lbfgsb,2,structured_constant,,7.6490661563724265,7.671869063788888,0.022802907416461515,True,True,False,False,value_and_gradient,7.671869063788888,535,535,375,31.613542556762695,CONVERGENCE: REL_REDUCTION_OF_F_<=_FACTR*EPSMCH,0.6274075764|0.747311248519|0.558155876222|0.890120522341|0.678773011905|0.698694552147|0.479226340736|1|0.810517880082|0.823995585082|0.825494919145|0.588257304089|0.590473313743|0.603184727263|0.391606368862|1|0.9740241341|0.976934523116|0.974693448344|0.987706879827|0.693499791438|0.689020422884|0.683793031154|0.718029625131|0.717790714597|0.723954144334|0.452655606037|0.453151190562|0.457937008983|0.475010126098|0.276690521906|1|1|1|1|1|1|0.765962075924|0.797930652222|0.796572117077|0.784380261311|0.800473188112|0.804870896408|0.794812307488|0.795612346018|0.798842761892|0.804452703994|0.452450833817|0.463614777564|0.473517299892|0.47812199213|0.471614601638|0.474563502771|0.503792145929|0.498826887982|0.495065083642|0.511193317477|0.265324668286|0.268056903708|0.280696365328|0.282978154275|0.299890239765|0.125456158874|1|1|1|1|1|1|1|1|1|1|1|1|1|1|1|1|1|1|1|1|1|1|0.78543022975|0.778119555422|0.7721674352|0.767532928519|0.820450361363|0.816605451262|0.808056812904|0.824186813523|0.850157939894|0.841473988891|0.821616678876|0.815414979209|0.842059136022|0.858948493731|0.851476193395|0.846605106225|0.859769834899|0.851825504395|0.843074822667|0.824739533155|0.530592063759|0.527176946255|0.525499218963|0.505363398569|0.495857517863|0.490773657686|0.527022688011|0.523064115017|0.520008479651|0.548460618324|0.517755704745|0.511712859175|0.520671496655|0.533443467513|0.545198270689|0.282714456533|0.305430332355|0.300977710452|0.284307087562|0.285685751304|0.277231645258|0.0850713511104|1|1|1|1|1|1|1|1|1|1|1|1|1|1|1|1|1|1|1|1|1|1|1|1|1|1|1|1|1|1|1|1|1|1|1|1|1|1|1|1|1|1|1|1|1|1|1|1|1|1|1|1|1|1|1|1|1|1|1|1|1|1|1|1|0.552355097823|0.612336613614|0.62186976762|0.627187164574|0.822077304875|0.817105300463|0.81024448598|0.907432545628|0.900887893961|0.893449804237|0.803147993095|0.79628358519|0.860894694274|0.879193627596|0.869211880713|0.861332924749|0.889268613857|0.879048167187|0.869748221114|0.828865272423|0.900912388548|0.901939770048|0.892357098434|0.858691627092|0.848482106536|0.840390453346|0.869157921588|0.859166819372|0.850284439467|0.867019330744|0.843521353775|0.834264215339|0.828346227266|0.844325983601|0.850572424749|0.586454542455|0.580630719749|0.574511569371|0.550666986556|0.542834850771|0.53696744768|0.563761603776|0.55510212045|0.547060388934|0.572648621191|0.54125923726|0.533177348076|0.539158594285|0.550072958269|0.553457345687|0.528259768516|0.58247609426|0.57562104432|0.536017251656|0.539028345497|0.522908943326|0.283539364369|0.283337581447|0.277607531621|0.245163772863|0.222806303299|0.210085188839|0.201967484752|0.0480647440779
prefs_ra7_eis0p9_prtp0p005,15,3,delay_frontier,default,optimal,0|5|10|15|35|75|125|175|225,adjoint_lbfgsb,adjoint_lbfgsb,3,sobol,,7.6276112392515785,7.671869067700008,0.04425782844842985,True,True,False,False,value_and_gradient,7.671869067700008,711,711,455,41.57229018211365,CONVERGENCE: REL_REDUCTION_OF_F_<=_FACTR*EPSMCH,0.627368029332|0.747305653874|0.558272280616|0.890119897011|0.678723849016|0.698689909389|0.479328433703|1|0.810518766271|0.823966817919|0.825532305317|0.588216970899|0.590444024389|0.603209881329|0.391544574849|1|0.974007898569|0.976924566047|0.974696812743|0.987695974706|0.693588273632|0.688966107449|0.683732247936|0.718093646936|0.717805103999|0.723980052584|0.452377749851|0.453044368664|0.457913689024|0.475137469019|0.276660351233|1|1|1|1|1|1|0.765959989107|0.797895922512|0.796561536203|0.784531705994|0.800434642796|0.804799847849|0.794876094073|0.795626018852|0.798786223379|0.804479825484|0.452458955296|0.463841856304|0.473323986734|0.477938362664|0.47150613506|0.474658247208|0.503474256038|0.498548036089|0.495083097566|0.511189825432|0.265536840014|0.268515612126|0.280604782811|0.282943581627|0.300278469175|0.123994029256|1|1|1|1|1|1|1|1|1|1|1|1|1|1|1|1|1|1|1|1|1|1|0.785328452326|0.776430005177|0.772098043466|0.766545057114|0.820345696896|0.816355101363|0.808215844989|0.824606981438|0.850474695299|0.841591323988|0.821245369338|0.814478973746|0.840029600235|0.859288364099|0.85180281046|0.846928778726|0.859532776468|0.851589321481|0.843000409776|0.824704197926|0.528285829118|0.527451598791|0.525819464402|0.506154763449|0.496550645933|0.491453833936|0.525951477391|0.523395652455|0.519976395689|0.547996975638|0.516703952705|0.511013274456|0.520740619055|0.533003060516|0.546364365422|0.283567206238|0.304106009883|0.298295988089|0.282186100757|0.286978615361|0.27864188659|0.0840185805606|1|1|1|1|1|1|1|1|1|1|1|1|1|1|1|1|1|1|1|1|1|1|1|1|1|1|1|1|1|1|1|1|1|1|1|1|1|1|1|1|1|1|1|1|1|1|1|1|1|1|1|1|1|1|1|1|1|1|1|1|1|1|1|1|0.517412881509|0.619477077781|0.623998805444|0.632128251569|0.813388298097|0.782651604725|0.810110705367|0.909090934231|0.902212642211|0.895692695331|0.802585396503|0.795217438976|0.868109057007|0.881058822815|0.872485196169|0.863441470216|0.897718025107|0.883785966398|0.873411021867|0.831354472688|0.906769558421|0.903792236566|0.892936319298|0.861765152178|0.849693927903|0.843259718561|0.875796705603|0.861619234118|0.851388355727|0.880629228988|0.84374787|0.837363765381|0.83103857738|0.842749141346|0.859939647271|0.588340324409|0.588601877478|0.581020944278|0.557976704977|0.549974388789|0.54284130067|0.566391363401|0.558701572897|0.552271367376|0.574042653078|0.545541945061|0.538191586836|0.538891047102|0.551998486688|0.548235548005|0.53309121698|0.573809089745|0.577768573995|0.535690499061|0.53488818447|0.515506875203|0.260995996818|0.296898877758|0.279959534186|0.243981121225|0.241895741913|0.227718625021|0.215442011212|0.0196878232979
prefs_ra7_eis0p9_prtp0p005,15,3,delay_frontier,default,optimal,0|5|10|15|35|75|125|175|225,adjoint_lbfgsb,adjoint_lbfgsb,4,structured_constant,,7.644234553975238,7.671869066101273,0.02763451212603485,True,True,False,False,value_and_gradient,7.671869066101273,794,794,457,45.98650646209717,CONVERGENCE: REL_REDUCTION_OF_F_<=_FACTR*EPSMCH,0.627396654107|0.747312949657|0.558160005274|0.890063204635|0.678788020489|0.698687830927|0.479240767213|1|0.810502063184|0.823991337912|0.825470432236|0.588310347181|0.590461252119|0.603260823493|0.391579432431|1|0.974015209714|0.976922350298|0.974712015005|0.98769488669|0.693551193498|0.689081303631|0.683717032549|0.718082653533|0.717818798689|0.723965659984|0.452727667037|0.453071300879|0.457823586415|0.47507004535|0.276693086337|1|1|1|1|1|1|0.765963508383|0.79801015374|0.796680573894|0.78449708286|0.800465533421|0.804864370564|0.79480378678|0.79569868463|0.798908054827|0.804533140633|0.45225249904|0.464855397935|0.473154310954|0.478143341521|0.471556496388|0.474484910112|0.503676971764|0.498650615191|0.494892041297|0.511115725736|0.266058687957|0.268241398912|0.281373291862|0.282913569135|0.300330931528|0.125108023766|1|1|1|1|1|1|1|1|1|1|1|1|1|1|1|1|1|1|1|1|1|1|0.785989140354|0.778206995888|0.772102118789|0.767405696149|0.820783316737|0.816963404755|0.808384444666|0.824620860662|0.850345575907|0.841583701522|0.821904726741|0.814824764789|0.841181271593|0.85916764371|0.851627595655|0.846703325546|0.860165175044|0.852129678413|0.843387819852|0.825092719423|0.528276913198|0.527182359221|0.525386884229|0.504984470044|0.495459957368|0.490322326952|0.526242260103|0.522254637562|0.519206549572|0.548027754011|0.516822021707|0.510771443724|0.5216577767|0.533104029665|0.546338257215|0.280783741836|0.307509915291|0.303127220028|0.285869851298|0.285324049018|0.276547877644|0.0858893935877|1|1|1|1|1|1|1|1|1|1|1|1|1|1|1|1|1|1|1|1|1|1|1|1|1|1|1|1|1|1|1|1|1|1|1|1|1|1|1|1|1|1|1|1|1|1|1|1|1|1|1|1|1|1|1|1|1|1|1|1|1|1|1|1|0.529183334108|0.596527637514|0.60780595787|0.614458650492|0.825946809729|0.82147370955|0.815086079075|0.918323035701|0.911962360741|0.904109594071|0.808366663529|0.80138990057|0.866638177286|0.888940909464|0.878280113002|0.86980749264|0.896805289977|0.885466972357|0.874795840025|0.827945976776|0.908336320044|0.913201118063|0.902931954651|0.866973101554|0.856161102083|0.847426678654|0.874558348421|0.863460512017|0.853324226196|0.869969025271|0.845759185489|0.835536017717|0.82836253483|0.842674851285|0.839507552695|0.583191837436|0.578329340696|0.572881140361|0.55075149359|0.543289743485|0.537531548304|0.565437597973|0.55661484411|0.548376244711|0.571888193887|0.54248502713|0.534139700334|0.533420543928|0.547973958199|0.546345885016|0.529641378116|0.582617122555|0.575136605452|0.532998323346|0.530549061028|0.512658912809|0.287612033698|0.286267994191|0.280948118039|0.249993921096|0.228039532608|0.215247516104|0.207237341399|0.0597631014981
prefs_ra7_eis0p9_prtp0p005,15,3,delay_frontier,default,optimal,0|5|10|15|35|75|125|175|225,adjoint_lbfgsb,adjoint_lbfgsb,5,structured_constant,,7.6383481761068515,7.6718690641705125,0.03352088806366105,True,True,False,False,value_and_gradient,7.6718690641705125,730,730,513,43.0992591381073,CONVERGENCE: REL_REDUCTION_OF_F_<=_FACTR*EPSMCH,0.627401739752|0.747270032559|0.558223887632|0.890156778471|0.678753277525|0.698618910713|0.479156836083|1|0.810542187334|0.824025795439|0.825489868108|0.588192713829|0.590404021177|0.603278397893|0.391482298194|1|0.974039232806|0.976942194554|0.974693987059|0.987720480691|0.693672266036|0.689013873875|0.683619711157|0.718062095849|0.71781902062|0.723948607186|0.452789844156|0.453116173272|0.457634907825|0.475094707074|0.276736252186|1|1|1|1|1|1|0.76571308459|0.797778489876|0.796439351381|0.78420315356|0.800296281439|0.804829152258|0.79470580516|0.79578502537|0.798919139406|0.80442200578|0.453129962977|0.463903106944|0.472706167719|0.478220677411|0.471647168814|0.474544953249|0.503704128102|0.498677635969|0.494884649292|0.510970535049|0.266003866447|0.268439808132|0.281534194615|0.283138009218|0.299458949335|0.12451936383|1|1|1|1|1|1|1|1|1|1|1|1|1|1|1|1|1|1|1|1|1|1|0.786126602539|0.778098526483|0.772186996108|0.767567865085|0.819920465124|0.816107871605|0.807573779026|0.825336366276|0.850769054872|0.842184085861|0.821008672657|0.814878116575|0.840205699955|0.859502027552|0.852150560279|0.847326131653|0.859500922785|0.851391493006|0.842356401151|0.826059715467|0.527701723246|0.525646905119|0.524745860573|0.504092941808|0.494539244529|0.48935415874|0.527105649893|0.523499318241|0.520475018357|0.547235776908|0.517693244265|0.512247843973|0.519482915184|0.532161818323|0.54606589565|0.280916765595|0.305723316706|0.301082929275|0.284254190584|0.282699978013|0.274772578695|0.0837371966005|1|1|1|1|1|1|1|1|1|1|1|1|1|1|1|1|1|1|1|1|1|1|1|1|1|1|1|1|1|1|1|1|1|1|1|1|1|1|1|1|1|1|1|1|1|1|1|1|1|1|1|1|1|1|1|1|1|1|1|1|1|1|1|1|0.559017921921|0.617412484325|0.62640998324|0.631374121388|0.821248654041|0.816279232445|0.809514827534|0.911847698263|0.902264202065|0.895019376297|0.802540518615|0.795802323489|0.872846610304|0.881249018176|0.871475209622|0.863692803393|0.898995227625|0.88842302125|0.87844415147|0.833783887262|0.903748823494|0.903414716566|0.894187824793|0.860981059718|0.850662479675|0.842629247113|0.877199792545|0.866830234113|0.857156842796|0.880654408043|0.85004530038|0.840401906887|0.833367071869|0.853064394882|0.848678302212|0.588431667799|0.582547936778|0.576485158113|0.55291196093|0.545208367929|0.539421231938|0.566981907077|0.558563261191|0.550767041969|0.576554681812|0.545177986635|0.53733215785|0.541416307782|0.554543704743|0.55706783557|0.533195904116|0.58672241534|0.579400486676|0.540794239877|0.542411825352|0.526051331507|0.288538634661|0.284077212755|0.279474413773|0.248063375865|0.227423553746|0.215213268607|0.207978342588|0.0458895472192
prefs_ra7_eis0p9_prtp0p005,15,3,delay_frontier,default,optimal,0|5|10|15|35|75|125|175|225,adjoint_lbfgsb,adjoint_lbfgsb,6,sobol,,7.626250501170987,7.671869060048857,0.045618558877869475,True,True,False,False,value_and_gradient,7.671869060048857,762,762,493,44.67091417312622,CONVERGENCE: REL_REDUCTION_OF_F_<=_FACTR*EPSMCH,0.627391634238|0.747350811085|0.55818303283|0.890084524939|0.6787538038|0.698670253257|0.479244255596|1|0.810494049803|0.823949367663|0.825434044576|0.588217529208|0.590468958733|0.603252978178|0.39158083855|1|0.974011374968|0.976924350436|0.974700589624|0.987709878749|0.693561200973|0.689000633661|0.683612119569|0.718044383699|0.717804913189|0.723962650507|0.452629859075|0.453093350015|0.457765598028|0.475110192313|0.276884009384|1|1|1|1|1|1|0.765699789741|0.797810744333|0.796400660377|0.784596627075|0.800418773618|0.804823224798|0.794838459893|0.79579444985|0.798858520622|0.804592689101|0.452637176494|0.463965387751|0.472881064712|0.478251395075|0.47167188437|0.474456411436|0.503588580564|0.498388971972|0.495171159433|0.511099138951|0.265396215811|0.268393652293|0.28083821144|0.282805511629|0.300637367066|0.123239906669|1|1|1|1|1|1|1|1|1|1|1|1|1|1|1|1|1|1|1|1|1|1|0.785330859422|0.778213367326|0.772426098435|0.768138479067|0.82024289686|0.8163211347|0.807763829728|0.824093848069|0.85034025348|0.841616659881|0.821508576214|0.815171112076|0.839966675485|0.859100482723|0.851653943462|0.846761782207|0.85974731699|0.85217418027|0.843710274617|0.825006090918|0.528316650624|0.527868131063|0.526093230905|0.507000136519|0.49652677334|0.491173305337|0.526693714274|0.522708084142|0.519770240675|0.548086601161|0.517283164497|0.511451484118|0.520962600124|0.533081640695|0.545921808038|0.282636157481|0.304875781204|0.303740846242|0.286171358757|0.287131424218|0.278990079632|0.0846908420104|1|1|1|1|1|1|1|1|1|1|1|1|1|1|1|1|1|1|1|1|1|1|1|1|1|1|1|1|1|1|1|1|1|1|1|1|1|1|1|1|1|1|1|1|1|1|1|1|1|1|1|1|1|1|1|1|1|1|1|1|1|1|1|1|0.541530272762|0.600368527346|0.611445516142|0.552803669978|0.797591253421|0.819213164587|0.808840954954|0.911034002532|0.904657335203|0.907444977346|0.806248983612|0.794422268212|0.873362237284|0.881048160458|0.871123191758|0.863264975797|0.899170981634|0.884495117216|0.872172459317|0.832006805736|0.906306983381|0.903579698668|0.901920213202|0.860144292124|0.852479677453|0.847449038192|0.87715932871|0.860155310701|0.851160962185|0.87455459187|0.842922777668|0.832572788874|0.831172609338|0.851605073291|0.853541068349|0.556142337482|0.563833885383|0.569118863643|0.540521620734|0.542623919341|0.534364429291|0.561422162098|0.560635903593|0.552934596817|0.57190664563|0.541345145187|0.539000496218|0.539037309632|0.556861301365|0.549397263726|0.528021932699|0.58557825951|0.574772617016|0.53587816806|0.534500290036|0.51744254806|0.281347648625|0.278179195627|0.23110944559|0.24250295743|0.216986006888|0.213142622291|0.213090707179|0.0484060829314
prefs_ra7_eis0p9_prtp0p005,15,3,delay_frontier,default,optimal,0|5|10|15|35|75|125|175|225,adjoint_lbfgsb,adjoint_lbfgsb,7,sobol,,7.624180054392761,7.671869091150718,0.04768903675795677,True,True,False,False,value_and_gradient,7.671869091150718,1031,1031,630,60.06652760505676,CONVERGENCE: REL_REDUCTION_OF_F_<=_FACTR*EPSMCH,0.627412083256|0.747305720292|0.558203268825|0.890116890257|0.678755830563|0.698681099596|0.47914137752|1|0.810573305354|0.824008766311|0.825490046528|0.588315809979|0.590549654603|0.60326538142|0.391602625341|1|0.974009710546|0.976923895357|0.974695056218|0.987701134848|0.693635702396|0.688961777932|0.683685880447|0.718049642733|0.717793394292|0.72394812222|0.452709078306|0.4531222438|0.457777916776|0.475125821983|0.276661795942|1|1|1|1|1|1|0.765939112662|0.797936782615|0.796609380389|0.784433568073|0.80042227413|0.804846000262|0.794782725588|0.795618648221|0.798877886276|0.80443064769|0.452718106759|0.464060839562|0.473230159462|0.478130497963|0.471588484847|0.474443756844|0.503831041271|0.498707082836|0.494956093919|0.511102600756|0.265724227533|0.268240858164|0.281003114472|0.283176142347|0.300462215332|0.124458965927|1|1|1|1|1|1|1|1|1|1|1|1|1|1|1|1|1|1|1|1|1|1|0.785738712486|0.778163426376|0.772862584397|0.767836929788|0.819580843433|0.815816372555|0.808158403565|0.823792938654|0.850718977808|0.841724105564|0.821238404744|0.814949862952|0.840157789993|0.859203418656|0.85178080976|0.846858996592|0.859836012219|0.851888460378|0.843134239936|0.825283031726|0.52837572515|0.527954330321|0.525863024759|0.505986091965|0.496294653259|0.491507119928|0.526523211066|0.52282144339|0.519240235924|0.549162320173|0.517441687423|0.510744669818|0.52033936596|0.533819184842|0.545450467315|0.281407434431|0.302514916888|0.298923613095|0.283584915109|0.287353111951|0.279262172656|0.0861225076654|1|1|1|1|1|1|1|1|1|1|1|1|1|1|1|1|1|1|1|1|1|1|1|1|1|1|1|1|1|1|1|1|1|1|1|1|1|1|1|1|1|1|1|1|1|1|1|1|1|1|1|1|1|1|1|1|1|1|1|1|1|1|1|1|0.52073056239|0.586343397626|0.609098207006|0.615413761312|0.827831942385|0.821739502475|0.8102441445|0.907385067749|0.900733777581|0.895362156008|0.806093850308|0.802589446066|0.869380469395|0.881749883402|0.868821305825|0.86352682059|0.896785419991|0.888047776234|0.874831036384|0.831454625013|0.903908822939|0.901865295487|0.892401014171|0.860717143499|0.849091937998|0.839507058646|0.870540022792|0.865556593319|0.848290517842|0.881185145151|0.848274840804|0.837958883105|0.830784471378|0.855713691222|0.861241916578|0.576778709958|0.559185089008|0.567416636165|0.539259511536|0.539711464976|0.53594101579|0.566970556435|0.561443453437|0.549852226662|0.575474587098|0.550580838675|0.535766064493|0.539879823911|0.552456558414|0.550214936022|0.531546454745|0.58944621487|0.577950693348|0.537696969115|0.537436004869|0.516300695746|0.273106306228|0.269709742225|0.256165715114|0.23322343977|0.226706445931|0.216638877116|0.210050742086|0.0297594975316
prefs_ra7_eis0p9_prtp0p005,5,1,delay_frontier,default,optimal,0|5|10|15|35|75|125|175|225,adjoint_lbfgsb,adjoint_lbfgsb,0,structured_ramp,,7.587640436255577,7.671869080117906,0.0842286438623292,True,True,False,False,value_and_gradient,7.671869080117906,783,783,532,46.26497793197632,CONVERGENCE: REL_REDUCTION_OF_F_<=_FACTR*EPSMCH,0.627410232681|0.74730971701|0.558185553517|0.89011014541|0.678710452583|0.698666169758|0.479187509306|1|0.810512079413|0.823995139922|0.825444946002|0.58818085422|0.590450514473|0.603204788355|0.391518395628|1|0.974010662954|0.976926865163|0.974688650645|0.987705843556|0.69361871787|0.688996977318|0.683578718952|0.718020053983|0.717802034158|0.723961191268|0.452526850748|0.452936027061|0.457745744395|0.475117189396|0.277044875589|1|1|1|1|1|1|0.765930833417|0.797938118034|0.796630624382|0.784443462594|0.800422736731|0.804853053745|0.794786454415|0.795692978675|0.798879605076|0.80445161297|0.452527318992|0.463996001201|0.472792273236|0.478122705357|0.471525300791|0.474457112431|0.503988869723|0.498617593683|0.494812542005|0.511111075349|0.265116627809|0.267808221376|0.28074469711|0.283439245831|0.300354105009|0.124041642282|1|1|1|1|1|1|1|1|1|1|1|1|1|1|1|1|1|1|1|1|1|1|0.784385218349|0.777687099828|0.771954638057|0.767475721323|0.821092503387|0.817105227607|0.808327106434|0.824484853843|0.850212392039|0.841565558451|0.822087951419|0.815290846574|0.840463367772|0.859090134526|0.851638394591|0.846798757166|0.859370214619|0.851451368271|0.842613588462|0.825602368904|0.528778799935|0.527733558119|0.525884143565|0.50631085241|0.496902099227|0.4919256103|0.52759118813|0.523516775357|0.520378429805|0.547433119627|0.518196505912|0.51194239557|0.520258598765|0.532223499555|0.546229827871|0.283802274167|0.302424323207|0.298720059159|0.282645246058|0.287235297922|0.27945811894|0.0861373539026|1|1|1|1|1|1|1|1|1|1|1|1|1|1|1|1|1|1|1|1|1|1|1|1|1|1|1|1|1|1|1|1|1|1|1|1|1|1|1|1|1|1|1|1|1|1|1|1|1|1|1|1|1|1|1|1|1|1|1|1|1|1|1|1|0.547724136085|0.61020672691|0.620125212803|0.625711797071|0.821397886326|0.816406406661|0.809602959803|0.910470420767|0.901916580825|0.894678815706|0.802525135428|0.795695228239|0.872604882763|0.880943833709|0.871143780302|0.863391407958|0.898471247367|0.887916327508|0.878090178116|0.8335177899|0.904543405501|0.90329653712|0.894110293326|0.860948323904|0.850628643216|0.842645102162|0.877396172949|0.867038971705|0.857541810827|0.881160503431|0.850598975667|0.840944214419|0.834387267414|0.8540709489|0.85224415668|0.584227853349|0.578482542211|0.572359447723|0.548651835085|0.540877067241|0.534966017062|0.563925435398|0.555413452978|0.547566367234|0.574489794907|0.541862248277|0.533931978228|0.5424255089|0.552311227434|0.555738790628|0.529527547653|0.584236379331|0.577437657264|0.538527599813|0.541341532005|0.525031717852|0.275454870067|0.271963372758|0.267016657569|0.23581682531|0.216260578501|0.204319073942|0.196764474461|0.0282748779354
prefs_ra7_eis0p9_prtp0p005,5,1,delay_frontier,default,optimal,0|5|10|15|35|75|125|175|225,adjoint_lbfgsb,adjoint_lbfgsb,1,structured_sigmoid,,7.562445739825449,7.671869075585078,0.10942333575962859,True,True,False,False,value_and_gradient,7.671869075585078,1044,1044,633,60.883028507232666,CONVERGENCE: REL_REDUCTION_OF_F_<=_FACTR*EPSMCH,0.627398842179|0.747312163067|0.558192666465|0.89009418876|0.678778651736|0.698670800847|0.479217982841|1|0.810588945475|0.823998712472|0.825481834204|0.588236634147|0.590461230093|0.603268701704|0.391447201689|1|0.9740288443|0.976934129438|0.974703575341|0.987718173379|0.69356163303|0.689009454928|0.683659461253|0.718072238337|0.717800975845|0.723940582382|0.452701139973|0.453071813747|0.457719674027|0.47507829755|0.276595680531|1|1|1|1|1|1|0.765934937922|0.797936694923|0.796609988645|0.784425867245|0.800517551598|0.804870447497|0.794742689055|0.795740416082|0.79889472712|0.804599497982|0.45264894316|0.463864322575|0.472646358067|0.478136538231|0.471592581209|0.474509793351|0.503667533204|0.498663364462|0.494946901934|0.511134602531|0.265368521038|0.268435103373|0.280963633364|0.282810547132|0.300130027056|0.124160368645|1|1|1|1|1|1|1|1|1|1|1|1|1|1|1|1|1|1|1|1|1|1|0.785303289602|0.777950019481|0.772001791143|0.767420708286|0.82045998862|0.816608777447|0.80802588257|0.824114417708|0.85069518877|0.841977729897|0.821663294992|0.815238654825|0.84109535131|0.859528929582|0.852015567615|0.847103836386|0.860106021038|0.852090754179|0.843256279046|0.825957110292|0.528912905516|0.527160536859|0.525732657497|0.505574338019|0.49609367423|0.490997964682|0.526956719631|0.522948249756|0.519834578435|0.547263654523|0.517499988317|0.511360599504|0.520831030366|0.53232198128|0.545839031546|0.282315941812|0.307687497948|0.302131246114|0.285559335397|0.285756635572|0.277526049588|0.0849792833677|1|1|1|1|1|1|1|1|1|1|1|1|1|1|1|1|1|1|1|1|1|1|1|1|1|1|1|1|1|1|1|1|1|1|1|1|1|1|1|1|1|1|1|1|1|1|1|1|1|1|1|1|1|1|1|1|1|1|1|1|1|1|1|1|0.549919348693|0.610809745048|0.62029681508|0.625564582139|0.820448963395|0.815493780365|0.808746588855|0.910233566424|0.902449511861|0.895186711188|0.801799345612|0.795055516691|0.870004243347|0.881345034432|0.871450482233|0.863569126627|0.89877716039|0.887656539878|0.877168405472|0.829636786378|0.903504046831|0.903631332121|0.894312100961|0.860818199436|0.850354745895|0.842185497781|0.876023543047|0.865046747772|0.854901800734|0.876764637155|0.847367904849|0.837024945686|0.829679122213|0.846472746352|0.834221055801|0.582617511471|0.576942509051|0.570942620464|0.547501375993|0.539834336942|0.53397934384|0.563680181864|0.555229106782|0.547421295947|0.573867471734|0.54179371318|0.533909592567|0.539260104812|0.551444157253|0.552245693602|0.530008623054|0.583724803476|0.576766565236|0.537405736264|0.537209438317|0.52008051314|0.274766063674|0.269872601001|0.265644054979|0.235132517549|0.216471841806|0.204823694604|0.198212232155|0.0260072995802
prefs_ra7_eis0p9_prtp0p005,5,1,delay_frontier,default,optimal,0|5|10|15|35|75|125|175|225,adjoint_lbfgsb,adjoint_lbfgsb,2,structured_constant,,7.6490661563724265,7.671869063788888,0.022802907416461515,True,True,False,False,value_and_gradient,7.671869063788888,535,535,375,31.65303087234497,CONVERGENCE: REL_REDUCTION_OF_F_<=_FACTR*EPSMCH,0.6274075764|0.747311248519|0.558155876222|0.890120522341|0.678773011905|0.698694552147|0.479226340736|1|0.810517880082|0.823995585082|0.825494919145|0.588257304089|0.590473313743|0.603184727263|0.391606368862|1|0.9740241341|0.976934523116|0.974693448344|0.987706879827|0.693499791438|0.689020422884|0.683793031154|0.718029625131|0.717790714597|0.723954144334|0.452655606037|0.453151190562|0.457937008983|0.475010126098|0.276690521906|1|1|1|1|1|1|0.765962075924|0.797930652222|0.796572117077|0.784380261311|0.800473188112|0.804870896408|0.794812307488|0.795612346018|0.798842761892|0.804452703994|0.452450833817|0.463614777564|0.473517299892|0.47812199213|0.471614601638|0.474563502771|0.503792145929|0.498826887982|0.495065083642|0.511193317477|0.265324668286|0.268056903708|0.280696365328|0.282978154275|0.299890239765|0.125456158874|1|1|1|1|1|1|1|1|1|1|1|1|1|1|1|1|1|1|1|1|1|1|0.78543022975|0.778119555422|0.7721674352|0.767532928519|0.820450361363|0.816605451262|0.808056812904|0.824186813523|0.850157939894|0.841473988891|0.821616678876|0.815414979209|0.842059136022|0.858948493731|0.851476193395|0.846605106225|0.859769834899|0.851825504395|0.843074822667|0.824739533155|0.530592063759|0.527176946255|0.525499218963|0.505363398569|0.495857517863|0.490773657686|0.527022688011|0.523064115017|0.520008479651|0.548460618324|0.517755704745|0.511712859175|0.520671496655|0.533443467513|0.545198270689|0.282714456533|0.305430332355|0.300977710452|0.284307087562|0.285685751304|0.277231645258|0.0850713511104|1|1|1|1|1|1|1|1|1|1|1|1|1|1|1|1|1|1|1|1|1|1|1|1|1|1|1|1|1|1|1|1|1|1|1|1|1|1|1|1|1|1|1|1|1|1|1|1|1|1|1|1|1|1|1|1|1|1|1|1|1|1|1|1|0.552355097823|0.612336613614|0.62186976762|0.627187164574|0.822077304875|0.817105300463|0.81024448598|0.907432545628|0.900887893961|0.893449804237|0.803147993095|0.79628358519|0.860894694274|0.879193627596|0.869211880713|0.861332924749|0.889268613857|0.879048167187|0.869748221114|0.828865272423|0.900912388548|0.901939770048|0.892357098434|0.858691627092|0.848482106536|0.840390453346|0.869157921588|0.859166819372|0.850284439467|0.867019330744|0.843521353775|0.834264215339|0.828346227266|0.844325983601|0.850572424749|0.586454542455|0.580630719749|0.574511569371|0.550666986556|0.542834850771|0.53696744768|0.563761603776|0.55510212045|0.547060388934|0.572648621191|0.54125923726|0.533177348076|0.539158594285|0.550072958269|0.553457345687|0.528259768516|0.58247609426|0.57562104432|0.536017251656|0.539028345497|0.522908943326|0.283539364369|0.283337581447|0.277607531621|0.245163772863|0.222806303299|0.210085188839|0.201967484752|0.0480647440779
prefs_ra7_eis0p9_prtp0p005,5,1,delay_frontier,default,optimal,0|5|10|15|35|75|125|175|225,adjoint_lbfgsb,adjoint_lbfgsb,3,sobol,,7.6276112392515785,7.671869067700008,0.04425782844842985,True,True,False,False,value_and_gradient,7.671869067700008,711,711,455,41.63315987586975,CONVERGENCE: REL_REDUCTION_OF_F_<=_FACTR*EPSMCH,0.627368029332|0.747305653874|0.558272280616|0.890119897011|0.678723849016|0.698689909389|0.479328433703|1|0.810518766271|0.823966817919|0.825532305317|0.588216970899|0.590444024389|0.603209881329|0.391544574849|1|0.974007898569|0.976924566047|0.974696812743|0.987695974706|0.693588273632|0.688966107449|0.683732247936|0.718093646936|0.717805103999|0.723980052584|0.452377749851|0.453044368664|0.457913689024|0.475137469019|0.276660351233|1|1|1|1|1|1|0.765959989107|0.797895922512|0.796561536203|0.784531705994|0.800434642796|0.804799847849|0.794876094073|0.795626018852|0.798786223379|0.804479825484|0.452458955296|0.463841856304|0.473323986734|0.477938362664|0.47150613506|0.474658247208|0.503474256038|0.498548036089|0.495083097566|0.511189825432|0.265536840014|0.268515612126|0.280604782811|0.282943581627|0.300278469175|0.123994029256|1|1|1|1|1|1|1|1|1|1|1|1|1|1|1|1|1|1|1|1|1|1|0.785328452326|0.776430005177|0.772098043466|0.766545057114|0.820345696896|0.816355101363|0.808215844989|0.824606981438|0.850474695299|0.841591323988|0.821245369338|0.814478973746|0.840029600235|0.859288364099|0.85180281046|0.846928778726|0.859532776468|0.851589321481|0.843000409776|0.824704197926|0.528285829118|0.527451598791|0.525819464402|0.506154763449|0.496550645933|0.491453833936|0.525951477391|0.523395652455|0.519976395689|0.547996975638|0.516703952705|0.511013274456|0.520740619055|0.533003060516|0.546364365422|0.283567206238|0.304106009883|0.298295988089|0.282186100757|0.286978615361|0.27864188659|0.0840185805606|1|1|1|1|1|1|1|1|1|1|1|1|1|1|1|1|1|1|1|1|1|1|1|1|1|1|1|1|1|1|1|1|1|1|1|1|1|1|1|1|1|1|1|1|1|1|1|1|1|1|1|1|1|1|1|1|1|1|1|1|1|1|1|1|0.517412881509|0.619477077781|0.623998805444|0.632128251569|0.813388298097|0.782651604725|0.810110705367|0.909090934231|0.902212642211|0.895692695331|0.802585396503|0.795217438976|0.868109057007|0.881058822815|0.872485196169|0.863441470216|0.897718025107|0.883785966398|0.873411021867|0.831354472688|0.906769558421|0.903792236566|0.892936319298|0.861765152178|0.849693927903|0.843259718561|0.875796705603|0.861619234118|0.851388355727|0.880629228988|0.84374787|0.837363765381|0.83103857738|0.842749141346|0.859939647271|0.588340324409|0.588601877478|0.581020944278|0.557976704977|0.549974388789|0.54284130067|0.566391363401|0.558701572897|0.552271367376|0.574042653078|0.545541945061|0.538191586836|0.538891047102|0.551998486688|0.548235548005|0.53309121698|0.573809089745|0.577768573995|0.535690499061|0.53488818447|0.515506875203|0.260995996818|0.296898877758|0.279959534186|0.243981121225|0.241895741913|0.227718625021|0.215442011212|0.0196878232979
prefs_ra7_eis0p9_prtp0p005,5,1,delay_frontier,default,optimal,0|5|10|15|35|75|125|175|225,adjoint_lbfgsb,adjoint_lbfgsb,4,structured_constant,,7.644234553975238,7.671869066101273,0.02763451212603485,True,True,False,False,value_and_gradient,7.671869066101273,794,794,457,46.20144176483154,CONVERGENCE: REL_REDUCTION_OF_F_<=_FACTR*EPSMCH,0.627396654107|0.747312949657|0.558160005274|0.890063204635|0.678788020489|0.698687830927|0.479240767213|1|0.810502063184|0.823991337912|0.825470432236|0.588310347181|0.590461252119|0.603260823493|0.391579432431|1|0.974015209714|0.976922350298|0.974712015005|0.98769488669|0.693551193498|0.689081303631|0.683717032549|0.718082653533|0.717818798689|0.723965659984|0.452727667037|0.453071300879|0.457823586415|0.47507004535|0.276693086337|1|1|1|1|1|1|0.765963508383|0.79801015374|0.796680573894|0.78449708286|0.800465533421|0.804864370564|0.79480378678|0.79569868463|0.798908054827|0.804533140633|0.45225249904|0.464855397935|0.473154310954|0.478143341521|0.471556496388|0.474484910112|0.503676971764|0.498650615191|0.494892041297|0.511115725736|0.266058687957|0.268241398912|0.281373291862|0.282913569135|0.300330931528|0.125108023766|1|1|1|1|1|1|1|1|1|1|1|1|1|1|1|1|1|1|1|1|1|1|0.785989140354|0.778206995888|0.772102118789|0.767405696149|0.820783316737|0.816963404755|0.808384444666|0.824620860662|0.850345575907|0.841583701522|0.821904726741|0.814824764789|0.841181271593|0.85916764371|0.851627595655|0.846703325546|0.860165175044|0.852129678413|0.843387819852|0.825092719423|0.528276913198|0.527182359221|0.525386884229|0.504984470044|0.495459957368|0.490322326952|0.526242260103|0.522254637562|0.519206549572|0.548027754011|0.516822021707|0.510771443724|0.5216577767|0.533104029665|0.546338257215|0.280783741836|0.307509915291|0.303127220028|0.285869851298|0.285324049018|0.276547877644|0.0858893935877|1|1|1|1|1|1|1|1|1|1|1|1|1|1|1|1|1|1|1|1|1|1|1|1|1|1|1|1|1|1|1|1|1|1|1|1|1|1|1|1|1|1|1|1|1|1|1|1|1|1|1|1|1|1|1|1|1|1|1|1|1|1|1|1|0.529183334108|0.596527637514|0.60780595787|0.614458650492|0.825946809729|0.82147370955|0.815086079075|0.918323035701|0.911962360741|0.904109594071|0.808366663529|0.80138990057|0.866638177286|0.888940909464|0.878280113002|0.86980749264|0.896805289977|0.885466972357|0.874795840025|0.827945976776|0.908336320044|0.913201118063|0.902931954651|0.866973101554|0.856161102083|0.847426678654|0.874558348421|0.863460512017|0.853324226196|0.869969025271|0.845759185489|0.835536017717|0.82836253483|0.842674851285|0.839507552695|0.583191837436|0.578329340696|0.572881140361|0.55075149359|0.543289743485|0.537531548304|0.565437597973|0.55661484411|0.548376244711|0.571888193887|0.54248502713|0.534139700334|0.533420543928|0.547973958199|0.546345885016|0.529641378116|0.582617122555|0.575136605452|0.532998323346|0.530549061028|0.512658912809|0.287612033698|0.286267994191|0.280948118039|0.249993921096|0.228039532608|0.215247516104|0.207237341399|0.0597631014981
prefs_ra7_eis0p9_prtp0p005,5,1,delay_frontier,default,optimal,0|5|10|15|35|75|125|175|225,adjoint_lbfgsb,adjoint_lbfgsb,5,structured_constant,,7.6383481761068515,7.6718690641705125,0.03352088806366105,True,True,False,False,value_and_gradient,7.6718690641705125,730,730,513,43.21265125274658,CONVERGENCE: REL_REDUCTION_OF_F_<=_FACTR*EPSMCH,0.627401739752|0.747270032559|0.558223887632|0.890156778471|0.678753277525|0.698618910713|0.479156836083|1|0.810542187334|0.824025795439|0.825489868108|0.588192713829|0.590404021177|0.603278397893|0.391482298194|1|0.974039232806|0.976942194554|0.974693987059|0.987720480691|0.693672266036|0.689013873875|0.683619711157|0.718062095849|0.71781902062|0.723948607186|0.452789844156|0.453116173272|0.457634907825|0.475094707074|0.276736252186|1|1|1|1|1|1|0.76571308459|0.797778489876|0.796439351381|0.78420315356|0.800296281439|0.804829152258|0.79470580516|0.79578502537|0.798919139406|0.80442200578|0.453129962977|0.463903106944|0.472706167719|0.478220677411|0.471647168814|0.474544953249|0.503704128102|0.498677635969|0.494884649292|0.510970535049|0.266003866447|0.268439808132|0.281534194615|0.283138009218|0.299458949335|0.12451936383|1|1|1|1|1|1|1|1|1|1|1|1|1|1|1|1|1|1|1|1|1|1|0.786126602539|0.778098526483|0.772186996108|0.767567865085|0.819920465124|0.816107871605|0.807573779026|0.825336366276|0.850769054872|0.842184085861|0.821008672657|0.814878116575|0.840205699955|0.859502027552|0.852150560279|0.847326131653|0.859500922785|0.851391493006|0.842356401151|0.826059715467|0.527701723246|0.525646905119|0.524745860573|0.504092941808|0.494539244529|0.48935415874|0.527105649893|0.523499318241|0.520475018357|0.547235776908|0.517693244265|0.512247843973|0.519482915184|0.532161818323|0.54606589565|0.280916765595|0.305723316706|0.301082929275|0.284254190584|0.282699978013|0.274772578695|0.0837371966005|1|1|1|1|1|1|1|1|1|1|1|1|1|1|1|1|1|1|1|1|1|1|1|1|1|1|1|1|1|1|1|1|1|1|1|1|1|1|1|1|1|1|1|1|1|1|1|1|1|1|1|1|1|1|1|1|1|1|1|1|1|1|1|1|0.559017921921|0.617412484325|0.62640998324|0.631374121388|0.821248654041|0.816279232445|0.809514827534|0.911847698263|0.902264202065|0.895019376297|0.802540518615|0.795802323489|0.872846610304|0.881249018176|0.871475209622|0.863692803393|0.898995227625|0.88842302125|0.87844415147|0.833783887262|0.903748823494|0.903414716566|0.894187824793|0.860981059718|0.850662479675|0.842629247113|0.877199792545|0.866830234113|0.857156842796|0.880654408043|0.85004530038|0.840401906887|0.833367071869|0.853064394882|0.848678302212|0.588431667799|0.582547936778|0.576485158113|0.55291196093|0.545208367929|0.539421231938|0.566981907077|0.558563261191|0.550767041969|0.576554681812|0.545177986635|0.53733215785|0.541416307782|0.554543704743|0.55706783557|0.533195904116|0.58672241534|0.579400486676|0.540794239877|0.542411825352|0.526051331507|0.288538634661|0.284077212755|0.279474413773|0.248063375865|0.227423553746|0.215213268607|0.207978342588|0.0458895472192
prefs_ra7_eis0p9_prtp0p005,5,1,delay_frontier,default,optimal,0|5|10|15|35|75|125|175|225,adjoint_lbfgsb,adjoint_lbfgsb,6,sobol,,7.626250501170987,7.671869060048857,0.045618558877869475,True,True,False,False,value_and_gradient,7.671869060048857,762,762,493,44.86030077934265,CONVERGENCE: REL_REDUCTION_OF_F_<=_FACTR*EPSMCH,0.627391634238|0.747350811085|0.55818303283|0.890084524939|0.6787538038|0.698670253257|0.479244255596|1|0.810494049803|0.823949367663|0.825434044576|0.588217529208|0.590468958733|0.603252978178|0.39158083855|1|0.974011374968|0.976924350436|0.974700589624|0.987709878749|0.693561200973|0.689000633661|0.683612119569|0.718044383699|0.717804913189|0.723962650507|0.452629859075|0.453093350015|0.457765598028|0.475110192313|0.276884009384|1|1|1|1|1|1|0.765699789741|0.797810744333|0.796400660377|0.784596627075|0.800418773618|0.804823224798|0.794838459893|0.79579444985|0.798858520622|0.804592689101|0.452637176494|0.463965387751|0.472881064712|0.478251395075|0.47167188437|0.474456411436|0.503588580564|0.498388971972|0.495171159433|0.511099138951|0.265396215811|0.268393652293|0.28083821144|0.282805511629|0.300637367066|0.123239906669|1|1|1|1|1|1|1|1|1|1|1|1|1|1|1|1|1|1|1|1|1|1|0.785330859422|0.778213367326|0.772426098435|0.768138479067|0.82024289686|0.8163211347|0.807763829728|0.824093848069|0.85034025348|0.841616659881|0.821508576214|0.815171112076|0.839966675485|0.859100482723|0.851653943462|0.846761782207|0.85974731699|0.85217418027|0.843710274617|0.825006090918|0.528316650624|0.527868131063|0.526093230905|0.507000136519|0.49652677334|0.491173305337|0.526693714274|0.522708084142|0.519770240675|0.548086601161|0.517283164497|0.511451484118|0.520962600124|0.533081640695|0.545921808038|0.282636157481|0.304875781204|0.303740846242|0.286171358757|0.287131424218|0.278990079632|0.0846908420104|1|1|1|1|1|1|1|1|1|1|1|1|1|1|1|1|1|1|1|1|1|1|1|1|1|1|1|1|1|1|1|1|1|1|1|1|1|1|1|1|1|1|1|1|1|1|1|1|1|1|1|1|1|1|1|1|1|1|1|1|1|1|1|1|0.541530272762|0.600368527346|0.611445516142|0.552803669978|0.797591253421|0.819213164587|0.808840954954|0.911034002532|0.904657335203|0.907444977346|0.806248983612|0.794422268212|0.873362237284|0.881048160458|0.871123191758|0.863264975797|0.899170981634|0.884495117216|0.872172459317|0.832006805736|0.906306983381|0.903579698668|0.901920213202|0.860144292124|0.852479677453|0.847449038192|0.87715932871|0.860155310701|0.851160962185|0.87455459187|0.842922777668|0.832572788874|0.831172609338|0.851605073291|0.853541068349|0.556142337482|0.563833885383|0.569118863643|0.540521620734|0.542623919341|0.534364429291|0.561422162098|0.560635903593|0.552934596817|0.57190664563|0.541345145187|0.539000496218|0.539037309632|0.556861301365|0.549397263726|0.528021932699|0.58557825951|0.574772617016|0.53587816806|0.534500290036|0.51744254806|0.281347648625|0.278179195627|0.23110944559|0.24250295743|0.216986006888|0.213142622291|0.213090707179|0.0484060829314
prefs_ra7_eis0p9_prtp0p005,5,1,delay_frontier,default,optimal,0|5|10|15|35|75|125|175|225,adjoint_lbfgsb,adjoint_lbfgsb,7,sobol,,7.624180054392761,7.671869091150718,0.04768903675795677,True,True,False,False,value_and_gradient,7.671869091150718,1031,1031,630,60.3867461681366,CONVERGENCE: REL_REDUCTION_OF_F_<=_FACTR*EPSMCH,0.627412083256|0.747305720292|0.558203268825|0.890116890257|0.678755830563|0.698681099596|0.47914137752|1|0.810573305354|0.824008766311|0.825490046528|0.588315809979|0.590549654603|0.60326538142|0.391602625341|1|0.974009710546|0.976923895357|0.974695056218|0.987701134848|0.693635702396|0.688961777932|0.683685880447|0.718049642733|0.717793394292|0.72394812222|0.452709078306|0.4531222438|0.457777916776|0.475125821983|0.276661795942|1|1|1|1|1|1|0.765939112662|0.797936782615|0.796609380389|0.784433568073|0.80042227413|0.804846000262|0.794782725588|0.795618648221|0.798877886276|0.80443064769|0.452718106759|0.464060839562|0.473230159462|0.478130497963|0.471588484847|0.474443756844|0.503831041271|0.498707082836|0.494956093919|0.511102600756|0.265724227533|0.268240858164|0.281003114472|0.283176142347|0.300462215332|0.124458965927|1|1|1|1|1|1|1|1|1|1|1|1|1|1|1|1|1|1|1|1|1|1|0.785738712486|0.778163426376|0.772862584397|0.767836929788|0.819580843433|0.815816372555|0.808158403565|0.823792938654|0.850718977808|0.841724105564|0.821238404744|0.814949862952|0.840157789993|0.859203418656|0.85178080976|0.846858996592|0.859836012219|0.851888460378|0.843134239936|0.825283031726|0.52837572515|0.527954330321|0.525863024759|0.505986091965|0.496294653259|0.491507119928|0.526523211066|0.52282144339|0.519240235924|0.549162320173|0.517441687423|0.510744669818|0.52033936596|0.533819184842|0.545450467315|0.281407434431|0.302514916888|0.298923613095|0.283584915109|0.287353111951|0.279262172656|0.0861225076654|1|1|1|1|1|1|1|1|1|1|1|1|1|1|1|1|1|1|1|1|1|1|1|1|1|1|1|1|1|1|1|1|1|1|1|1|1|1|1|1|1|1|1|1|1|1|1|1|1|1|1|1|1|1|1|1|1|1|1|1|1|1|1|1|0.52073056239|0.586343397626|0.609098207006|0.615413761312|0.827831942385|0.821739502475|0.8102441445|0.907385067749|0.900733777581|0.895362156008|0.806093850308|0.802589446066|0.869380469395|0.881749883402|0.868821305825|0.86352682059|0.896785419991|0.888047776234|0.874831036384|0.831454625013|0.903908822939|0.901865295487|0.892401014171|0.860717143499|0.849091937998|0.839507058646|0.870540022792|0.865556593319|0.848290517842|0.881185145151|0.848274840804|0.837958883105|0.830784471378|0.855713691222|0.861241916578|0.576778709958|0.559185089008|0.567416636165|0.539259511536|0.539711464976|0.53594101579|0.566970556435|0.561443453437|0.549852226662|0.575474587098|0.550580838675|0.535766064493|0.539879823911|0.552456558414|0.550214936022|0.531546454745|0.58944621487|0.577950693348|0.537696969115|0.537436004869|0.516300695746|0.273106306228|0.269709742225|0.256165715114|0.23322343977|0.226706445931|0.216638877116|0.210050742086|0.0297594975316
prefs_ra7_eis0p9_prtp0p005,15,3,delay_frontier,default,delayed,0|5|10|15|35|75|125|175|225,adjoint_lbfgsb,adjoint_lbfgsb,0,warm_start,,7.634254024486738,7.634351984986664,9.796049992605305e-05,True,True,False,False,value_and_gradient,7.634351984986664,385,385,267,22.748611211776733,CONVERGENCE: REL_REDUCTION_OF_F_<=_FACTR*EPSMCH,0|0|0|0|0|0|0|1|0.819983797693|0.840421400515|0.842466903613|0.614574985164|0.61581728876|0.622583103101|0.410718504937|1|0.957910232167|0.958033327007|0.965846693144|0.982210747064|0.712451926717|0.705734459767|0.701391271078|0.726693663488|0.724693864543|0.728274729365|0.474641721951|0.473611639001|0.476411609716|0.488463295526|0.284960028536|1|1|1|1|1|1|0.758377633637|0.79184491762|0.788416947584|0.775708042949|0.783907008184|0.791778772891|0.788918505512|0.78590084857|0.783267982681|0.785667399521|0.500741182305|0.500492552963|0.499361942442|0.48465392935|0.487137645616|0.485805160902|0.506218173409|0.504327188597|0.503917066001|0.515618136505|0.289724376181|0.287686109424|0.286407105363|0.286023621604|0.300468123412|0.125044690906|1|1|1|1|1|1|1|1|1|1|1|1|1|1|1|1|1|1|1|1|1|1|0.811900091383|0.827675679016|0.805915790024|0.787404186923|0.804949950791|0.809019260202|0.807559065256|0.826302290642|0.821697171353|0.821449025488|0.86686264896|0.868771644274|0.864443739435|0.829158104278|0.829450661219|0.831963290106|0.833007041225|0.831583790947|0.830423784148|0.8093075752|0.531406076703|0.534268892484|0.538583319149|0.503724835307|0.50181806019|0.503047117726|0.507909358999|0.511115754842|0.517051769154|0.533316921435|0.521962237177|0.523401531024|0.515410850178|0.519660481876|0.523994359158|0.291226701151|0.280083416098|0.281829954044|0.265438743718|0.270761638014|0.26321305426|0.0812463203849|1|1|1|1|1|1|1|1|1|1|1|1|1|1|1|1|1|1|1|1|1|1|1|1|1|1|1|1|1|1|1|1|1|1|1|1|1|1|1|1|1|1|1|1|1|1|1|1|1|1|1|1|1|1|1|1|1|1|1|1|1|1|1|1|0.680174273575|0.817105765104|0.805930473065|0.729021832143|0.842592720533|0.845619709085|0.843783576253|0.885492844141|0.885576463486|0.889736473694|0.909687717623|0.912411781107|0.910012098071|0.849316863593|0.851659610813|0.855924886026|0.833199500726|0.83613509163|0.844230884893|0.791540272158|0.878717759162|0.882617758338|0.883229950271|0.826802133986|0.828960798046|0.8335157313|0.812187785966|0.814020401788|0.823892361781|0.821625201599|0.78611853604|0.789920279887|0.795050144932|0.791348534821|0.759838499838|0.573474047669|0.568579852138|0.571291403152|0.534795483577|0.535015934577|0.535013106705|0.537904333877|0.536990407514|0.536849436833|0.54236114182|0.552631077356|0.551195457438|0.518834692507|0.518650036388|0.506274303227|0.539847446876|0.545890848881|0.54700228664|0.504085483402|0.491535795859|0.474154200953|0.252791016868|0.251198952817|0.245086382044|0.221317436418|0.218129289703|0.208160391162|0.202012191764|0.0268092712707
prefs_ra7_eis0p9_prtp0p005,15,3,delay_frontier,default,delayed,0|5|10|15|35|75|125|175|225,adjoint_lbfgsb,adjoint_lbfgsb,1,structured_ramp,,7.552272953002929,7.63435217669352,0.08207922369059073,True,True,False,False,value_and_gradient,7.63435217669352,565,565,393,33.3142032623291,CONVERGENCE: REL_REDUCTION_OF_F_<=_FACTR*EPSMCH,0|0|0|0|0|0|0|1|0.819971406731|0.840371893375|0.842539479072|0.614575759683|0.61567521527|0.622787186939|0.410716898349|1|0.957869561961|0.958097557011|0.965803148416|0.98229980087|0.712284036491|0.705639471748|0.701299874187|0.726606554896|0.724824776921|0.728328729586|0.474641086103|0.473772549847|0.476757304051|0.488470912607|0.284713058768|1|1|1|1|1|1|0.758734023304|0.791538524937|0.788223400216|0.775210177321|0.784095046135|0.792265772745|0.789013162312|0.786094693177|0.783475147093|0.785859780582|0.501927795376|0.501375743099|0.499823618254|0.484881223071|0.487104068782|0.486633212221|0.506629822896|0.504762464649|0.504521699931|0.516112908806|0.289652071161|0.28927761988|0.287185976441|0.287515796187|0.299526273169|0.126006686751|1|1|1|1|1|1|1|1|1|1|1|1|1|1|1|1|1|1|1|1|1|1|0.807641410732|0.82895487348|0.806317333286|0.785110207325|0.805841024242|0.809828569708|0.808269998337|0.825863626651|0.821631420398|0.821252220338|0.865992759119|0.867706630335|0.864167752689|0.828868815492|0.829111177326|0.831605467824|0.831540796413|0.830553840676|0.82959778159|0.810636057268|0.530341436601|0.532604436044|0.535615567486|0.506413766585|0.503571836645|0.500636287747|0.513009352519|0.51570143423|0.520651777391|0.536814029603|0.524927175506|0.526024475125|0.516910483503|0.523459680091|0.525196049482|0.287798183775|0.287101116047|0.287005381648|0.2689187706|0.27613363021|0.268735260594|0.0952996833908|1|1|1|1|1|1|1|1|1|1|1|1|1|1|1|1|1|1|1|1|1|1|1|1|1|1|1|1|1|1|1|1|1|1|1|1|1|1|1|1|1|1|1|1|1|1|1|1|1|1|1|1|1|1|1|1|1|1|1|1|1|1|1|1|0.810733762491|0.906186655141|0.79192760491|0.793830206702|0.843045615567|0.84690948512|0.845783850968|0.888905680429|0.888046725238|0.891026057024|0.905520054386|0.908524474581|0.907367862501|0.853816177814|0.85385342762|0.85669230007|0.850763360708|0.850412807612|0.853191518556|0.807386917812|0.881820270586|0.884882233628|0.884228052187|0.831096127401|0.83088026074|0.833473784382|0.830175069706|0.830087678508|0.833101679663|0.847389722863|0.808247414924|0.808466406576|0.810710134046|0.825035862015|0.822175165066|0.583013968522|0.584340973112|0.583641472671|0.536098534447|0.535759334046|0.539130736065|0.521072885324|0.52109846279|0.523603117541|0.525022457005|0.538008018464|0.538087963836|0.506244014913|0.499812525169|0.49469499445|0.526693243846|0.526603651589|0.528762981352|0.483675337939|0.479214217367|0.462314963953|0.267697740658|0.2676622684|0.269408170772|0.225760419262|0.19869665027|0.181667694616|0.172162414439|0.0483311976533
prefs_ra7_eis0p9_prtp0p005,15,3,delay_frontier,default,delayed,0|5|10|15|35|75|125|175|225,adjoint_lbfgsb,adjoint_lbfgsb,2,structured_sigmoid,,7.531403210104177,7.634352178949543,0.1029489688453662,True,True,False,False,value_and_gradient,7.634352178949543,908,908,535,53.10483980178833,CONVERGENCE: REL_REDUCTION_OF_F_<=_FACTR*EPSMCH,0|0|0|0|0|0|0|1|0.819920732445|0.840233181442|0.842610129247|0.614618356164|0.615692509548|0.62267112309|0.410667377618|1|0.957838947647|0.958096646576|0.965835837228|0.98225706398|0.71245722065|0.705648884922|0.701420966026|0.726689238766|0.724956964852|0.728348659023|0.474607413257|0.473715113116|0.476665067193|0.488642411855|0.284758487094|1|1|1|1|1|1|0.758635665227|0.791634196322|0.788461234192|0.775195011563|0.784190804678|0.791783348333|0.789000385423|0.785917561606|0.78349123719|0.785930821462|0.502471707865|0.501899522886|0.50044454285|0.48457418556|0.486728760287|0.48657946386|0.506484771731|0.504724958125|0.504546108009|0.515726449821|0.288570263871|0.288463795268|0.28622957404|0.287144858549|0.300570345268|0.126821933643|1|1|1|1|1|1|1|1|1|1|1|1|1|1|1|1|1|1|1|1|1|1|0.811299267661|0.828210859845|0.806716941465|0.788756637146|0.806115254412|0.810157542523|0.808615589436|0.826443261649|0.822215341395|0.821890964812|0.866172581503|0.867892930883|0.86429042842|0.82956892187|0.829788167049|0.832234956804|0.83220889993|0.831119277246|0.83038219667|0.808574706421|0.529038998104|0.531305253522|0.534344183642|0.507507980528|0.505135048039|0.499718942783|0.51022692442|0.512903576244|0.518030975389|0.533233901866|0.524038063152|0.523561469392|0.515273927454|0.51941379826|0.521435555741|0.290413895525|0.289517325702|0.289194310529|0.270265280688|0.271343763468|0.263762793557|0.0743884063163|1|1|1|1|1|1|1|1|1|1|1|1|1|1|1|1|1|1|1|1|1|1|1|1|1|1|1|1|1|1|1|1|1|1|1|1|1|1|1|1|1|1|1|1|1|1|1|1|1|1|1|1|1|1|1|1|1|1|1|1|1|1|1|1|0.818129965663|0.901502927619|0.79767989202|0.799388801782|0.842606375173|0.846447070613|0.845363986586|0.888031110331|0.887205358125|0.890125987215|0.904190868674|0.907169235662|0.906161562649|0.854191886439|0.854195990844|0.856976417067|0.85420368101|0.854018250083|0.856522653009|0.811063244206|0.881599011747|0.884643609688|0.884025590666|0.83213054506|0.83175390772|0.8342130277|0.832755151996|0.832723841668|0.835402928146|0.851758534824|0.810573532154|0.810517502678|0.812424964243|0.828406967979|0.78517218018|0.593022596276|0.594224095376|0.593526620882|0.545427388599|0.545183019624|0.548879389726|0.527642023784|0.527746203929|0.530464652568|0.529553881595|0.541305048459|0.541140922871|0.512656068147|0.504158356856|0.495375088906|0.532110548719|0.532100664343|0.534444281606|0.4883593251|0.48027563689|0.462594515921|0.285560454223|0.28560616259|0.287839517428|0.243096810754|0.212915778728|0.195111198694|0.186408286622|0.024787220031
prefs_ra7_eis0p9_prtp0p005,15,3,delay_frontier,default,delayed,0|5|10|15|35|75|125|175|225,adjoint_lbfgsb,adjoint_lbfgsb,3,structured_constant,,7.615075926824909,7.6343520117866905,0.019276084961781237,True,True,False,False,value_and_gradient,7.6343520117866905,785,785,421,45.31681251525879,CONVERGENCE: REL_REDUCTION_OF_F_<=_FACTR*EPSMCH,0|0|0|0|0|0|0|1|0.819942978936|0.84020837279|0.842642163153|0.614571686838|0.615631628106|0.622701650168|0.410733959677|1|0.95789849304|0.958019979891|0.965853420438|0.982325152162|0.712450908587|0.705748517908|0.701391904087|0.726782278359|0.725028486811|0.728339641171|0.474646033955|0.473765563918|0.476545436692|0.488680762572|0.28515772353|1|1|1|1|1|1|0.758739398075|0.791937752802|0.788442859584|0.775304999528|0.784323988945|0.79184682479|0.789049329925|0.786129806019|0.78348904327|0.786007207301|0.502379116724|0.501721888836|0.500308168932|0.484401626438|0.486680296738|0.486407224954|0.506810085482|0.505131145474|0.505015221731|0.516027006679|0.288211250492|0.288042087176|0.28749550823|0.285962302433|0.300542911002|0.130539692435|1|1|1|1|1|1|1|1|1|1|1|1|1|1|1|1|1|1|1|1|1|1|0.811735864201|0.830413479055|0.806410425098|0.787978178971|0.805249479493|0.809407581746|0.807792372178|0.825873578419|0.821842006871|0.821421676037|0.864779940872|0.866412967235|0.862974546896|0.829088006681|0.82927032392|0.831663834206|0.829449381855|0.828296158489|0.826797765719|0.808588846249|0.530904701037|0.533231120852|0.536260206363|0.504943919108|0.499896373613|0.50181828115|0.510971172484|0.513663684472|0.518818080155|0.532984285487|0.52126131929|0.52135888188|0.515638998046|0.518749042214|0.518007015219|0.283834761368|0.283179749695|0.283174088674|0.267083862683|0.273104315184|0.265793008044|0.0827731171711|1|1|1|1|1|1|1|1|1|1|1|1|1|1|1|1|1|1|1|1|1|1|1|1|1|1|1|1|1|1|1|1|1|1|1|1|1|1|1|1|1|1|1|1|1|1|1|1|1|1|1|1|1|1|1|1|1|1|1|1|1|1|1|1|0.807299770707|0.902852977916|0.790685804625|0.792294685097|0.844209950181|0.848064480001|0.846937022489|0.896247683451|0.895244818502|0.898366414749|0.912997768983|0.916204113371|0.915138113779|0.859904122409|0.859653801077|0.862880927969|0.856563556307|0.85649710525|0.859342860067|0.801638684298|0.889109338609|0.892483008853|0.891677298471|0.835283563711|0.834809745532|0.837705528583|0.830203576407|0.830443791742|0.833755707398|0.846725784996|0.802178626519|0.801762140764|0.804151892344|0.813422013061|0.79809949277|0.59741877337|0.598567019206|0.597869395864|0.550390476266|0.549963712549|0.553988710513|0.526120772987|0.526454005663|0.529243090417|0.520812256516|0.521201533055|0.520964725371|0.506180845316|0.491686809855|0.469590854421|0.523943065471|0.52411845284|0.526716547002|0.47280285791|0.450055321816|0.426969031449|0.304302885006|0.30446399022|0.306621927586|0.258906565064|0.220819671081|0.200441487772|0.189299828116|0.0941783333668
prefs_ra7_eis0p9_prtp0p005,15,3,delay_frontier,default,delayed,0|5|10|15|35|75|125|175|225,adjoint_lbfgsb,adjoint_lbfgsb,4,warm_start_perturbed,,7.633698035098333,7.634352034215092,0.0006539991167588965,True,True,False,False,value_and_gradient,7.634352034215092,323,323,225,19.148519277572632,CONVERGENCE: REL_REDUCTION_OF_F_<=_FACTR*EPSMCH,0|0|0|0|0|0|0|1|0.819962718983|0.840150412343|0.842641673923|0.614573143883|0.615669347056|0.622659208784|0.41090488793|1|0.957948301851|0.958031793445|0.965905513599|0.982243026632|0.712394589738|0.705657248087|0.701300196611|0.726648075063|0.724863126799|0.728327306579|0.474643249682|0.47373721568|0.47612922427|0.488449997449|0.284912266778|1|1|1|1|1|1|0.758834859107|0.791648752772|0.788817203553|0.775301344489|0.784108353072|0.791749341709|0.789015087219|0.786030084859|0.783397201055|0.786002426957|0.502000292468|0.501675638138|0.499755286137|0.484779994751|0.487017384261|0.485867360909|0.507264931103|0.503718452677|0.503960455352|0.515593008873|0.287348038486|0.288314120614|0.287425976437|0.286615016697|0.300030943263|0.123669226619|1|1|1|1|1|1|1|1|1|1|1|1|1|1|1|1|1|1|1|1|1|1|0.811428371209|0.829574979541|0.806097207137|0.787879682701|0.806672319409|0.813079475032|0.806160947666|0.827180508862|0.821391023382|0.821795617175|0.866731206466|0.867076368063|0.863569643802|0.828953192012|0.827690383224|0.832993123331|0.831679186891|0.830209131338|0.830156482177|0.808884392239|0.531534577175|0.531889342002|0.538871151327|0.504494010415|0.501690107634|0.497274490963|0.505880000908|0.515051422764|0.516261692376|0.533602316339|0.524400455241|0.522048996061|0.515670655424|0.520696496733|0.524521504984|0.293172430138|0.28693828259|0.284706722904|0.273849913411|0.276681950592|0.267364251108|0.0854278430389|1|1|1|1|1|1|1|1|1|1|1|1|1|1|1|1|1|1|1|1|1|1|1|1|1|1|1|1|1|1|1|1|1|1|1|1|1|1|1|1|1|1|1|1|1|1|1|1|1|1|1|1|1|1|1|1|1|1|1|1|1|1|1|1|0.683580519016|0.835941075897|0.795915053259|0.769851074848|0.829640402657|0.833471609923|0.842906239051|0.887339981995|0.886277700991|0.890602272392|0.901431895359|0.900031668521|0.906550925014|0.854617784643|0.852387174703|0.855609856229|0.851684024404|0.850294694375|0.845497949758|0.800518616918|0.880603484992|0.884781262779|0.884137723254|0.823857812761|0.831883463947|0.828682498505|0.812758826004|0.819423644471|0.817259064241|0.809880786746|0.795950353976|0.785074946948|0.782588325831|0.804055408658|0.810969965908|0.566612967685|0.572716124612|0.582779518176|0.552868614898|0.540876270122|0.511863721532|0.529840927232|0.529963526994|0.534361738875|0.544268224152|0.557412421061|0.550132910826|0.512919953407|0.524500256973|0.510397093881|0.54231428299|0.546794844259|0.543826729585|0.504723380512|0.495811357942|0.478110046892|0.288015681795|0.263636848293|0.253331406138|0.190962990084|0.224989624909|0.234292778644|0.17749564252|0.0214224970844
prefs_ra7_eis0p9_prtp0p005,15,3,delay_frontier,default,delayed,0|5|10|15|35|75|125|175|225,adjoint_lbfgsb,adjoint_lbfgsb,5,warm_start_perturbed,,7.633412492891728,7.634352051840899,0.0009395589491711931,True,True,False,False,value_and_gradient,7.634352051840899,881,881,559,51.3979127407074,CONVERGENCE: REL_REDUCTION_OF_F_<=_FACTR*EPSMCH,0|0|0|0|0|0|0|1|0.819866476813|0.840179832357|0.842457590797|0.614535808871|0.615611995633|0.622481527414|0.410778007039|1|0.957948976155|0.958059565257|0.965732955395|0.982253535574|0.712481181344|0.705530495476|0.701431129245|0.726698890546|0.725083594598|0.728382930373|0.47467433001|0.473790369509|0.476942462924|0.488420488177|0.284805953154|1|1|1|1|1|1|0.758428641|0.791390639661|0.788107381775|0.775066877251|0.784193502215|0.791808706584|0.788982161783|0.786029055653|0.783626806359|0.786132727241|0.502274729618|0.501499878479|0.500493523101|0.484723745682|0.486559509716|0.486415923918|0.506514516993|0.504733073662|0.504854860382|0.515483609379|0.286951392388|0.286529796739|0.28790630816|0.284071298738|0.302990106763|0.125963165433|1|1|1|1|1|1|1|1|1|1|1|1|1|1|1|1|1|1|1|1|1|1|0.813157988576|0.821412329436|0.809358642703|0.790064489794|0.806931048536|0.809141591726|0.808138601035|0.826324138331|0.822433423616|0.821857047736|0.865501189723|0.86677711014|0.863760247159|0.82942798923|0.829717094847|0.832050594423|0.832410711848|0.825837415258|0.830419520201|0.80600299581|0.530766038967|0.533086051334|0.535956139903|0.505186618744|0.500043523892|0.501312141143|0.508645122503|0.512068920233|0.521787511691|0.533103161364|0.52969002305|0.52360259676|0.516502301097|0.518967908114|0.524878898436|0.283650268148|0.289493906911|0.27835447598|0.274286943455|0.275377858966|0.266961863699|0.0855476675275|1|1|1|1|1|1|1|1|1|1|1|1|1|1|1|1|1|1|1|1|1|1|1|1|1|1|1|1|1|1|1|1|1|1|1|1|1|1|1|1|1|1|1|1|1|1|1|1|1|1|1|1|1|1|1|1|1|1|1|1|1|1|1|1|0.690395452789|0.892863147952|0.829881841876|0.743080612167|0.843603344557|0.847267938231|0.84630652323|0.888915247342|0.88743697083|0.883427447588|0.908750391395|0.91625117855|0.909829191711|0.851811506308|0.846701835069|0.865441190705|0.836097607609|0.8587429325|0.831589635106|0.776113699145|0.875468925975|0.876686851338|0.880617937867|0.835542655842|0.829544634106|0.839219930788|0.816978172488|0.834262133198|0.837264973159|0.839710339659|0.778178113959|0.800383170923|0.799127918128|0.793940138708|0.777487809782|0.566032263278|0.589265281185|0.586131239778|0.529801563553|0.527871123803|0.533673106632|0.53417323583|0.534860509242|0.539361935731|0.539076559397|0.553038635801|0.554556883131|0.514389977918|0.515932444843|0.507440072604|0.541852542123|0.536304497064|0.539750192116|0.494873481813|0.483258543357|0.471458388883|0.243555695737|0.236400485677|0.280509318206|0.240597643407|0.20289547419|0.202710367319|0.199089919124|0.0205796646161
prefs_ra7_eis0p9_prtp0p005,15,3,delay_frontier,default,delayed,0|5|10|15|35|75|125|175|225,adjoint_lbfgsb,adjoint_lbfgsb,6,warm_start_perturbed,,7.6333783955778785,7.634352103534038,0.0009737079561595863,True,True,False,False,value_and_gradient,7.634352103534038,896,896,502,51.8029408454895,CONVERGENCE: REL_REDUCTION_OF_F_<=_FACTR*EPSMCH,0|0|0|0|0|0|0|1|0.819984680592|0.84021600323|0.842669511624|0.614553575323|0.615685951501|0.622724505251|0.410783842893|1|0.957933836876|0.958066199354|0.965657375979|0.982242507069|0.712442186623|0.705714940041|0.701412052043|0.726810102625|0.724982502475|0.72827836669|0.474659870348|0.473720519496|0.476352394537|0.488311128679|0.284782664348|1|1|1|1|1|1|0.758697193774|0.791472449161|0.788348231666|0.775232043295|0.784153939054|0.791794603384|0.788966826211|0.786092341194|0.783610841852|0.78603309671|0.501842971206|0.501859823135|0.500246288873|0.484403403051|0.486675924497|0.486578866398|0.506252810173|0.504537880701|0.504478982398|0.515518573582|0.289459383138|0.286800205595|0.286760047506|0.285742454323|0.300653221466|0.126069236359|1|1|1|1|1|1|1|1|1|1|1|1|1|1|1|1|1|1|1|1|1|1|0.811380173169|0.826855517374|0.809164370048|0.788802042988|0.804678333184|0.808769726925|0.808029248193|0.826649427082|0.823261980085|0.823385589019|0.866630229169|0.866598830627|0.865675475861|0.830301686348|0.830307080306|0.83275289004|0.830296447362|0.828900873619|0.829163988747|0.805533707871|0.529962930278|0.532770747771|0.533498788043|0.504591707882|0.500648854742|0.50295415576|0.509839561963|0.512312513684|0.516091633432|0.532931630715|0.524283407744|0.52344890315|0.515264035577|0.51937874633|0.524931765174|0.286776362479|0.28497356982|0.297027170879|0.262668531671|0.275604916739|0.264952905362|0.0799445884788|1|1|1|1|1|1|1|1|1|1|1|1|1|1|1|1|1|1|1|1|1|1|1|1|1|1|1|1|1|1|1|1|1|1|1|1|1|1|1|1|1|1|1|1|1|1|1|1|1|1|1|1|1|1|1|1|1|1|1|1|1|1|1|1|0.718091170017|0.850842013591|0.794615378217|0.755051650998|0.843707285189|0.845255365653|0.840096085995|0.89044547801|0.88446271754|0.889448817172|0.907371744036|0.910114710407|0.908859392459|0.856037261896|0.854966244445|0.858482385503|0.845119644658|0.84775171564|0.850059860142|0.787914682449|0.879523809518|0.878576681132|0.887042965646|0.819925019034|0.825127060406|0.834634542467|0.835721450074|0.807264600166|0.821599103375|0.831985680546|0.77622552697|0.796076609048|0.802908410343|0.796256061593|0.787364972709|0.563041835932|0.580986354352|0.571288438776|0.542072551588|0.547901471422|0.531556618252|0.534583454835|0.541992132244|0.536615707459|0.532844824894|0.550468396646|0.547918264727|0.51628486714|0.514377558451|0.502699892582|0.547760871894|0.546735655398|0.541191718099|0.504242842318|0.488771209455|0.476040133472|0.28101706287|0.226464919193|0.238910248198|0.240662000943|0.216039994757|0.201321594725|0.19722060268|0.0819511636687
prefs_ra7_eis0p9_prtp0p005,15,3,delay_frontier,default,delayed,0|5|10|15|35|75|125|175|225,adjoint_lbfgsb,adjoint_lbfgsb,7,warm_start_perturbed,,7.633357789528449,7.634352132144783,0.0009943426163339097,True,True,False,False,value_and_gradient,7.634352132144783,937,937,582,54.81415605545044,CONVERGENCE: REL_REDUCTION_OF_F_<=_FACTR*EPSMCH,0|0|0|0|0|0|0|1|0.819922537931|0.840292927117|0.8425438476|0.614577180859|0.615604468607|0.62282975772|0.410985156727|1|0.957804709583|0.958074327085|0.965920890539|0.982234220478|0.712437613848|0.705666438454|0.701351000306|0.726695907909|0.724974616422|0.728242570234|0.474640352474|0.473788084404|0.476637539367|0.48869620843|0.285093111707|1|1|1|1|1|1|0.758489940323|0.791562825531|0.788200442825|0.775284617654|0.784141267138|0.79178380313|0.78893057486|0.78602922134|0.783443070187|0.785993300793|0.501020093927|0.503063029677|0.499860843468|0.48464198845|0.486876963149|0.484345124712|0.506439791859|0.504620092451|0.504181714693|0.51427998449|0.288119896771|0.288006030154|0.287957110585|0.285896372698|0.300411914127|0.12573436205|1|1|1|1|1|1|1|1|1|1|1|1|1|1|1|1|1|1|1|1|1|1|0.813239666424|0.828555965894|0.80532412418|0.785927058956|0.804817984049|0.808688957983|0.807601397742|0.827214989141|0.818740100441|0.821148407546|0.867068927266|0.865837067107|0.864782992176|0.828572931956|0.83147751831|0.83035061481|0.830545314295|0.829508918603|0.831588640905|0.808032943737|0.531150113861|0.536757299997|0.535603056736|0.505155556281|0.500634789176|0.492332575493|0.509262404583|0.505578838698|0.525228894763|0.533422115577|0.522733179686|0.524678269746|0.515296553101|0.519611347984|0.525092839493|0.291213950287|0.288407903367|0.293585352477|0.273085963499|0.275363593223|0.270704383661|0.0746276361131|1|1|1|1|1|1|1|1|1|1|1|1|1|1|1|1|1|1|1|1|1|1|1|1|1|1|1|1|1|1|1|1|1|1|1|1|1|1|1|1|1|1|1|1|1|1|1|1|1|1|1|1|1|1|1|1|1|1|1|1|1|1|1|1|0.704393966973|0.882602982052|0.803678320675|0.756315931544|0.837664457521|0.847312406085|0.846320797521|0.882614255175|0.892065750261|0.89411555805|0.909982104191|0.913186565143|0.909332118332|0.852959399053|0.847983142318|0.855396975765|0.844331075579|0.843105203252|0.845457742921|0.792023856323|0.886009843006|0.890267993422|0.884762605248|0.834507581522|0.834510095517|0.833706391311|0.828060195223|0.820573620507|0.823509017978|0.836270219997|0.791071318198|0.798235337186|0.80000941351|0.811439887536|0.797312507908|0.577244174423|0.565040269893|0.576228950744|0.526522690138|0.53275752538|0.538641847061|0.529479309718|0.524106171139|0.535393612673|0.53800955681|0.550256522839|0.551193791047|0.515352225628|0.514841862211|0.507974011264|0.537206104745|0.541787749838|0.543698075039|0.500388671439|0.491187385778|0.471182460658|0.261867407519|0.253880320965|0.237247684707|0.235524892345|0.219551115535|0.216970792442|0.20607125152|0.0345313744694
prefs_ra7_eis0p9_prtp0p005,10,2,delay_frontier,default,delayed,0|5|10|15|35|75|125|175|225,adjoint_lbfgsb,adjoint_lbfgsb,0,warm_start,,7.649049948037417,7.649111281502863,6.133346544601181e-05,True,True,False,False,value_and_gradient,7.649111281502863,570,570,370,33.201545000076294,CONVERGENCE: REL_REDUCTION_OF_F_<=_FACTR*EPSMCH,0|0|0|0.899317107957|0.700307180999|0.720336441232|0.500928246078|1|0.816901483591|0.836377003229|0.837157120445|0.608790043844|0.609078948676|0.619774957297|0.40668267664|1|0.964643925932|0.964730071895|0.969100083761|0.985065392539|0.708703445317|0.702525556486|0.69620245656|0.728132078472|0.72504485517|0.728602729909|0.468623592458|0.469001802474|0.479584575817|0.489013831241|0.282388955523|1|1|1|1|1|1|0.760175292628|0.796987921792|0.796022810597|0.786245729475|0.801892551059|0.809245571524|0.801742211899|0.788329621815|0.786317359119|0.786641855518|0.474315441057|0.474667773815|0.473910403549|0.49807527986|0.494526200876|0.497867660672|0.506733489948|0.502891624984|0.517541924714|0.513646076625|0.279620059443|0.279640505728|0.278661559534|0.295165185422|0.294172410043|0.131034625368|1|1|1|1|1|1|1|1|1|1|1|1|1|1|1|1|1|1|1|1|1|1|0.793522488855|0.823041495574|0.816166701402|0.816294607237|0.845362863787|0.84173186779|0.840101936118|0.805862185463|0.801116899039|0.804258237212|0.847879127856|0.841200690037|0.837959337158|0.860898417128|0.861334096306|0.855361531048|0.827787084286|0.822239257366|0.854487860564|0.819547178361|0.493606680698|0.514464811536|0.521730686791|0.532767461416|0.528930966726|0.522387914477|0.536514618512|0.539866945143|0.539439154871|0.507431852671|0.528355179624|0.52912841296|0.523386960589|0.539998109885|0.50509125176|0.278601237511|0.281538163042|0.277040746696|0.284565936141|0.287612077764|0.279908317895|0.0876194043548|1|1|1|1|1|1|1|1|1|1|1|1|1|1|1|1|1|1|1|1|1|1|1|1|1|1|1|1|1|1|1|1|1|1|1|1|1|1|1|1|1|1|1|1|1|1|1|1|1|1|1|1|1|1|1|1|1|1|1|1|1|1|1|1|0.732692998221|0.760507356653|0.766914020874|0.769435357274|0.893007747139|0.885732842196|0.884082458672|0.839934585853|0.84017448589|0.830779252348|0.862510048396|0.853863780829|0.854233407638|0.901394266778|0.901742381301|0.891513127976|0.860786244424|0.834045436523|0.888039325474|0.83387984542|0.841391718444|0.833524218873|0.833836274961|0.879144175848|0.879148091459|0.868870328111|0.870934396575|0.8725137185|0.865812168406|0.808164567655|0.843060065602|0.845063579725|0.836002294544|0.84579565924|0.779369826156|0.548217608102|0.592772516382|0.594627936326|0.563107681776|0.563055400153|0.555951810795|0.567128956562|0.56754684755|0.561252648107|0.522552866043|0.545184988224|0.544981228184|0.538775361293|0.544038177463|0.490089226848|0.530427698531|0.535631606553|0.528035985639|0.529020704253|0.514414547443|0.501681751348|0.248887442565|0.248145281042|0.240493328238|0.227955165914|0.226485018021|0.217104664843|0.210851803383|0.0267698330705
prefs_ra7_eis0p9_prtp0p005,10,2,delay_frontier,default,delayed,0|5|10|15|35|75|125|175|225,adjoint_lbfgsb,adjoint_lbfgsb,1,structured_ramp,,7.566523694976209,7.649111359525976,0.08258766454976652,True,True,False,False,value_and_gradient,7.649111359525976,973,973,600,56.222127199172974,CONVERGENCE: REL_REDUCTION_OF_F_<=_FACTR*EPSMCH,0|0|0|0.89926437784|0.700286421691|0.720369321343|0.500937230631|1|0.816909264308|0.836357203832|0.837217069101|0.60880018098|0.60902601847|0.619704031026|0.406667240635|1|0.964479736428|0.964782026199|0.969144549036|0.985031190464|0.708721527587|0.70261664086|0.696152789206|0.728136683657|0.725066141306|0.728586760282|0.468715758484|0.469116304227|0.479625430711|0.488992150196|0.28236840118|1|1|1|1|1|1|0.759806781941|0.796870308429|0.795962460807|0.786316312058|0.801909316496|0.809330729115|0.801890831696|0.788149840565|0.786153493249|0.786666268349|0.473834908286|0.474856524277|0.473883715853|0.498103979377|0.49454387033|0.497871699202|0.5073120354|0.503475429211|0.517960385533|0.514028437012|0.279436686079|0.279428987064|0.278703709597|0.294767907106|0.293394450087|0.130477836902|1|1|1|1|1|1|1|1|1|1|1|1|1|1|1|1|1|1|1|1|1|1|0.794885672906|0.823284251484|0.816522173585|0.816670716124|0.8465080347|0.842753646785|0.841078039861|0.806675635336|0.802510548405|0.805410415543|0.848720824369|0.841608517417|0.838669002299|0.859921251614|0.859928604276|0.854063601796|0.826575185791|0.821627474417|0.854294397588|0.819632214753|0.492550056613|0.513850367856|0.521745429432|0.530907710811|0.526800213542|0.520226719313|0.536205908144|0.5393949476|0.538786821274|0.508108970254|0.528118247254|0.528718277485|0.523344457331|0.540161442462|0.504211729286|0.280041287828|0.28004848883|0.275720513539|0.285121921976|0.285565981833|0.277374616478|0.0894834751888|1|1|1|1|1|1|1|1|1|1|1|1|1|1|1|1|1|1|1|1|1|1|1|1|1|1|1|1|1|1|1|1|1|1|1|1|1|1|1|1|1|1|1|1|1|1|1|1|1|1|1|1|1|1|1|1|1|1|1|1|1|1|1|1|0.799105023178|0.817105361289|0.814052614903|0.816165522265|0.896481081849|0.88869239596|0.88746890321|0.840906059229|0.840792810286|0.831349502901|0.863796445191|0.854632628645|0.853973008453|0.900518997486|0.900542832214|0.890546054159|0.860297789352|0.831967673636|0.887726162119|0.836285094354|0.841623805965|0.834085296917|0.834062044272|0.878755933459|0.87846733339|0.868437491326|0.872074754216|0.873275527504|0.867113654733|0.816510097546|0.846155425471|0.847671760314|0.839525584702|0.849531740705|0.78858871915|0.547031174686|0.587551039503|0.590494324238|0.565906692497|0.565650489956|0.557406197742|0.560004195916|0.561074516718|0.555291622624|0.511262718266|0.536930290756|0.538193269378|0.530829822476|0.538827012349|0.487841535739|0.522013764061|0.523220049401|0.515986787576|0.524022523856|0.522373605891|0.506262667134|0.25629156557|0.257335986161|0.250590001136|0.229052213795|0.213033703317|0.202061151475|0.193942422794|0.0401664477687
prefs_ra7_eis0p9_prtp0p005,10,2,delay_frontier,default,delayed,0|5|10|15|35|75|125|175|225,adjoint_lbfgsb,adjoint_lbfgsb,2,structured_sigmoid,,7.544066775421796,7.649111355189173,0.10504457976737669,True,True,False,False,value_and_gradient,7.649111355189173,798,798,574,46.81870460510254,CONVERGENCE: REL_REDUCTION_OF_F_<=_FACTR*EPSMCH,0|0|0|0.899286930825|0.700242549031|0.72031830478|0.500936619113|1|0.816901838724|0.836356722207|0.837172794296|0.608866933751|0.60900793016|0.619714645586|0.406686067231|1|0.964635516027|0.964767815542|0.969106664704|0.985083766978|0.708725245735|0.70235304441|0.696146336509|0.728154746009|0.725070301997|0.728603988912|0.468716863929|0.469109763209|0.479549969246|0.489076373295|0.282118557365|1|1|1|1|1|1|0.759958529034|0.796642304307|0.795722908782|0.786196468894|0.801930464141|0.809384935593|0.801988800128|0.788622439698|0.786546763818|0.786563397731|0.474111713421|0.47487226167|0.473889767418|0.498175385563|0.494602637826|0.497884336565|0.507351858915|0.503703330927|0.517559894855|0.513705934318|0.279497185799|0.279487292421|0.278767577091|0.295644457852|0.293929911772|0.129345813419|1|1|1|1|1|1|1|1|1|1|1|1|1|1|1|1|1|1|1|1|1|1|0.793947324038|0.823627584956|0.816840841889|0.817016526894|0.845563628009|0.842068816455|0.840324183642|0.806171563105|0.802070615047|0.805477234492|0.847919116924|0.841347675006|0.838213169467|0.860348722696|0.860353298485|0.854566823679|0.82662276704|0.821270966953|0.854486727551|0.820092402644|0.495368673264|0.514990831355|0.521948233133|0.531891587809|0.527872130222|0.521290725087|0.536635894581|0.539798005503|0.539164535435|0.508432435008|0.528491468661|0.529085412927|0.523711186783|0.539627074752|0.503353848033|0.279471034983|0.279454149221|0.275541882645|0.286918296178|0.285525815519|0.278847987887|0.0874988067865|1|1|1|1|1|1|1|1|1|1|1|1|1|1|1|1|1|1|1|1|1|1|1|1|1|1|1|1|1|1|1|1|1|1|1|1|1|1|1|1|1|1|1|1|1|1|1|1|1|1|1|1|1|1|1|1|1|1|1|1|1|1|1|1|0.799588243421|0.81728140113|0.814075878619|0.816291739814|0.894635005252|0.886984809928|0.885825171271|0.840079564747|0.83997626902|0.830869027512|0.862681173755|0.85365086896|0.853031996556|0.901134758616|0.901144271032|0.891280105148|0.859352614885|0.832312819271|0.889858159102|0.838053121718|0.8410706252|0.833560010779|0.833499984233|0.879374813663|0.878966272788|0.869031893887|0.873376787409|0.874585285856|0.868391424095|0.817354555667|0.847040193366|0.848509873277|0.840335867576|0.850312625285|0.786727035464|0.550670096584|0.582204381604|0.586643372445|0.568866307449|0.568659450266|0.560573318983|0.563131347419|0.564203318739|0.558564076999|0.515306439992|0.54058659398|0.541857174479|0.534654638826|0.542482067619|0.492327256874|0.526131451497|0.527347806627|0.520275358603|0.527947370006|0.525299262113|0.509865604459|0.265446241867|0.266566545321|0.259998755644|0.23881623216|0.222898912696|0.212206877089|0.204847460522|0.0531011920722
prefs_ra7_eis0p9_prtp0p005,10,2,delay_frontier,default,delayed,0|5|10|15|35|75|125|175|225,adjoint_lbfgsb,adjoint_lbfgsb,3,structured_constant,,7.629110268112698,7.649111337448776,0.020001069336077926,True,True,False,False,value_and_gradient,7.649111337448776,552,552,400,32.257540225982666,CONVERGENCE: REL_REDUCTION_OF_F_<=_FACTR*EPSMCH,0|0|0|0.899325164021|0.700383346012|0.720368796082|0.500902611961|1|0.816890442754|0.836279914385|0.837218355576|0.608800180474|0.609179720687|0.619783042996|0.406752709216|1|0.964659606927|0.964792096164|0.969089179982|0.985027284261|0.708683036672|0.702637981695|0.696165265759|0.72814891183|0.725055120222|0.728592703176|0.468855966431|0.469211435583|0.479495465852|0.489073727235|0.282592698821|1|1|1|1|1|1|0.760354746285|0.796885967|0.795972600261|0.786165593443|0.801855118788|0.80946428459|0.80184303118|0.788014843745|0.786004085408|0.786590760521|0.4742189563|0.474494624661|0.473954721414|0.498304951552|0.494770182734|0.498025912159|0.507745039894|0.504104931252|0.518195610485|0.513944720843|0.279077607676|0.279110291265|0.278356313848|0.295303189736|0.294114687651|0.130685136702|1|1|1|1|1|1|1|1|1|1|1|1|1|1|1|1|1|1|1|1|1|1|0.793173068178|0.82349490009|0.816710168231|0.81688027336|0.845786882393|0.842182330355|0.840456873124|0.806235611923|0.802090291008|0.805734037511|0.848306114378|0.841507231841|0.83834057666|0.862218201678|0.862235931197|0.856105643106|0.828519259033|0.822265471936|0.852525089233|0.819304559309|0.493657027598|0.514558443926|0.521553179279|0.531766533255|0.527745315343|0.521200327684|0.536655352684|0.539813712325|0.53907783383|0.509107335742|0.528600505279|0.529181217081|0.523746606434|0.542452918425|0.507375340971|0.280147828086|0.280090282765|0.276080343425|0.28828686671|0.288024574286|0.282544528811|0.087986425855|1|1|1|1|1|1|1|1|1|1|1|1|1|1|1|1|1|1|1|1|1|1|1|1|1|1|1|1|1|1|1|1|1|1|1|1|1|1|1|1|1|1|1|1|1|1|1|1|1|1|1|1|1|1|1|1|1|1|1|1|1|1|1|1|0.798541677993|0.816574892234|0.813755329999|0.815712600448|0.897453186881|0.889780392013|0.888617686772|0.842040812043|0.84198140076|0.832682262994|0.865158861083|0.855974552327|0.855317602844|0.899969317975|0.900003771124|0.889820394689|0.850212280879|0.824057077365|0.882244990262|0.831284571571|0.843183843851|0.835505652965|0.835450874703|0.87778858123|0.877775170557|0.867490486147|0.866497301235|0.867700128129|0.861623644784|0.811118247073|0.840306368337|0.841744504219|0.833664086844|0.840134281444|0.783204833208|0.554845904774|0.594257737219|0.595651169223|0.571670830297|0.571469846927|0.563316796233|0.562486465623|0.56369615353|0.557678962113|0.511550046466|0.538640551478|0.539995314307|0.532241659036|0.536827875767|0.482108629244|0.523443076652|0.524791542822|0.517103792837|0.52111583053|0.512388412022|0.497920425464|0.273899092856|0.275104229716|0.268142561414|0.243613977469|0.219144597786|0.209469593022|0.200806854081|0.0619542422755
prefs_ra7_eis0p9_prtp0p005,10,2,delay_frontier,default,delayed,0|5|10|15|35|75|125|175|225,adjoint_lbfgsb,adjoint_lbfgsb,4,warm_start_perturbed,,7.6482618423566135,7.649111353311322,0.0008495109547084212,True,True,False,False,value_and_gradient,7.649111353311322,484,484,354,28.403373956680298,CONVERGENCE: REL_REDUCTION_OF_F_<=_FACTR*EPSMCH,0|0|0|0.899304777553|0.7003213632|0.720335801334|0.500951340361|1|0.816920898467|0.836334531999|0.83719733562|0.608802809429|0.609011148114|0.619776361031|0.406761901288|1|0.964674251653|0.964766010806|0.969134511677|0.985085538719|0.708742256616|0.702534981452|0.696198013431|0.728158418098|0.725111415368|0.728570064094|0.468380565886|0.468816829504|0.479409555|0.489154438267|0.282336633898|1|1|1|1|1|1|0.760005141699|0.796966468043|0.796089346951|0.786332806303|0.801925160273|0.809390122758|0.801867114004|0.788183174351|0.786501239669|0.787256210191|0.474671640785|0.475079365446|0.474110013308|0.498082119174|0.494411769811|0.497830730372|0.507421721324|0.502825795911|0.517250816335|0.513500304116|0.279450271656|0.279404433961|0.27867871051|0.295132778077|0.294163495064|0.131286940209|1|1|1|1|1|1|1|1|1|1|1|1|1|1|1|1|1|1|1|1|1|1|0.793687837641|0.823737629793|0.816958718604|0.81723299491|0.845732374976|0.841711345515|0.839872613029|0.806242851636|0.802831657502|0.806320854859|0.847805958808|0.840936656324|0.838073488525|0.861288108868|0.860850974377|0.855514077544|0.829012793923|0.820240266447|0.85385487362|0.819739817691|0.492032714795|0.513877005736|0.521275563921|0.531567770215|0.528251584911|0.521730788348|0.536266108209|0.539367437269|0.538818697861|0.508201017959|0.528085688178|0.528566670089|0.523208889685|0.540018534452|0.504237123832|0.274919655175|0.281730197323|0.273559133382|0.285055450962|0.287739103481|0.27939087942|0.0917807536299|1|1|1|1|1|1|1|1|1|1|1|1|1|1|1|1|1|1|1|1|1|1|1|1|1|1|1|1|1|1|1|1|1|1|1|1|1|1|1|1|1|1|1|1|1|1|1|1|1|1|1|1|1|1|1|1|1|1|1|1|1|1|1|1|0.785485797323|0.801088884884|0.797340714302|0.80740482837|0.905697513543|0.893737109317|0.889292928248|0.837014715173|0.826176452611|0.823336781049|0.872587508006|0.857359376624|0.85116456056|0.902670976881|0.899779299532|0.887931647413|0.856606387711|0.843567385828|0.888079583428|0.834425093776|0.836530023158|0.824078347286|0.83200106061|0.881906096095|0.877399080534|0.860597195796|0.871231314058|0.873406821495|0.866508405701|0.812414078073|0.843014745392|0.844940506989|0.836010163529|0.844221840272|0.789884180902|0.542111927529|0.595139036918|0.597285635327|0.569489819746|0.567907941103|0.560956319831|0.568758479823|0.565732260967|0.563830944284|0.519123968988|0.542316261213|0.547494684505|0.540069938408|0.545234609633|0.481850321082|0.528702239413|0.530195925838|0.52219575156|0.5314968641|0.513669525254|0.496816016632|0.239409982498|0.226057738311|0.22243655203|0.237214727035|0.232313942938|0.21769800856|0.214440607068|0.0382899805953
prefs_ra7_eis0p9_prtp0p005,10,2,delay_frontier,default,delayed,0|5|10|15|35|75|125|175|225,adjoint_lbfgsb,adjoint_lbfgsb,5,warm_start_perturbed,,7.648212206505814,7.649111366526479,0.0008991600206647021,True,True,False,False,value_and_gradient,7.649111366526479,782,782,526,45.48206806182861,CONVERGENCE: REL_REDUCTION_OF_F_<=_FACTR*EPSMCH,0|0|0|0.899285840812|0.700294234141|0.720314586699|0.500900834325|1|0.816943108796|0.836330765716|0.83720292279|0.608744398287|0.608926462278|0.619733463749|0.406641918641|1|0.964624634392|0.964858581616|0.969131323819|0.985050650597|0.708727121375|0.702700109014|0.696189078593|0.728130826029|0.725065225018|0.728594155901|0.468386331294|0.468962360612|0.479530207227|0.489020126828|0.28251960552|1|1|1|1|1|1|0.760036471903|0.796920884447|0.796038214212|0.786338487536|0.801878140386|0.809255316328|0.801873654052|0.788397919303|0.786294096551|0.786857423339|0.474162218107|0.474500320975|0.473974750277|0.498218635937|0.494376118658|0.497904804399|0.506868034374|0.502883371315|0.517604168221|0.513661148752|0.278641770678|0.279280101977|0.278961849687|0.295772954522|0.294483333512|0.128929014392|1|1|1|1|1|1|1|1|1|1|1|1|1|1|1|1|1|1|1|1|1|1|0.793864506432|0.824052843854|0.817569200904|0.81706384134|0.845241774846|0.841505521053|0.840048287209|0.80591307599|0.80244113634|0.805611337238|0.847518759832|0.841263463941|0.83813191081|0.860548818289|0.860870107291|0.854807590742|0.8267517548|0.821793982706|0.854239061262|0.819578665068|0.492623255047|0.514174197847|0.52151386874|0.531984885098|0.527588030922|0.520584249128|0.535645475816|0.539232379949|0.538893896162|0.507949128446|0.528033180147|0.528685557729|0.523289896489|0.53986148279|0.504261071407|0.278007214025|0.277824038238|0.273553377511|0.285215247057|0.286609729072|0.28000022391|0.086419491084|1|1|1|1|1|1|1|1|1|1|1|1|1|1|1|1|1|1|1|1|1|1|1|1|1|1|1|1|1|1|1|1|1|1|1|1|1|1|1|1|1|1|1|1|1|1|1|1|1|1|1|1|1|1|1|1|1|1|1|1|1|1|1|1|0.798861723667|0.789359155137|0.803454962067|0.808588080155|0.897511017052|0.890342463113|0.889788457081|0.834716092501|0.841063914662|0.823274666756|0.867762810961|0.85638418818|0.85562729181|0.901047445456|0.902235628931|0.892475065749|0.866781167394|0.837606583707|0.888579390289|0.831374876985|0.841464770423|0.83302773482|0.83001214974|0.878474182182|0.882724428631|0.866662119175|0.869566866718|0.872318281877|0.864457262561|0.814163060445|0.842758079895|0.843281916411|0.83680386676|0.846867460757|0.789692395072|0.540864611192|0.59936230525|0.599433505995|0.568513659738|0.569528280115|0.556241829907|0.567448078346|0.568895436171|0.563745230015|0.519871075772|0.545084596837|0.547748901638|0.53754741037|0.542579177889|0.490671627731|0.532214527697|0.530542629976|0.519446391651|0.528425483644|0.515326435592|0.498734627893|0.245985383511|0.246444137705|0.251768280713|0.227253129068|0.227142433587|0.217672440709|0.210663383507|0.018104000295
prefs_ra7_eis0p9_prtp0p005,10,2,delay_frontier,default,delayed,0|5|10|15|35|75|125|175|225,adjoint_lbfgsb,adjoint_lbfgsb,6,warm_start_perturbed,,7.648195294890602,7.649111369643762,0.0009160747531602453,True,True,False,False,value_and_gradient,7.649111369643762,1416,1416,871,81.64076566696167,CONVERGENCE: REL_REDUCTION_OF_F_<=_FACTR*EPSMCH,0|0|0|0.899305311255|0.700307739138|0.720362371582|0.500904573458|1|0.816873264386|0.836352071081|0.83718269199|0.608851276301|0.609024620746|0.619818447202|0.406712211432|1|0.964647887028|0.964758475141|0.96912508187|0.985083120765|0.708733939892|0.702498888537|0.696102829604|0.728124158935|0.72503841185|0.728585735662|0.468857057842|0.469121591792|0.479543547575|0.489027515857|0.282294020797|1|1|1|1|1|1|0.759898658565|0.796853032765|0.795900888357|0.78628065977|0.801918329767|0.809170233874|0.801860417787|0.788388974692|0.786322194011|0.786642772616|0.474244807396|0.475056785231|0.474258585262|0.498081233618|0.494547390791|0.4978987928|0.50680861339|0.503452826142|0.517620160737|0.513614341706|0.279278898202|0.279725190517|0.278758477405|0.295078965317|0.294244419116|0.130213862191|1|1|1|1|1|1|1|1|1|1|1|1|1|1|1|1|1|1|1|1|1|1|0.793845854838|0.823940436852|0.817322506677|0.817209416341|0.845299779915|0.842161004953|0.839929409286|0.806182858131|0.801985928175|0.805714016512|0.847941724978|0.841216047729|0.837938778889|0.860807828637|0.860972767288|0.854965442136|0.827284965733|0.821921873696|0.854835403547|0.820464369914|0.496042828936|0.514018040014|0.521461920432|0.526850764635|0.527751225766|0.521537752163|0.536077144203|0.539232628875|0.538818369061|0.507534228724|0.527981509722|0.527423810526|0.523457366817|0.540094292993|0.503019936117|0.27706247038|0.280162946319|0.272939812386|0.284774104734|0.288678731047|0.277317871668|0.0826653972713|1|1|1|1|1|1|1|1|1|1|1|1|1|1|1|1|1|1|1|1|1|1|1|1|1|1|1|1|1|1|1|1|1|1|1|1|1|1|1|1|1|1|1|1|1|1|1|1|1|1|1|1|1|1|1|1|1|1|1|1|1|1|1|1|0.800394650381|0.807507956539|0.805588245657|0.811149643047|0.904174849059|0.893083116546|0.883391739459|0.830160783936|0.83854212002|0.825897879255|0.865332484854|0.859254702915|0.849834322829|0.903469239417|0.89762694661|0.890454649024|0.858275201446|0.831165575947|0.886200455616|0.831396740809|0.838460608332|0.829266108731|0.837473386932|0.881015562924|0.881800684973|0.868199620196|0.870115844363|0.872305151431|0.868442582153|0.8090686766|0.842711713655|0.844720503913|0.835050326262|0.847036319695|0.779674915085|0.527130282182|0.596714394032|0.594429211313|0.566075313138|0.568002410041|0.560787014123|0.567201951808|0.566246443165|0.561785299112|0.516020709354|0.541385368482|0.546580164245|0.54092326503|0.542080282388|0.484580756944|0.528275508993|0.526365445976|0.517908629991|0.526518024485|0.512818392365|0.499790413519|0.238458953369|0.233818486174|0.232632379113|0.220120214656|0.228949259332|0.219328218484|0.212543453791|0.0192061534492
prefs_ra7_eis0p9_prtp0p005,10,2,delay_frontier,default,delayed,0|5|10|15|35|75|125|175|225,adjoint_lbfgsb,adjoint_lbfgsb,7,warm_start_perturbed,,7.648168644660881,7.649111368692287,0.0009427240314057173,True,True,False,False,value_and_gradient,7.649111368692287,1277,1277,722,73.34213662147522,CONVERGENCE: REL_REDUCTION_OF_F_<=_FACTR*EPSMCH,0|0|0|0.89930283293|0.70026471847|0.720326023093|0.500955610206|1|0.816929979605|0.836311438101|0.837226629226|0.608769318631|0.609046611842|0.619752532842|0.40665335482|1|0.964627648001|0.964798183857|0.969134440025|0.985103638391|0.708725875749|0.702594661326|0.696159122223|0.728131427204|0.72506079013|0.72860024233|0.468431081084|0.46910835353|0.479507656596|0.489034974525|0.28234753224|1|1|1|1|1|1|0.759815004198|0.796932807189|0.79601675614|0.78634164711|0.801905929684|0.809365915588|0.801868728659|0.788323290332|0.786315926008|0.786717985611|0.474383407552|0.474507950629|0.473926663585|0.498114513515|0.494123116945|0.497909867147|0.507188098446|0.503397016691|0.517423697073|0.513651061796|0.279378522451|0.279507289951|0.27869525868|0.296035035808|0.294287099655|0.130483312753|1|1|1|1|1|1|1|1|1|1|1|1|1|1|1|1|1|1|1|1|1|1|0.794206744979|0.823741317983|0.81710834153|0.817108856305|0.845265526769|0.841696166064|0.840124654301|0.806143228934|0.80194164393|0.805276013509|0.847852874265|0.841264693925|0.837901227493|0.860980901205|0.860349190913|0.85465376726|0.826026602753|0.821097203372|0.854149342996|0.819885923434|0.49234431696|0.514706910126|0.521305314219|0.531354380104|0.527596930131|0.521840762659|0.535702421983|0.539293926474|0.538671604164|0.508090156623|0.52788501403|0.528276898996|0.523067831292|0.539984947038|0.504477712554|0.278135274262|0.276842636094|0.27227061371|0.285424422794|0.28735724621|0.279780822636|0.0897046689066|1|1|1|1|1|1|1|1|1|1|1|1|1|1|1|1|1|1|1|1|1|1|1|1|1|1|1|1|1|1|1|1|1|1|1|1|1|1|1|1|1|1|1|1|1|1|1|1|1|1|1|1|1|1|1|1|1|1|1|1|1|1|1|1|0.799906071976|0.813852470369|0.80967140504|0.81740848317|0.902575854571|0.894548353669|0.896800665085|0.83037359645|0.833281671138|0.825813476841|0.871007582088|0.852735427173|0.856451310969|0.902818922908|0.900870138215|0.888245413377|0.866596030315|0.833952096452|0.887087138245|0.833824432088|0.838159021918|0.823180575191|0.826355726161|0.881092342843|0.885711982366|0.870255138101|0.871250339784|0.873276335033|0.866454425417|0.811455339937|0.844462000444|0.84520642338|0.835760090521|0.84417579437|0.787032080953|0.540900017827|0.597707442079|0.601012118791|0.56812621505|0.568585526843|0.56105241422|0.566061414242|0.567257799345|0.564128219703|0.506797502746|0.545160300913|0.544728551448|0.539480845047|0.541461873463|0.492034135873|0.523916251452|0.527518748255|0.518820943117|0.528658599451|0.505538425622|0.50315266004|0.242819054339|0.229338079212|0.237629684902|0.218415778317|0.221261880186|0.216436954893|0.20862859681|0.0200080889565
prefs_ra7_eis0p9_prtp0p005,5,1,delay_frontier,default,delayed,0|5|10|15|35|75|125|175|225,adjoint_lbfgsb,adjoint_lbfgsb,0,warm_start,,7.661636381483394,7.661672217024981,3.5835541587481146e-05,True,True,False,False,value_and_gradient,7.661672217024981,1166,1166,746,68.20011043548584,CONVERGENCE: REL_REDUCTION_OF_F_<=_FACTR*EPSMCH,0|0.761413685706|0.577201026461|0.892512173827|0.688149863189|0.710841858889|0.489396109519|1|0.80955273081|0.830183061951|0.832851679147|0.596235636383|0.598911508164|0.612374444513|0.39523818818|1|0.972673090299|0.967970868328|0.972519282685|0.987837397334|0.699999985846|0.69540746373|0.692434634829|0.722388289252|0.720381917869|0.728728109786|0.454721648466|0.460192818256|0.471731956307|0.47804181028|0.270888432546|1|1|1|1|1|1|0.771581140152|0.785915173228|0.798152194909|0.789714975951|0.787716359207|0.794058148786|0.793995876349|0.799847848984|0.79365142428|0.791099148336|0.488460599725|0.484535250348|0.480227300193|0.477049116511|0.483187882691|0.493453003422|0.491665650655|0.497393624463|0.499651496662|0.516490942333|0.29036271271|0.287946406089|0.287506549792|0.279059861646|0.289170463619|0.122103962924|1|1|1|1|1|1|1|1|1|1|1|1|1|1|1|1|1|1|1|1|1|1|0.778640479039|0.768184224172|0.803080846199|0.821151142594|0.79837920452|0.795995545591|0.806562502853|0.836156269839|0.825278385388|0.81622155521|0.877121704351|0.870837798466|0.86245381327|0.836006948545|0.82936507571|0.83543988119|0.832251592909|0.826843974202|0.819770757751|0.843362964827|0.512401712383|0.506903315148|0.505455172379|0.526544913396|0.552242082004|0.547475889924|0.503370461763|0.508337529944|0.528401573246|0.52748357974|0.552900474741|0.547331677655|0.542628755069|0.512127386641|0.523321868386|0.303110830508|0.286330557784|0.281933960173|0.301620993338|0.265113667301|0.259729949187|0.0971210980696|1|1|1|1|1|1|1|1|1|1|1|1|1|1|1|1|1|1|1|1|1|1|1|1|1|1|1|1|1|1|1|1|1|1|1|1|1|1|1|1|1|1|1|1|1|1|1|1|1|1|1|1|1|1|1|1|1|1|1|1|1|1|1|1|0.541192283869|0.68586366814|0.734897319464|0.738690827656|0.807423668048|0.801729385635|0.79443201153|0.881297936474|0.871131988666|0.862702064749|0.891755673183|0.88884669849|0.885691882216|0.8478820912|0.839118132262|0.832501922885|0.853010146409|0.845894975519|0.839569962074|0.87795568988|0.884037872853|0.874898997062|0.864942726501|0.833617063397|0.913629988019|0.910593927434|0.831537362519|0.823921500792|0.821333237527|0.829064061922|0.899612962471|0.891547826785|0.883336280635|0.797862401703|0.784210563335|0.569956971781|0.55899784098|0.559039553949|0.577363205256|0.574217646126|0.569078369238|0.546088069743|0.540448689972|0.578777108326|0.549361531934|0.57439410205|0.565730943502|0.561680239222|0.525310269292|0.515668457822|0.558620214969|0.563798126387|0.556425638902|0.551669427085|0.500977635912|0.484191303987|0.264159680351|0.260546503643|0.251538600039|0.235938903778|0.217405899583|0.208522693653|0.218905701724|0.0281957378419
prefs_ra7_eis0p9_prtp0p005,5,1,delay_frontier,default,delayed,0|5|10|15|35|75|125|175|225,adjoint_lbfgsb,adjoint_lbfgsb,1,structured_ramp,,7.577898227818588,7.661671667362018,0.08377343954342997,True,True,False,False,value_and_gradient,7.661671667362018,604,604,407,35.54643964767456,CONVERGENCE: REL_REDUCTION_OF_F_<=_FACTR*EPSMCH,0|0.761425472457|0.577156421405|0.892418785676|0.688199374497|0.71081653764|0.489115517201|1|0.809573736575|0.830344188834|0.8329986574|0.595932878197|0.598999528144|0.612257623763|0.39481999237|1|0.972686332372|0.967896867966|0.972372889075|0.987657196246|0.699999999912|0.695504483084|0.692351186436|0.722324869895|0.720402101576|0.728321902718|0.454998305462|0.460165319622|0.471439712882|0.477911039612|0.270838398396|1|1|1|1|1|1|0.772157543005|0.786075228642|0.798714091696|0.7892836862|0.786792349585|0.792853203644|0.793781592588|0.79981108376|0.793647920911|0.791603225296|0.489225558815|0.485138631493|0.480393331187|0.477926541819|0.483997887892|0.491767407699|0.490441556796|0.497280861547|0.499597928067|0.516043250403|0.289837009297|0.286620346465|0.286080484239|0.279533003754|0.290700799419|0.119505673791|1|1|1|1|1|1|1|1|1|1|1|1|1|1|1|1|1|1|1|1|1|1|0.779193936261|0.765320240269|0.799868024431|0.822181054853|0.796836660622|0.793888918804|0.804160697046|0.83353531409|0.82313651043|0.814365308261|0.875650183733|0.869252517142|0.859960673626|0.834005727176|0.827404783845|0.840426005842|0.834506317663|0.829148396615|0.821861883616|0.844553660053|0.517566581638|0.513232073583|0.511486294389|0.519544459036|0.545583117668|0.541066258428|0.503331333483|0.505029939426|0.526807347212|0.524756768926|0.5522343997|0.546995145486|0.541797197899|0.508985857124|0.521236367769|0.300005188214|0.296083851217|0.292069303996|0.301497121036|0.272058286931|0.26351016112|0.0969292085851|1|1|1|1|1|1|1|1|1|1|1|1|1|1|1|1|1|1|1|1|1|1|1|1|1|1|1|1|1|1|1|1|1|1|1|1|1|1|1|1|1|1|1|1|1|1|1|1|1|1|1|1|1|1|1|1|1|1|1|1|1|1|1|1|0.702038181872|0.723346410348|0.796009718038|0.831930072577|0.811039664416|0.807604814623|0.80593857707|0.881325195179|0.871804599817|0.863636235115|0.902614059388|0.894859211314|0.885727899167|0.849027581652|0.839769158936|0.832496041802|0.858949572282|0.84996630397|0.840614763004|0.861947279602|0.88423649205|0.875303452452|0.865381302782|0.840839699811|0.911104899974|0.902234053553|0.829504221197|0.82094157228|0.813013567257|0.829839641819|0.877247792472|0.87269255442|0.861613095384|0.791356149972|0.783566709651|0.651610999598|0.641578491588|0.63288366522|0.632274428559|0.633642544491|0.627929326599|0.563000655634|0.555466637741|0.567276182448|0.533986421378|0.580510636693|0.572083326901|0.562395950579|0.500059770254|0.463925422452|0.561792255851|0.552106895124|0.542075481217|0.503684347336|0.439667934958|0.414457961691|0.389758289242|0.380897450775|0.371630334606|0.319149756754|0.251876370263|0.228289390383|0.224680678119|0.144859251628
prefs_ra7_eis0p9_prtp0p005,5,1,delay_frontier,default,delayed,0|5|10|15|35|75|125|175|225,adjoint_lbfgsb,adjoint_lbfgsb,2,structured_sigmoid,,7.554061908709928,7.661671781591082,0.10760987288115409,True,True,False,False,value_and_gradient,7.661671781591082,951,951,625,55.75889587402344,CONVERGENCE: REL_REDUCTION_OF_F_<=_FACTR*EPSMCH,0|0.76130234747|0.577195856707|0.89245595847|0.688205062739|0.710998500776|0.489630938382|1|0.809595555033|0.830107383219|0.833079186035|0.596207168227|0.598914741316|0.612519909406|0.395745828923|1|0.97275606114|0.967912653671|0.972594512266|0.988033564867|0.700000682132|0.695533659216|0.69252088858|0.722436795435|0.720510924829|0.72876932933|0.454750353905|0.460178795877|0.471836433289|0.478014836526|0.270645278051|1|1|1|1|1|1|0.772422992285|0.78594963829|0.79799788558|0.787669672214|0.78698935005|0.793085579635|0.793834712711|0.799344535964|0.792916601824|0.790507246408|0.489140841726|0.485050629907|0.480442560546|0.477025370651|0.484185944264|0.49155773915|0.491173937341|0.496230831914|0.498791793645|0.516386226124|0.290402137881|0.287895028737|0.287242112087|0.279953989076|0.292594341912|0.121369304353|1|1|1|1|1|1|1|1|1|1|1|1|1|1|1|1|1|1|1|1|1|1|0.778178412352|0.762602863015|0.802958248826|0.822749217251|0.795169299312|0.793314293099|0.807060875585|0.83637441359|0.825798638911|0.817024372555|0.878439480759|0.872126251128|0.862880975313|0.836525318005|0.830045140557|0.837763636981|0.833706642296|0.828039774001|0.820796176678|0.83884517932|0.511446477674|0.506780774931|0.504749227886|0.52578212965|0.544219830667|0.539093872597|0.502885659884|0.508897874966|0.531229194479|0.528654697645|0.555819939961|0.550122390678|0.545300367133|0.513615398382|0.523158976777|0.291368935832|0.286822963815|0.281970866798|0.284474816746|0.258895777404|0.251448405746|0.0887313106869|1|1|1|1|1|1|1|1|1|1|1|1|1|1|1|1|1|1|1|1|1|1|1|1|1|1|1|1|1|1|1|1|1|1|1|1|1|1|1|1|1|1|1|1|1|1|1|1|1|1|1|1|1|1|1|1|1|1|1|1|1|1|1|1|0.715309116223|0.724118847721|0.800270600295|0.840899834809|0.816914661037|0.811110683133|0.805518889189|0.881306628116|0.870957309015|0.862252887341|0.904329328656|0.895700999785|0.88560218785|0.846609517415|0.8369660975|0.829813313701|0.853431938583|0.844962331553|0.836364874974|0.856370052781|0.88365225171|0.874318361307|0.863930282368|0.844107209503|0.905016612945|0.897718755028|0.827503702506|0.819656255657|0.814645160777|0.830217921709|0.877668617862|0.869752802907|0.860567098689|0.796763300909|0.793891630681|0.64214383688|0.631859790708|0.622938988375|0.622989644576|0.625370873392|0.620612649341|0.557218129466|0.550011837395|0.574844480119|0.534486563517|0.579399900346|0.571185721423|0.562573229226|0.503286803481|0.474837753885|0.562137550217|0.553263918918|0.544521244622|0.51736147664|0.454921748421|0.432291482287|0.373264957094|0.364930214207|0.356639620861|0.307976695533|0.245114990753|0.224109526295|0.226406096863|0.134890508832
prefs_ra7_eis0p9_prtp0p005,5,1,delay_frontier,default,delayed,0|5|10|15|35|75|125|175|225,adjoint_lbfgsb,adjoint_lbfgsb,3,structured_constant,,7.640459156052357,7.661671916209546,0.02121276015718898,True,True,False,False,value_and_gradient,7.661671916209546,683,683,470,40.29074454307556,CONVERGENCE: REL_REDUCTION_OF_F_<=_FACTR*EPSMCH,0|0.761401884076|0.5769727802|0.892405166338|0.688101647041|0.710955856539|0.489262142541|1|0.809583247184|0.830158204136|0.833131424078|0.596163197736|0.598879959087|0.612471209959|0.395214681436|1|0.972612439916|0.967784153824|0.972552841427|0.987735678858|0.699999999305|0.695332681662|0.692444939151|0.722332664348|0.720422757848|0.728675045287|0.454262397765|0.4602495787|0.471725450754|0.47815810985|0.270562502977|1|1|1|1|1|1|0.772406735836|0.786517387529|0.797758379034|0.789202423645|0.787208355195|0.792898103397|0.793443291419|0.799947212863|0.793753102262|0.791772471527|0.488796649003|0.484547081084|0.479785495173|0.477378159733|0.483972285391|0.492198495051|0.490950229528|0.498480383442|0.499599853303|0.517146736189|0.291318366388|0.28870893792|0.287990043146|0.277897819872|0.288811301663|0.120013470445|1|1|1|1|1|1|1|1|1|1|1|1|1|1|1|1|1|1|1|1|1|1|0.777907084432|0.766977292283|0.800735461951|0.821550280796|0.796661435264|0.794611810573|0.806887630468|0.835172829266|0.824846675359|0.816244037745|0.876206025717|0.869979568525|0.86102417233|0.83551257697|0.828962310951|0.837670751332|0.834433764767|0.82885708516|0.821594125896|0.842098657663|0.515015159446|0.510312676787|0.508410744731|0.525256746731|0.541797112745|0.537439539313|0.499418944652|0.507912389824|0.530153375603|0.524965085086|0.551310647931|0.546383331797|0.541515068904|0.510053660874|0.526505602492|0.29966575406|0.294981602459|0.290389728184|0.290575705969|0.263987052972|0.254517910281|0.103517286932|1|1|1|1|1|1|1|1|1|1|1|1|1|1|1|1|1|1|1|1|1|1|1|1|1|1|1|1|1|1|1|1|1|1|1|1|1|1|1|1|1|1|1|1|1|1|1|1|1|1|1|1|1|1|1|1|1|1|1|1|1|1|1|1|0.671789999364|0.688853488242|0.80684527536|0.820849035844|0.801618161091|0.796803811104|0.798794650945|0.884572567898|0.874934047196|0.866856632813|0.905367208335|0.89765263815|0.88877098192|0.8527721307|0.843498049792|0.836034284201|0.872822603528|0.864154369564|0.855361656101|0.883053699092|0.886842072643|0.878266593782|0.868701023877|0.863741738925|0.926379228229|0.917451378574|0.845888155089|0.837766130029|0.837423307828|0.854370355544|0.910352197276|0.898534479411|0.887529959364|0.817942547609|0.814872253058|0.619892000478|0.611564444846|0.604024597526|0.612780734454|0.615936386534|0.610359490039|0.552110469897|0.545677535976|0.569217941047|0.534638158711|0.579603337918|0.570613735188|0.562085787355|0.504688904253|0.478369708726|0.562163766871|0.553234908813|0.54456465119|0.505584469066|0.458194551632|0.43570583532|0.366853592231|0.359282155931|0.351703591258|0.309745733101|0.250152008846|0.230425301731|0.232049881706|0.139734081625
prefs_ra7_eis0p9_prtp0p005,5,1,delay_frontier,default,delayed,0|5|10|15|35|75|125|175|225,adjoint_lbfgsb,adjoint_lbfgsb,4,warm_start_perturbed,,7.66084105997927,7.661672161279207,0.0008311012999371314,True,True,False,False,value_and_gradient,7.661672161279207,1425,1425,726,81.97442579269409,CONVERGENCE: REL_REDUCTION_OF_F_<=_FACTR*EPSMCH,0|0.761416286244|0.577334520882|0.892352613791|0.688152790738|0.710875855499|0.489243156703|1|0.809593088609|0.830083109771|0.833009099387|0.596148163723|0.598844432544|0.612349958783|0.395041394099|1|0.972643052431|0.967771537607|0.972538026284|0.987889681332|0.700000000089|0.695386642336|0.692434644909|0.722288598488|0.72041626316|0.728581085682|0.454535924007|0.460212981853|0.47117740752|0.47805938976|0.271154798221|1|1|1|1|1|1|0.772202877747|0.787798240248|0.798535765859|0.789905054197|0.786741581546|0.792848925784|0.793812015274|0.799875650053|0.793648564431|0.791563529746|0.489700105649|0.484023225066|0.480083957317|0.477487276263|0.484018186725|0.492563194206|0.490993438488|0.497638067982|0.500094191195|0.516488604792|0.290567666492|0.288745949821|0.287594629665|0.278940319789|0.289425307685|0.120907092943|1|1|1|1|1|1|1|1|1|1|1|1|1|1|1|1|1|1|1|1|1|1|0.777531341623|0.770855904481|0.802710327481|0.819901391301|0.796359679501|0.794309299077|0.806643722947|0.836683434652|0.825432157023|0.816198479843|0.878363733728|0.871865761643|0.863195965693|0.836663419314|0.82969618299|0.837712683902|0.834539042748|0.828775811871|0.821786069843|0.841509511256|0.51689493441|0.510733528267|0.513760197781|0.524923574239|0.544359388928|0.544416692999|0.507215750568|0.504310813077|0.529797163564|0.528010188837|0.554580420359|0.546371587496|0.544963597139|0.510756190043|0.522713964266|0.304321382157|0.308809406379|0.283152583753|0.297308114292|0.269004297182|0.260669821047|0.100252158352|1|1|1|1|1|1|1|1|1|1|1|1|1|1|1|1|1|1|1|1|1|1|1|1|1|1|1|1|1|1|1|1|1|1|1|1|1|1|1|1|1|1|1|1|1|1|1|1|1|1|1|1|1|1|1|1|1|1|1|1|1|1|1|1|0.564737117173|0.670402221255|0.716670625285|0.736206067456|0.803215603617|0.802351793058|0.790005460301|0.881289147009|0.868574234196|0.859491003142|0.882128494478|0.895582352035|0.885868769333|0.840783256731|0.838184328875|0.825710759827|0.870236039994|0.846118826858|0.850732665992|0.893430099137|0.883407913935|0.875175124546|0.861566447671|0.842873298666|0.91707836031|0.913740359096|0.828970534939|0.832113056928|0.813906329276|0.820926581146|0.89888977004|0.883766610933|0.867600555813|0.808537989285|0.816204430713|0.583623406776|0.556733890889|0.579845561868|0.606609564329|0.583730814443|0.541347346145|0.529825346654|0.527818605922|0.562520440473|0.55205223188|0.55046699494|0.562163488239|0.565587083952|0.518416222865|0.515456646438|0.563412812101|0.55835380931|0.554667337465|0.55368695649|0.500724546734|0.482800779299|0.278813832934|0.281059162776|0.249384560411|0.215598262624|0.162567857002|0.206078035321|0.223222832831|0.0111004732136
prefs_ra7_eis0p9_prtp0p005,5,1,delay_frontier,default,delayed,0|5|10|15|35|75|125|175|225,adjoint_lbfgsb,adjoint_lbfgsb,5,warm_start_perturbed,,7.66078155527157,7.661672134592418,0.0008905793208482393,True,True,False,False,value_and_gradient,7.661672134592418,1200,1200,731,69.9133791923523,CONVERGENCE: REL_REDUCTION_OF_F_<=_FACTR*EPSMCH,0|0.761564387259|0.577168178876|0.892416983169|0.688112775507|0.710880318117|0.489306175693|1|0.809538921368|0.830147056673|0.832914229363|0.596070631563|0.599053719298|0.612138716147|0.395348209842|1|0.972729340886|0.968202134113|0.972511139693|0.987907232586|0.699997795072|0.695373448603|0.692417048577|0.722361360806|0.720424750584|0.728646607721|0.454687782624|0.460073639795|0.471753849527|0.478092236805|0.271122573474|1|1|1|1|1|1|0.77201178728|0.787030245038|0.797927096538|0.790519626259|0.78680281084|0.792870237674|0.79392230194|0.79969552549|0.793679492015|0.791487738539|0.488753873975|0.484735009355|0.479441869412|0.477406617046|0.48515327243|0.491589824647|0.490875599331|0.498006947339|0.500162257126|0.516353407617|0.29081193499|0.288461640757|0.287322442432|0.278725319117|0.28908883444|0.118943327461|1|1|1|1|1|1|1|1|1|1|1|1|1|1|1|1|1|1|1|1|1|1|0.779436955884|0.771004009485|0.800586292546|0.81928491685|0.796241334532|0.794974705286|0.806488060333|0.836898838264|0.825415810383|0.816538255101|0.878727424577|0.872279600815|0.862242173131|0.836177845119|0.82959925856|0.838586542613|0.835016973079|0.830391363275|0.822561105307|0.840945197631|0.516722861251|0.511358019709|0.512321070087|0.521841122328|0.545914141265|0.540074128151|0.502177093102|0.505283955519|0.526777296945|0.526707329035|0.549532247282|0.549204921758|0.540991711881|0.510623231684|0.521420468817|0.295861220187|0.291001551034|0.285440091813|0.29674332548|0.269457491315|0.26491720975|0.09936282084|1|1|1|1|1|1|1|1|1|1|1|1|1|1|1|1|1|1|1|1|1|1|1|1|1|1|1|1|1|1|1|1|1|1|1|1|1|1|1|1|1|1|1|1|1|1|1|1|1|1|1|1|1|1|1|1|1|1|1|1|1|1|1|1|0.510084454567|0.668313018896|0.704077117887|0.740500309686|0.823584511204|0.820585096973|0.801971327482|0.885086331886|0.884411110632|0.857397635139|0.873579119913|0.861384622695|0.861193325199|0.846700147365|0.845132640513|0.84395945122|0.860988220557|0.851568338359|0.846510731328|0.861627346552|0.898673725132|0.865309962864|0.861942300518|0.842841946456|0.90225607097|0.902095407805|0.839155818749|0.831454195305|0.827554707172|0.835386611369|0.888878488765|0.876491177444|0.871957022241|0.794229834769|0.802154431167|0.57906175931|0.556793333234|0.590913441822|0.582799216428|0.56037112887|0.554562691978|0.549958475825|0.561082724682|0.562392794363|0.553730369356|0.568842050089|0.59033383548|0.556828188218|0.550667909874|0.524578940993|0.584148480284|0.559592505619|0.551946269745|0.562471003906|0.507818587225|0.498585124951|0.282695581994|0.237750086794|0.265004943679|0.232136211876|0.209704615521|0.196047680442|0.24173442058|0.0180747764121
prefs_ra7_eis0p9_prtp0p005,5,1,delay_frontier,default,delayed,0|5|10|15|35|75|125|175|225,adjoint_lbfgsb,adjoint_lbfgsb,6,warm_start_perturbed,,7.660747375136312,7.6616721961629795,0.0009248210266674661,True,True,False,False,value_and_gradient,7.6616721961629795,982,982,647,57.61580562591553,CONVERGENCE: REL_REDUCTION_OF_F_<=_FACTR*EPSMCH,0|0.761490162952|0.577030527747|0.89256683198|0.68825514869|0.710639169938|0.489660157238|1|0.809519490092|0.83022970512|0.83294204194|0.596153730738|0.598908612747|0.612087786509|0.395421896811|1|0.972719477737|0.967932584165|0.972432641912|0.987669882214|0.699998943702|0.695388583773|0.692430479447|0.72235772445|0.720484194095|0.728632533622|0.454839900191|0.460276566748|0.471795374834|0.477885225709|0.270822426675|1|1|1|1|1|1|0.77180790946|0.786331630674|0.798369299838|0.789028201109|0.786242513086|0.792536718566|0.793553354975|0.800192100093|0.793748747395|0.79068051986|0.489336983335|0.485257930111|0.480627626464|0.477203077127|0.484373179989|0.492839704536|0.491041811434|0.49739391209|0.500028987239|0.516260875175|0.290944940618|0.288266793185|0.287942319689|0.279735589308|0.289065044673|0.120615077853|1|1|1|1|1|1|1|1|1|1|1|1|1|1|1|1|1|1|1|1|1|1|0.777466496137|0.768866672298|0.80029005681|0.823028081718|0.796524253216|0.793913334721|0.804406177659|0.83670137024|0.825669354411|0.815656949641|0.87866938032|0.876722551676|0.863720333183|0.837914823375|0.828847073241|0.837860906067|0.834766709935|0.828975937659|0.82246777014|0.839681253058|0.51600278571|0.511754393234|0.51001332712|0.522449776242|0.547573779812|0.53968792343|0.505253160054|0.504606341199|0.529828574388|0.525681711161|0.549935881977|0.547006545062|0.544191583343|0.51100356449|0.521411002294|0.2965889644|0.285566349438|0.289975335275|0.296569089137|0.269973419908|0.266532941129|0.0804692664907|1|1|1|1|1|1|1|1|1|1|1|1|1|1|1|1|1|1|1|1|1|1|1|1|1|1|1|1|1|1|1|1|1|1|1|1|1|1|1|1|1|1|1|1|1|1|1|1|1|1|1|1|1|1|1|1|1|1|1|1|1|1|1|1|0.480614792063|0.681971452659|0.735264837353|0.764167639198|0.814927245885|0.799488459448|0.800163798986|0.880913133409|0.862753819161|0.863543363486|0.902966665982|0.880113631996|0.885164878798|0.840482072769|0.840238341146|0.834353169076|0.846635436496|0.820887774682|0.850274882136|0.863491404261|0.88401317856|0.875087090122|0.861473437144|0.832880874986|0.915707758222|0.908250856868|0.831980530216|0.829238237206|0.80507854552|0.826810771893|0.898801119176|0.886775966564|0.894354860234|0.827193749954|0.786472891197|0.56370600362|0.593528686212|0.539477280627|0.585762698327|0.574792109717|0.581364712762|0.547554372323|0.530370272088|0.5734205446|0.551534817677|0.579012548569|0.564491078993|0.561625875392|0.528970995931|0.515599675807|0.565389685964|0.561595653138|0.563210797728|0.551738251184|0.499555548412|0.482897096121|0.285516304272|0.25222105834|0.249184874134|0.24023615872|0.222526566804|0.219046184219|0.203275785892|0.0111077326038
prefs_ra7_eis0p9_prtp0p005,5,1,delay_frontier,default,delayed,0|5|10|15|35|75|125|175|225,adjoint_lbfgsb,adjoint_lbfgsb,7,warm_start_perturbed,,7.660662924364628,7.661672211971462,0.0010092876068341639,True,True,False,False,value_and_gradient,7.661672211971462,885,885,592,51.97273564338684,CONVERGENCE: REL_REDUCTION_OF_F_<=_FACTR*EPSMCH,0|0.761335385822|0.577301932215|0.892443686992|0.688194895765|0.711069192295|0.489435206258|1|0.809597036041|0.830124901775|0.833120723573|0.596307685744|0.59899969718|0.612413710593|0.395474945766|1|0.972744295453|0.968073833509|0.972542691375|0.988047622148|0.69999415398|0.695392722306|0.692409847017|0.722550808425|0.720477683949|0.728661088537|0.454614881054|0.460049906708|0.471698637699|0.478182151804|0.271320691852|1|1|1|1|1|1|0.772306474752|0.786502727292|0.797844703061|0.790045600789|0.786793625055|0.792604196285|0.79420071247|0.799361561412|0.793745153244|0.791484839421|0.488609320855|0.484931694652|0.480717549536|0.476492704925|0.483940142608|0.491856207831|0.490120116357|0.49742116498|0.500610778666|0.516348593537|0.290673082637|0.288331652517|0.287824941496|0.278626847081|0.290017141197|0.121249474382|1|1|1|1|1|1|1|1|1|1|1|1|1|1|1|1|1|1|1|1|1|1|0.782170925869|0.772634490357|0.803737513772|0.818452526654|0.796500880086|0.794559775802|0.804145420991|0.835970417275|0.825402113199|0.816614093918|0.878687013295|0.872117671666|0.862652175996|0.835923276376|0.829665020524|0.838097949131|0.836189410404|0.830696310904|0.822991316063|0.836772873834|0.51629556955|0.511687021401|0.510348935416|0.522587081735|0.545945417763|0.534700214556|0.50538922744|0.506909713382|0.526559508328|0.529553223439|0.554177739889|0.545005949857|0.535608259953|0.513178578249|0.52194541455|0.298733815516|0.299577829151|0.285201246285|0.297244463444|0.270182927558|0.262487880889|0.0963872843147|1|1|1|1|1|1|1|1|1|1|1|1|1|1|1|1|1|1|1|1|1|1|1|1|1|1|1|1|1|1|1|1|1|1|1|1|1|1|1|1|1|1|1|1|1|1|1|1|1|1|1|1|1|1|1|1|1|1|1|1|1|1|1|1|0.574313493844|0.667879018568|0.758365588055|0.74794667229|0.812812170896|0.820823781507|0.813217509568|0.880581111433|0.872939095656|0.862108262209|0.878888395432|0.8847702118|0.884272286897|0.848220131724|0.841033737288|0.833971403546|0.84073283714|0.848727045776|0.847970559257|0.859163720024|0.884109860959|0.869715506703|0.864966017908|0.846004247697|0.911384512944|0.904435783883|0.829588752322|0.820034451316|0.824529804862|0.831591359318|0.907295196812|0.856109225746|0.870158087581|0.808392658565|0.808399729407|0.555014991099|0.583481951963|0.581054284055|0.575665282022|0.611879732818|0.595651744066|0.544878266209|0.555578180735|0.595577511648|0.549631722889|0.569662769183|0.565070867638|0.546829676286|0.513189997641|0.517504934376|0.564561940867|0.567393682881|0.551288498885|0.537503902836|0.500207879359|0.484723156061|0.235248476831|0.290496539599|0.262030491257|0.272743430246|0.243765450175|0.19026831559|0.241174832549|0.0103624908905
