sample_index,scenario_name,delay_year,task_id,run_type,comparison_type,partial_mitigation_pct,partial_mitigation_value,decision_times_optimal,decision_times_partial,ra,eis,pref,tech_chg,tech_scale,bs_premium,growth,baseline_num,dam_func,tip_on,d_unc,t_unc,no_free_lunch,u_optimal,u_partial,utility_loss,m_opt_2025,m_partial_2025,T_opt_2025,T_partial_2025,conc_opt_2025,conc_partial_2025,dam_opt_2025,dam_partial_2025,price_opt_2025,price_partial_2025,m_opt_2030,m_partial_2030,T_opt_2030,T_partial_2030,conc_opt_2030,conc_partial_2030,dam_opt_2030,dam_partial_2030,price_opt_2030,price_partial_2030,m_opt_2035,m_partial_2035,T_opt_2035,T_partial_2035,conc_opt_2035,conc_partial_2035,dam_opt_2035,dam_partial_2035,price_opt_2035,price_partial_2035,m_opt_2040,m_partial_2040,T_opt_2040,T_partial_2040,conc_opt_2040,conc_partial_2040,dam_opt_2040,dam_partial_2040,price_opt_2040,price_partial_2040,m_opt_2060,m_partial_2060,T_opt_2060,T_partial_2060,conc_opt_2060,conc_partial_2060,dam_opt_2060,dam_partial_2060,price_opt_2060,price_partial_2060,m_opt_2100,m_partial_2100,T_opt_2100,T_partial_2100,conc_opt_2100,conc_partial_2100,dam_opt_2100,dam_partial_2100,price_opt_2100,price_partial_2100,m_opt_2150,m_partial_2150,T_opt_2150,T_partial_2150,conc_opt_2150,conc_partial_2150,dam_opt_2150,dam_partial_2150,price_opt_2150,price_partial_2150,m_opt_2200,m_partial_2200,T_opt_2200,T_partial_2200,conc_opt_2200,conc_partial_2200,dam_opt_2200,dam_partial_2200,price_opt_2200,price_partial_2200,m_opt_2250,m_partial_2250,T_opt_2250,T_partial_2250,conc_opt_2250,conc_partial_2250,dam_opt_2250,dam_partial_2250,price_opt_2250,price_partial_2250
0,damage0,10,42,partial_mitigation,fixed_learning_grid,100,1.0,0|5|10|15|35|75|125|175|225,0|5|10|15|35|75|125|175|225,7.0,0.9,0.005,1.5,1.5,10000.0,0.015,2,0,1,1,1,True,7.671834721095598,7.671834721095598,0.0,0.0,0.0,1.4196,1.4196,425.6,425.6,0.0,0.0,204.19799759450225,204.19799759450225,0.6275830038288546,0.6275830038288546,1.4610124782599985,1.4610124782599985,432.49244944776257,432.49244944776257,0.0002224825673246377,0.0002224825673246377,210.39832717579554,210.39832717579554,0.6403825978844505,0.6403825978844505,1.5004211068193687,1.5004211068193687,436.786995570137,436.786995570137,0.0004245606383915986,0.0004245606383915986,213.0131545513333,213.0131545513333,0.6560599836724377,0.6560599836724377,1.5362969624735003,1.5362969624735003,439.6855631724741,439.6855631724741,0.0006085762071466915,0.0006085762071466915,203.71979771958843,203.71979771958843,0.6834701639883738,0.6834701639883738,1.6680336042370854,1.6680336042370854,447.3241058744005,447.3241058744005,0.0013884949647846206,0.0013884949647846206,125.06989669240329,125.06989669240329,0.6917717958974041,0.6917717958974041,1.8271464950886123,1.8271464950886123,441.352599316202,441.352599316202,0.006754603052550856,0.006754603052550856,36.33453313913446,36.33453313913446,0.6839065527147576,0.6839065527147576,1.903861015175734,1.903861015175734,420.99571388581455,420.99571388581455,0.007854603421339677,0.007854603421339677,13.549627344604394,13.549627344604394,0.6891038152146135,0.6891038152146135,1.9350334437464523,1.9350334437464523,399.7831443762419,399.7831443762419,0.008217315131882803,0.008217315131882803,4.607031163573597,4.607031163573597,nan,nan,nan,nan,nan,nan,nan,nan,nan,nan
0,damage0,5,21,partial_mitigation,fixed_learning_grid,100,1.0,0|5|10|15|35|75|125|175|225,0|5|10|15|35|75|125|175|225,7.0,0.9,0.005,1.5,1.5,10000.0,0.015,2,0,1,1,1,True,7.671834721095598,7.671834721095598,0.0,0.0,0.0,1.4196,1.4196,425.6,425.6,0.0,0.0,204.19799759450225,204.19799759450225,0.6275830038288546,0.6275830038288546,1.4610124782599985,1.4610124782599985,432.49244944776257,432.49244944776257,0.0002224825673246377,0.0002224825673246377,210.39832717579554,210.39832717579554,0.6403825978844505,0.6403825978844505,1.5004211068193687,1.5004211068193687,436.786995570137,436.786995570137,0.0004245606383915986,0.0004245606383915986,213.0131545513333,213.0131545513333,0.6560599836724377,0.6560599836724377,1.5362969624735003,1.5362969624735003,439.6855631724741,439.6855631724741,0.0006085762071466915,0.0006085762071466915,203.71979771958843,203.71979771958843,0.6834701639883738,0.6834701639883738,1.6680336042370854,1.6680336042370854,447.3241058744005,447.3241058744005,0.0013884949647846206,0.0013884949647846206,125.06989669240329,125.06989669240329,0.6917717958974041,0.6917717958974041,1.8271464950886123,1.8271464950886123,441.352599316202,441.352599316202,0.006754603052550856,0.006754603052550856,36.33453313913446,36.33453313913446,0.6839065527147576,0.6839065527147576,1.903861015175734,1.903861015175734,420.99571388581455,420.99571388581455,0.007854603421339677,0.007854603421339677,13.549627344604394,13.549627344604394,0.6891038152146135,0.6891038152146135,1.9350334437464523,1.9350334437464523,399.7831443762419,399.7831443762419,0.008217315131882803,0.008217315131882803,4.607031163573597,4.607031163573597,nan,nan,nan,nan,nan,nan,nan,nan,nan,nan
0,damage0,15,63,partial_mitigation,fixed_learning_grid,100,1.0,0|5|10|15|35|75|125|175|225,0|5|10|15|35|75|125|175|225,7.0,0.9,0.005,1.5,1.5,10000.0,0.015,2,0,1,1,1,True,7.671834721095598,7.671834721095598,0.0,0.0,0.0,1.4196,1.4196,425.6,425.6,0.0,0.0,204.19799759450225,204.19799759450225,0.6275830038288546,0.6275830038288546,1.4610124782599985,1.4610124782599985,432.49244944776257,432.49244944776257,0.0002224825673246377,0.0002224825673246377,210.39832717579554,210.39832717579554,0.6403825978844505,0.6403825978844505,1.5004211068193687,1.5004211068193687,436.786995570137,436.786995570137,0.0004245606383915986,0.0004245606383915986,213.0131545513333,213.0131545513333,0.6560599836724377,0.6560599836724377,1.5362969624735003,1.5362969624735003,439.6855631724741,439.6855631724741,0.0006085762071466915,0.0006085762071466915,203.71979771958843,203.71979771958843,0.6834701639883738,0.6834701639883738,1.6680336042370854,1.6680336042370854,447.3241058744005,447.3241058744005,0.0013884949647846206,0.0013884949647846206,125.06989669240329,125.06989669240329,0.6917717958974041,0.6917717958974041,1.8271464950886123,1.8271464950886123,441.352599316202,441.352599316202,0.006754603052550856,0.006754603052550856,36.33453313913446,36.33453313913446,0.6839065527147576,0.6839065527147576,1.903861015175734,1.903861015175734,420.99571388581455,420.99571388581455,0.007854603421339677,0.007854603421339677,13.549627344604394,13.549627344604394,0.6891038152146135,0.6891038152146135,1.9350334437464523,1.9350334437464523,399.7831443762419,399.7831443762419,0.008217315131882803,0.008217315131882803,4.607031163573597,4.607031163573597,nan,nan,nan,nan,nan,nan,nan,nan,nan,nan
0,damage0,5,13,partial_mitigation,fixed_learning_grid,60,0.6,0|5|10|15|35|75|125|175|225,0|5|10|15|35|75|125|175|225,7.0,0.9,0.005,1.5,1.5,10000.0,0.015,2,0,1,1,1,True,7.671834721095598,7.671805011250276,2.970984532169041e-05,0.0,0.0,1.4196,1.4196,425.6,425.6,0.0,0.0,204.19799759450225,187.79216371383427,0.6275830038288546,0.6000000000000004,1.4610124782599985,1.46407968668,432.49244944776257,433.16439218570525,0.0002224825673246377,0.000238579112734631,210.39832717579554,210.64058157042268,0.6403825978844505,0.6269324712839164,1.5004211068193687,1.5034439141482712,436.786995570137,437.3261623288859,0.0004245606383915986,0.00044303692570573977,213.0131545513333,213.25174745332725,0.6560599836724377,0.6471736084060181,1.5362969624735003,1.5393120608969508,439.6855631724741,440.170464289743,0.0006085762071466915,0.0006285100417225216,203.71979771958843,203.9731908696177,0.6834701639883738,0.6796169880003786,1.6680336042370854,1.671057832254637,447.3241058744005,447.72682343620534,0.0013884949647846206,0.0014150669013340794,125.06989669240329,125.22100469457756,0.6917717958974041,0.6894252287832109,1.8271464950886123,1.830249180664269,441.352599316202,441.69379957092417,0.006754603052550856,0.0068491875239935895,36.33453313913446,36.40616190533156,0.6839065527147576,0.6818601109926318,1.903861015175734,1.9069962017933813,420.99571388581455,421.30031595799477,0.007854603421339677,0.00795318799599671,13.549627344604394,13.59552604311277,0.6891038152146135,0.687201622380619,1.9350334437464523,1.9381870810410766,399.7831443762419,400.06806568717667,0.008217315131882803,0.008316837415977173,4.607031163573597,4.629493354221269,nan,nan,nan,nan,nan,nan,nan,nan,nan,nan
0,damage0,15,45,partial_mitigation,fixed_learning_grid,10,0.1,0|5|10|15|35|75|125|175|225,0|5|10|15|35|75|125|175|225,7.0,0.9,0.005,1.5,1.5,10000.0,0.015,2,0,1,1,1,True,7.671834721095598,7.6428320140984995,0.029002706997098393,0.0,0.0,1.4196,1.4196,425.6,425.6,0.0,0.0,204.19799759450225,16.360273463309202,0.6275830038288546,0.10000000000000053,1.4610124782599985,1.51967929503,432.49244944776257,445.34476858908573,0.0002224825673246377,0.0005610181964412999,210.39832717579554,15.169515538394709,0.6403825978844505,0.1000000000000002,1.5004211068193687,1.62186773151,436.786995570137,461.06538955253706,0.0004245606383915986,0.0013072452828584978,213.0131545513333,13.958653682205718,0.6560599836724377,0.10000000000000009,1.5362969624735003,1.7249650672799999,439.6855631724741,475.1586834307337,0.0006085762071466915,0.0022514716144531374,203.71979771958843,230.45189201306732,0.6834701639883738,0.45158949780212865,1.6680336042370854,1.8500289269510852,447.3241058744005,472.3383201510886,0.0013884949647846206,0.0033246596604593576,125.06989669240329,140.91791246163612,0.6917717958974041,0.5567548015454549,1.8271464950886123,2.0056691029912304,441.352599316202,461.025755866371,0.006754603052550856,0.012847570341410647,36.33453313913446,42.431902773211455,0.6839065527147576,0.5678134292162345,1.903861015175734,2.081717830377552,420.99571388581455,438.20591822084236,0.007854603421339677,0.014109906579440674,13.549627344604394,16.887971358956015,0.6891038152146135,0.5819413246175186,1.9350334437464523,2.112697674676261,399.7831443762419,415.76866719825864,0.008217315131882803,0.01448833086966219,4.607031163573597,6.056106910710478,nan,nan,nan,nan,nan,nan,nan,nan,nan,nan
0,damage0,15,46,partial_mitigation,fixed_learning_grid,15,0.15,0|5|10|15|35|75|125|175|225,0|5|10|15|35|75|125|175|225,7.0,0.9,0.005,1.5,1.5,10000.0,0.015,2,0,1,1,1,True,7.671834721095598,7.6468113074364865,0.025023413659111426,0.0,0.0,1.4196,1.4196,425.6,425.6,0.0,0.0,204.19799759450225,26.059457510103737,0.6275830038288546,0.1500000000000017,1.4610124782599985,1.5141193341949999,432.49244944776257,444.1267309487477,0.0002224825673246377,0.0005263320381083881,210.39832717579554,24.162759046064007,0.6403825978844505,0.1499999999999998,1.5004211068193687,1.6106306353150002,436.786995570137,458.824318573887,0.0004245606383915986,0.0012170273120510635,213.0131545513333,22.14939078549551,0.6560599836724377,0.1499999999999998,1.5362969624735003,1.70800034132,439.6855631724741,471.9868715798983,0.0006085762071466915,0.0020855780770424256,203.71979771958843,227.60107284634677,0.6834701639883738,0.47203561253630993,1.6680336042370854,1.8339814603360545,447.3241058744005,470.14884811941715,0.0013884949647846206,0.0031384459357899526,125.06989669240329,139.39700869570572,0.6917717958974041,0.5685790620694005,1.8271464950886123,1.9900347909152836,441.352599316202,459.3115369831489,0.006754603052550856,0.01232666822976048,36.33453313913446,41.948364725361245,0.6839065527147576,0.578091431041756,1.903861015175734,2.0659717412360274,420.99571388581455,436.6769071979521,0.007854603421339677,0.013572634170962806,13.549627344604394,16.573096648152454,0.6891038152146135,0.5914482706045647,1.9350334437464523,2.096936149931281,399.7831443762419,414.347476553032,0.008217315131882803,0.013947451588710186,4.607031163573597,5.925672493062271,nan,nan,nan,nan,nan,nan,nan,nan,nan,nan
0,damage0,10,40,partial_mitigation,fixed_learning_grid,90,0.9,0|5|10|15|35|75|125|175|225,0|5|10|15|35|75|125|175|225,7.0,0.9,0.005,1.5,1.5,10000.0,0.015,2,0,1,1,1,True,7.671834721095598,7.671834721093615,1.9833024111903796e-12,0.0,0.0,1.4196,1.4196,425.6,425.6,0.0,0.0,204.19799759450225,204.19652447197765,0.6275830038288546,0.6275806037715954,1.4610124782599985,1.4610127451444856,432.49244944776257,432.49250791496416,0.0002224825673246377,0.00022248396748587217,210.39832717579554,210.39805235658855,0.6403825978844505,0.6403809156214723,1.5004211068193687,1.5004214848943869,436.786995570137,436.78706773695416,0.0004245606383915986,0.0004245624346154535,213.0131545513333,213.01361550306586,0.6560599836724377,0.6560590082795436,1.5362969624735003,1.5362972934189634,439.6855631724741,439.685615802334,0.0006085762071466915,0.0006085776058201227,203.71979771958843,203.7196606279175,0.6834701639883738,0.6834694228860663,1.6680336042370854,1.6680341859033185,447.3241058744005,447.32419457662934,0.0013884949647846206,0.001388498148741495,125.06989669240329,125.06988712973565,0.6917717958974041,0.6917711880667405,1.8271464950886123,1.8271472987764423,441.352599316202,441.3526989446327,0.006754603052550856,0.006754611103221718,36.33453313913446,36.33453696716599,0.6839065527147576,0.6839060115377285,1.903861015175734,1.903861844268965,420.99571388581455,420.9957995140811,0.007854603421339677,0.007854612212546106,13.549627344604394,13.54963019143669,0.6891038152146135,0.6891033054477207,1.9350334437464523,1.935034288886785,399.7831443762419,399.78322415291035,0.008217315131882803,0.008217324456254876,4.607031163573597,4.607036486518366,nan,nan,nan,nan,nan,nan,nan,nan,nan,nan
0,damage0,5,5,partial_mitigation,fixed_learning_grid,20,0.2,0|5|10|15|35|75|125|175|225,0|5|10|15|35|75|125|175|225,7.0,0.9,0.005,1.5,1.5,10000.0,0.015,2,0,1,1,1,True,7.671834721095598,7.666472458032956,0.005362263062641759,0.0,0.0,1.4196,1.4196,425.6,425.6,0.0,0.0,204.19799759450225,36.93690724624474,0.6275830038288546,0.20000000000000084,1.4610124782599985,1.50855937336,432.49244944776257,442.9086933084096,0.0002224825673246377,0.000491664425438282,210.39832717579554,216.5517967312155,0.6403825978844505,0.43398712412091206,1.5004211068193687,1.5468068226772382,436.786995570137,445.04119595109404,0.0004245606383915986,0.0007217192303022777,213.0131545513333,218.8353488859675,0.6560599836724377,0.520803628674714,1.5362969624735003,1.5821887024111976,439.6855631724741,447.03534309911754,0.0006085762071466915,0.0009298203762723181,203.71979771958843,209.05674884359576,0.6834701639883738,0.6263713565804114,1.6680336042370854,1.7128485344842241,447.3241058744005,453.23079808278646,0.0013884949647846206,0.0017948162147297978,125.06989669240329,128.32600176734212,0.6917717958974041,0.6580768200531377,1.8271464950886123,1.8716987752649432,441.352599316202,446.1780205789007,0.006754603052550856,0.00812981502317519,36.33453313913446,37.69843557548439,0.6839065527147576,0.6550658792306483,1.903861015175734,1.9480454610720874,420.99571388581455,425.2184319001106,0.007854603421339677,0.00927740936915684,13.549627344604394,14.268766431372592,0.6891038152146135,0.6624082777975645,1.9350334437464523,1.9792918600825367,399.7831443762419,403.7393971007192,0.008217315131882803,0.009650011376701,4.607031163573597,4.938707289807226,nan,nan,nan,nan,nan,nan,nan,nan,nan,nan
0,damage0,5,17,partial_mitigation,fixed_learning_grid,80,0.8,0|5|10|15|35|75|125|175|225,0|5|10|15|35|75|125|175|225,7.0,0.9,0.005,1.5,1.5,10000.0,0.015,2,0,1,1,1,True,7.671834721095598,7.6718347210932265,2.3714363805993344e-12,0.0,0.0,1.4196,1.4196,425.6,425.6,0.0,0.0,204.19799759450225,204.19677822075784,0.6275830038288546,0.6275810171879797,1.4610124782599985,1.4610126991729075,432.49244944776257,432.4924978438298,0.0002224825673246377,0.00022248372630428968,210.39832717579554,210.39800133921705,0.6403825978844505,0.6403810194290505,1.5004211068193687,1.500421461564472,436.786995570137,436.78706447934184,0.0004245606383915986,0.0004245621795989194,213.0131545513333,213.01360966602215,0.6560599836724377,0.6560590763650763,1.5362969624735003,1.5362972703179154,439.6855631724741,439.68561250084747,0.0006085762071466915,0.0006085773455250693,203.71979771958843,203.71965646988895,0.6834701639883738,0.6834694519208283,1.6680336042370854,1.6680341631149118,447.3241058744005,447.3241916794002,0.0013884949647846206,0.0013884978634412645,125.06989669240329,125.06988452924789,0.6917717958974041,0.6917712052376898,1.8271464950886123,1.8271472760726142,441.352599316202,441.35269653076705,0.006754603052550856,0.006754609797151137,36.33453313913446,36.33453593407344,0.6839065527147576,0.6839060263648717,1.903861015175734,1.9038618215535072,420.99571388581455,420.99579735523434,0.007854603421339677,0.00785461089525374,13.549627344604394,13.549629772355097,0.6891038152146135,0.6891033191670872,1.9350334437464523,1.9350342661415065,399.7831443762419,399.78322213193536,0.008217315131882803,0.008217323151650122,4.607031163573597,4.607036341951223,nan,nan,nan,nan,nan,nan,nan,nan,nan,nan
0,damage0,10,29,partial_mitigation,fixed_learning_grid,35,0.35,0|5|10|15|35|75|125|175|225,0|5|10|15|35|75|125|175|225,7.0,0.9,0.005,1.5,1.5,10000.0,0.015,2,0,1,1,1,True,7.671834721095598,7.665624422911666,0.006210298183932039,0.0,0.0,1.4196,1.4196,425.6,425.6,0.0,0.0,204.19799759450225,78.15927274549462,0.6275830038288546,0.3500000000000004,1.4610124782599985,1.4918794908550002,432.49244944776257,439.2545803873955,0.0002224825673246377,0.00039345930531429075,210.39832717579554,72.47056750251845,0.6403825978844505,0.3500000000000002,1.5004211068193687,1.565682250535,436.786995570137,449.8600346592868,0.0004245606383915986,0.000876579394042682,213.0131545513333,222.92430520469907,0.6560599836724377,0.4664878348064339,1.5362969624735003,1.600617753576702,439.6855631724741,450.62467325232046,0.0006085762071466915,0.0010905901228022163,203.71979771958843,212.5389199282542,0.6834701639883738,0.604281414815409,1.6680336042370854,1.7301861855543914,447.3241058744005,455.67409404817516,0.0013884949647846206,0.0019752441688100685,125.06989669240329,130.32716003804273,0.6917717958974041,0.6456129473302596,1.8271464950886123,1.8881787974557378,441.352599316202,448.00419747462297,0.006754603052550856,0.008752348656149026,36.33453313913446,38.36309072798896,0.6839065527147576,0.6444510848259798,1.903861015175734,1.96430752268214,420.99571388581455,426.79324456689505,0.007854603421339677,0.009907754027171947,13.549627344604394,14.578767611161194,0.6891038152146135,0.6526951687710398,1.9350334437464523,1.995395181641411,399.7831443762419,405.18533702527844,0.008217315131882803,0.010279888920528973,4.607031163573597,5.0782399109422744,nan,nan,nan,nan,nan,nan,nan,nan,nan,nan
0,damage0,5,14,partial_mitigation,fixed_learning_grid,65,0.65,0|5|10|15|35|75|125|175|225,0|5|10|15|35|75|125|175|225,7.0,0.9,0.005,1.5,1.5,10000.0,0.015,2,0,1,1,1,True,7.671834721095598,7.671834721164337,-6.873879243585179e-11,0.0,0.0,1.4196,1.4196,425.6,425.6,0.0,0.0,204.19799759450225,204.1966342656252,0.6275830038288546,0.627580782651292,1.4610124782599985,1.4610127252532035,432.49244944776257,432.4925035573201,0.0002224825673246377,0.0002224838631298523,210.39832717579554,210.39797587395407,0.6403825978844505,0.6403806740450569,1.5004211068193687,1.500421539186735,436.786995570137,436.78708045945416,0.0004245606383915986,0.00042456225707715033,213.0131545513333,213.01459239860216,0.6560599836724377,0.656059430733646,1.5362969624735003,1.536297150082602,439.6855631724741,439.68558252272356,0.0006085762071466915,0.0006085762669173668,203.71979771958843,203.71856831255158,0.6834701639883738,0.6834691343418393,1.6680336042370854,1.668034412371961,447.3241058744005,447.3242394344103,0.0013884949647846206,0.0013885024842568664,125.06989669240329,125.07020473730316,0.6917717958974041,0.6917714866035618,1.8271464950886123,1.827146904044119,441.352599316202,441.35263412547727,0.006754603052550856,0.00675462221901736,36.33453313913446,36.33456664051796,0.6839065527147576,0.6839063143653972,1.903861015175734,1.9038613803313682,420.99571388581455,420.995743851357,0.007854603421339677,0.007854622171400542,13.549627344604394,13.549627158137714,0.6891038152146135,0.6891035780127225,1.9350334437464523,1.935033837002444,399.7831443762419,399.78317885819826,0.008217315131882803,0.008217334127815855,4.607031163573597,4.607035808809269,nan,nan,nan,nan,nan,nan,nan,nan,nan,nan
0,damage0,10,38,partial_mitigation,fixed_learning_grid,80,0.8,0|5|10|15|35|75|125|175|225,0|5|10|15|35|75|125|175|225,7.0,0.9,0.005,1.5,1.5,10000.0,0.015,2,0,1,1,1,True,7.671834721095598,7.671834721093386,2.211564265053312e-12,0.0,0.0,1.4196,1.4196,425.6,425.6,0.0,0.0,204.19799759450225,204.19676081500572,0.6275830038288546,0.627580988829932,1.4610124782599985,1.4610127023263002,432.49244944776257,432.4924985346532,0.0002224825673246377,0.0002224837428479948,210.39832717579554,210.3980963002885,0.6403825978844505,0.6403811956783761,1.5004211068193687,1.5004214219538596,436.786995570137,436.7870556575743,0.0004245606383915986,0.00042456215204579806,213.0131545513333,213.01361321247572,0.6560599836724377,0.6560591944223273,1.5362969624735003,1.5362972302617373,439.6855631724741,439.6856052418739,0.0006085762071466915,0.0006085772890215375,203.71979771958843,203.71964689030773,0.6834701639883738,0.683469497703326,1.6680336042370854,1.668034127181772,447.3241058744005,447.3241868475691,0.0013884949647846206,0.0013884977328296258,125.06989669240329,125.0698815370804,0.6917717958974041,0.691771230765897,1.8271464950886123,1.8271472423186255,441.352599316202,441.3526928920077,0.006754603052550856,0.006754610134421634,36.33453313913446,36.33453568618579,0.6839065527147576,0.6839060482491912,1.903861015175734,1.9038617880263242,420.99571388581455,420.9957941434616,0.007854603421339677,0.007854611192866883,13.549627344604394,13.549629352794039,0.6891038152146135,0.6891033392741612,1.9350334437464523,1.9350342328060752,399.7831443762419,399.7832191574856,0.008217315131882803,0.008217323412661647,4.607031163573597,4.6070360896438185,nan,nan,nan,nan,nan,nan,nan,nan,nan,nan
0,damage0,15,43,partial_mitigation,fixed_learning_grid,0,0.0,0|5|10|15|35|75|125|175|225,0|5|10|15|35|75|125|175|225,7.0,0.9,0.005,1.5,1.5,10000.0,0.015,2,0,1,1,1,True,7.671834721095598,7.634276665107178,0.03755805598841988,0.0,0.0,1.4196,1.4196,425.6,425.6,0.0,0.0,204.19799759450225,0.0,0.6275830038288546,1.1102230246251565e-16,1.4610124782599985,1.5307992167000002,432.49244944776257,447.78084386976184,0.0002224825673246377,0.0006339950510723246,210.39832717579554,0.0,0.6403825978844505,0.0,1.5004211068193687,1.6443419239000001,436.786995570137,465.54753150983714,0.0004245606383915986,0.0014992823303151095,213.0131545513333,0.0,0.6560599836724377,0.0,1.5362969624735003,1.7588945192,439.6855631724741,481.5023071324044,0.0006085762071466915,0.0026076210378671036,203.71979771958843,235.32089882419976,0.6834701639883738,0.4094743109676049,1.6680336042370854,1.8830837182158007,447.3241058744005,476.88792064562085,0.0013884949647846206,0.003734625198538289,125.06989669240329,143.65095895738105,0.6917717958974041,0.5318829534663216,1.8271464950886123,2.038555238575543,441.352599316202,464.66859766768084,0.006754603052550856,0.013930072971886432,36.33453313913446,43.58698408161149,0.6839065527147576,0.5464399963855161,1.903861015175734,2.114462325302351,420.99571388581455,441.37989859657444,0.007854603421339677,0.01522079413927798,13.549627344604394,17.490976593775237,0.6891038152146135,0.5620476695010144,1.9350334437464523,2.1456792796852846,399.7831443762419,418.7548667357618,0.008217315131882803,0.015614579468766283,4.607031163573597,6.340255511496861,nan,nan,nan,nan,nan,nan,nan,nan,nan,nan
0,damage0,5,19,partial_mitigation,fixed_learning_grid,90,0.9,0|5|10|15|35|75|125|175|225,0|5|10|15|35|75|125|175|225,7.0,0.9,0.005,1.5,1.5,10000.0,0.015,2,0,1,1,1,True,7.671834721095598,7.671834721091734,3.863576125695545e-12,0.0,0.0,1.4196,1.4196,425.6,425.6,0.0,0.0,204.19799759450225,204.19652330160844,0.6275830038288546,0.6275806018647884,1.4610124782599985,1.4610127453565211,432.49244944776257,432.49250796141547,0.0002224825673246377,0.00022248396859827786,210.39832717579554,210.39800193732074,0.6403825978844505,0.6403808128712449,1.5004211068193687,1.5004215079866703,436.786995570137,436.7870727967961,0.0004245606383915986,0.00042456246036118875,213.0131545513333,213.01361423417947,0.6560599836724377,0.6560589393449588,1.5362969624735003,1.5362973168080902,439.6855631724741,439.685620005198,0.0006085762071466915,0.0006085776471221082,203.71979771958843,203.71966140568492,0.6834701639883738,0.68346939126021,1.6680336042370854,1.6680342107253874,447.3241058744005,447.32419807008887,0.0013884949647846206,0.0013884982626707347,125.06989669240329,125.06988741002142,0.6917717958974041,0.6917711683727088,1.8271464950886123,1.827147324816349,441.352599316202,441.35270190145224,0.006754603052550856,0.006754611136824674,36.33453313913446,36.334537220755244,0.6839065527147576,0.6839059944827544,1.903861015175734,1.9038618703975012,420.99571388581455,420.9958020847429,0.007854603421339677,0.007854612286414717,13.549627344604394,13.549630531622189,0.6891038152146135,0.6891032896873095,1.9350334437464523,1.9350343150159028,399.7831443762419,399.7832265286081,0.008217315131882803,0.008217324557364798,4.607031163573597,4.6070367080243795,nan,nan,nan,nan,nan,nan,nan,nan,nan,nan
0,damage0,5,16,partial_mitigation,fixed_learning_grid,75,0.75,0|5|10|15|35|75|125|175|225,0|5|10|15|35|75|125|175|225,7.0,0.9,0.005,1.5,1.5,10000.0,0.015,2,0,1,1,1,True,7.671834721095598,7.671834721093775,1.822542117224657e-12,0.0,0.0,1.4196,1.4196,425.6,425.6,0.0,0.0,204.19799759450225,204.19689673172383,0.6275830038288546,0.6275812102700564,1.4610124782599985,1.4610126777023318,432.49244944776257,432.4924931402051,0.0002224825673246377,0.00022248361366279234,210.39832717579554,210.3979964570808,0.6403825978844505,0.6403811102923265,1.5004211068193687,1.5004214411436847,436.786995570137,436.78706086734957,0.0004245606383915986,0.00042456205349559594,213.0131545513333,213.01360647569751,0.6560599836724377,0.6560591357001253,1.5362969624735003,1.5362972501858585,439.6855631724741,439.685609290584,0.0006085762071466915,0.0006085772115506643,203.71979771958843,203.7196495261218,0.6834701639883738,0.6834694733713846,1.6680336042370854,1.6680341462790929,447.3241058744005,447.3241895939524,0.0013884949647846206,0.0013884977185639551,125.06989669240329,125.06988210140253,0.6917717958974041,0.6917712162468406,1.8271464950886123,1.827147261516059,441.352599316202,441.3526950806028,0.006754603052550856,0.006754609355069529,36.33453313913446,36.33453545863733,0.6839065527147576,0.6839060357453491,1.903861015175734,1.903861807182442,420.99571388581455,420.99579603277823,0.007854603421339677,0.007854610444305916,13.549627344604394,13.549629528218492,0.6891038152146135,0.6891033278018232,1.9350334437464523,1.935034251826015,399.7831443762419,399.7832208860754,0.008217315131882803,0.008217322699930415,4.607031163573597,4.607036239670355,nan,nan,nan,nan,nan,nan,nan,nan,nan,nan
0,damage0,15,48,partial_mitigation,fixed_learning_grid,25,0.25,0|5|10|15|35|75|125|175|225,0|5|10|15|35|75|125|175|225,7.0,0.9,0.005,1.5,1.5,10000.0,0.015,2,0,1,1,1,True,7.671834721095598,7.654124765687262,0.01770995540833553,0.0,0.0,1.4196,1.4196,425.6,425.6,0.0,0.0,204.19799759450225,49.13575945808384,0.6275830038288546,0.25,1.4610124782599985,1.5029994125250001,432.49244944776257,441.6906556680716,0.0002224825673246377,0.0004587859362565938,210.39832717579554,45.55948702580318,0.6403825978844505,0.25,1.5004211068193687,1.5881564429250001,436.786995570137,454.34217661658687,0.0004245606383915986,0.0010423893732595087,213.0131545513333,41.44548004918171,0.6560599836724377,0.25,1.5362969624735003,1.6740708893999998,439.6855631724741,465.64324787822756,0.0006085762071466915,0.0017658796521710586,203.71979771958843,223.86944944258474,0.6834701639883738,0.5146132610229657,1.6680336042370854,1.8005636985011448,447.3241058744005,465.534713850202,0.0013884949647846206,0.0027565907713965184,125.06989669240329,136.98895092835804,0.6917717958974041,0.5936764280229094,1.8271464950886123,1.9568504703561425,441.352599316202,455.6346042113979,0.006754603052550856,0.011227214741040997,36.33453313913446,40.87624446526886,0.6839065527147576,0.599740714500847,1.903861015175734,2.032804638039908,420.99571388581455,433.45488903614694,0.007854603421339677,0.012430222750781952,13.549627344604394,15.93880172662881,0.6891038152146135,0.6115179041175556,1.9350334437464523,2.063662791097782,399.7831443762419,411.3395669076974,0.008217315131882803,0.012798198208604995,4.607031163573597,5.632023474752263,nan,nan,nan,nan,nan,nan,nan,nan,nan,nan
0,damage0,5,20,partial_mitigation,fixed_learning_grid,95,0.95,0|5|10|15|35|75|125|175|225,0|5|10|15|35|75|125|175|225,7.0,0.9,0.005,1.5,1.5,10000.0,0.015,2,0,1,1,1,True,7.671834721095598,7.671834721094006,1.5916157281026244e-12,0.0,0.0,1.4196,1.4196,425.6,425.6,0.0,0.0,204.19799759450225,204.19642006454706,0.6275830038288546,0.6275804336672446,1.4610124782599985,1.4610127640599562,432.49244944776257,432.4925120588342,0.0002224825673246377,0.00022248406672247326,210.39832717579554,210.39801340698193,0.6403825978844505,0.6403807401930235,1.5004211068193687,1.500421524320514,436.786995570137,436.7870756238982,0.0004245606383915986,0.00042456256242228276,213.0131545513333,213.01362163093077,0.6560599836724377,0.6560588952836166,1.5362969624735003,1.5362973317578623,439.6855631724741,439.6856222921706,0.0006085762071466915,0.0006085777497257806,203.71979771958843,203.719671308463,0.6834701639883738,0.6834693841104261,1.6680336042370854,1.6680342163370119,447.3241058744005,447.32419837217003,0.0013884949647846206,0.0013884983360814924,125.06989669240329,125.06989084008781,0.6917717958974041,0.6917711690768396,1.8271464950886123,1.8271473238853306,441.352599316202,441.35270141099113,0.006754603052550856,0.006754611350140195,36.33453313913446,36.33453754981556,0.6839065527147576,0.6839059954034885,1.903861015175734,1.9038618689869196,420.99571388581455,420.9958017769454,0.007854603421339677,0.007854612486699677,13.549627344604394,13.549630581852327,0.6891038152146135,0.6891032905776076,1.9350334437464523,1.9350343135398815,399.7831443762419,399.7832262965615,0.008217315131882803,0.008217324749269249,4.607031163573597,4.607036690726764,nan,nan,nan,nan,nan,nan,nan,nan,nan,nan
0,damage0,10,22,partial_mitigation,fixed_learning_grid,0,0.0,0|5|10|15|35|75|125|175|225,0|5|10|15|35|75|125|175|225,7.0,0.9,0.005,1.5,1.5,10000.0,0.015,2,0,1,1,1,True,7.671834721095598,7.6490664144615845,0.022768306634013413,0.0,0.0,1.4196,1.4196,425.6,425.6,0.0,0.0,204.19799759450225,0.0,0.6275830038288546,1.1102230246251565e-16,1.4610124782599985,1.5307992167000002,432.49244944776257,447.78084386976184,0.0002224825673246377,0.0006339950510723246,210.39832717579554,0.0,0.6403825978844505,0.0,1.5004211068193687,1.6443419239000001,436.786995570137,465.54753150983714,0.0004245606383915986,0.0014992823303151095,213.0131545513333,234.98584646924547,0.6560599836724377,0.2381603965370543,1.5362969624735003,1.6780880019644786,439.6855631724741,463.76629413595083,0.0006085762071466915,0.0017487750594392068,203.71979771958843,224.01045558800317,0.6834701639883738,0.5100527293481398,1.6680336042370854,1.8041431061661233,447.3241058744005,465.5611907306485,0.0013884949647846206,0.0027509689116447327,125.06989669240329,136.93062167278816,0.6917717958974041,0.5913512618843187,1.8271464950886123,1.959924859064471,441.352599316202,455.773569688448,0.006754603052550856,0.011112558450827151,36.33453313913446,40.85785836765599,0.6839065527147576,0.5977804519679838,1.903861015175734,2.035807796543598,420.99571388581455,433.65536495835966,0.007854603421339677,0.012321149415661512,13.549627344604394,15.948888633228336,0.6891038152146135,0.6096401202671452,1.9350334437464523,2.066775960843807,399.7831443762419,411.5701519005222,0.008217315131882803,0.012692000025118302,4.607031163573597,5.660185594016779,nan,nan,nan,nan,nan,nan,nan,nan,nan,nan
0,damage0,5,18,partial_mitigation,fixed_learning_grid,85,0.85,0|5|10|15|35|75|125|175|225,0|5|10|15|35|75|125|175|225,7.0,0.9,0.005,1.5,1.5,10000.0,0.015,2,0,1,1,1,True,7.671834721095598,7.671834721093843,1.7550405573274475e-12,0.0,0.0,1.4196,1.4196,425.6,425.6,0.0,0.0,204.19799759450225,204.1966560307608,0.6275830038288546,0.6275808181118131,1.4610124782599985,1.4610127213100212,432.49244944776257,432.4925026934751,0.0002224825673246377,0.00022248384244265913,210.39832717579554,210.39800492910106,0.6403825978844505,0.6403809236254994,1.5004211068193687,1.5004214830955462,436.786995570137,436.7870683080154,0.0004245606383915986,0.0004245623107388601,213.0131545513333,213.01361345323812,0.6560599836724377,0.6560590140713671,1.5362969624735003,1.5362972914538293,439.6855631724741,439.68561587480883,0.0006085762071466915,0.000608577484386682,203.71979771958843,203.71966086501303,0.6834701639883738,0.6834694280706837,1.6680336042370854,1.668034181834087,447.3241058744005,447.32419405603594,0.0013884949647846206,0.0013884980303038308,125.06989669240329,125.06988658921176,0.6917717958974041,0.6917711922782064,1.8271464950886123,1.8271472932079447,441.352599316202,441.35269830119057,0.006754603052550856,0.006754610352969478,36.33453313913446,36.33453650983302,0.6839065527147576,0.6839060152527594,1.903861015175734,1.9038618385774693,420.99571388581455,420.9957989516716,0.007854603421339677,0.007854611465673848,13.549627344604394,13.549630063154341,0.6891038152146135,0.6891033089041687,1.9350334437464523,1.935034283156355,399.7831443762419,399.78322363245275,0.008217315131882803,0.008217323724390381,4.607031163573597,4.607036466856662,nan,nan,nan,nan,nan,nan,nan,nan,nan,nan
0,damage0,10,26,partial_mitigation,fixed_learning_grid,20,0.2,0|5|10|15|35|75|125|175|225,0|5|10|15|35|75|125|175|225,7.0,0.9,0.005,1.5,1.5,10000.0,0.015,2,0,1,1,1,True,7.671834721095598,7.659429339422855,0.012405381672742521,0.0,0.0,1.4196,1.4196,425.6,425.6,0.0,0.0,204.19799759450225,36.93690724624474,0.6275830038288546,0.20000000000000084,1.4610124782599985,1.50855937336,432.49244944776257,442.9086933084096,0.0002224825673246377,0.000491664425438282,210.39832717579554,34.24850994506656,0.6403825978844505,0.1999999999999994,1.5004211068193687,1.5993935391200003,436.786995570137,456.5832475952369,0.0004245606383915986,0.001126839471495125,213.0131545513333,228.31716493094683,0.6560599836724377,0.3687917696428288,1.5362969624735003,1.6337654930341192,439.6855631724741,456.2449890388513,0.0006085762071466915,0.0013595230344510402,203.71979771958843,217.60623131908633,0.6834701639883738,0.5641547086940514,1.6680336042370854,1.7616802853002524,447.3241058744005,459.87735917674473,0.0013884949647846206,0.0022955309381093632,125.06989669240329,133.46575976178775,0.6917717958974041,0.6229011296634295,1.8271464950886123,1.9182088906269887,441.352599316202,451.23255905781343,0.006754603052550856,0.009735382116986987,36.33453313913446,39.423100567491616,0.6839065527147576,0.6249601607055512,1.903861015175734,1.9941679793994047,420.99571388581455,429.6471796865207,0.007854603421339677,0.010910876570504945,13.549627344604394,15.179859140795525,0.6891038152146135,0.6348386122281111,1.9350334437464523,2.024999489712057,399.7831443762419,407.8155090026696,0.008217315131882803,0.011275569696890047,4.607031163573597,5.317964348069839,nan,nan,nan,nan,nan,nan,nan,nan,nan,nan
0,damage0,10,34,partial_mitigation,fixed_learning_grid,60,0.6,0|5|10|15|35|75|125|175|225,0|5|10|15|35|75|125|175|225,7.0,0.9,0.005,1.5,1.5,10000.0,0.015,2,0,1,1,1,True,7.671834721095598,7.671308554204747,0.0005261668908511652,0.0,0.0,1.4196,1.4196,425.6,425.6,0.0,0.0,204.19799759450225,187.79216371383427,0.6275830038288546,0.6000000000000004,1.4610124782599985,1.46407968668,432.49244944776257,433.16439218570525,0.0002224825673246377,0.000238579112734631,210.39832717579554,163.4714855010739,0.6403825978844505,0.5894353939614096,1.5004211068193687,1.5118710794463583,436.786995570137,439.17580770824935,0.0004245606383915986,0.0005096200398681903,213.0131545513333,214.31153318383946,0.6560599836724377,0.6224456117082795,1.5362969624735003,1.5477021346472895,439.6855631724741,441.6737167244092,0.0006085762071466915,0.0006987541960141312,203.71979771958843,204.9670821778383,0.6834701639883738,0.6689338919584176,1.6680336042370854,1.6794426344191251,447.3241058744005,448.88722589159136,0.0013884949647846206,0.0015006286597956814,125.06989669240329,125.88867290068134,0.6917717958974041,0.6830109177846035,1.8271464950886123,1.8387303317435537,441.352599316202,442.64061017534914,0.006754603052550856,0.007191517739313806,36.33453313913446,36.72400622884347,0.6839065527147576,0.6763700353472225,1.903861015175734,1.9154070993563364,420.99571388581455,422.116980239142,0.007854603421339677,0.00830179436832603,13.549627344604394,13.735566846169895,0.6891038152146135,0.682117781641652,1.9350334437464523,1.946615558673741,399.7831443762419,400.8301921872897,0.008217315131882803,0.008664943032416297,4.607031163573597,4.697519848006365,nan,nan,nan,nan,nan,nan,nan,nan,nan,nan
0,damage0,15,58,partial_mitigation,fixed_learning_grid,75,0.75,0|5|10|15|35|75|125|175|225,0|5|10|15|35|75|125|175|225,7.0,0.9,0.005,1.5,1.5,10000.0,0.015,2,0,1,1,1,True,7.671834721095598,7.671553587439075,0.0002811336565233802,0.0,0.0,1.4196,1.4196,425.6,425.6,0.0,0.0,204.19799759450225,204.37985951706028,0.6275830038288546,0.6278791975356895,1.4610124782599985,1.4609795417518068,432.49244944776257,432.4852339460874,0.0002224825673246377,0.00022230977247304488,210.39832717579554,210.57859830251988,0.6403825978844505,0.6406316589979634,1.5004211068193687,1.500365132345549,436.786995570137,436.7760446911551,0.0004245606383915986,0.0004241336516451142,213.0131545513333,185.48031592982963,0.6560599836724377,0.6443211132472892,1.5362969624735003,1.5402798968703522,439.6855631724741,440.5626103230084,0.0006085762071466915,0.0006505094158725422,203.71979771958843,204.21178056915963,0.6834701639883738,0.6783160315008523,1.6680336042370854,1.6720789091812402,447.3241058744005,447.91033980470456,0.0013884949647846206,0.001437433220253549,125.06989669240329,125.4334639608788,0.6917717958974041,0.6886438271922457,1.8271464950886123,1.8312823680086319,441.352599316202,441.8257244756629,0.006754603052550856,0.006976504605098063,36.33453313913446,36.50456497810663,0.6839065527147576,0.6812237258569125,1.903861015175734,1.9079711556069228,420.99571388581455,421.39991176171037,0.007854603421339677,0.008078136378831972,13.549627344604394,13.621192649035986,0.6891038152146135,0.6866208563571463,1.9350334437464523,1.939149930526335,399.7831443762419,400.1582080257302,0.008217315131882803,0.008439775447965644,4.607031163573597,4.632022028965128,nan,nan,nan,nan,nan,nan,nan,nan,nan,nan
0,damage0,15,62,partial_mitigation,fixed_learning_grid,95,0.95,0|5|10|15|35|75|125|175|225,0|5|10|15|35|75|125|175|225,7.0,0.9,0.005,1.5,1.5,10000.0,0.015,2,0,1,1,1,True,7.671834721095598,7.671834721093935,1.6626700016786344e-12,0.0,0.0,1.4196,1.4196,425.6,425.6,0.0,0.0,204.19799759450225,204.19641549442574,0.6275830038288546,0.627580426221438,1.4610124782599985,1.461012764887924,432.49244944776257,432.4925122402197,0.0002224825673246377,0.00022248407106625716,210.39832717579554,210.39803559019748,0.6403825978844505,0.6403807848379697,1.5004211068193687,1.5004215142869228,436.786995570137,436.7870733881117,0.0004245606383915986,0.0004245625585988764,213.0131545513333,213.01357676731433,0.6560599836724377,0.6560589096873559,1.5362969624735003,1.5362973268707525,439.6855631724741,439.6856216072632,0.0006085762071466915,0.0006085777997793019,203.71979771958843,203.71967052685537,0.6834701639883738,0.6834693884109987,1.6680336042370854,1.6680342129616375,447.3241058744005,447.3241979899758,0.0013884949647846206,0.001388498371366867,125.06989669240329,125.06989089739386,0.6917717958974041,0.6917711709414287,1.8271464950886123,1.8271473214199279,441.352599316202,441.3527011958804,0.006754603052550856,0.006754611732907017,36.33453313913446,36.3345377111214,0.6839065527147576,0.6839059969715564,1.903861015175734,1.9038618665846103,420.99571388581455,420.99580156823197,0.007854603421339677,0.007854612858615558,13.549627344604394,13.549630572492461,0.6891038152146135,0.6891032920197189,1.9350334437464523,1.9350343111490114,399.7831443762419,399.78322609496036,0.008217315131882803,0.008217325109432438,4.607031163573597,4.607036654030102,nan,nan,nan,nan,nan,nan,nan,nan,nan,nan
0,damage0,15,52,partial_mitigation,fixed_learning_grid,45,0.45,0|5|10|15|35|75|125|175|225,0|5|10|15|35|75|125|175|225,7.0,0.9,0.005,1.5,1.5,10000.0,0.015,2,0,1,1,1,True,7.671834721095598,7.665448332328845,0.006386388766753015,0.0,0.0,1.4196,1.4196,425.6,425.6,0.0,0.0,204.19799759450225,114.6627092771978,0.6275830038288546,0.45000000000000084,1.4610124782599985,1.480759569185,432.49244944776257,436.8185051067194,0.0002224825673246377,0.00032977143608524444,210.39832717579554,106.31715624776986,0.6403825978844505,0.4499999999999994,1.5004211068193687,1.5432080581450003,436.786995570137,445.37789270198664,0.0004245606383915986,0.0007186615458901081,213.0131545513333,95.24729145970888,0.6560599836724377,0.45000000000000023,1.5362969624735003,1.6062119855599999,439.6855631724741,452.9560004748861,0.0006085762071466915,0.0011853356315581233,203.71979771958843,213.63649651646108,0.6834701639883738,0.5968954757859419,1.6680336042370854,1.735983160262641,447.3241058744005,456.7073668566235,0.0013884949647846206,0.0020756107990011824,125.06989669240329,131.0537940051778,0.6917717958974041,0.6409045512989833,1.8271464950886123,1.8944043481175363,441.352599316202,448.80279929556934,0.006754603052550856,0.009178272502025117,36.33453313913446,38.69893788378752,0.6839065527147576,0.6403599384290733,1.903861015175734,1.9705752347287318,420.99571388581455,427.450922911985,0.007854603421339677,0.010333728168959968,13.549627344604394,14.760652916133418,0.6891038152146135,0.6489966561357126,1.9350334437464523,2.001526929786479,399.7831443762419,405.7607614738075,0.008217315131882803,0.010697780643467882,4.607031163573597,5.1403761368216365,nan,nan,nan,nan,nan,nan,nan,nan,nan,nan
0,damage0,10,36,partial_mitigation,fixed_learning_grid,70,0.7,0|5|10|15|35|75|125|175|225,0|5|10|15|35|75|125|175|225,7.0,0.9,0.005,1.5,1.5,10000.0,0.015,2,0,1,1,1,True,7.671834721095598,7.671779345103069,5.537599252924963e-05,0.0,0.0,1.4196,1.4196,425.6,425.6,0.0,0.0,204.19799759450225,204.45333846132016,0.6275830038288546,0.6279988137143863,1.4610124782599985,1.4609662405264312,432.49244944776257,432.4823200059265,0.0002224825673246377,0.00022223999056474974,210.39832717579554,193.46528747799198,0.6403825978844505,0.6285198159935742,1.5004211068193687,1.5030871712443301,436.786995570137,437.3740333337783,0.0004245606383915986,0.00044567437992890145,213.0131545513333,213.28621928531953,0.6560599836724377,0.6482210530906062,1.5362969624735003,1.538956668656305,439.6855631724741,440.1631576780496,0.0006085762071466915,0.0006309007800130366,203.71979771958843,204.00851005713224,0.6834701639883738,0.6800613267194281,1.6680336042370854,1.6707090857640488,447.3241058744005,447.69533958472186,0.0013884949647846206,0.0014158708709975446,125.06989669240329,125.24184709818996,0.6917717958974041,0.6896801146555364,1.8271464950886123,1.829912164640001,441.352599316202,441.66390652139313,0.006754603052550856,0.006866204965578954,36.33453313913446,36.42167029879249,0.6839065527147576,0.6820883599079082,1.903861015175734,1.9066465202280918,420.99571388581455,421.2692651304068,0.007854603421339677,0.007968676037194544,13.549627344604394,13.597316327569166,0.6891038152146135,0.6874383826165057,1.9350334437464523,1.9377945572672337,399.7831443762419,400.0324310568851,0.008217315131882803,0.008331345037199395,4.607031163573597,4.636233493350976,nan,nan,nan,nan,nan,nan,nan,nan,nan,nan
0,damage0,10,37,partial_mitigation,fixed_learning_grid,75,0.75,0|5|10|15|35|75|125|175|225,0|5|10|15|35|75|125|175|225,7.0,0.9,0.005,1.5,1.5,10000.0,0.015,2,0,1,1,1,True,7.671834721095598,7.671834721092848,2.7498003873915877e-12,0.0,0.0,1.4196,1.4196,425.6,425.6,0.0,0.0,204.19799759450225,204.19690279711816,0.6275830038288546,0.6275812201519999,1.4610124782599985,1.4610126766034675,432.49244944776257,432.4924928994735,0.0002224825673246377,0.00022248360789779893,210.39832717579554,210.39812091300487,0.6403825978844505,0.6403813559933014,1.5004211068193687,1.5004213859243747,436.786995570137,436.7870487920114,0.0004245606383915986,0.00042456198087018374,213.0131545513333,213.01360899066188,0.6560599836724377,0.6560592985258626,1.5362969624735003,1.5362971949399782,439.6855631724741,439.6855994011885,0.0006085762071466915,0.000608577101609112,203.71979771958843,203.71963629637023,0.6834701639883738,0.6834695355143825,1.6680336042370854,1.6680340975051475,447.3241058744005,447.32418310183334,0.0013884949647846206,0.0013884975131004283,125.06989669240329,125.0698778660049,0.6917717958974041,0.6917712496961524,1.8271464950886123,1.8271472172886016,441.352599316202,441.352690401417,0.006754603052550856,0.006754609593273212,36.33453313913446,36.3345348873148,0.6839065527147576,0.6839060642742083,1.903861015175734,1.9038617634757016,420.99571388581455,420.9957918906232,0.007854603421339677,0.007854610632693115,13.549627344604394,13.549628962615138,0.6891038152146135,0.6891033540915147,1.9350334437464523,1.9350342082404488,399.7831443762419,399.78321701344214,0.008217315131882803,0.008217322841552986,4.607031163573597,4.607035894229615,nan,nan,nan,nan,nan,nan,nan,nan,nan,nan
0,damage0,5,12,partial_mitigation,fixed_learning_grid,55,0.55,0|5|10|15|35|75|125|175|225,0|5|10|15|35|75|125|175|225,7.0,0.9,0.005,1.5,1.5,10000.0,0.015,2,0,1,1,1,True,7.671834721095598,7.671608335382159,0.0002263857134385816,0.0,0.0,1.4196,1.4196,425.6,425.6,0.0,0.0,204.19799759450225,160.5737905935341,0.6275830038288546,0.5500000000000013,1.4610124782599985,1.469639647515,432.49244944776257,434.3824298260433,0.0002224825673246377,0.0002685523231078814,210.39832717579554,211.34670389022892,0.6403825978844505,0.6027996068998169,1.5004211068193687,1.5088675805191714,436.786995570137,438.29126645129776,0.0004245606383915986,0.000476260453385194,213.0131545513333,213.94006552582238,0.6560599836724377,0.6313493547133622,1.5362969624735003,1.5446811434452996,439.6855631724741,441.0305272157881,0.0006085762071466915,0.0006640188936825689,203.71979771958843,204.63881492200662,0.6834701639883738,0.6730238547960612,1.6680336042370854,1.6762325603807517,447.3241058744005,448.4057511410339,0.0013884949647846206,0.0014611291053792373,125.06989669240329,125.56797285134682,0.6917717958974041,0.6854621373318244,1.8271464950886123,1.8354892722886893,441.352599316202,442.2645128051854,0.006754603052550856,0.0070094471269782944,36.33453313913446,36.55815456925796,0.6839065527147576,0.6784319511643464,1.903861015175734,1.9122482061385773,420.99571388581455,421.8062048032244,0.007854603421339677,0.00811833825401339,13.549627344604394,13.672639706128201,0.6891038152146135,0.6840216202013572,1.9350334437464523,1.9434591929375595,399.7831443762419,400.5416515474144,0.008217315131882803,0.008483521843383655,4.607031163573597,4.679667968638402,nan,nan,nan,nan,nan,nan,nan,nan,nan,nan
0,damage0,15,59,partial_mitigation,fixed_learning_grid,80,0.8,0|5|10|15|35|75|125|175|225,0|5|10|15|35|75|125|175|225,7.0,0.9,0.005,1.5,1.5,10000.0,0.015,2,0,1,1,1,True,7.671834721095598,7.671713429175646,0.00012129191995224886,0.0,0.0,1.4196,1.4196,425.6,425.6,0.0,0.0,204.19799759450225,204.2927809412086,0.6275830038288546,0.6277374000610536,1.4610124782599985,1.4609953095199164,432.49244944776257,432.48868823931565,0.0002224825673246377,0.00022239249479291508,210.39832717579554,210.46968172013771,0.6403825978844505,0.6404867255330913,1.5004211068193687,1.500397704971282,436.786995570137,436.7825549465125,0.0004245606383915986,0.00042435956319955163,213.0131545513333,194.27572650883755,0.6560599836724377,0.6484547624956075,1.5362969624735003,1.5388773723361027,439.6855631724741,440.2531808750372,0.0006085762071466915,0.0006356669184808318,203.71979771958843,203.99911190519532,0.6834701639883738,0.6800927360411064,1.6680336042370854,1.6706844336456592,447.3241058744005,447.7091459527892,0.0013884949647846206,0.0014203905125743206,125.06989669240329,125.29552630778107,0.6917717958974041,0.6896943807225416,1.8271464950886123,1.8298933017146446,441.352599316202,441.6682957763833,0.006754603052550856,0.006898995657434409,36.33453313913446,36.44525358968038,0.6839065527147576,0.682112663573125,1.903861015175734,1.9066092865628845,420.99571388581455,421.26741978726767,0.007854603421339677,0.007999658098153147,13.549627344604394,13.587604519015574,0.6891038152146135,0.6874256027381728,1.9350334437464523,1.9378157449723976,399.7831443762419,400.03891754227686,0.008217315131882803,0.008362543754398101,4.607031163573597,4.6362282941476565,nan,nan,nan,nan,nan,nan,nan,nan,nan,nan
0,damage0,5,9,partial_mitigation,fixed_learning_grid,40,0.4,0|5|10|15|35|75|125|175|225,0|5|10|15|35|75|125|175|225,7.0,0.9,0.005,1.5,1.5,10000.0,0.015,2,0,1,1,1,True,7.671834721095598,7.670092000077398,0.0017427210181999442,0.0,0.0,1.4196,1.4196,425.6,425.6,0.0,0.0,204.19799759450225,95.36585536714256,0.6275830038288546,0.3999999999999996,1.4610124782599985,1.48631953002,432.49244944776257,438.0365427470574,0.0002224825673246377,0.0003610138769132079,210.39832717579554,213.37433212253916,0.6403825978844505,0.5302718409169951,1.5004211068193687,1.5251676101823197,436.786995570137,441.1929506199157,0.0004245606383915986,0.0005780231139628654,213.0131545513333,215.83919985254724,0.6560599836724377,0.5837541265239067,1.5362969624735003,1.560829943510055,439.6855631724741,443.6186709519233,0.0006085762071466915,0.0007750660776260648,203.71979771958843,206.30892811543777,0.6834701639883738,0.652697576833102,1.6680336042370854,1.6921859711514107,447.3241058744005,450.5172858506999,0.0013884949647846206,0.001603856214812511,125.06989669240329,126.6415879135896,0.6917717958974041,0.6733968157919935,1.8271464950886123,1.8514423208424111,441.352599316202,443.99863852623383,0.006754603052550856,0.007499367291374925,36.33453313913446,37.04311097112634,0.6839065527147576,0.6681202245830924,1.903861015175734,1.928045962230454,420.99571388581455,423.3171677235447,0.007854603421339677,0.008626161210279109,13.549627344604394,13.937311487351046,0.6891038152146135,0.6744903516381902,1.9350334437464523,1.9592610419765775,399.7831443762419,401.95386581097694,0.008217315131882803,0.00899428994924165,4.607031163573597,4.787275878568232,nan,nan,nan,nan,nan,nan,nan,nan,nan,nan
0,damage0,10,32,partial_mitigation,fixed_learning_grid,50,0.5,0|5|10|15|35|75|125|175|225,0|5|10|15|35|75|125|175|225,7.0,0.9,0.005,1.5,1.5,10000.0,0.015,2,0,1,1,1,True,7.671834721095598,7.669869720840675,0.001965000254922522,0.0,0.0,1.4196,1.4196,425.6,425.6,0.0,0.0,204.19799759450225,136.30376253070852,0.6275830038288546,0.5,1.4610124782599985,1.47519960835,432.49244944776257,435.6004674663813,0.0002224825673246377,0.00029855572129845135,210.39832717579554,126.3830979529983,0.6403825978844505,0.5,1.5004211068193687,1.53197096195,436.786995570137,443.1368217233366,0.0004245606383915986,0.0006421531266338957,213.0131545513333,217.04512045327914,0.6560599836724377,0.5639170499031452,1.5362969624735003,1.5675605548844298,439.6855631724741,445.02423002362593,0.0006085762071466915,0.0008429009774277486,203.71979771958843,207.37273192792676,0.6834701639883738,0.6443343301668853,1.6680336042370854,1.6987500016977624,447.3241058744005,451.4780913297925,0.0013884949647846206,0.0016790737589860868,125.06989669240329,127.35896037557534,0.6917717958974041,0.6685050711220027,1.8271464950886123,1.8579102993355785,441.352599316202,444.73775539823356,0.006754603052550856,0.007807435175359989,36.33453313913446,37.34751100340196,0.6839065527147576,0.6639946400237509,1.903861015175734,1.9343664341796782,420.99571388581455,423.93547590790433,0.007854603421339677,0.008938126524425733,13.549627344604394,14.058862135843462,0.6891038152146135,0.6706626678938972,1.9350334437464523,1.9656069423460376,399.7831443762419,402.53343216495836,0.008217315131882803,0.00930452340147089,4.607031163573597,4.84290842348989,nan,nan,nan,nan,nan,nan,nan,nan,nan,nan
0,damage0,5,15,partial_mitigation,fixed_learning_grid,70,0.7,0|5|10|15|35|75|125|175|225,0|5|10|15|35|75|125|175|225,7.0,0.9,0.005,1.5,1.5,10000.0,0.015,2,0,1,1,1,True,7.671834721095598,7.671834721244861,-1.4926282432270455e-10,0.0,0.0,1.4196,1.4196,425.6,425.6,0.0,0.0,204.19799759450225,204.18451574332792,0.6275830038288546,0.6275610382828343,1.4610124782599985,1.4610149208115102,432.49244944776257,432.49298454499944,0.0002224825673246377,0.00022249538173260968,210.39832717579554,210.39397854726982,0.6403825978844505,0.6403652001029221,1.5004211068193687,1.5004250168302609,436.786995570137,436.78775477967747,0.0004245606383915986,0.0004245788684826475,213.0131545513333,213.02042672080526,0.6560599836724377,0.6560517001999594,1.5362969624735003,1.5362997730103125,439.6855631724741,439.68597887411954,0.0006085762071466915,0.0006085873839563018,203.71979771958843,203.71993975629587,0.6834701639883738,0.6834677679248111,1.6680336042370854,1.668035484826651,447.3241058744005,447.3243102585696,0.0013884949647846206,0.0013885090276202832,125.06989669240329,125.07035969179898,0.6917717958974041,0.6917709540555985,1.8271464950886123,1.827147608191413,441.352599316202,441.35267663499735,0.006754603052550856,0.006754644399597068,36.33453313913446,36.33457173664988,0.6839065527147576,0.6839058174369348,1.903861015175734,1.903862141634976,420.99571388581455,420.99580661040113,0.007854603421339677,0.0078546454924151,13.549627344604394,13.549624571716759,0.6891038152146135,0.6891030896977979,1.9350334437464523,1.9350346465776516,399.7831443762419,399.78324719786923,0.008217315131882803,0.008217358292716047,4.607031163573597,4.6070433536210444,nan,nan,nan,nan,nan,nan,nan,nan,nan,nan
0,damage0,15,61,partial_mitigation,fixed_learning_grid,90,0.9,0|5|10|15|35|75|125|175|225,0|5|10|15|35|75|125|175|225,7.0,0.9,0.005,1.5,1.5,10000.0,0.015,2,0,1,1,1,True,7.671834721095598,7.671834721093479,2.119193709404499e-12,0.0,0.0,1.4196,1.4196,425.6,425.6,0.0,0.0,204.19799759450225,204.1968171662533,0.6275830038288546,0.6275810806393083,1.4610124782599985,1.4610126921171696,432.49244944776257,432.4924962981077,0.0002224825673246377,0.00022248368928763434,210.39832717579554,210.39809916073915,0.6403825978844505,0.6403811928015608,1.5004211068193687,1.5004214226004005,436.786995570137,436.7870562132017,0.0004245606383915986,0.00042456205961158137,213.0131545513333,213.0135230063789,0.6560599836724377,0.6560591618074278,1.5362969624735003,1.536297241327794,439.6855631724741,439.685607829648,0.0006085762071466915,0.0006085773178686566,203.71979771958843,203.7196669916227,0.6834701639883738,0.6834695050911708,1.6680336042370854,1.6680341213833012,447.3241058744005,447.3241854961658,0.0013884949647846206,0.0013884976617780454,125.06989669240329,125.06987663923542,0.6917717958974041,0.6917712283463182,1.8271464950886123,1.8271472455178484,441.352599316202,441.35269348258436,0.006754603052550856,0.006754609924545338,36.33453313913446,36.33453493963232,0.6839065527147576,0.6839060450583183,1.903861015175734,1.903861792914801,420.99571388581455,420.995794779518,0.007854603421339677,0.007854611014748433,13.549627344604394,13.549629378937212,0.6891038152146135,0.6891033363235257,1.9350334437464523,1.935034237697921,399.7831443762419,399.7832196717468,0.008217315131882803,0.008217323246467192,4.607031163573597,4.607036110194036,nan,nan,nan,nan,nan,nan,nan,nan,nan,nan
0,damage0,5,2,partial_mitigation,fixed_learning_grid,5,0.05,0|5|10|15|35|75|125|175|225,0|5|10|15|35|75|125|175|225,7.0,0.9,0.005,1.5,1.5,10000.0,0.015,2,0,1,1,1,True,7.671834721095598,7.662931195172083,0.008903525923514621,0.0,0.0,1.4196,1.4196,425.6,425.6,0.0,0.0,204.19799759450225,7.711723163782066,0.6275830038288546,0.050000000000001266,1.4610124782599985,1.525239255865,432.49244944776257,446.5628062294238,0.0002224825673246377,0.0005974984142955534,210.39832717579554,219.2739272827219,0.6403825978844505,0.36202073117790945,1.5004211068193687,1.5629806882833919,436.786995570137,447.915188866864,0.0004245606383915986,0.0008350257218288289,213.0131545513333,221.68185530988674,0.6560599836724377,0.4742126440562904,1.5362969624735003,1.59799676813636,439.6855631724741,449.55376411399834,0.0006085762071466915,0.0010503651375204893,203.71979771958843,211.6232298630868,0.6834701639883738,0.6073639459267861,1.6680336042370854,1.7277668107370858,447.3241058744005,455.17044891783837,0.0013884949647846206,0.0019372641006016906,125.06989669240329,129.80594407858462,0.6917717958974041,0.6472710958658676,1.8271464950886123,1.8859863549244293,441.352599316202,447.6954991302339,0.006754603052550856,0.008583986277658839,36.33453313913446,38.146233881687074,0.6839065527147576,0.6457736462106731,1.903861015175734,1.962281334147438,420.99571388581455,426.57122591956124,0.007854603421339677,0.009744781990148308,13.549627344604394,14.524379217160101,0.6891038152146135,0.6538953939477998,1.9350334437464523,1.993405333497872,399.7831443762419,404.9873622273341,0.008217315131882803,0.010118362368575478,4.607031163573597,5.060255424354877,nan,nan,nan,nan,nan,nan,nan,nan,nan,nan
0,damage0,15,60,partial_mitigation,fixed_learning_grid,85,0.85,0|5|10|15|35|75|125|175|225,0|5|10|15|35|75|125|175|225,7.0,0.9,0.005,1.5,1.5,10000.0,0.015,2,0,1,1,1,True,7.671834721095598,7.67180951101929,2.5210076308290752e-05,0.0,0.0,1.4196,1.4196,425.6,425.6,0.0,0.0,204.19799759450225,204.1852270059066,0.6275830038288546,0.6275621971476956,1.4610124782599985,1.4610147919466454,432.49244944776257,432.492956314179,0.0002224825673246377,0.00022249470566607267,210.39832717579554,210.38243354319093,0.6403825978844505,0.6403522209420867,1.5004211068193687,1.5004279337918376,436.786995570137,436.7884002343005,0.0004245606383915986,0.000424588854351062,213.0131545513333,204.15764781730334,0.6560599836724377,0.6526054929262265,1.5362969624735003,1.5374690522503172,439.6855631724741,439.94250619121283,0.0006085762071466915,0.0006208091050443692,203.71979771958843,203.84656770997455,0.6834701639883738,0.6819369029534403,1.6680336042370854,1.6692370091670736,447.3241058744005,447.4987263267572,0.0013884949647846206,0.0014029089737582494,125.06989669240329,125.14769486077162,0.6917717958974041,0.6908100432204703,1.8271464950886123,1.8284181468304366,441.352599316202,441.4995490042227,0.006754603052550856,0.006820924151721218,36.33453313913446,36.37406175904974,0.6839065527147576,0.6830628445955222,1.903861015175734,1.9051535916395679,420.99571388581455,421.12476388474823,0.007854603421339677,0.007921882787818881,13.549627344604394,13.56870843894211,0.6891038152146135,0.6883225300207024,1.9350334437464523,1.9363287330994678,399.7831443762419,399.9019944515442,0.008217315131882803,0.008284698858338956,4.607031163573597,4.630563718850842,nan,nan,nan,nan,nan,nan,nan,nan,nan,nan
0,damage0,15,49,partial_mitigation,fixed_learning_grid,30,0.3,0|5|10|15|35|75|125|175|225,0|5|10|15|35|75|125|175|225,7.0,0.9,0.005,1.5,1.5,10000.0,0.015,2,0,1,1,1,True,7.671834721095598,7.657417714772401,0.01441700632319698,0.0,0.0,1.4196,1.4196,425.6,425.6,0.0,0.0,204.19799759450225,62.816539318813,0.6275830038288546,0.30000000000000127,1.4610124782599985,1.49743945169,432.49244944776257,440.4726180277335,0.0002224825673246377,0.0004259283949480829,210.39832717579554,58.24453187790255,0.6403825978844505,0.3000000000000006,1.5004211068193687,1.57691934673,436.786995570137,452.1011056379368,0.0004245606383915986,0.0009579769740545336,213.0131545513333,52.78288803672141,0.6560599836724377,0.3000000000000003,1.5362969624735003,1.65710616344,439.6855631724741,462.4714360273921,0.0006085762071466915,0.0016120864419791252,203.71979771958843,221.3212910924532,0.6834701639883738,0.5352644626732137,1.6680336042370854,1.7843552660751743,447.3241058744005,463.31662315843005,0.0013884949647846206,0.0025726434493167716,125.06989669240329,135.46856672109794,0.6917717958974041,0.6056555995150266,1.8271464950886123,1.9410113313977468,441.352599316202,453.8943866175106,0.006754603052550856,0.01071319634093568,36.33453313913446,40.34285993182492,0.6839065527147576,0.6100699003946672,1.903861015175734,2.0169801339578406,420.99571388581455,431.92343836908196,0.007854603421339677,0.01190222478929514,13.549627344604394,15.651681539983258,0.6891038152146135,0.6210837629722414,1.9350334437464523,2.047803594963655,399.7831443762419,409.91010165881744,0.008217315131882803,0.012265614099877056,4.607031163573597,5.5236112247083335,nan,nan,nan,nan,nan,nan,nan,nan,nan,nan
0,damage0,10,35,partial_mitigation,fixed_learning_grid,65,0.65,0|5|10|15|35|75|125|175|225,0|5|10|15|35|75|125|175|225,7.0,0.9,0.005,1.5,1.5,10000.0,0.015,2,0,1,1,1,True,7.671834721095598,7.67161078264463,0.00022393845096768672,0.0,0.0,1.4196,1.4196,425.6,425.6,0.0,0.0,204.19799759450225,204.867234444295,0.6275830038288546,0.6286719816847922,1.4610124782599985,1.4608913847754144,432.49244944776257,432.46592112740205,0.0002224825673246377,0.00022184728012793238,210.39832717579554,177.54555276985747,0.6403825978844505,0.6161715213606828,1.5004211068193687,1.5058623507370101,436.786995570137,437.98618006782044,0.0004245606383915986,0.00046772119167801465,213.0131545513333,213.6364466935699,0.6560599836724377,0.6400756327026462,1.5362969624735003,1.5417203651505198,439.6855631724741,440.65971512393276,0.0006085762071466915,0.0006541128627205031,203.71979771958843,204.33445836755317,0.6834701639883738,0.6765625866607381,1.6680336042370854,1.6734551289618125,447.3241058744005,448.075148783945,0.0013884949647846206,0.0014441381874991867,125.06989669240329,125.48977290258836,0.6917717958974041,0.687604726031461,1.8271464950886123,1.832656291713483,441.352599316202,441.9689932411723,0.006754603052550856,0.0069786125964296335,36.33453313913446,36.5356828630871,0.6839065527147576,0.6803147439028785,1.903861015175734,1.909363732794515,420.99571388581455,421.5324619752982,0.007854603421339677,0.008082103205046858,13.549627344604394,13.648600649456448,0.6891038152146135,0.6858145663676362,1.9350334437464523,1.9404866752221195,399.7831443762419,400.2738282755804,0.008217315131882803,0.008444329831448782,4.607031163573597,4.639715390676428,nan,nan,nan,nan,nan,nan,nan,nan,nan,nan
0,damage0,15,56,partial_mitigation,fixed_learning_grid,65,0.65,0|5|10|15|35|75|125|175|225,0|5|10|15|35|75|125|175|225,7.0,0.9,0.005,1.5,1.5,10000.0,0.015,2,0,1,1,1,True,7.671834721095598,7.670812130658873,0.001022590436725146,0.0,0.0,1.4196,1.4196,425.6,425.6,0.0,0.0,204.19799759450225,205.59883276820537,0.6275830038288546,0.6298593308650255,1.4610124782599985,1.4607593524766231,432.49244944776257,432.4369964075271,0.0002224825673246377,0.00022115462308622415,210.39832717579554,177.5421034221575,0.6403825978844505,0.6167554124492114,1.5004211068193687,1.5057311259304265,436.786995570137,437.9627286045916,0.0004245606383915986,0.00046691719341155155,213.0131545513333,160.2176279991987,0.6560599836724377,0.6134972438227083,1.5362969624735003,1.5507382668266492,439.6855631724741,442.64668912668486,0.0006085762071466915,0.0007437389091310317,203.71979771958843,205.4619356356144,0.6834701639883738,0.6650098141757428,1.6680336042370854,1.6825225108666042,447.3241058744005,449.38648295336964,0.0013884949647846206,0.00154585665469852,125.06989669240329,126.31997021457173,0.6917717958974041,0.6806572843233277,1.8271464950886123,1.841842360607554,441.352599316202,443.0163369972987,0.006754603052550856,0.007414034231863363,36.33453313913446,36.88299828395574,0.6839065527147576,0.6743514759832132,1.903861015175734,1.9184995696849778,420.99571388581455,422.4300224622077,0.007854603421339677,0.008526284348271986,13.549627344604394,13.809937683749952,0.6891038152146135,0.6802818678676124,1.9350334437464523,1.949659312200752,399.7831443762419,401.11027148949205,0.008217315131882803,0.008885730182100454,4.607031163573597,4.731324280055208,nan,nan,nan,nan,nan,nan,nan,nan,nan,nan
0,damage0,10,31,partial_mitigation,fixed_learning_grid,45,0.45,0|5|10|15|35|75|125|175|225,0|5|10|15|35|75|125|175|225,7.0,0.9,0.005,1.5,1.5,10000.0,0.015,2,0,1,1,1,True,7.671834721095598,7.668709453910126,0.0031252671854717917,0.0,0.0,1.4196,1.4196,425.6,425.6,0.0,0.0,204.19799759450225,114.6627092771978,0.6275830038288546,0.45000000000000084,1.4610124782599985,1.480759569185,432.49244944776257,436.8185051067194,0.0002224825673246377,0.00032977143608524444,210.39832717579554,106.31715624776986,0.6403825978844505,0.4499999999999994,1.5004211068193687,1.5432080581450003,436.786995570137,445.37789270198664,0.0004245606383915986,0.0007186615458901081,213.0131545513333,218.86797898500646,0.6560599836724377,0.5314075502208045,1.5362969624735003,1.5785908499485823,439.6855631724741,446.8935090207246,0.0006085762071466915,0.0009230211606964464,203.71979771958843,209.0350782092601,0.6834701639883738,0.6309325467006682,1.6680336042370854,1.7092686100276102,447.3241058744005,452.8834730142403,0.0013884949647846206,0.0017751518626561273,125.06989669240329,128.29113294397365,0.6917717958974041,0.660830555807146,1.8271464950886123,1.8680577218505947,441.352599316202,445.83400510933404,0.006754603052550856,0.00812540133111547,36.33453313913446,37.6441407775375,0.6839065527147576,0.6574025765800702,1.903861015175734,1.9444655974579952,420.99571388581455,424.9030874324113,0.007854603421339677,0.009267316882140981,13.549627344604394,14.235489095832929,0.6891038152146135,0.664586165190683,1.9350334437464523,1.975681149967512,399.7831443762419,403.43328439591227,0.008217315131882803,0.009635970835193495,4.607031163573597,4.907370246356523,nan,nan,nan,nan,nan,nan,nan,nan,nan,nan
0,damage0,15,53,partial_mitigation,fixed_learning_grid,50,0.5,0|5|10|15|35|75|125|175|225,0|5|10|15|35|75|125|175|225,7.0,0.9,0.005,1.5,1.5,10000.0,0.015,2,0,1,1,1,True,7.671834721095598,7.667411165784524,0.004423555311073635,0.0,0.0,1.4196,1.4196,425.6,425.6,0.0,0.0,204.19799759450225,136.30376253070852,0.6275830038288546,0.5,1.4610124782599985,1.47519960835,432.49244944776257,435.6004674663813,0.0002224825673246377,0.00029855572129845135,210.39832717579554,126.3830979529983,0.6403825978844505,0.5,1.5004211068193687,1.53197096195,436.786995570137,443.1368217233366,0.0004245606383915986,0.0006421531266338957,213.0131545513333,110.94740130147045,0.6560599836724377,0.49832068261303863,1.5362969624735003,1.5898170427853933,439.6855631724741,449.90924885838615,0.0006085762071466915,0.0010524238337121898,203.71979771958843,211.17630766104335,0.6834701639883738,0.6169033668303232,1.6680336042370854,1.7202796406577594,447.3241058744005,454.5599489236582,0.0013884949647846206,0.0019173362086282054,125.06989669240329,129.46127154636577,0.6917717958974041,0.6524269042207516,1.8271464950886123,1.879169225289913,441.352599316202,447.13424393981984,0.006754603052550856,0.008696105605995796,36.33453313913446,38.067211864312625,0.6839065527147576,0.6501002453658185,1.903861015175734,1.9556529041147255,420.99571388581455,426.02405224130354,0.007854603421339677,0.009843172979526195,13.549627344604394,14.486490593579436,0.6891038152146135,0.6579534624613709,1.9350334437464523,1.98667747921316,399.7831443762419,404.43503281020367,0.008217315131882803,0.01020872610960235,4.607031163573597,5.022043289782293,nan,nan,nan,nan,nan,nan,nan,nan,nan,nan
0,damage0,10,30,partial_mitigation,fixed_learning_grid,40,0.4,0|5|10|15|35|75|125|175|225,0|5|10|15|35|75|125|175|225,7.0,0.9,0.005,1.5,1.5,10000.0,0.015,2,0,1,1,1,True,7.671834721095598,7.667286267692929,0.004548453402668962,0.0,0.0,1.4196,1.4196,425.6,425.6,0.0,0.0,204.19799759450225,95.36585536714256,0.6275830038288546,0.3999999999999996,1.4610124782599985,1.48631953002,432.49244944776257,438.0365427470574,0.0002224825673246377,0.0003610138769132079,210.39832717579554,88.42479485862799,0.6403825978844505,0.3999999999999998,1.5004211068193687,1.5544451543400002,436.786995570137,447.61896368063674,0.0004245606383915986,0.0007952289831043718,213.0131545513333,220.1656879951455,0.6560599836724377,0.498558962203127,1.5362969624735003,1.589736195826439,439.6855631724741,448.7880402226815,0.0006085762071466915,0.0010060862251233167,203.71979771958843,210.28407721121957,0.6834701639883738,0.6168842032028559,1.6680336042370854,1.7202946815433267,447.3241058744005,454.375222151966,0.0013884949647846206,0.0018791396830427028,125.06989669240329,128.97085442493756,0.6917717958974041,0.6523759704608647,1.8271464950886123,1.8792365710910026,441.352599316202,447.0691954857325,0.006754603052550856,0.00846817802631785,36.33453313913446,37.95076502878612,0.6839065527147576,0.6501085465366234,1.903861015175734,1.9556401865673174,420.99571388581455,425.98628697412175,0.007854603421339677,0.009621666578439173,13.549627344604394,14.427071766455777,0.6891038152146135,0.6578684732736615,1.9350334437464523,1.9868183824208736,399.7831443762419,404.4342371226994,0.008217315131882803,0.009993495108091726,4.607031163573597,5.007488522802202,nan,nan,nan,nan,nan,nan,nan,nan,nan,nan
0,damage0,10,33,partial_mitigation,fixed_learning_grid,55,0.55,0|5|10|15|35|75|125|175|225,0|5|10|15|35|75|125|175|225,7.0,0.9,0.005,1.5,1.5,10000.0,0.015,2,0,1,1,1,True,7.671834721095598,7.670740110765552,0.0010946103300462084,0.0,0.0,1.4196,1.4196,425.6,425.6,0.0,0.0,204.19799759450225,160.5737905935341,0.6275830038288546,0.5500000000000013,1.4610124782599985,1.469639647515,432.49244944776257,434.3824298260433,0.0002224825673246377,0.0002685523231078814,210.39832717579554,148.886668485727,0.6403825978844505,0.5499999999999996,1.5004211068193687,1.520733865755,436.786995570137,440.89575074468655,0.0004245606383915986,0.000570756008092452,213.0131545513333,215.68292272057684,0.6560599836724377,0.5967107797671042,1.5362969624735003,1.5564338220774636,439.6855631724741,443.13378415634884,0.0006085762071466915,0.0007632684889135025,203.71979771958843,206.20923271565633,0.6834701639883738,0.6583262695127317,1.6680336042370854,1.6877681999006402,447.3241058744005,449.99358920225734,0.0013884949647846206,0.001579073338196051,125.06989669240329,126.50608303602974,0.6917717958974041,0.6766395739986386,1.8271464950886123,1.8471546705756687,441.352599316202,443.564572136193,0.006754603052550856,0.0074741548571612415,36.33453313913446,37.011352943730685,0.6839065527147576,0.6708990167147748,1.903861015175734,1.923788801222505,420.99571388581455,422.92438773591095,0.007854603421339677,0.00859219130777529,13.549627344604394,13.85376132948562,0.6891038152146135,0.677012889378312,1.9350334437464523,1.95507893753786,399.7831443762419,401.5943483648535,0.008217315131882803,0.008957289697079616,4.607031163573597,4.750117359940539,nan,nan,nan,nan,nan,nan,nan,nan,nan,nan
0,damage0,5,10,partial_mitigation,fixed_learning_grid,45,0.45,0|5|10|15|35|75|125|175|225,0|5|10|15|35|75|125|175|225,7.0,0.9,0.005,1.5,1.5,10000.0,0.015,2,0,1,1,1,True,7.671834721095598,7.6707339682368,0.0011007528587976267,0.0,0.0,1.4196,1.4196,425.6,425.6,0.0,0.0,204.19799759450225,114.6627092771978,0.6275830038288546,0.45000000000000084,1.4610124782599985,1.480759569185,432.49244944776257,436.8185051067194,0.0002224825673246377,0.00032977143608524444,210.39832717579554,212.76229461063207,0.6403825978844505,0.554520128167249,1.5004211068193687,1.5197180034544178,436.786995570137,440.22215295053167,0.0004245606383915986,0.0005427503770957212,213.0131545513333,215.33321531150628,0.6560599836724377,0.5997365118071591,1.5362969624735003,1.5554072077797048,439.6855631724741,442.7478730637804,0.0006085762071466915,0.0007366166989601371,203.71979771958843,205.81452058641332,0.6834701639883738,0.659601998345061,1.6680336042370854,1.686766923320087,447.3241058744005,449.7968692986997,0.0013884949647846206,0.0015554440898395275,125.06989669240329,126.34683069063135,0.6917717958974041,0.6775903532516034,1.8271464950886123,1.845897528150053,441.352599316202,443.3898376271226,0.006754603052550856,0.0073310834980557646,36.33453313913446,36.910844514306305,0.6839065527147576,0.6717648121013782,1.903861015175734,1.9224623866560155,420.99571388581455,422.7760450924071,0.007854603421339677,0.008449728022774373,13.549627344604394,13.853460346940036,0.6891038152146135,0.6778751465587789,1.9350334437464523,1.9536494050775954,399.7831443762419,401.4477292599772,0.008217315131882803,0.008816042905514996,4.607031163573597,4.744295826478572,nan,nan,nan,nan,nan,nan,nan,nan,nan,nan
0,damage0,15,44,partial_mitigation,fixed_learning_grid,5,0.05,0|5|10|15|35|75|125|175|225,0|5|10|15|35|75|125|175|225,7.0,0.9,0.005,1.5,1.5,10000.0,0.015,2,0,1,1,1,True,7.671834721095598,7.638646312216946,0.03318840887865182,0.0,0.0,1.4196,1.4196,425.6,425.6,0.0,0.0,204.19799759450225,7.711723163782066,0.6275830038288546,0.050000000000001266,1.4610124782599985,1.525239255865,432.49244944776257,446.5628062294238,0.0002224825673246377,0.0005974984142955534,210.39832717579554,7.150436979133979,0.6403825978844505,0.0499999999999996,1.5004211068193687,1.6331048277050002,436.786995570137,463.3064605311871,0.0004245606383915986,0.0014032517660701209,213.0131545513333,6.604800446383826,0.6560599836724377,0.04999999999999971,1.5362969624735003,1.7419297932400004,439.6855631724741,478.3304952815689,0.0006085762071466915,0.002429534935119283,203.71979771958843,233.23571360237827,0.6834701639883738,0.4308374074027331,1.6680336042370854,1.8663165435572688,447.3241058744005,474.5704892681214,0.0013884949647846206,0.0035217751824428937,125.06989669240329,142.31680897795184,0.6917717958974041,0.544534701948965,1.8271464950886123,2.02182680268871,441.352599316202,462.8114082748224,0.006754603052550856,0.013377781359193491,36.33453313913446,42.960858504237656,0.6839065527147576,0.5572847903028415,1.903861015175734,2.0978479001794015,420.99571388581455,439.76996413789357,0.007854603421339677,0.014654319460754094,13.549627344604394,17.154698162604596,0.6891038152146135,0.5721013004404389,1.9350334437464523,2.129011408315809,399.7831443762419,417.2493094709756,0.008217315131882803,0.015042613775762218,4.607031163573597,6.205124964943655,nan,nan,nan,nan,nan,nan,nan,nan,nan,nan
0,damage0,15,51,partial_mitigation,fixed_learning_grid,40,0.4,0|5|10|15|35|75|125|175|225,0|5|10|15|35|75|125|175|225,7.0,0.9,0.005,1.5,1.5,10000.0,0.015,2,0,1,1,1,True,7.671834721095598,7.663109944687976,0.008724776407621704,0.0,0.0,1.4196,1.4196,425.6,425.6,0.0,0.0,204.19799759450225,95.36585536714256,0.6275830038288546,0.3999999999999996,1.4610124782599985,1.48631953002,432.49244944776257,438.0365427470574,0.0002224825673246377,0.0003610138769132079,210.39832717579554,88.42479485862799,0.6403825978844505,0.3999999999999998,1.5004211068193687,1.5544451543400002,436.786995570137,447.61896368063674,0.0004245606383915986,0.0007952289831043718,213.0131545513333,79.52204134712359,0.6560599836724377,0.39999999999999986,1.5362969624735003,1.6231767115199998,439.6855631724741,456.12781232572155,0.0006085762071466915,0.0013205214981338404,203.71979771958843,216.42841383799072,0.6834701639883738,0.5767383890745847,1.6680336042370854,1.7518037785200558,447.3241058744005,458.8565067456924,0.0013884949647846206,0.0022349442620679745,125.06989669240329,132.79698856608184,0.6917717958974041,0.6299819867274278,1.8271464950886123,1.9088464168486468,441.352599316202,450.3449437756566,0.006754603052550856,0.009670510689040273,36.33453313913446,39.24215267821012,0.6839065527147576,0.630983627116392,1.903861015175734,1.9849399173056073,420.99571388581455,428.82206728475035,0.007854603421339677,0.010837675543422312,13.549627344604394,15.035482572705913,0.6891038152146135,0.6403818175215272,1.9350334437464523,2.0158094335659795,399.7831443762419,407.0315539990318,0.008217315131882803,0.011199237616230916,4.607031163573597,5.257202240266302,nan,nan,nan,nan,nan,nan,nan,nan,nan,nan
0,damage0,10,41,partial_mitigation,fixed_learning_grid,95,0.95,0|5|10|15|35|75|125|175|225,0|5|10|15|35|75|125|175|225,7.0,0.9,0.005,1.5,1.5,10000.0,0.015,2,0,1,1,1,True,7.671834721095598,7.671834721094075,1.5232259897857148e-12,0.0,0.0,1.4196,1.4196,425.6,425.6,0.0,0.0,204.19799759450225,204.19641184161628,0.6275830038288546,0.6275804202701468,1.4610124782599985,1.461012765549703,432.49244944776257,432.4925123851976,0.0002224825673246377,0.0002224840745381608,210.39832717579554,210.39803372529911,0.6403825978844505,0.6403807805745656,1.5004211068193687,1.5004215152450886,436.786995570137,436.78707357159743,0.0004245606383915986,0.0004245625648441424,213.0131545513333,213.01362047190156,0.6560599836724377,0.6560589210710448,1.5362969624735003,1.5362973230083292,439.6855631724741,439.68562070906614,0.0006085762071466915,0.000608577747900979,203.71979771958843,203.71966818914956,0.6834701639883738,0.6834693917516752,1.6680336042370854,1.6680342103396533,447.3241058744005,447.3241976441594,0.0013884949647846206,0.0013884983260212405,125.06989669240329,125.06989015566924,0.6917717958974041,0.6917711723508368,1.8271464950886123,1.8271473195563754,441.352599316202,441.3527010174594,0.006754603052550856,0.006754611504869799,36.33453313913446,36.33453754893182,0.6839065527147576,0.6839059981517159,1.903861015175734,1.9038618647765846,420.99571388581455,420.9958014047339,0.007854603421339677,0.007854612633397592,13.549627344604394,13.549630526873935,0.6891038152146135,0.6891032931025598,1.9350334437464523,1.935034309353774,399.7831443762419,399.7832259398234,0.008217315131882803,0.008217324887220656,4.607031163573597,4.607036646951429,nan,nan,nan,nan,nan,nan,nan,nan,nan,nan
0,damage0,5,4,partial_mitigation,fixed_learning_grid,15,0.15,0|5|10|15|35|75|125|175|225,0|5|10|15|35|75|125|175|225,7.0,0.9,0.005,1.5,1.5,10000.0,0.015,2,0,1,1,1,True,7.671834721095598,7.665358213297672,0.006476507797925635,0.0,0.0,1.4196,1.4196,425.6,425.6,0.0,0.0,204.19799759450225,26.059457510103737,0.6275830038288546,0.1500000000000017,1.4610124782599985,1.5141193341949999,432.49244944776257,444.1267309487477,0.0002224825673246377,0.0005263320381083881,210.39832717579554,217.5859245530738,0.6403825978844505,0.41009819682877846,1.5004211068193687,1.5521756661567794,436.786995570137,445.9942672126211,0.0004245606383915986,0.0007593134306676228,213.0131545513333,219.90274100489475,0.6560599836724377,0.5054334618399973,1.5362969624735003,1.5874037157774068,439.6855631724741,447.8637903490783,0.0006085762071466915,0.000968778936827669,203.71979771958843,210.01046830067818,0.6834701639883738,0.6202513705914052,1.6680336042370854,1.717651905301607,447.3241058744005,453.84918458613197,0.0013884949647846206,0.0018401590431998687,125.06989669240329,128.87779560021573,0.6917717958974041,0.6547565440466101,1.8271464950886123,1.876088921368305,441.352599316202,446.633423222813,0.006754603052550856,0.008275053996626255,36.33453313913446,37.842076169764994,0.6839065527147576,0.6522030201668578,1.903861015175734,1.9524314141769148,420.99571388581455,425.6318472367743,0.007854603421339677,0.009426533006033294,13.549627344604394,14.345255165304895,0.6891038152146135,0.6597755889700482,1.9350334437464523,1.9836565835339237,399.7831443762419,404.12421300067297,0.008217315131882803,0.009799773057103969,4.607031163573597,4.9709935744600315,nan,nan,nan,nan,nan,nan,nan,nan,nan,nan
0,damage0,5,11,partial_mitigation,fixed_learning_grid,50,0.5,0|5|10|15|35|75|125|175|225,0|5|10|15|35|75|125|175|225,7.0,0.9,0.005,1.5,1.5,10000.0,0.015,2,0,1,1,1,True,7.671834721095598,7.671244872121501,0.0005898489740969737,0.0,0.0,1.4196,1.4196,425.6,425.6,0.0,0.0,204.19799759450225,136.30376253070852,0.6275830038288546,0.5,1.4610124782599985,1.47519960835,432.49244944776257,435.6004674663813,0.0002224825673246377,0.00029855572129845135,210.39832717579554,212.05789538992047,0.6403825978844505,0.5786827167145457,1.5004211068193687,1.5142876568178945,436.786995570137,439.255582602882,0.0004245606383915986,0.0005095034981945276,213.0131545513333,214.60549506043702,0.6560599836724377,0.6155234554099941,1.5362969624735003,1.5500507843403435,439.6855631724741,441.89085679598827,0.0006085762071466915,0.0007001735952704069,203.71979771958843,205.24525361777458,0.6834701639883738,0.6663080455814145,1.6680336042370854,1.6815035727743575,447.3241058744005,449.1017997783681,0.0013884949647846206,0.0015081761175932576,125.06989669240329,125.97883526379573,0.6917717958974041,0.6815231368197168,1.8271464950886123,1.8406975103132908,441.352599316202,442.8276429777262,0.006754603052550856,0.007168782746886324,36.33453313913446,36.738537554148984,0.6839065527147576,0.6750926762225758,1.903861015175734,1.9173640371915175,420.99571388581455,422.29221488004094,0.007854603421339677,0.008281765048367891,13.549627344604394,13.76356890652586,0.6891038152146135,0.6809503904993031,1.9350334437464523,1.9485509714132547,399.7831443762419,400.9938000598415,0.008217315131882803,0.008647383901619685,4.607031163573597,4.716481193276607,nan,nan,nan,nan,nan,nan,nan,nan,nan,nan
0,damage0,15,57,partial_mitigation,fixed_learning_grid,70,0.7,0|5|10|15|35|75|125|175|225,0|5|10|15|35|75|125|175|225,7.0,0.9,0.005,1.5,1.5,10000.0,0.015,2,0,1,1,1,True,7.671834721095598,7.671279129018215,0.0005555920773829826,0.0,0.0,1.4196,1.4196,425.6,425.6,0.0,0.0,204.19799759450225,204.87398172832692,0.6275830038288546,0.6286829469874977,1.4610124782599985,1.4608901654423427,432.49244944776257,432.4656540043734,0.0002224825673246377,0.00022184088327682137,210.39832717579554,193.37421585044257,0.6403825978844505,0.6287634566178681,1.5004211068193687,1.503032414981686,436.786995570137,437.3650980079116,0.0004245606383915986,0.00044530075375372527,213.0131545513333,177.76786204215935,0.6560599836724377,0.6321987727421274,1.5362969624735003,1.5443929405636299,439.6855631724741,441.35992636208266,0.0006085762071466915,0.0006897189214594781,203.71979771958843,204.67742227580538,0.6834701639883738,0.6730176034138153,1.6680336042370854,1.6762374668800644,447.3241058744005,448.496765104607,0.0013884949647846206,0.0014826627958592297,125.06989669240329,125.7604846848736,0.6917717958974041,0.6854142442212849,1.8271464950886123,1.835552597672543,441.352599316202,442.3088024431414,0.006754603052550856,0.007167536457857726,36.33453313913446,36.67616304405037,0.6839065527147576,0.6784557065299899,1.903861015175734,1.9122118124784708,420.99571388581455,421.8144648122104,0.007854603421339677,0.0082726786495282,13.549627344604394,13.678838913413667,0.6891038152146135,0.6840259030037983,1.9350334437464523,1.9434520924978655,399.7831443762419,400.55176756952585,0.008217315131882803,0.008633434465815607,4.607031163573597,4.665238825247171,nan,nan,nan,nan,nan,nan,nan,nan,nan,nan
0,damage0,15,55,partial_mitigation,fixed_learning_grid,60,0.6,0|5|10|15|35|75|125|175|225,0|5|10|15|35|75|125|175|225,7.0,0.9,0.005,1.5,1.5,10000.0,0.015,2,0,1,1,1,True,7.671834721095598,7.670081665845966,0.0017530552496323182,0.0,0.0,1.4196,1.4196,425.6,425.6,0.0,0.0,204.19799759450225,187.79216371383427,0.6275830038288546,0.6000000000000004,1.4610124782599985,1.46407968668,432.49244944776257,433.16439218570525,0.0002224825673246377,0.000238579112734631,210.39832717579554,163.8739341839732,0.6403825978844505,0.5898534919751088,1.5004211068193687,1.5117771152943809,436.786995570137,439.1551838859576,0.0004245606383915986,0.0005092167096749081,213.0131545513333,141.74710847989812,0.6560599836724377,0.5830061891950471,1.5362969624735003,1.5610837145464425,439.6855631724741,444.6145766920649,0.0006085762071466915,0.0008256106780960195,203.71979771958843,206.94850250122207,0.6834701639883738,0.6523492376449656,1.6680336042370854,1.6924593708444575,447.3241058744005,450.7535536893382,0.0013884949647846206,0.0016432568774577788,125.06989669240329,127.07678699395885,0.6917717958974041,0.6731236820383317,1.8271464950886123,1.8518034646394865,441.352599316202,444.1232521353893,0.006754603052550856,0.007780630875907687,36.33453313913446,37.23770911899882,0.6839065527147576,0.6679002840319199,1.903861015175734,1.9283829152280685,420.99571388581455,423.3875156786935,0.007854603421339677,0.008901107622225709,13.549627344604394,13.980590720972337,0.6891038152146135,0.6742736030891103,1.9350334437464523,1.9596203884611816,399.7831443762419,402.0125778865911,0.008217315131882803,0.009261532255494906,4.607031163573597,4.804240287844033,nan,nan,nan,nan,nan,nan,nan,nan,nan,nan
0,damage0,10,27,partial_mitigation,fixed_learning_grid,25,0.25,0|5|10|15|35|75|125|175|225,0|5|10|15|35|75|125|175|225,7.0,0.9,0.005,1.5,1.5,10000.0,0.015,2,0,1,1,1,True,7.671834721095598,7.6616726351538205,0.010162085941777477,0.0,0.0,1.4196,1.4196,425.6,425.6,0.0,0.0,204.19799759450225,49.13575945808384,0.6275830038288546,0.25,1.4610124782599985,1.5029994125250001,432.49244944776257,441.6906556680716,0.0002224825673246377,0.0004587859362565938,210.39832717579554,45.55948702580318,0.6403825978844505,0.25,1.5004211068193687,1.5881564429250001,436.786995570137,454.34217661658687,0.0004245606383915986,0.0010423893732595087,213.0131545513333,226.79897230911476,0.6560599836724377,0.40150311673449623,1.5362969624735003,1.6226667122502674,439.6855631724741,454.36067828866874,0.0006085762071466915,0.0012665489187950454,203.71979771958843,216.1462201805102,0.6834701639883738,0.5778807184396322,1.6680336042370854,1.7509072026870776,447.3241058744005,458.4290290768033,0.0013884949647846206,0.0021855060412537177,125.06989669240329,132.54534617993755,0.6917717958974041,0.630893401085127,1.8271464950886123,1.907641323602442,441.352599316202,450.0812644685868,0.006754603052550856,0.009392300079585213,36.33453313913446,39.0370222116626,0.6839065527147576,0.6317795480280346,1.903861015175734,1.9837205517288075,420.99571388581455,428.64629907380487,0.007854603421339677,0.01056239030097422,13.549627344604394,14.957417247337421,0.6891038152146135,0.6410983689470725,1.9350334437464523,2.0146214660483164,399.7831443762419,406.89031007817005,0.008217315131882803,0.010929609026002055,4.607031163573597,5.244547727915345,nan,nan,nan,nan,nan,nan,nan,nan,nan,nan
0,damage0,5,7,partial_mitigation,fixed_learning_grid,30,0.3,0|5|10|15|35|75|125|175|225,0|5|10|15|35|75|125|175|225,7.0,0.9,0.005,1.5,1.5,10000.0,0.015,2,0,1,1,1,True,7.671834721095598,7.668468563133789,0.0033661579618087245,0.0,0.0,1.4196,1.4196,425.6,425.6,0.0,0.0,204.19799759450225,62.816539318813,0.6275830038288546,0.30000000000000127,1.4610124782599985,1.49743945169,432.49244944776257,440.4726180277335,0.0002224825673246377,0.0004259283949480829,210.39832717579554,215.20267331637146,0.6403825978844505,0.4823397087213851,1.5004211068193687,1.5359399697885903,436.786995570137,443.1067033059835,0.0004245606383915986,0.0006487602993971675,213.0131545513333,217.6843820363175,0.6560599836724377,0.5526462639326427,1.5362969624735003,1.5713846707912975,439.6855631724741,445.3015439056167,0.0006085762071466915,0.000851175192573697,203.71979771958843,208.0235383500106,0.6834701639883738,0.6401114843920832,1.6680336042370854,1.7020643710766188,447.3241058744005,451.7979761017864,0.0013884949647846206,0.0016947788155846097,125.06989669240329,127.57990524108789,0.6917717958974041,0.6662188128522152,1.8271464950886123,1.8609332431555057,441.352599316202,445.0070426251064,0.006754603052550856,0.007798583174793219,36.33453313913446,37.3976336919694,0.6839065527147576,0.6620665396518097,1.903861015175734,1.9373203196572044,420.99571388581455,424.18886890225497,0.007854603421339677,0.008933220414618373,13.549627344604394,14.102056783231403,0.6891038152146135,0.6688976295979646,1.9350334437464523,1.968533191723607,399.7831443762419,402.77461932024926,0.008217315131882803,0.009302267047267495,4.607031163573597,4.838879489985434,nan,nan,nan,nan,nan,nan,nan,nan,nan,nan
0,damage0,10,28,partial_mitigation,fixed_learning_grid,30,0.3,0|5|10|15|35|75|125|175|225,0|5|10|15|35|75|125|175|225,7.0,0.9,0.005,1.5,1.5,10000.0,0.015,2,0,1,1,1,True,7.671834721095598,7.663745209938986,0.008089511156612161,0.0,0.0,1.4196,1.4196,425.6,425.6,0.0,0.0,204.19799759450225,62.816539318813,0.6275830038288546,0.30000000000000127,1.4610124782599985,1.49743945169,432.49244944776257,440.4726180277335,0.0002224825673246377,0.0004259283949480829,210.39832717579554,58.24453187790255,0.6403825978844505,0.3000000000000006,1.5004211068193687,1.57691934673,436.786995570137,452.1011056379368,0.0004245606383915986,0.0009579769740545336,213.0131545513333,224.6510356497557,0.6560599836724377,0.43388985364404986,1.5362969624735003,1.6116780699220838,439.6855631724741,452.50054154261306,0.0006085762071466915,0.0011777598074427494,203.71979771958843,214.24068123667948,0.6834701639883738,0.5908438620494286,1.6680336042370854,1.740732868002538,447.3241058744005,457.0834609030687,0.0013884949647846206,0.0020811624402167295,125.06989669240329,131.41288883374818,0.6917717958974041,0.637971014739687,1.8271464950886123,1.8982831383354408,441.352599316202,449.0929525541128,0.006754603052550856,0.009072710866565106,36.33453313913446,38.69861558702196,0.6839065527147576,0.6378756897993869,1.903861015175734,1.9743811496367853,420.99571388581455,427.7583329688417,0.007854603421339677,0.010236776801376742,13.549627344604394,14.758508227161045,0.6891038152146135,0.6466583270938193,1.9350334437464523,2.0054036354189635,399.7831443762419,406.0767957227062,0.008217315131882803,0.010607001811615143,4.607031163573597,5.140992240566563,nan,nan,nan,nan,nan,nan,nan,nan,nan,nan
0,damage0,10,24,partial_mitigation,fixed_learning_grid,10,0.1,0|5|10|15|35|75|125|175|225,0|5|10|15|35|75|125|175|225,7.0,0.9,0.005,1.5,1.5,10000.0,0.015,2,0,1,1,1,True,7.671834721095598,7.654498464567017,0.01733625652858084,0.0,0.0,1.4196,1.4196,425.6,425.6,0.0,0.0,204.19799759450225,16.360273463309202,0.6275830038288546,0.10000000000000053,1.4610124782599985,1.51967929503,432.49244944776257,445.34476858908573,0.0002224825673246377,0.0005610181964412999,210.39832717579554,15.169515538394709,0.6403825978844505,0.1000000000000002,1.5004211068193687,1.62186773151,436.786995570137,461.06538955253706,0.0004245606383915986,0.0013072452828584978,213.0131545513333,231.4309355544109,0.6560599836724377,0.30337852362111606,1.5362969624735003,1.6559598488923675,439.6855631724741,460.0129069263583,0.0006085762071466915,0.0015501660873073425,203.71979771958843,220.78407270317277,0.6834701639883738,0.5370908878475189,1.6680336042370854,1.7829217664890393,447.3241058744005,462.71995600892626,0.0013884949647846206,0.0025191137285775385,125.06989669240329,135.2606805843084,0.6917717958974041,0.6070928186162796,1.8271464950886123,1.9391110068992297,441.352599316202,453.5091454989313,0.006754603052550856,0.010421197751331317,36.33453313913446,40.16110983311466,0.6839065527147576,0.6113633503179421,1.903861015175734,2.0149985447211645,420.99571388581455,431.6510046362213,0.007854603421339677,0.011609364686414565,13.549627344604394,15.57089567853307,0.6891038152146135,0.6222428241836095,1.9350334437464523,2.0458819923807834,399.7831443762419,409.6909891456151,0.008217315131882803,0.011975927702287526,4.607031163573597,5.510270662044928,nan,nan,nan,nan,nan,nan,nan,nan,nan,nan
0,damage0,5,8,partial_mitigation,fixed_learning_grid,35,0.35,0|5|10|15|35|75|125|175|225,0|5|10|15|35|75|125|175|225,7.0,0.9,0.005,1.5,1.5,10000.0,0.015,2,0,1,1,1,True,7.671834721095598,7.66933261628512,0.0025021048104783006,0.0,0.0,1.4196,1.4196,425.6,425.6,0.0,0.0,204.19799759450225,78.15927274549462,0.6275830038288546,0.3500000000000004,1.4610124782599985,1.4918794908550002,432.49244944776257,439.2545803873955,0.0002224825673246377,0.00039345930531429075,210.39832717579554,214.36344013483586,0.6403825978844505,0.5063661461191897,1.5004211068193687,1.5305402220233448,436.786995570137,442.1468489842893,0.0004245606383915986,0.0006132938976421217,213.0131545513333,216.86848154434495,0.6560599836724377,0.5683220026045737,1.5362969624735003,1.5660659785755002,439.6855631724741,444.4515809396065,0.0006085762071466915,0.000812540497728796,203.71979771958843,207.17859895235677,0.6834701639883738,0.6465252257928367,1.6680336042370854,1.6970304415333222,447.3241058744005,451.14225302339787,0.0013884949647846206,0.001648618133290927,125.06989669240329,127.17782846844744,0.6917717958974041,0.6699436549051269,1.8271464950886123,1.8560081704229745,441.352599316202,444.4790156607237,0.006754603052550856,0.007644874913804916,36.33453313913446,37.22833972956022,0.6839065527147576,0.6652134111797947,1.903861015175734,1.9324992541974244,420.99571388581455,423.73352807394923,0.007854603421339677,0.008774483349091491,13.549627344604394,13.999168094880865,0.6891038152146135,0.6717626569079709,1.9350334437464523,1.963783275304261,399.7831443762419,402.3570315528608,0.008217315131882803,0.009143762575159947,4.607031163573597,4.8026777946543735,nan,nan,nan,nan,nan,nan,nan,nan,nan,nan
0,damage0,5,6,partial_mitigation,fixed_learning_grid,25,0.25,0|5|10|15|35|75|125|175|225,0|5|10|15|35|75|125|175|225,7.0,0.9,0.005,1.5,1.5,10000.0,0.015,2,0,1,1,1,True,7.671834721095598,7.667511488932453,0.004323232163145008,0.0,0.0,1.4196,1.4196,425.6,425.6,0.0,0.0,204.19799759450225,49.13575945808384,0.6275830038288546,0.25,1.4610124782599985,1.5029994125250001,432.49244944776257,441.6906556680716,0.0002224825673246377,0.0004587859362565938,210.39832717579554,215.76354350430728,0.6403825978844505,0.4580360205506424,1.5004211068193687,1.5414020274259488,436.786995570137,444.0802337765326,0.0004245606383915986,0.0006845446107599294,213.0131545513333,218.2141884783948,0.6560599836724377,0.5365953141916402,1.5362969624735003,1.5768306700663746,439.6855631724741,446.1769480742737,0.0006085762071466915,0.0008905373817425991,203.71979771958843,208.47248514886556,0.6834701639883738,0.6330973360329035,1.6680336042370854,1.7075695398135737,447.3241058744005,452.53285204128167,0.0013884949647846206,0.0017456594769080505,125.06989669240329,127.95344114321536,0.6917717958974041,0.6620241445488895,1.8271464950886123,1.8664795310757076,441.352599316202,445.6133558932358,0.006754603052550856,0.007965544321718632,36.33453313913446,37.53009681229798,0.6839065527147576,0.6584277163184665,1.903861015175734,1.9428950643935599,420.99571388581455,424.72773912485883,0.007854603421339677,0.009107800085369475,13.549627344604394,14.18281284455691,0.6891038152146135,0.6655083331391775,1.9350334437464523,1.9741522917033518,399.7831443762419,403.2816786943827,0.008217315131882803,0.009479115574150978,4.607031163573597,4.897945494416227,nan,nan,nan,nan,nan,nan,nan,nan,nan,nan
0,damage0,15,50,partial_mitigation,fixed_learning_grid,35,0.35,0|5|10|15|35|75|125|175|225,0|5|10|15|35|75|125|175|225,7.0,0.9,0.005,1.5,1.5,10000.0,0.015,2,0,1,1,1,True,7.671834721095598,7.6604174851861355,0.01141723590946242,0.0,0.0,1.4196,1.4196,425.6,425.6,0.0,0.0,204.19799759450225,78.15927274549462,0.6275830038288546,0.3500000000000004,1.4610124782599985,1.4918794908550002,432.49244944776257,439.2545803873955,0.0002224825673246377,0.00039345930531429075,210.39832717579554,72.47056750251845,0.6403825978844505,0.3500000000000002,1.5004211068193687,1.565682250535,436.786995570137,449.8600346592868,0.0004245606383915986,0.000876579394042682,213.0131545513333,65.4241400609981,0.6560599836724377,0.3500000000000001,1.5362969624735003,1.6401414374800003,439.6855631724741,459.29962417655685,0.0006085762071466915,0.0014662744708039174,203.71979771958843,219.14397599634552,0.6834701639883738,0.5563483502423706,1.6680336042370854,1.7678072330488572,447.3241058744005,461.0381537185595,0.0013884949647846206,0.0023976281068140955,125.06989669240329,134.18547344514883,0.6917717958974041,0.6180671915313105,1.8271464950886123,1.9246004359722826,441.352599316202,452.07839076133445,0.006754603052550856,0.010183035225708409,36.33453313913446,39.77137237185357,0.6839065527147576,0.620702963098374,1.903861015175734,2.000690084975339,420.99571388581455,430.34761298767813,0.007854603421339677,0.011359833654226157,13.549627344604394,15.33705439266438,0.6891038152146135,0.6309034835142788,1.9350334437464523,2.0315235226330666,399.7831443762419,408.4445364263127,0.008217315131882803,0.011721457886969825,4.607031163573597,5.365849048574863,nan,nan,nan,nan,nan,nan,nan,nan,nan,nan
0,damage0,10,23,partial_mitigation,fixed_learning_grid,5,0.05,0|5|10|15|35|75|125|175|225,0|5|10|15|35|75|125|175|225,7.0,0.9,0.005,1.5,1.5,10000.0,0.015,2,0,1,1,1,True,7.671834721095598,7.651839504827783,0.019995216267814975,0.0,0.0,1.4196,1.4196,425.6,425.6,0.0,0.0,204.19799759450225,7.711723163782066,0.6275830038288546,0.050000000000001266,1.4610124782599985,1.525239255865,432.49244944776257,446.5628062294238,0.0002224825673246377,0.0005974984142955534,210.39832717579554,7.150436979133979,0.6403825978844505,0.0499999999999996,1.5004211068193687,1.6331048277050002,436.786995570137,463.3064605311871,0.0004245606383915986,0.0014032517660701209,213.0131545513333,233.07334022650633,0.6560599836724377,0.2707208805874158,1.5362969624735003,1.667040408183692,439.6855631724741,461.89321828838104,0.0006085762071466915,0.001648920896071217,203.71979771958843,222.3707467617922,0.6834701639883738,0.5235105736066509,1.6680336042370854,1.7935804976091199,447.3241058744005,464.14856589662446,0.0013884949647846206,0.002633836274127631,125.06989669240329,135.9776476400954,0.6917717958974041,0.5990720486442791,1.8271464950886123,1.9497162553693297,441.352599316202,454.66956021767794,0.006754603052550856,0.010773251234473999,36.33453313913446,40.47945430879771,0.6839065527147576,0.6044088893724526,1.903861015175734,2.025652907683721,420.99571388581455,432.682253552034,0.007854603421339677,0.011972681741295035,13.549627344604394,15.753619896698671,0.6891038152146135,0.6157431321357283,1.9350334437464523,2.0566578037914107,399.7831443762419,410.6668884577285,0.008217315131882803,0.012342058004633508,4.607031163573597,5.577957849911488,nan,nan,nan,nan,nan,nan,nan,nan,nan,nan
0,damage0,5,3,partial_mitigation,fixed_learning_grid,10,0.1,0|5|10|15|35|75|125|175|225,0|5|10|15|35|75|125|175|225,7.0,0.9,0.005,1.5,1.5,10000.0,0.015,2,0,1,1,1,True,7.671834721095598,7.66417506778722,0.007659653308378367,0.0,0.0,1.4196,1.4196,425.6,425.6,0.0,0.0,204.19799759450225,16.360273463309202,0.6275830038288546,0.10000000000000053,1.4610124782599985,1.51967929503,432.49244944776257,445.34476858908573,0.0002224825673246377,0.0005610181964412999,210.39832717579554,218.62599618451588,0.6403825978844505,0.3861998159651751,1.5004211068193687,1.5575466342501607,436.786995570137,446.9478047972868,0.0004245606383915986,0.0007969100216591692,213.0131545513333,220.96678284689733,0.6560599836724377,0.49000297626867684,1.5362969624735003,1.5926391949603502,439.6855631724741,448.6966443069367,0.0006085762071466915,0.0010088445080241263,203.71979771958843,210.9425843523064,0.6834701639883738,0.6140193731359807,1.6680336042370854,1.7225431901452595,447.3241058744005,454.4825032799371,0.0013884949647846206,0.0018870866959595691,125.06989669240329,129.3671225871936,0.6917717958974041,0.6511881066841001,1.8271464950886123,1.8808071921841387,441.352599316202,447.1352863806158,0.006754603052550856,0.008422450614124664,36.33453313913446,38.03329307889345,0.6839065527147576,0.6492134348883947,1.903861015175734,1.9570115141895434,420.99571388581455,426.0608499514127,0.007854603421339677,0.009576407009873191,13.549627344604394,14.434739033285368,0.6891038152146135,0.6570456136394345,1.9350334437464523,1.9881825978591636,399.7831443762419,404.5212385377258,0.008217315131882803,0.0099492792439923,4.607031163573597,5.005619722757472,nan,nan,nan,nan,nan,nan,nan,nan,nan,nan
0,damage0,10,25,partial_mitigation,fixed_learning_grid,15,0.15,0|5|10|15|35|75|125|175|225,0|5|10|15|35|75|125|175|225,7.0,0.9,0.005,1.5,1.5,10000.0,0.015,2,0,1,1,1,True,7.671834721095598,7.657032365459006,0.014802355636591713,0.0,0.0,1.4196,1.4196,425.6,425.6,0.0,0.0,204.19799759450225,26.059457510103737,0.6275830038288546,0.1500000000000017,1.4610124782599985,1.5141193341949999,432.49244944776257,444.1267309487477,0.0002224825673246377,0.0005263320381083881,210.39832717579554,24.162759046064007,0.6403825978844505,0.1499999999999998,1.5004211068193687,1.6106306353150002,436.786995570137,458.824318573887,0.0004245606383915986,0.0012170273120510635,213.0131545513333,229.95881136839506,0.6560599836724377,0.33614525151931546,1.5362969624735003,1.644842277704391,439.6855631724741,458.1244719190839,0.0006085762071466915,0.0014536243079951129,203.71979771958843,219.35093487445727,0.6834701639883738,0.5508893380908126,1.6680336042370854,1.7720918277697661,447.3241058744005,461.26214706574024,0.0013884949647846206,0.0024053041111082247,125.06989669240329,134.3433467676354,0.6917717958974041,0.615164483343565,1.8271464950886123,1.9284384642008316,441.352599316202,452.34391328511833,0.006754603052550856,0.010074878935034174,36.33453313913446,39.7983640585362,0.6839065527147576,0.6183413842464096,1.903861015175734,2.004308067512123,420.99571388581455,430.61864043873925,0.007854603421339677,0.011255890987450154,13.549627344604394,15.38508985406326,0.6891038152146135,0.62874771086527,1.9350334437464523,2.03509756880922,399.7831443762419,408.71686795600976,0.008217315131882803,0.011621020173023203,4.607031163573597,5.423260469288493,nan,nan,nan,nan,nan,nan,nan,nan,nan,nan
0,damage0,15,54,partial_mitigation,fixed_learning_grid,55,0.55,0|5|10|15|35|75|125|175|225,0|5|10|15|35|75|125|175|225,7.0,0.9,0.005,1.5,1.5,10000.0,0.015,2,0,1,1,1,True,7.671834721095598,7.66895926240915,0.00287545868644834,0.0,0.0,1.4196,1.4196,425.6,425.6,0.0,0.0,204.19799759450225,160.5737905935341,0.6275830038288546,0.5500000000000013,1.4610124782599985,1.469639647515,432.49244944776257,434.3824298260433,0.0002224825673246377,0.0002685523231078814,210.39832717579554,148.886668485727,0.6403825978844505,0.5499999999999996,1.5004211068193687,1.520733865755,436.786995570137,440.89575074468655,0.0004245606383915986,0.000570756008092452,213.0131545513333,125.379115010307,0.6560599836724377,0.5439615865245049,1.5362969624735003,1.574331334236899,439.6855631724741,447.0620627052032,0.0006085762071466915,0.0009330621754042561,203.71979771958843,208.68975169082927,0.6834701639883738,0.635774953291288,1.6680336042370854,1.7054679682377318,447.3241058744005,452.5406207545062,0.0013884949647846206,0.0017684308174078242,125.06989669240329,128.10531670020418,0.6917717958974041,0.663386619045105,1.8271464950886123,1.8646780356311328,441.352599316202,445.54456369593515,0.006754603052550856,0.008224522555725908,36.33453313913446,37.624551059570564,0.6839065527147576,0.6595375581941741,1.903861015175734,1.941194766086111,420.99571388581455,424.62699912866117,0.007854603421339677,0.009360342763481445,13.549627344604394,14.2035684673604,0.6891038152146135,0.6665456807895226,1.9350334437464523,1.9724324775083053,399.7831443762419,403.1659927034797,0.008217315131882803,0.00972303642962338,4.607031163573597,4.866892945513637,nan,nan,nan,nan,nan,nan,nan,nan,nan,nan
0,damage0,15,47,partial_mitigation,fixed_learning_grid,20,0.2,0|5|10|15|35|75|125|175|225,0|5|10|15|35|75|125|175|225,7.0,0.9,0.005,1.5,1.5,10000.0,0.015,2,0,1,1,1,True,7.671834721095598,7.650583930320435,0.021250790775162898,0.0,0.0,1.4196,1.4196,425.6,425.6,0.0,0.0,204.19799759450225,36.93690724624474,0.6275830038288546,0.20000000000000084,1.4610124782599985,1.50855937336,432.49244944776257,442.9086933084096,0.0002224825673246377,0.000491664425438282,210.39832717579554,34.24850994506656,0.6403825978844505,0.1999999999999994,1.5004211068193687,1.5993935391200003,436.786995570137,456.5832475952369,0.0004245606383915986,0.001126839471495125,213.0131545513333,31.2751297607756,0.6560599836724377,0.1999999999999995,1.5362969624735003,1.6910356153600004,439.6855631724741,468.81505972906285,0.0006085762071466915,0.00191971582511392,203.71979771958843,225.7549968182741,0.6834701639883738,0.49324333937188974,1.6680336042370854,1.8173362300417288,447.3241058744005,467.8530976460179,0.0013884949647846206,0.002947304549585557,125.06989669240329,138.20958823643645,0.6917717958974041,0.581133327954001,1.8271464950886123,1.9734352487852047,441.352599316202,457.4701048355093,0.006754603052550856,0.011774232264580312,36.33453313913446,41.41326929595029,0.6839065527147576,0.5889745601036842,1.903861015175734,2.0492985859615933,420.99571388581455,435.0523054286783,0.007854603421339677,0.012997047895128752,13.549627344604394,16.227526905278765,0.6891038152146135,0.601490118653988,1.9350334437464523,2.080287813364315,399.7831443762419,412.8449418860787,0.008217315131882803,0.013369999715614568,4.607031163573597,5.757405549267956,nan,nan,nan,nan,nan,nan,nan,nan,nan,nan
0,damage0,5,1,partial_mitigation,fixed_learning_grid,0,0.0,0|5|10|15|35|75|125|175|225,0|5|10|15|35|75|125|175|225,7.0,0.9,0.005,1.5,1.5,10000.0,0.015,2,0,1,1,1,True,7.671834721095598,7.661633513875764,0.010201207219833641,0.0,0.0,1.4196,1.4196,425.6,425.6,0.0,0.0,204.19799759450225,0.0,0.6275830038288546,1.1102230246251565e-16,1.4610124782599985,1.5307992167000002,432.49244944776257,447.78084386976184,0.0002224825673246377,0.0006339950510723246,210.39832717579554,220.35757523854843,0.6403825978844505,0.3381249647035959,1.5004211068193687,1.5683510688138944,436.786995570137,448.86859748966344,0.0004245606383915986,0.0008736709954764731,213.0131545513333,222.61271288089054,0.6560599836724377,0.4586678713642064,1.5362969624735003,1.6032710243129942,439.6855631724741,450.39515271822484,0.0006085762071466915,0.0010916905253985447,203.71979771958843,212.53087204692895,0.6834701639883738,0.6010288748305035,1.6680336042370854,1.7327389946088454,447.3241058744005,455.8168546646513,0.0013884949647846206,0.001984671608944208,125.06989669240329,130.37328340666008,0.6917717958974041,0.6437412724160484,1.8271464950886123,1.890653569527466,441.352599316202,448.1870672490982,0.006754603052550856,0.008730526662260657,36.33453313913446,38.34299052591416,0.6839065527147576,0.6428070716639795,1.903861015175734,1.9668261812928454,420.99571388581455,426.99604421672717,0.007854603421339677,0.009892690381949338,13.549627344604394,14.60439366731347,0.6891038152146135,0.6511575188051526,1.9350334437464523,1.9979444448874075,399.7831443762419,405.3877182004738,0.008217315131882803,0.010266141682889179,4.607031163573597,5.084944790636257,nan,nan,nan,nan,nan,nan,nan,nan,nan,nan
0,damage0,10,39,partial_mitigation,fixed_learning_grid,85,0.85,0|5|10|15|35|75|125|175|225,0|5|10|15|35|75|125|175|225,7.0,0.9,0.005,1.5,1.5,10000.0,0.015,2,0,1,1,1,True,7.671834715220992,7.671834715220992,0.0,0.0,0.0,1.4196,1.4196,425.6,425.6,0.0,0.0,204.18009681685044,204.18009681685044,0.6275538384274617,0.6275538384274617,1.461015721429788,1.461015721429788,432.49315993889644,432.49315993889644,0.0002224995820340542,0.0002224995820340542,210.38621575730733,210.38621575730733,0.6403586295958376,0.6403586295958376,1.500426493498664,1.500426493498664,436.7880464430992,436.7880464430992,0.0004245942368490789,0.0004245942368490789,212.99807145803337,212.99807145803337,0.6560366260806276,0.6560366260806276,1.5363048875763834,1.5363048875763834,439.6870276865583,439.6870276865583,0.0006086320104521118,0.0006086320104521118,203.7311498559667,203.7311498559667,0.68347212820259,0.68347212820259,1.6680320625915224,1.6680320625915224,447.3235175201455,447.3235175201455,0.0013884882317901706,0.0013884882317901706,125.07006078242551,125.07006078242551,0.6917772474088928,0.6917772474088928,1.8271392869734218,1.8271392869734218,441.3514872576658,441.3514872576658,0.006754658985500157,0.006754658985500157,36.33104904215972,36.33104904215972,0.6839033893696643,0.6839033893696643,1.9038658614790012,1.9038658614790012,420.9966835309598,420.9966835309598,0.007854810431667861,0.007854810431667861,13.546886055073445,13.546886055073445,0.6890979815658753,0.6890979815658753,1.9350431153275323,1.9350431153275323,399.78444713753515,399.78444713753515,0.00821771267681878,0.00821771267681878,4.620322626429338,4.620322626429338,nan,nan,nan,nan,nan,nan,nan,nan,nan,nan
